"ccode","year","paid","region","pa_name","conflict_id","conflict_name","actor_id","actor_name","pa_date","duration","ended","ddr","locgov","justice_prov","pko","inclusive","economic_dummy_vSum22","funds_dummy_vSum22","inclusive_dummy_vSum22","tp_excombatant_vSum22","agency_binary","tp_security_vSum22","tp_all_vSum22","tp_categorical_vSum22","censored","duration_in_days","conflict_start_date","conflict_end_date","totoday","duration_conflict","intensity_level","cumulative_intensity","type_of_conflict","country","ccode1","PrevAgmt","PrevAgmt_Bin","post_1990","post_2005","CountryName","COWcode","RefugeePop_origin","GDP_PPP","RefugeePop_asylum","develassistance","develassistance_aid","Lgt","v2x_polyarchy","v2x_libdem","v2x_delibdem","v2x_egaldem","IMF","corruption_percentile","ROL_percentile","ROL_estimate","voiceaccount_sources","log_PrevAgmt","log_RefugeePop_origin","log_GDP_PPP","log_RefugeePop_asylum","log_develassistance","log_develassistance_aid","log_Lgt","log_IMF","log_v2x_polyarchy","log_v2x_libdem","log_v2x_delibdem","log_v2x_egaldem","log_corruption_percentile","log_ROL_percentile","log_ROL_estimate","log_voiceaccount_sources","full_int","total_int","contype_3","contype_4","contype_2","ifeconint_treat","PC1","PC2","PC3","PC4","PC5","Eps","EpsRes","EpsFis","HrSec","Dev","DevSoc","DevInfra","NEC","ImPK","ImE","SerProp","SerOth","DevHum","IntFu","Tax","BanPers","BanInt","total_prov","total_implem_points","agg_implem_score","demob_implem","demob_revers","develop_prov","develop_iplem","develop_revers","total_prov_count_PAM","total_implem_points_count","agg_implem_score_count","demob_implem_count","demob_revers_count","develop_prov_count","develop_implem_count","develop_revers_count","pop_total","natresrents_pGDP"
"","2020",1646,4,"Juba Agreement","309","Sudan: Government","112, 1162","Government of Sudan, SRF",2020-08-31,NA,"",1,0,1,1,2,0,0,0,0,0,0,0,"",0,1173,1971-07-22,2023-11-17,2023-11-17,19111,1,1,3,"","",24,1,1,1,NA,NA,0.554378840189221,-0.258131180095242,-0.50617360575095,1.05198763745786,NA,-0.348455537336411,0.620495879044493,0.630556684418672,0.849960914321609,0.848139044338824,-0.385566901802204,0.540785763123892,0.597328066950225,0.52531459046542,-0.464929293527432,3.17805383034795,-0.589906998881683,-13.8155105579643,-13.8155105579643,0.0506813627805568,NA,-13.8155105579643,-13.8155105579643,-0.477236315706035,-0.461152223702859,-0.16256491370608,-0.164710689250727,-0.614732080184426,-0.515288790643815,-0.643757975916957,-13.8155105579643,0,0,1,0,0,0,-1.24918902638004,0.555532370209678,0.154561905223017,0.146825397568725,-0.256867572377515,NA,NA,NA,NA,NA,NA,NA,NA,NA,NA,NA,NA,NA,NA,NA,NA,NA,0,0,0,0,0,0,0,0,0,0,0,0,0,0,0,0,NA,NA
"1","2018",1624,3,"Nationwide Ceasefire Agreement (LDU and NMSP)","224","Myanmar (Burma): Mon","144, 190","Government of Myanmar (Burma), NMSP",2018-02-13,NA,"",0,0,0,0,2,0,0,0,0,0,0,0," ",0,2103,1948-12-31,2023-11-17,2023-11-17,27349,1,0,3,"Myanmar ","MYA",0,0,1,1,NA,NA,-0.623808393731776,-0.22983801113558,-0.515579180398762,0.940891804303829,NA,-0.193815505974098,0.159646750640305,-0.0509715789178018,-0.32365020168128,0.526122767643274,-0.316208780188064,-0.662014939324364,-0.0134468446298657,0.0926594742317894,0.707501098846092,-13.8155105579643,-13.8155105579643,-13.8155105579643,-13.8155105579643,-0.0609271254932405,NA,-13.8155105579643,-13.8155105579643,-1.8347917130488,-13.8155105579643,-13.8155105579643,-0.642220694916276,-13.8155105579643,-13.8155105579643,-2.37882407317562,-0.346016096326597,0,0,1,0,0,0,-1.24918902638004,0.555532370209678,0.154561905223017,0.146825397568725,-0.256867572377515,NA,NA,NA,NA,NA,NA,NA,NA,NA,NA,NA,NA,NA,NA,NA,NA,NA,0,0,0,0,0,0,0,0,0,0,0,0,0,0,0,0,NA,NA
"AFG","1992",1565,3,"Peshawar Accord","333","Afghanistan: Government","130, 296, 299, 294, 293, 297, 300","Government of Afghanistan, Mahaz-i Milli-yi Islami-yi Afghanistan , Hizb-i Islami-yi Afghanistan, Hizb-i Islami-yi Afghanistan - Khalis faction, Harakat-i Inqilab-i Islami-yi Afghanistan , Ittihad-i Islami Bara-yi Azadi-yi Afghanistan , Hizb-i Wahdat",1992-04-24,NA,"",0,0,0,0,2,0,0,0,0,0,0,0,"0",0,11529,1978-04-27,2023-11-17,2023-11-17,16640,1,1,3,"Afghanistan","AFG",0,0,1,0,"Afghanistan",700,8.05942236248069,-0.257624427823084,-0.216294496639972,-0.545870743122866,-0.540383668443797,-0.410311549881336,-1.29596208175829,-1.03608970501325,-1.16624279778592,-0.995404139743198,1.15315587030408,-0.544945891468189,-0.973235881099289,-1.30624507230458,-1.63735968590096,-13.8155105579643,2.0868418867643,-13.8155105579643,-13.8155105579643,-13.8155105579643,-13.8155105579643,-13.8155105579643,0.142502418883827,-13.8155105579643,-13.8155105579643,-13.8155105579643,-13.8155105579643,-13.8155105579643,-13.8155105579643,-13.8155105579643,-13.8155105579643,0,0,1,0,0,0,-1.24918902638004,0.555532370209678,0.154561905223017,0.146825397568725,-0.256867572377515,0,0,0,0,0,0,0,0,0,0,0,0,0,0,0,0,0,0,0,0,0,0,0,0,0,0,0,0,0,0,0,0,0,12057433,NA
"AFG","1993",1128,3,"Afghan Peace Accord and Annex on the Division of Powers (""Islamabad accord"")","333","Afghanistan: Government","300, 130, 130, 299, 300","Hizb-i Wahdat, Government of Afghanistan, Government of Afghanistan, Hizb-i Islami-yi Afghanistan, Hizb-i Wahdat",1993-03-07,1993-05-12,"True",0,0,1,0,2,1,0,0,0,0,0,0,"0",1,66,1978-04-27,2023-11-17,2023-11-17,16640,1,1,3,"Afghanistan","AFG",1,1,1,0,"Afghanistan",700,5.81275434656882,-0.136374815622614,-0.356070255417852,-0.509228916136236,-0.503767291602075,-0.255671518519023,-1.30720230440229,-1.09804681986202,-1.20235390904755,-1.17251309192575,1.06838483277569,-0.401770878674737,-0.694975348499339,-2.41144102581438,-1.63735968590096,0,1.76005452850557,-13.8155105579643,-13.8155105579643,-13.8155105579643,-13.8155105579643,-13.8155105579643,0.0661480059489408,-13.8155105579643,-13.8155105579643,-13.8155105579643,-13.8155105579643,-13.8155105579643,-13.8155105579643,-13.8155105579643,-13.8155105579643,0,1,1,0,0,0,-0.792627667841263,0.290616398249255,0.11722215235181,-0.225493012400956,0.345320234114759,2,0,0,0,1,1,0,0,0,0,0,0,0,0,0,0,0,0,0,0,0,0,0,0,0,0,0,0,0,0,0,0,0,14003760,NA
"AFG","1993",1132,3,"Jalalabad accord","333","Afghanistan: Government","130, 299","Government of Afghanistan, Hizb-i Islami-yi Afghanistan",1993-05-20,1994-01-01,"True",0,0,0,0,2,0,0,0,0,0,0,0,"0",1,226,1978-04-27,2023-11-17,2023-11-17,16640,1,1,3,"Afghanistan","AFG",2,1,1,0,"Afghanistan",700,5.81275434656882,-0.257624427823084,-0.356070255417852,-0.509228916136236,-0.503767291602075,-0.0701034808842483,-1.30720230440229,-1.09804681986202,-1.20235390904755,-1.17251309192575,1.06838483277569,-0.395394449092993,-0.807078404788388,-2.41144102581438,-1.93046728399434,0.693147180559945,1.76005452850557,-13.8155105579643,-13.8155105579643,-13.8155105579643,-13.8155105579643,-13.8155105579643,0.0661480059489408,-13.8155105579643,-13.8155105579643,-13.8155105579643,-13.8155105579643,-13.8155105579643,-13.8155105579643,-13.8155105579643,-13.8155105579643,0,0,1,0,0,0,-1.24918902638004,0.555532370209678,0.154561905223017,0.146825397568725,-0.256867572377515,NA,NA,NA,NA,NA,NA,NA,NA,NA,NA,NA,NA,NA,NA,NA,NA,NA,0,0,0,0,0,0,0,0,0,0,0,0,0,0,0,0,14003760,NA
"AFG","1996",1131,3,"Mahipar agreement","333","Afghanistan: Government","130, 299","Government of Afghanistan, Hizb-i Islami-yi Afghanistan",1996-05-24,1996-09-28,"True",0,0,0,0,2,0,0,0,0,0,0,0," ",1,127,1978-04-27,2023-11-17,2023-11-17,16640,1,1,3,"Afghanistan","AFG",3,1,1,0,"Afghanistan",700,4.47659340866768,-0.136374815622614,-0.422976612742089,-0.639703559334311,-0.63415131162851,-0.410311549881336,-1.40836430819834,-1.1042425313469,-1.31670576137603,-1.23691634726486,0.832053455423805,-0.884176335973115,-0.885982329156565,-1.07299672957295,-1.93046728399434,1.09861228866811,1.49886235732532,-13.8155105579643,-13.8155105579643,-13.8155105579643,-13.8155105579643,-13.8155105579643,-0.183858590917369,-13.8155105579643,-13.8155105579643,-13.8155105579643,-13.8155105579643,-13.8155105579643,-13.8155105579643,-13.8155105579643,-13.8155105579643,0,0,1,0,0,0,-1.24918902638004,0.555532370209678,0.154561905223017,0.146825397568725,-0.256867572377515,NA,NA,NA,NA,NA,NA,NA,NA,NA,NA,NA,NA,NA,NA,NA,NA,NA,0,0,0,0,0,0,0,0,0,0,0,0,0,0,0,0,17106595,NA
"AFG","2016",1488,3,"Kabul Agreement","333","Afghanistan: Government","130, 299","Government of Afghanistan, Hizb-i Islami-yi Afghanistan",2016-09-22,NA,"",0,0,0,0,2,0,0,0,0,0,0,0,"5, 8",0,2612,1978-04-27,2023-11-17,2023-11-17,16640,1,1,3,"Afghanistan","AFG",4,1,1,1,"Afghanistan",700,4.14693794086397,-0.189998637031018,-0.217572291810559,4.00623532144108,4.00856066078905,-0.348455537336411,0.159646750640305,0.0481598048402307,0.434683134812895,0.0994512010216713,-0.449787384778259,-0.914215074456918,-0.64250336959463,-0.62724711952785,-0.171821695434051,1.38629436111989,1.42237021632564,-13.8155105579643,-13.8155105579643,1.38785197776527,1.38843223942592,-13.8155105579643,-13.8155105579643,-1.8347917130488,-3.03323053031057,-0.833137939041855,-2.30808819711685,-13.8155105579643,-13.8155105579643,-13.8155105579643,-13.8155105579643,0,0,1,0,0,0,-1.24918902638004,0.555532370209678,0.154561905223017,0.146825397568725,-0.256867572377515,0,0,0,0,0,0,0,0,0,1,0,0,0,0,0,0,0,0,0,0,0,0,0,0,0,0,0,0,0,0,0,0,0,34636207,0.617409905
"AGO","1989",1021,4,"The Gbadolite declaration","327","Angola: Government","99, 567","Government of Angola, UNITA",1989-06-22,1989-08-24,"True",0,0,1,0,1,1,0,0,0,0,0,0,"0",1,63,1975-11-11,2023-11-17,2023-11-17,17538,1,1,4,"Angola","ANG",0,0,0,0,"Angola",540,0.154229412308186,-0.285610583279717,-0.452441066087394,-0.560196630560889,-0.554699605616202,-0.410311549881336,-1.40836430819834,-0.986524013134234,-1.22642798322196,-1.13226105733881,1.63352508296497,-0.575049363446875,-0.694975348499339,-1.25120665925743,-1.05114448971419,-13.8155105579643,-1.86931409474349,-13.8155105579643,-13.8155105579643,-13.8155105579643,-13.8155105579643,-13.8155105579643,0.490740307291554,-13.8155105579643,-13.8155105579643,-13.8155105579643,-13.8155105579643,-13.8155105579643,-13.8155105579643,-13.8155105579643,-13.8155105579643,0,1,0,1,0,0,-0.792627667841263,0.290616398249255,0.11722215235181,-0.225493012400956,0.345320234114759,NA,NA,NA,NA,NA,NA,NA,NA,NA,NA,NA,NA,NA,NA,NA,NA,NA,0,0,0,0,0,0,0,0,0,0,0,0,0,0,0,0,11439498,22.71677829
"AGO","1991",1022,4,"The Bicesse Agreement","327","Angola: Government","99, 567","Government of Angola, UNITA",1991-05-31,1992-10-01,"True",1,0,1,1,1,1,0,1,1,1,1,0,"1, 6",1,489,1975-11-11,2023-11-17,2023-11-17,17538,1,1,4,"Angola","ANG",1,1,1,0,"Angola",540,0.102613845014572,-0.231631897762529,-0.461846640735207,-0.431623871291938,-0.426216148536135,-0.410311549881336,-1.35778330630031,-0.924566898285463,-1.19031687196034,-1.09200902275186,1.62838744432689,0.631319155160755,0.223284337288395,-0.190698536993243,-1.93046728399434,0,-2.27678241368678,-13.8155105579643,-13.8155105579643,-13.8155105579643,-13.8155105579643,-13.8155105579643,0.487590227181497,-13.8155105579643,-13.8155105579643,-13.8155105579643,-13.8155105579643,-0.459943751663121,-1.49930926460955,-13.8155105579643,-13.8155105579643,0,3,0,1,0,1,2.11488691401851,-1.94051599619352,0.829297424432305,-0.079991936643424,-0.11169941190523,0,0,0,0,0,0,0,0,1,1,0,0,0,0,0,0,0,0,0,0,0,0,0,0,0,0,0,0,0,0,0,0,0,12228691,17.96798031
"AGO","1994",1023,4,"The Lusaka Protocol","327","Angola: Government","7052, 99, 567","United Nations, Government of Angola, UNITA",1994-11-20,1998-12-01,"True",1,1,1,1,1,1,0,1,1,0,1,0,"1, 4, 6, 9",1,1472,1975-11-11,2023-11-17,2023-11-17,17538,1,1,4,"Angola","ANG",2,1,1,0,"Angola",540,-0.086395211710637,-0.244444530788837,-0.463540345706417,-0.162830869854619,-0.157609841415105,1.56908085155626,-0.936274957150143,-0.788261245618169,-1.03383538982662,-0.971252918991032,1.62581862500785,0.214203596632805,0.223284337288395,-0.08375278231732,-0.758036891620813,0.693147180559945,-13.8155105579643,-13.8155105579643,-13.8155105579643,-13.8155105579643,-13.8155105579643,0.450490003051832,0.486011458168178,-13.8155105579643,-13.8155105579643,-13.8155105579643,-13.8155105579643,-1.54082833010663,-1.49930926460955,-13.8155105579643,-13.8155105579643,0,3,0,1,0,1,2.11488691401851,-1.94051599619352,0.829297424432305,-0.079991936643424,-0.11169941190523,0,0,0,1,0,0,0,0,1,1,0,0,0,0,0,0,0,18,1,1.851852,0,0,0,0,0,18,1,1.851852,0,0,0,0,0,13462031,43.63651301
"AGO","2002",1126,4,"Memorandum of Understanding or Memorandum of Intent","327","Angola: Government","7052, 3, 57, 36, 99, 567","United Nations, Government of United States of America, Government of Russia (Soviet Union), Government of Portugal, Government of Angola, UNITA",2002-04-04,NA,"",1,1,1,0,1,1,0,1,1,0,0,0,"1, 8",0,7897,1975-11-11,2023-11-17,2023-11-17,17538,1,1,4,"Angola","ANG",3,1,1,0,"Angola",540,0.205213473991754,-0.195403405454104,-0.455698191032028,-0.202544916646747,-0.197296304204772,1.5381528452838,-0.908174400540131,-0.751086976708907,-0.985687241477781,-1.01955536049536,1.18398170213259,-0.662014939324364,-0.82926028926371,-0.81502556130629,-0.464929293527432,1.09861228866811,-1.58370450511338,-13.8155105579643,-13.8155105579643,-13.8155105579643,-13.8155105579643,0.430582245393907,0.168883082062486,-13.8155105579643,-13.8155105579643,-13.8155105579643,-13.8155105579643,-13.8155105579643,-13.8155105579643,-13.8155105579643,-13.8155105579643,0,3,0,1,0,1,2.11488691401851,-1.94051599619352,0.829297424432305,-0.079991936643424,-0.11169941190523,0,0,0,0,0,0,0,0,1,0,0,0,0,0,0,0,0,19,39,68.42105,2,0,0,0,0,37,40,70.272902,2,0,0,0,0,17516139,32.88371598
"AGO","2006",1353,4,"Memorandum of Understanding on Peace and National Reconciliation in Cabinda province","387","Angola: Cabinda","99, 540","Government of Angola, FLEC-R",2006-08-01,NA,"",1,1,1,0,2,1,0,1,1,0,1,1,"1, 3, 5, 6, 7, 9",0,6317,1991-12-31,2023-11-17,2023-11-17,11644,1,0,3,"Angola","ANG",0,0,1,1,"Angola",540,-0.231561371400019,-0.136374815622614,-0.45150401629563,-0.676739253129472,-0.671161281712509,1.84743290800843,-0.835112953354102,-0.70152128482989,-0.847261314974876,-0.971252918991032,0.701043670152652,-0.67005882084221,-0.502456364942946,-0.278063265984656,1.00060869693947,-13.8155105579643,-13.8155105579643,-13.8155105579643,-13.8155105579643,-13.8155105579643,-13.8155105579643,0.613797058165077,-0.355185096951184,-13.8155105579643,-13.8155105579643,-13.8155105579643,-13.8155105579643,-13.8155105579643,-13.8155105579643,-13.8155105579643,0.000608511758633764,0,3,1,0,0,1,2.11488691401851,-1.94051599619352,0.829297424432305,-0.079991936643424,-0.11169941190523,3,1,1,1,1,1,0,0,0,1,0,0,0,0,3,1,0,19,47,82.45614,3,0,0,0,0,56,87,152.729042,5,0,0,0,0,20162340,40.7534429
"BDI","1998",1533,4,"Declaration by the participants to the peace negotiations on Burundi,
involving all the parties to the Burundi conflict","287","Burundi: Government","93, 431, 433, 430","Government of Burundi, CNDD, Frolina, Palipehutu",1998-06-21,NA,"",0,0,0,0,2,1,0,0,0,1,0,0,"8",0,9280,1965-10-19,2023-11-17,2023-11-17,21213,1,1,4,"Burundi","BUI",0,0,1,0,"Burundi",516,0.333307995618622,-0.284107639017005,-0.391342413087513,-0.773284181954559,-0.767639153771304,-0.317527531063948,-0.790152062778083,-0.329778595737268,-0.106983534111516,-0.134010599582603,0.798658804276256,0.846413689853535,-0.481271282006362,-0.390621854260218,-1.93046728399434,-13.8155105579643,-1.09868830470139,-13.8155105579643,-13.8155105579643,-13.8155105579643,-13.8155105579643,-13.8155105579643,-0.224821452858702,-13.8155105579643,-13.8155105579643,-13.8155105579643,-13.8155105579643,-0.166747043796314,-13.8155105579643,-13.8155105579643,-13.8155105579643,0,1,0,1,0,0,-0.792627667841263,0.290616398249255,0.11722215235181,-0.225493012400956,0.345320234114759,0,0,0,0,1,1,1,0,0,1,0,0,0,0,0,0,0,0,0,0,0,0,0,0,0,0,0,0,0,0,0,0,0,6035340,27.01923838
"BDI","2000",1003,4,"Arusha Peace and Reconciliation Agreement for Burundi","287","Burundi: Government","93, 430, 431, 433","Government of Burundi, Palipehutu, CNDD, Frolina",2000-08-28,NA,"",1,0,1,1,2,1,0,1,1,0,1,1,"1, 2, 6, 7",0,8481,1965-10-19,2023-11-17,2023-11-17,21213,1,1,4,"Burundi","BUI",1,1,1,0,"Burundi",516,0.458302225353269,-0.284024909727109,-0.381115040761362,-0.722507777313606,-0.716898016663722,2.40413702091275,-0.773291728812076,-0.323582884252391,-0.0287427930446563,-0.142061006499991,0.670217838324145,0.445746350444261,-0.8004651764529,-0.706945355655942,-1.63735968590096,0,-0.780226431809484,-13.8155105579643,-13.8155105579643,-13.8155105579643,-13.8155105579643,0.877191012100584,-0.400152487613941,-13.8155105579643,-13.8155105579643,-13.8155105579643,-13.8155105579643,-0.808005209722184,-13.8155105579643,-13.8155105579643,-13.8155105579643,0,3,0,1,0,1,2.11488691401851,-1.94051599619352,0.829297424432305,-0.079991936643424,-0.11169941190523,0,0,0,1,3,1,1,1,1,1,1,0,0,1,0,1,0,0,0,0,0,0,0,0,0,0,0,0,0,0,0,0,0,6307659,15.06093519
"BDI","2002",1065,4,"Ceasefire Agreement between the Transitional Government of Burundi and the Conseil national pour la défense de ladémocratie-Forces pour la défense de la démocratie","287","Burundi: Government","90, 92, 7052, 93, 434","Government of Uganda, Government of Tanzania, United Nations, Government of Burundi, CNDD-FDD ",2002-12-02,NA,"",1,0,1,1,2,0,1,1,1,0,1,0,"1, 6",0,7655,1965-10-19,2023-11-17,2023-11-17,21213,1,1,4,"Burundi","BUI",2,1,1,0,"Burundi",516,0.470669051227344,-0.283518931304043,-0.313973168248821,-0.59357491067274,-0.588054702329858,-0.101031487156711,-0.672129725016035,-0.323582884252391,0.0795905407402257,-0.0937585649956587,0.521226317819697,0.631319155160755,-0.598899331329926,-0.422659788387342,-1.05114448971419,0.693147180559945,-0.753600083262845,-13.8155105579643,-13.8155105579643,-13.8155105579643,-13.8155105579643,-13.8155105579643,-0.651570940340686,-13.8155105579643,-13.8155105579643,-2.53086002811502,-13.8155105579643,-0.459943751663121,-13.8155105579643,-13.8155105579643,-13.8155105579643,1,3,0,1,0,1,6.11190310931138,3.12303406157515,0.00406495676910847,0.843739271956749,-0.394600690945027,0,0,0,0,0,0,0,0,1,1,0,0,0,0,0,0,0,0,0,0,0,0,0,0,0,0,0,0,0,0,0,0,0,6648938,24.30142546
"BDI","2003",1489,4,"Forces Technical Agreement (FTA) between the Transitional Government of the Republic of Burundi and the CNDD-FDD","287","Burundi: Government","102, 93, 434","Government of South Africa, Government of Burundi, CNDD-FDD ",2003-11-02,NA,"",1,0,0,0,2,1,0,1,1,0,1,0,"1, 6",0,7320,1965-10-19,2023-11-17,2023-11-17,21213,1,1,4,"Burundi","BUI",4,1,1,0,"Burundi",516,0.388771740602457,-0.283480922340335,-0.311778367132283,-0.55144130528452,-0.545950361485762,0.331960600657764,-0.638409057084021,-0.317387172767514,0.0976460963710394,-0.0776577511608812,0.439024099610346,0.178652197420842,-0.65648958461732,-0.566087278405598,-1.05114448971419,1.38629436111989,-0.944762892673093,-13.8155105579643,-13.8155105579643,-13.8155105579643,-13.8155105579643,-1.10273898982539,-0.823200970807018,-13.8155105579643,-13.8155105579643,-2.3264055981775,-13.8155105579643,-1.72231439444371,-13.8155105579643,-13.8155105579643,-13.8155105579643,0,3,0,1,0,1,2.11488691401851,-1.94051599619352,0.829297424432305,-0.079991936643424,-0.11169941190523,0,0,0,0,0,0,0,0,1,0,0,0,0,0,0,0,0,35,44,41.90476,0,0,1,2,0,35,44,41.90476,0,0,1,2,0,6860846,40.4921952
"BDI","2003",1287,4,"Pretoria Protocol on Political, Defence and Security Power Sharing in Burundi","287","Burundi: Government","102, 93, 434","Government of South Africa, Government of Burundi, CNDD-FDD ",2003-10-08,NA,"",1,0,0,0,2,0,0,1,0,0,0,0,"0",0,7345,1965-10-19,2023-11-17,2023-11-17,21213,1,1,4,"Burundi","BUI",3,1,1,0,"Burundi",516,0.388771740602457,-0.283480922340335,-0.311778367132283,-0.55144130528452,-0.545950361485762,-0.286599524791486,-0.638409057084021,-0.317387172767514,0.0976460963710394,-0.0776577511608812,0.439024099610346,0.178652197420842,-0.65648958461732,-0.566087278405598,-1.05114448971419,1.09861228866811,-0.944762892673093,-13.8155105579643,-13.8155105579643,-13.8155105579643,-13.8155105579643,-13.8155105579643,-0.823200970807018,-13.8155105579643,-13.8155105579643,-2.3264055981775,-13.8155105579643,-1.72231439444371,-13.8155105579643,-13.8155105579643,-13.8155105579643,0,1,0,1,0,1,0.0563120467215981,-0.758235898563517,-1.09170955631769,0.557354901660314,-0.350680766173364,2,1,0,0,0,0,0,0,1,0,0,0,0,0,0,0,0,35,44,41.90476,0,0,1,2,0,140,176,167.61904,0,0,4,8,0,6860846,40.4921952
"BDI","2003",1099,4,"Global Ceasefire agreement between Transitional Government and the Forces pour la defence de la democratie (CNDD-FDD) of Mr. Nkúrunziza","287","Burundi: Government","102, 100, 90, 92, 7052, 4231, 93, 434","Government of South Africa, Government of Mozambique, Government of Uganda, Government of Tanzania, United Nations, African Union, Government of Burundi, CNDD-FDD ",2003-11-16,NA,"",1,0,1,1,2,1,0,0,0,0,0,0,"0",0,7306,1965-10-19,2023-11-17,2023-11-17,21213,1,1,4,"Burundi","BUI",5,1,1,0,"Burundi",516,0.388771740602457,-0.283480922340335,-0.311778367132283,-0.55144130528452,-0.545950361485762,-0.348455537336411,-0.638409057084021,-0.317387172767514,0.0976460963710394,-0.0776577511608812,0.439024099610346,0.178652197420842,-0.65648958461732,-0.566087278405598,-1.05114448971419,1.6094379124341,-0.944762892673093,-13.8155105579643,-13.8155105579643,-13.8155105579643,-13.8155105579643,-13.8155105579643,-0.823200970807018,-13.8155105579643,-13.8155105579643,-2.3264055981775,-13.8155105579643,-1.72231439444371,-13.8155105579643,-13.8155105579643,-13.8155105579643,0,1,0,1,0,0,-0.792627667841263,0.290616398249255,0.11722215235181,-0.225493012400956,0.345320234114759,0,0,0,0,1,1,0,0,1,1,0,0,0,0,0,0,0,35,44,41.90476,0,0,1,2,0,70,88,83.80952,0,0,2,4,0,6860846,40.4921952
"BDI","2003",1285,4,"The Pretoria Protocol on Outstanding Political, Defence and Security Power Sharing Issues in Burundi","287","Burundi: Government","102, 93, 434","Government of South Africa, Government of Burundi, CNDD-FDD ",2003-11-02,NA,"",1,0,1,0,2,1,0,1,1,0,1,0,"1, 6",0,7320,1965-10-19,2023-11-17,2023-11-17,21213,1,1,4,"Burundi","BUI",4,1,1,0,"Burundi",516,0.388771740602457,-0.283480922340335,-0.311778367132283,-0.55144130528452,-0.545950361485762,-0.348455537336411,-0.638409057084021,-0.317387172767514,0.0976460963710394,-0.0776577511608812,0.439024099610346,0.178652197420842,-0.65648958461732,-0.566087278405598,-1.05114448971419,1.38629436111989,-0.944762892673093,-13.8155105579643,-13.8155105579643,-13.8155105579643,-13.8155105579643,-13.8155105579643,-0.823200970807018,-13.8155105579643,-13.8155105579643,-2.3264055981775,-13.8155105579643,-1.72231439444371,-13.8155105579643,-13.8155105579643,-13.8155105579643,0,3,0,1,0,1,2.11488691401851,-1.94051599619352,0.829297424432305,-0.079991936643424,-0.11169941190523,0,0,0,0,0,0,0,0,0,0,0,0,0,0,0,0,0,35,44,41.90476,0,0,1,2,0,105,132,125.71428,0,0,3,6,0,6860846,40.4921952
"BDI","2004",1532,4,"Accord de Partage de Pouvoir au Burundi (""Burundi Power-Sharing Agreement"")","287","Burundi: Government","4231, 93, 433","African Union, Government of Burundi, Frolina",2004-08-06,NA,"",0,1,0,0,2,1,0,0,0,0,0,0,"0",0,7042,1965-10-19,2023-11-17,2023-11-17,21213,1,1,4,"Burundi","BUI",6,1,1,0,"Burundi",516,0.301251931389033,-0.283077467341216,-0.272507462222902,-0.40970178144634,-0.404309285015454,-0.317527531063948,-0.644029168406023,-0.311191461282637,0.115701652001853,-0.0776577511608812,0.349115423443869,-0.123497401036741,-0.639323253010931,-0.559285732594913,-0.758036891620813,1.79175946922805,-1.19980838294792,-13.8155105579643,-13.8155105579643,-13.8155105579643,-13.8155105579643,-13.8155105579643,-1.05235268525737,-13.8155105579643,-13.8155105579643,-2.15674036656246,-13.8155105579643,-13.8155105579643,-13.8155105579643,-13.8155105579643,-13.8155105579643,0,1,0,1,0,0,-0.792627667841263,0.290616398249255,0.11722215235181,-0.225493012400956,0.345320234114759,2,0,1,0,1,1,0,0,0,0,0,0,0,0,0,0,0,35,56,53.33333,1,0,1,2,0,175,232,220.95237,1,0,5,10,0,7120496,30.45452019
"BDI","2006",1335,4,"Agreement of Principles Towards Lasting Peace, Security and Stability","287","Burundi: Government","102, 4231, 7052, 93, 432","Government of South Africa, African Union, United Nations, Government of Burundi, Palipehutu-FNL",2006-06-18,NA,"",0,0,1,0,1,0,0,0,0,0,0,0,"0",0,6361,1965-10-19,2023-11-17,2023-11-17,21213,1,1,4,"Burundi","BUI",7,1,1,1,"Burundi",516,0.131031597466645,-0.282334517050474,-0.451063051687741,-0.347626770894695,-0.342277389617819,-0.131959493429173,0.513713763926449,-0.112928693766572,0.344405356658826,0.526122767643274,0.146178697239534,-0.401770878674737,0.079094802203089,0.268841283078894,0.414393500752711,1.94591014905531,-2.03231678283006,-13.8155105579643,-13.8155105579643,-13.8155105579643,-13.8155105579643,-13.8155105579643,-1.92292545199906,-0.666089048162488,-13.8155105579643,-1.06593595295246,-0.642220694916276,-13.8155105579643,-2.53710811808586,-1.31363409924299,-0.880939271671648,0,0,0,1,0,0,-1.24918902638004,0.555532370209678,0.154561905223017,0.146825397568725,-0.256867572377515,0,0,0,0,1,1,0,0,1,0,0,0,0,0,0,0,0,35,79,75.2381,2,0,1,2,0,210,311,296.19047,3,0,6,12,0,7658190,23.94917946
"BDI","2006",1336,4,"Comprehensive Ceasefire Agreement between the Government of Burundi and the Palipehutu-FNL","287","Burundi: Government","92, 90, 102, 4231, 7052, 93, 432","Government of Tanzania, Government of Uganda, Government of South Africa, African Union, United Nations, Government of Burundi, Palipehutu-FNL",2006-09-07,NA,"",1,0,1,0,1,1,0,1,1,0,1,0,"1, 2, 6",0,6280,1965-10-19,2023-11-17,2023-11-17,21213,1,1,4,"Burundi","BUI",8,1,1,1,"Burundi",516,0.131031597466645,-0.282334517050474,-0.451063051687741,-0.347626770894695,-0.342277389617819,0.146392563022989,0.513713763926449,-0.112928693766572,0.344405356658826,0.526122767643274,0.146178697239534,-0.401770878674737,0.079094802203089,0.268841283078894,0.414393500752711,2.07944154167984,-2.03231678283006,-13.8155105579643,-13.8155105579643,-13.8155105579643,-13.8155105579643,-1.92146347776854,-1.92292545199906,-0.666089048162488,-13.8155105579643,-1.06593595295246,-0.642220694916276,-13.8155105579643,-2.53710811808586,-1.31363409924299,-0.880939271671648,0,3,0,1,0,1,2.11488691401851,-1.94051599619352,0.829297424432305,-0.079991936643424,-0.11169941190523,0,0,0,0,1,1,0,0,1,0,0,0,0,1,0,0,0,35,79,75.2381,2,0,1,2,0,245,390,371.42857,5,0,7,14,0,7658190,23.94917946
"BDI","2008",1490,4,"Joint PALIPEHUTU-FNL and Government of the Republic of Burundi Declaration on Cessation of Hostilities","287","Burundi: Government","93, 432","Government of Burundi, Palipehutu-FNL",2008-05-26,NA,"",0,0,0,0,1,0,0,0,0,0,0,0,"0",0,5653,1965-10-19,2023-11-17,2023-11-17,21213,1,1,4,"Burundi","BUI",9,1,1,1,"Burundi",516,-0.0882782813091732,-0.28146435522711,-0.411386258900645,-0.328326762503992,-0.322990786345,-0.441239556153798,0.463132762028429,-0.143907251190957,0.326349801028012,0.485870733056331,-0.0567580289648005,-0.346058417418603,-0.0828022433162117,0.177374897428225,0.707501098846092,2.19722457733622,-13.8155105579643,-13.8155105579643,-13.8155105579643,-13.8155105579643,-13.8155105579643,-13.8155105579643,-13.8155105579643,-0.769741522956869,-13.8155105579643,-1.11978546359004,-0.721812671826535,-13.8155105579643,-13.8155105579643,-1.72948972177849,-0.346016096326597,0,0,0,1,0,0,-1.24918902638004,0.555532370209678,0.154561905223017,0.146825397568725,-0.256867572377515,0,0,0,0,0,0,0,0,1,0,0,0,0,1,0,0,0,35,81,77.14286,2,0,1,2,0,315,552,525.71429,9,0,9,18,0,8278109,33.04824404
"BDI","2008",1386,4,"Declaration of the Summit of the Heads of State and Government of the Great Lakes region on the Burundi Peace Process","287","Burundi: Government","90, 3986, 91, 92, 94, 97, 102, 4231, 7052, 93, 432","Government of Uganda, Government of Zambia, Government of Kenya, Government of Tanzania, Government of Rwanda, Government of Ethiopia, Government of South Africa, African Union, United Nations, Government of Burundi, Palipehutu-FNL",2008-12-04,NA,"",1,0,1,0,1,0,0,0,0,0,0,0,"0",0,5461,1965-10-19,2023-11-17,2023-11-17,21213,1,1,4,"Burundi","BUI",11,1,1,1,"Burundi",516,-0.0882782813091732,-0.28146435522711,-0.411386258900645,-0.328326762503992,-0.322990786345,-0.410311549881336,0.463132762028429,-0.143907251190957,0.326349801028012,0.485870733056331,-0.0567580289648005,-0.346058417418603,-0.0828022433162117,0.177374897428225,0.707501098846092,2.39789527279837,-13.8155105579643,-13.8155105579643,-13.8155105579643,-13.8155105579643,-13.8155105579643,-13.8155105579643,-13.8155105579643,-0.769741522956869,-13.8155105579643,-1.11978546359004,-0.721812671826535,-13.8155105579643,-13.8155105579643,-1.72948972177849,-0.346016096326597,0,0,0,1,0,0,-1.24918902638004,0.555532370209678,0.154561905223017,0.146825397568725,-0.256867572377515,0,0,0,0,0,0,0,0,0,0,0,0,0,0,0,0,0,35,81,77.14286,2,0,1,2,0,350,633,602.85715,11,0,10,20,0,8278109,33.04824404
"BDI","2008",1491,4,"Magaliesburg Declaration on the Burundi Peace Process","287","Burundi: Government","102, 93, 432","Government of South Africa, Government of Burundi, Palipehutu-FNL",2008-06-10,NA,"",1,0,0,0,1,1,0,1,0,0,0,0,"0",0,5638,1965-10-19,2023-11-17,2023-11-17,21213,1,1,4,"Burundi","BUI",10,1,1,1,"Burundi",516,-0.0882782813091732,-0.28146435522711,-0.411386258900645,-0.328326762503992,-0.322990786345,-0.379383543608873,0.463132762028429,-0.143907251190957,0.326349801028012,0.485870733056331,-0.0567580289648005,-0.346058417418603,-0.0828022433162117,0.177374897428225,0.707501098846092,2.30258509299405,-13.8155105579643,-13.8155105579643,-13.8155105579643,-13.8155105579643,-13.8155105579643,-13.8155105579643,-13.8155105579643,-0.769741522956869,-13.8155105579643,-1.11978546359004,-0.721812671826535,-13.8155105579643,-13.8155105579643,-1.72948972177849,-0.346016096326597,0,2,0,1,0,1,0.512873405260378,-1.02315187052394,-1.1290493091889,0.185036491690634,0.25150704031891,0,0,0,0,0,0,0,0,0,0,0,0,0,1,0,0,0,35,81,77.14286,2,0,1,2,0,280,471,448.57143,7,0,8,16,0,8278109,33.04824404
"BGD","1997",1057,3,"Chittagong Hill Tracts Peace Accord","322","Bangladesh: Chittagong Hill Tracts","143, 285","Government of Bangladesh, JSS/SB",1997-12-02,NA,"",1,1,1,0,1,1,1,1,0,0,0,1,"7",0,9481,1975-02-28,2023-11-17,2023-11-17,17794,1,1,3,"Bangladesh","BNG",0,0,1,0,"Bangladesh",771,-0.540840766952098,-0.0530397570129054,-0.408825657598018,0.438450738325053,0.443254137368951,-0.0391754746117858,1.05886456216067,0.463272474326992,-0.143094645373143,0.204106490947725,0.130765781325281,-0.575049363446875,-0.723999666632937,-0.566087278405598,-0.464929293527432,-13.8155105579643,-13.8155105579643,-13.8155105579643,-13.8155105579643,-0.824507814814633,-0.813611999905673,-13.8155105579643,-2.03434748484807,0.0571971662408106,-0.769439900526124,-13.8155105579643,-1.58911340689043,-13.8155105579643,-13.8155105579643,-13.8155105579643,-13.8155105579643,0,3,1,0,0,1,2.82050096247064,1.01011472453394,-2.25192341140455,-2.43756949517657,-0.997317569667489,3,1,1,0,3,1,0,0,0,1,0,0,1,0,2,1,0,0,0,0,0,0,0,0,0,0,0,0,0,0,0,0,0,122039226,0.511157807
"BIH","1993",1570,1,"The Vance-Owen Plan","389","Bosnia-Herzegovina: Serb, Bosnia-Herzegovina: Croat","7052, 7053, 50, 339, 350","United Nations, European Union, Government of Bosnia-Herzegovina, Serbian Republic of Bosnia-Herzegovina, Croatian Republic of Bosnia-Herzegovina",1993-05-02,1995-05-06,"True",0,1,0,1,1,0,0,0,0,1,0,0,"8",1,734,1992-04-27,2023-11-17,2023-11-17,11526,2,1,3,"Bosnia and Herzegovina","BOS",0,0,1,0,"Bosnia and Herzegovina",346,0.554378840189221,-0.0530397570129054,-0.412839437722097,-0.775186040124116,-0.769539690975997,0.239176581840377,-0.396744270237922,-0.682934150375259,-0.877353907692899,-0.15011141341738,-1.22300199980996,0.731000495981876,0.264954164236248,0.453455362454732,-0.758036891620813,-13.8155105579643,-0.589906998881683,-13.8155105579643,-13.8155105579643,-13.8155105579643,-13.8155105579643,-1.43055316370349,-13.8155105579643,-13.8155105579643,-13.8155105579643,-13.8155105579643,-13.8155105579643,-0.31334114073481,-1.32819843310234,-0.790858443257654,-13.8155105579643,0,0,1,0,0,0,-1.24918902638004,0.555532370209678,0.154561905223017,0.146825397568725,-0.256867572377515,0,0,0,0,3,0,1,0,1,0,0,0,1,0,2,0,0,0,0,0,0,0,0,0,0,0,0,0,0,0,0,0,0,3942981,NA
"BIH","1993",1564,1,"Medjugorje Agreement ","398","Bosnia-Herzegovina: Croat","50, 350","Government of Bosnia-Herzegovina, Croatian Republic of Bosnia-Herzegovina",1993-05-18,NA,"",0,0,1,0,2,0,0,0,0,0,0,0,"0",0,11140,1992-07-21,2023-11-17,2023-11-17,11441,1,1,3,"Bosnia and Herzegovina","BOS",0,0,1,0,"Bosnia and Herzegovina",346,0.554378840189221,-0.284128693496782,-0.515078084253434,-0.775186040124116,-0.769539690975997,-0.379383543608873,-0.396744270237922,-0.682934150375259,-0.877353907692899,-0.15011141341738,-1.22300199980996,1.09368619819688,-0.0134468446298657,0.390504008563029,0.707501098846092,-13.8155105579643,-0.589906998881683,-13.8155105579643,-13.8155105579643,-13.8155105579643,-13.8155105579643,-13.8155105579643,-13.8155105579643,-13.8155105579643,-13.8155105579643,-13.8155105579643,-13.8155105579643,0.0895538239111081,-13.8155105579643,-0.940317044548862,-0.346016096326597,0,0,1,0,0,0,-1.24918902638004,0.555532370209678,0.154561905223017,0.146825397568725,-0.256867572377515,0,0,0,0,0,0,0,0,0,0,0,0,0,0,0,0,0,0,0,0,0,0,0,0,0,0,0,0,0,0,0,0,0,3942981,NA
"BIH","1993",1570,1,"The Vance-Owen Plan","398","Bosnia-Herzegovina: Serb, Bosnia-Herzegovina: Croat","7052, 7053, 50, 339, 350","United Nations, European Union, Government of Bosnia-Herzegovina, Serbian Republic of Bosnia-Herzegovina, Croatian Republic of Bosnia-Herzegovina",1993-05-02,1995-05-06,"True",0,1,0,1,1,0,0,0,0,1,0,0,"8",1,734,1992-07-21,2023-11-17,2023-11-17,11441,1,1,3,"Bosnia and Herzegovina","BOS",0,0,1,0,"Bosnia and Herzegovina",346,0.554378840189221,-0.136374815622614,-0.415354940371646,-0.775186040124116,-0.769539690975997,0.239176581840377,-0.396744270237922,-0.682934150375259,-0.877353907692899,-0.15011141341738,-1.22300199980996,-0.785611767744961,-0.56564300852441,-0.190698536993243,-0.758036891620813,-13.8155105579643,-0.589906998881683,-13.8155105579643,-13.8155105579643,-13.8155105579643,-13.8155105579643,-1.43055316370349,-13.8155105579643,-13.8155105579643,-13.8155105579643,-13.8155105579643,-13.8155105579643,-13.8155105579643,-13.8155105579643,-13.8155105579643,-13.8155105579643,0,0,1,0,0,0,-1.24918902638004,0.555532370209678,0.154561905223017,0.146825397568725,-0.256867572377515,0,0,0,0,3,0,1,0,1,0,0,0,1,0,2,0,0,0,0,0,0,0,0,0,0,0,0,0,0,0,0,0,0,3942981,NA
"BIH","1994",1072,1,"The Washington Agreement","398","Bosnia-Herzegovina: Croat","48, 50, 350","Government of Croatia, Government of Bosnia-Herzegovina, Croatian Republic of Bosnia-Herzegovina",1994-03-01,NA,"",0,0,1,0,1,1,0,0,0,0,0,0,"0",0,10853,1992-07-21,2023-11-17,2023-11-17,11441,1,1,3,"Bosnia and Herzegovina","BOS",1,1,1,0,"Bosnia and Herzegovina",346,0.85517774499612,-0.28375658714304,-0.416362143623756,-0.221079617548084,-0.215818131544321,0.115464556750527,-0.750811283524067,-0.856414071951816,-0.961613167303363,-0.311119551765155,-1.32575477257165,0.162485582516339,-0.394453999813492,-0.0528059732027191,-0.758036891620813,0,-0.156445942766926,-13.8155105579643,-13.8155105579643,-13.8155105579643,-13.8155105579643,-2.1587916640747,-13.8155105579643,-13.8155105579643,-13.8155105579643,-13.8155105579643,-13.8155105579643,-1.81716600412484,-13.8155105579643,-13.8155105579643,-13.8155105579643,0,1,1,0,0,0,-0.792627667841263,0.290616398249255,0.11722215235181,-0.225493012400956,0.345320234114759,0,0,0,1,1,1,0,0,0,1,1,0,0,0,3,0,0,0,0,0,0,0,0,0,0,0,0,0,0,0,0,0,0,3762330,0.248609656
"BIH","1994",1567,1,"Comprehensive Peace Agreement","389","Bosnia-Herzegovina: Serb","3, 50, 339","Government of United States of America, Government of Bosnia-Herzegovina, Serbian Republic of Bosnia-Herzegovina",1994-12-20,NA,"",0,0,1,0,1,0,0,0,0,1,0,0,"0",0,10559,1992-04-27,2023-11-17,2023-11-17,11526,2,1,3,"Bosnia and Herzegovina","BOS",1,1,1,0,"Bosnia and Herzegovina",346,0.85517774499612,-0.28375658714304,1.15146246491803,-0.221079617548084,-0.215818131544321,-0.410311549881336,-0.750811283524067,-0.856414071951816,-0.961613167303363,-0.311119551765155,-1.32575477257165,-0.0142438391151409,0.223284337288395,0.436016541915948,0.414393500752711,0,-0.156445942766926,-13.8155105579643,0.141032843063019,-13.8155105579643,-13.8155105579643,-13.8155105579643,-13.8155105579643,-13.8155105579643,-13.8155105579643,-13.8155105579643,-13.8155105579643,-13.8155105579643,-1.49930926460955,-0.830075096178619,-0.880939271671648,0,0,1,0,0,0,-1.24918902638004,0.555532370209678,0.154561905223017,0.146825397568725,-0.256867572377515,0,0,0,0,1,0,0,0,1,0,0,0,1,0,0,0,0,0,0,0,0,0,0,0,0,0,0,0,0,0,0,0,0,3762330,0.248609656
"BIH","1994",1566,1,"Declaration Concerning the Constitution of the Federation of Bosnia and Herzegovina","398","Bosnia-Herzegovina: Croat","48, 50, 350","Government of Croatia, Government of Bosnia-Herzegovina, Croatian Republic of Bosnia-Herzegovina",1994-03-18,NA,"",0,1,1,0,2,1,0,0,0,0,0,0,"0",0,10836,1992-07-21,2023-11-17,2023-11-17,11441,1,1,3,"Bosnia and Herzegovina","BOS",2,1,1,0,"Bosnia and Herzegovina",346,0.85517774499612,-0.28375658714304,-0.415354940371646,-0.221079617548084,-0.215818131544321,0.331960600657764,-0.750811283524067,-0.856414071951816,-0.961613167303363,-0.311119551765155,-1.32575477257165,-0.346058417418603,-0.308605975855682,-0.0528059732027191,0.12128590265933,0.693147180559945,-0.156445942766926,-13.8155105579643,-13.8155105579643,-13.8155105579643,-13.8155105579643,-1.10273898982539,-13.8155105579643,-13.8155105579643,-13.8155105579643,-13.8155105579643,-13.8155105579643,-13.8155105579643,-13.8155105579643,-13.8155105579643,-2.10960468858796,0,1,1,0,0,0,-0.792627667841263,0.290616398249255,0.11722215235181,-0.225493012400956,0.345320234114759,0,0,0,1,1,1,1,0,0,0,1,1,0,0,3,0,0,0,0,0,0,0,0,0,0,0,0,0,0,0,0,0,0,3762330,0.248609656
"BIH","1995",1073,1,"The General Framework Agreement for Peace in Bosnia and Herzegovina (the Dayton Agreement)","389","Bosnia-Herzegovina: Serb","49, 48, 3, 33, 37, 57, 28, 7053, 50, 371, 339","Government of Serbia (Yugoslavia), Government of Croatia, Government of United States of America, Government of France, Government of Germany, Government of Russia (Soviet Union), Government of United Kingdom, European Union, Government of Bosnia-Herzegovina, Serbian irregulars, Serbian Republic of Bosnia-Herzegovina",1995-12-14,NA,"",0,0,1,1,1,1,0,1,0,1,1,0,"6",0,10200,1992-04-27,2023-11-17,2023-11-17,11526,2,1,3,"Bosnia and Herzegovina","BOS",4,1,1,0,"Bosnia and Herzegovina",346,0.843087560552428,-0.282589990588853,4.7719372354911,0.47337079476904,0.478149939550262,4.13610537217065,-0.750811283524067,-0.837826937497185,-0.738927981189994,-0.311119551765155,-1.45933337716185,-1.14701521377175,-0.56564300852441,0.0926594742317894,0.414393500752711,1.38629436111989,-0.170684458577693,-13.8155105579643,1.56275235148595,-0.747876276308398,-0.737830914610809,1.41975461371203,-13.8155105579643,-13.8155105579643,-13.8155105579643,-13.8155105579643,-13.8155105579643,-13.8155105579643,-13.8155105579643,-2.37882407317562,-0.880939271671648,0,2,1,0,0,1,0.512873405260378,-1.02315187052394,-1.1290493091889,0.185036491690634,0.25150704031891,2,1,0,1,3,1,1,1,1,1,1,0,1,0,3,0,0,0,0,0,0,0,0,0,0,0,0,0,0,0,0,0,0,3750527,1.368140583
"BIH","1995",1569,1,"Further Agreed Basic Principles (additional to those issued 8 September 1995, in Geneva)","389","Bosnia-Herzegovina: Serb","33, 37, 44, 57, 28, 3, 48, 49, 50, 339","Government of France, Government of Germany, Government of Italy, Government of Russia (Soviet Union), Government of United Kingdom, Government of United States of America, Government of Croatia, Government of Serbia (Yugoslavia), Government of Bosnia-Herzegovina, Serbian Republic of Bosnia-Herzegovina",1995-09-08,NA,"",0,0,0,0,1,0,0,0,0,0,0,0,"0",0,10297,1992-04-27,2023-11-17,2023-11-17,11526,2,1,3,"Bosnia and Herzegovina","BOS",3,1,1,0,"Bosnia and Herzegovina",346,0.843087560552428,-0.282589990588853,4.7719372354911,0.47337079476904,0.478149939550262,-0.410311549881336,-0.750811283524067,-0.837826937497185,-0.738927981189994,-0.311119551765155,-1.45933337716185,-1.11763538942759,-0.532259208315002,0.03001260080225,-1.05114448971419,1.09861228866811,-0.170684458577693,-13.8155105579643,1.56275235148595,-0.747876276308398,-0.737830914610809,-13.8155105579643,-13.8155105579643,-13.8155105579643,-13.8155105579643,-13.8155105579643,-13.8155105579643,-13.8155105579643,-13.8155105579643,-3.50613795876485,-13.8155105579643,0,0,1,0,0,0,-1.24918902638004,0.555532370209678,0.154561905223017,0.146825397568725,-0.256867572377515,0,0,0,0,0,0,0,0,1,1,0,0,0,0,0,0,0,0,0,0,0,0,0,0,0,0,0,0,0,0,0,0,0,3750527,1.368140583
"BIH","1995",1568,1,"Agreed Basic Principles signed on 8 September 1995 at Geneva","389","Bosnia-Herzegovina: Serb","33, 37, 57, 28, 3, 7053, 48, 49, 50, 339","Government of France, Government of Germany, Government of Russia (Soviet Union), Government of United Kingdom, Government of United States of America, European Union, Government of Croatia, Government of Serbia (Yugoslavia), Government of Bosnia-Herzegovina, Serbian Republic of Bosnia-Herzegovina",1995-09-08,NA,"",0,0,1,0,1,0,0,0,0,0,0,0,"0",0,10297,1992-04-27,2023-11-17,2023-11-17,11526,2,1,3,"Bosnia and Herzegovina","BOS",2,1,1,0,"Bosnia and Herzegovina",346,0.843087560552428,-0.282589990588853,1.59483734526598,0.47337079476904,0.478149939550262,-0.410311549881336,-0.750811283524067,-0.837826937497185,-0.738927981189994,-0.311119551765155,-1.45933337716185,0.540785763123892,0.223284337288395,0.436016541915948,-0.171821695434051,0.693147180559945,-0.170684458577693,-13.8155105579643,0.46677175314704,-0.747876276308398,-0.737830914610809,-13.8155105579643,-13.8155105579643,-13.8155105579643,-13.8155105579643,-13.8155105579643,-13.8155105579643,-0.614732080184426,-1.49930926460955,-0.830075096178619,-13.8155105579643,0,0,1,0,0,0,-1.24918902638004,0.555532370209678,0.154561905223017,0.146825397568725,-0.256867572377515,0,0,0,0,0,0,0,0,0,0,0,0,0,0,0,0,0,0,0,0,0,0,0,0,0,0,0,0,0,0,0,0,0,3750527,1.368140583
"CAF","2007",1355,4,"Birao Agreement","416","Central African Republic: Government","7052, 86, 554","United Nations, Government of Central African Republic, Seleka",2007-04-01,2012-12-16,"True",1,0,1,0,1,0,0,1,0,0,0,0,"0",1,2086,2001-06-01,2023-11-17,2023-11-17,8204,1,1,4,"Central African Republic","CEN",0,0,1,1,"Central African Republic",482,-0.438355610290936,-0.28383189513116,-0.479344918130072,-0.682433588825982,-0.676851662320516,-0.410311549881336,0.0922054147762775,-0.0633630018875559,-0.32365020168128,-0.02130490273916,0.711318947428821,-0.642709093356415,-0.834771317506871,-0.715950416841427,0.12128590265933,-13.8155105579643,-13.8155105579643,-13.8155105579643,-13.8155105579643,-13.8155105579643,-13.8155105579643,-13.8155105579643,-0.340634359851318,-2.38373642155101,-13.8155105579643,-13.8155105579643,-13.8155105579643,-13.8155105579643,-13.8155105579643,-13.8155105579643,-2.10960468858796,0,1,0,1,0,1,0.0563120467215981,-0.758235898563517,-1.09170955631769,0.557354901660314,-0.350680766173364,0,0,0,0,0,0,0,0,0,1,0,0,0,0,0,0,0,0,0,0,0,0,0,0,0,0,0,0,0,0,0,0,0,4375569,9.947736704
"CAF","2008",1373,4,"Global Peace Agreement between the Government of the Central African Republic and the APRD, FDPC, and UFDR","416","Central African Republic: Government","1370, 1645, 86, 554","APRD, FDPC, Government of Central African Republic, Seleka",2008-06-21,2008-08-02,"True",1,0,1,0,1,0,0,0,0,0,0,0,"0",1,42,2001-06-01,2023-11-17,2023-11-17,8204,1,1,4,"Central African Republic","CEN",1,1,1,1,"Central African Republic",482,-0.386846883825607,-0.283634352690461,-0.479881091005573,-0.597322355447275,-0.591799544258946,-0.317527531063948,0.0922054147762775,-0.0633630018875559,-0.173187238091166,-0.02130490273916,0.667649019005103,-0.435053649062217,-0.639323253010931,-0.479125807467636,-0.171821695434051,0,-13.8155105579643,-13.8155105579643,-13.8155105579643,-13.8155105579643,-13.8155105579643,-13.8155105579643,-0.403992664178335,-2.38373642155101,-13.8155105579643,-13.8155105579643,-13.8155105579643,-13.8155105579643,-13.8155105579643,-13.8155105579643,-13.8155105579643,0,0,0,1,0,0,-1.24918902638004,0.555532370209678,0.154561905223017,0.146825397568725,-0.256867572377515,0,0,0,0,0,0,0,0,1,1,0,0,0,0,0,0,0,0,0,0,0,0,0,0,0,0,0,0,0,0,0,0,0,4467233,11.74272745
"CAF","2011",1433,4,"Ndele Peace Agreement","416","Central African Republic: Government","86, 1053","Government of Central African Republic, CPJP",2011-06-12,NA,"",1,0,0,0,2,0,0,0,0,0,0,0," ",0,4541,2001-06-01,2023-11-17,2023-11-17,8204,1,1,4,"Central African Republic","CEN",2,1,1,1,"Central African Republic",482,-0.314784653018809,-0.282452339171563,-0.433208996029694,-0.609273725605638,-0.603742613409215,-0.348455537336411,-0.0201968116637685,-0.131515828221203,-0.480131683814998,-0.0776577511608812,0.531501595095866,-0.0464552650107222,-0.56564300852441,-0.26834788209758,0.414393500752711,0.693147180559945,-13.8155105579643,-13.8155105579643,-13.8155105579643,-13.8155105579643,-13.8155105579643,-13.8155105579643,-0.632049080083536,-13.8155105579643,-13.8155105579643,-13.8155105579643,-13.8155105579643,-13.8155105579643,-13.8155105579643,-13.8155105579643,-0.880939271671648,0,0,0,1,0,0,-1.24918902638004,0.555532370209678,0.154561905223017,0.146825397568725,-0.256867572377515,NA,NA,NA,NA,NA,NA,NA,NA,NA,NA,NA,NA,NA,NA,NA,NA,NA,0,0,0,0,0,0,0,0,0,0,0,0,0,0,0,0,4732022,8.450498532
"CAF","2011",1493,4,"Ceasefire Agreement between UFDR and CPJP under the auspices of the National Mediation Council","416","Central African Republic: Government","4231, 86, 554, 1053","African Union, Government of Central African Republic, Seleka, CPJP",2011-10-08,2012-12-16,"True",0,0,0,0,1,1,0,1,0,0,0,0,"0",1,435,2001-06-01,2023-11-17,2023-11-17,8204,1,1,4,"Central African Republic","CEN",3,1,1,1,"Central African Republic",482,-0.314784653018809,-0.282452339171563,-0.433208996029694,-0.609273725605638,-0.603742613409215,-0.348455537336411,-0.0201968116637685,-0.131515828221203,-0.480131683814998,-0.0776577511608812,0.531501595095866,-0.0464552650107222,-0.56564300852441,-0.26834788209758,0.414393500752711,1.09861228866811,-13.8155105579643,-13.8155105579643,-13.8155105579643,-13.8155105579643,-13.8155105579643,-13.8155105579643,-0.632049080083536,-13.8155105579643,-13.8155105579643,-13.8155105579643,-13.8155105579643,-13.8155105579643,-13.8155105579643,-13.8155105579643,-0.880939271671648,0,2,0,1,0,1,0.512873405260378,-1.02315187052394,-1.1290493091889,0.185036491690634,0.25150704031891,0,0,0,0,1,1,0,0,1,1,0,0,0,0,0,0,0,0,0,0,0,0,0,0,0,0,0,0,0,0,0,0,0,4732022,8.450498532
"CAF","2012",1454,4,"Acte d’Adhésion de la Convention des Patriotes pour la Justice et la Paix (CPJP) à l’Accord de Paix Global de Libreville","416","Central African Republic: Government","4231, 86, 1053","African Union, Government of Central African Republic, CPJP",2012-08-25,NA,"",0,0,0,0,2,0,0,0,0,0,0,0,"0",0,4101,2001-06-01,2023-11-17,2023-11-17,8204,1,1,4,"Central African Republic","CEN",4,1,1,1,"Central African Republic",482,-0.311529823499962,-0.281868398450497,-0.44684883310553,-0.637576623335408,-0.632025852925742,-0.379383543608873,-0.0314370343077731,-0.131515828221203,-0.492168720902207,-0.0937585649956587,0.492969305310233,-0.133341668741701,-0.755853021232165,-0.490685173102769,0.414393500752711,1.38629436111989,-13.8155105579643,-13.8155105579643,-13.8155105579643,-13.8155105579643,-13.8155105579643,-13.8155105579643,-0.707308367911756,-13.8155105579643,-13.8155105579643,-13.8155105579643,-13.8155105579643,-13.8155105579643,-13.8155105579643,-13.8155105579643,-0.880939271671648,0,0,0,1,0,0,-1.24918902638004,0.555532370209678,0.154561905223017,0.146825397568725,-0.256867572377515,0,0,0,0,0,0,0,0,0,1,0,0,0,0,0,0,0,0,0,0,0,0,0,0,0,0,0,0,0,0,0,0,0,4773306,9.167683843
"CAF","2013",1494,4,"Liberville agreements - Ceasefire","416","Central African Republic: Government","88, 7051, 86, 554","Government of Congo, ECCAS, Government of Central African Republic, Seleka",2013-01-11,2013-03-18,"True",1,0,1,0,1,0,0,0,0,1,0,0,"0",1,66,2001-06-01,2023-11-17,2023-11-17,8204,1,1,4,"Central African Republic","CEN",5,1,1,1,"Central African Republic",482,-0.143089534091692,-0.284128693496782,-0.445305456977919,-0.669041772186974,-0.663469147173876,-0.379383543608873,-0.278721932475874,-0.329778595737268,-1.0157798341958,-0.254766703343433,0.469849931438853,-0.394000530385227,-0.946063023637603,-1.10778732026191,0.707501098846092,1.6094379124341,-13.8155105579643,-13.8155105579643,-13.8155105579643,-13.8155105579643,-13.8155105579643,-13.8155105579643,-0.755341930074425,-13.8155105579643,-13.8155105579643,-13.8155105579643,-13.8155105579643,-13.8155105579643,-13.8155105579643,-13.8155105579643,-0.346016096326597,0,0,0,1,0,0,-1.24918902638004,0.555532370209678,0.154561905223017,0.146825397568725,-0.256867572377515,0,0,0,0,0,0,0,0,1,1,0,0,0,0,0,0,0,0,0,0,0,0,0,0,0,0,0,0,0,0,0,0,0,4802428,13.29568815
"CAF","2013",1495,4,"Libreville Agreements - Political","416","Central African Republic: Government","88, 7051, 86, 554","Government of Congo, ECCAS, Government of Central African Republic, Seleka",2013-01-11,2013-03-18,"True",1,0,1,0,1,1,0,0,1,0,1,1,"1, 4, 6, 7, 8",1,66,2001-06-01,2023-11-17,2023-11-17,8204,1,1,4,"Central African Republic","CEN",5,1,1,1,"Central African Republic",482,-0.143089534091692,-0.284128693496782,-0.445305456977919,-0.669041772186974,-0.663469147173876,-0.348455537336411,-0.278721932475874,-0.329778595737268,-1.0157798341958,-0.254766703343433,0.469849931438853,-0.394000530385227,-0.946063023637603,-1.10778732026191,0.707501098846092,1.6094379124341,-13.8155105579643,-13.8155105579643,-13.8155105579643,-13.8155105579643,-13.8155105579643,-13.8155105579643,-0.755341930074425,-13.8155105579643,-13.8155105579643,-13.8155105579643,-13.8155105579643,-13.8155105579643,-13.8155105579643,-13.8155105579643,-0.346016096326597,0,2,0,1,0,1,0.809385840916867,-0.626747727420328,2.07556888597301,-0.490521440735014,-0.0178862181093805,0,0,0,0,1,1,0,0,1,1,0,0,0,0,0,0,0,0,0,0,0,0,0,0,0,0,0,0,0,0,0,0,0,4802428,13.29568815
"CAF","2013",1469,4,"Liberville agreements - Declaration of principles to resolve the political and security crisis in the Central African Republic","416","Central African Republic: Government","87, 86, 554","Government of Chad, Government of Central African Republic, Seleka",2013-01-11,2013-03-18,"True",1,0,0,0,1,0,0,0,0,0,0,0,"0",1,66,2001-06-01,2023-11-17,2023-11-17,8204,1,1,4,"Central African Republic","CEN",5,1,1,1,"Central African Republic",482,-0.143089534091692,-0.284128693496782,-0.445305456977919,-0.669041772186974,-0.663469147173876,-0.410311549881336,-0.278721932475874,-0.329778595737268,-1.0157798341958,-0.254766703343433,0.469849931438853,-0.394000530385227,-0.946063023637603,-1.10778732026191,0.707501098846092,1.6094379124341,-13.8155105579643,-13.8155105579643,-13.8155105579643,-13.8155105579643,-13.8155105579643,-13.8155105579643,-0.755341930074425,-13.8155105579643,-13.8155105579643,-13.8155105579643,-13.8155105579643,-13.8155105579643,-13.8155105579643,-13.8155105579643,-0.346016096326597,0,0,0,1,0,0,-1.24918902638004,0.555532370209678,0.154561905223017,0.146825397568725,-0.256867572377515,0,0,0,0,0,0,0,0,0,0,0,0,0,0,0,0,0,0,0,0,0,0,0,0,0,0,0,0,0,0,0,0,0,4802428,13.29568815
"CAF","2015",1486,4,"Republican Pact for Peace, National Reconciliation and Reconstruction in the Central African Republic","416","Central African Republic: Government","5848, 4231, 4007, 86, 4201","MINUSCA, African Union, FPRC, Government of Central African Republic, anti-Balaka",2015-05-11,NA,"",1,1,1,0,1,1,0,1,1,0,0,0,"1",0,3112,2001-06-01,2023-11-17,2023-11-17,8204,1,1,4,"Central African Republic","CEN",7,1,1,1,"Central African Republic",482,0.273282528841373,-0.28377438408861,-0.480337088497822,-0.296614066807787,-0.291300117189698,-0.224743512246561,-0.222520819255851,-0.143907251190957,-0.287539090419652,-0.0776577511608812,0.387647713229502,-0.710514958018146,-0.890552753208655,-0.944439347556603,-0.464929293527432,1.94591014905531,-1.29724911476047,-13.8155105579643,-13.8155105579643,-13.8155105579643,-13.8155105579643,-13.8155105579643,-0.947658307394282,-13.8155105579643,-13.8155105579643,-13.8155105579643,-13.8155105579643,-13.8155105579643,-13.8155105579643,-13.8155105579643,-13.8155105579643,0,3,0,1,0,1,2.11488691401851,-1.94051599619352,0.829297424432305,-0.079991936643424,-0.11169941190523,0,0,0,0,1,0,1,0,0,1,0,0,1,0,0,0,0,0,0,0,0,0,0,0,0,0,0,0,0,0,0,0,0,4819333,12.69262339
"CAF","2015",1497,4,"Agreement between the Transitional Government and the Armed Groups on the Principles of Disarmament, Demobilization, Reintegration and Repatriation and of Integration into the Uniformed State Forces of the Central African Republic","416","Central African Republic: Government","4231, 1645, 5544, 86, 4201","African Union, FDPC, RJ, Government of Central African Republic, anti-Balaka",2015-05-10,NA,"",1,0,0,0,1,0,1,1,1,1,0,0,"1",0,3113,2001-06-01,2023-11-17,2023-11-17,8204,1,1,4,"Central African Republic","CEN",6,1,1,1,"Central African Republic",482,0.273282528841373,-0.28377438408861,-0.480337088497822,-0.296614066807787,-0.291300117189698,-0.317527531063948,-0.222520819255851,-0.143907251190957,-0.287539090419652,-0.0776577511608812,0.387647713229502,-0.710514958018146,-0.890552753208655,-0.944439347556603,-0.464929293527432,1.79175946922805,-1.29724911476047,-13.8155105579643,-13.8155105579643,-13.8155105579643,-13.8155105579643,-13.8155105579643,-0.947658307394282,-13.8155105579643,-13.8155105579643,-13.8155105579643,-13.8155105579643,-13.8155105579643,-13.8155105579643,-13.8155105579643,-13.8155105579643,1,3,0,1,0,1,6.11190310931138,3.12303406157515,0.00406495676910847,0.843739271956749,-0.394600690945027,0,0,0,0,2,1,0,0,1,1,0,0,1,0,0,0,0,0,0,0,0,0,0,0,0,0,0,0,0,0,0,0,0,4819333,12.69262339
"CAF","2017",1498,4,"Political Agreement for Peace in the Central African Republic","416","Central African Republic: Government, Central African Republic: Logone","6000, 1645, 6354, 5544, 5848, 5999, 86, 4201, 4007","RPRC, FDPC, MPC, RJ, MINUSCA, UPC, Government of Central African Republic, anti-Balaka, FPRC",2017-06-19,NA,"",1,0,1,1,2,1,0,1,0,1,0,0,"0",0,2342,2001-06-01,2023-11-17,2023-11-17,8204,1,1,4,"Central African Republic","CEN",8,1,1,1,"Central African Republic",482,0.415266358145387,-0.282845836997062,-0.466802481612504,-0.279339698550468,-0.274037747110732,-0.162887499701636,0.423791982774413,0.190661168992402,0.0013497996733665,0.0350479456825613,0.336271326848658,-0.448614781344167,-0.83543067259778,-1.02924241800525,-0.171821695434051,2.07944154167984,-0.878835137777853,-13.8155105579643,-13.8155105579643,-13.8155105579643,-13.8155105579643,-13.8155105579643,-1.08983692450519,-0.858512550801126,-1.65725741064209,-6.60779908764159,-3.35103827827312,-13.8155105579643,-13.8155105579643,-13.8155105579643,-13.8155105579643,0,2,0,1,0,1,0.512873405260378,-1.02315187052394,-1.1290493091889,0.185036491690634,0.25150704031891,0,0,0,0,2,0,1,0,1,1,0,0,1,0,0,0,0,0,0,0,0,0,0,0,0,0,0,0,0,0,0,0,0,4996741,13.41759038
"CAF","2017",1498,4,"Political Agreement for Peace in the Central African Republic","15283","Central African Republic: Government, Central African Republic: Logone","6000, 1645, 6354, 5544, 5848, 5999, 86, 4201, 4007","RPRC, FDPC, MPC, RJ, MINUSCA, UPC, Government of Central African Republic, anti-Balaka, FPRC",2017-06-19,NA,"",1,0,1,1,2,1,0,1,0,1,0,0,"0",0,2342,2015-02-10,2015-10-10,2023-11-17,242,1,0,4,"Central African Republic","CEN",8,1,1,1,"Central African Republic",482,0.415266358145387,-0.282845836997062,-0.466802481612504,-0.279339698550468,-0.274037747110732,-0.162887499701636,0.423791982774413,0.190661168992402,0.0013497996733665,0.0350479456825613,0.336271326848658,-0.448614781344167,-0.83543067259778,-1.02924241800525,-0.171821695434051,2.07944154167984,-0.878835137777853,-13.8155105579643,-13.8155105579643,-13.8155105579643,-13.8155105579643,-13.8155105579643,-1.08983692450519,-0.858512550801126,-1.65725741064209,-6.60779908764159,-3.35103827827312,-13.8155105579643,-13.8155105579643,-13.8155105579643,-13.8155105579643,0,2,0,1,0,1,0.512873405260378,-1.02315187052394,-1.1290493091889,0.185036491690634,0.25150704031891,0,0,0,0,2,0,1,0,1,1,0,0,1,0,0,0,0,0,0,0,0,0,0,0,0,0,0,0,0,0,0,0,0,4996741,13.41759038
"CAF","2019",1641,4,"Political Agreement for Peace and Reconciliation in the Central African Republic","15283","Central African Republic: Government, Central African Republic: Logone","6845, 7448, 6000, 4231, 6641, 6354, 1645, 5544, 86, 5999, 4201, 4007","Anti-Balaka - Mokom, MLCJ, RPRC, African Union, 3R, MPC, FDPC, RJ, Government of Central African Republic, UPC, anti-Balaka, FPRC",2019-02-06,2020-12-15,"True",1,0,1,0,1,1,0,1,0,1,0,0,"0",1,678,2015-02-10,2015-10-10,2023-11-17,242,1,0,4,"Central African Republic","CEN",0,0,1,1,"Central African Republic",482,0.538589292066136,-0.282163456602411,-0.481148864253254,-0.103287858125003,-0.0981081862007451,0.177320569295452,0.339490312944378,0.103921208204124,0.0194053553041802,0.0189471318477838,0.256637927958349,-0.506814826851855,-0.780308591929027,-1.03362162457437,-0.171821695434051,-13.8155105579643,-0.61880197985289,-13.8155105579643,-13.8155105579643,-13.8155105579643,-13.8155105579643,-1.72979605855635,-1.36008902806496,-1.08030986569127,-2.26412228039673,-3.94220620439948,-3.96610271258778,-13.8155105579643,-13.8155105579643,-13.8155105579643,-13.8155105579643,0,2,0,1,0,1,0.512873405260378,-1.02315187052394,-1.1290493091889,0.185036491690634,0.25150704031891,0,0,0,0,2,1,0,1,1,1,0,0,0,1,2,0,0,0,0,0,0,0,0,0,0,0,0,0,0,0,0,0,0,5209324,9.811123019
"CAF","2019",1641,4,"Political Agreement for Peace and Reconciliation in the Central African Republic","416","Central African Republic: Government, Central African Republic: Logone","6845, 7448, 6000, 4231, 6641, 6354, 1645, 5544, 86, 5999, 4201, 4007","Anti-Balaka - Mokom, MLCJ, RPRC, African Union, 3R, MPC, FDPC, RJ, Government of Central African Republic, UPC, anti-Balaka, FPRC",2019-02-06,2020-12-15,"True",1,0,1,0,1,1,0,1,0,1,0,0,"0",1,678,2001-06-01,2023-11-17,2023-11-17,8204,1,1,4,"Central African Republic","CEN",0,0,1,1,"Central African Republic",482,0.538589292066136,-0.282163456602411,-0.481148864253254,-0.103287858125003,-0.0981081862007451,0.177320569295452,0.339490312944378,0.103921208204124,0.0194053553041802,0.0189471318477838,0.256637927958349,-0.506814826851855,-0.780308591929027,-1.03362162457437,-0.171821695434051,-13.8155105579643,-0.61880197985289,-13.8155105579643,-13.8155105579643,-13.8155105579643,-13.8155105579643,-1.72979605855635,-1.36008902806496,-1.08030986569127,-2.26412228039673,-3.94220620439948,-3.96610271258778,-13.8155105579643,-13.8155105579643,-13.8155105579643,-13.8155105579643,0,2,0,1,0,1,0.512873405260378,-1.02315187052394,-1.1290493091889,0.185036491690634,0.25150704031891,0,0,0,0,2,1,0,1,1,1,0,0,0,1,2,0,0,0,0,0,0,0,0,0,0,0,0,0,0,0,0,0,0,5209324,9.811123019
"CIV","2003",1139,4,"Linas-Marcoussis Peace Accords","419","Ivory Coast: Government","76, 556, 557, 555","Government of Ivory Coast, MPCI, MPIGO, MJP",2003-01-25,2004-03-01,"True",1,0,1,1,1,1,0,1,1,0,1,0,"1, 6, 8",1,401,2002-09-20,2023-11-17,2023-11-17,7728,1,0,3,"Cote dIvoire","IVO",0,0,1,0,"Cote d'Ivoire",437,-0.561350390239093,-0.215963046202886,-0.136409749151732,-0.514225532088849,-0.508760437078173,-0.101031487156711,0.665456769620511,0.611969549964041,0.892090544126841,0.719332533660605,0.544345691691077,-0.338681394100686,-0.541309105650428,-0.356835536593967,-0.464929293527432,-13.8155105579643,-13.8155105579643,-13.8155105579643,-13.8155105579643,-13.8155105579643,-13.8155105579643,-13.8155105579643,-0.608170771279679,-0.407281602504831,-0.491072752668348,-0.114187644684945,-0.329431533518691,-13.8155105579643,-13.8155105579643,-13.8155105579643,-13.8155105579643,0,3,1,0,0,1,2.11488691401851,-1.94051599619352,0.829297424432305,-0.079991936643424,-0.11169941190523,0,0,0,0,3,1,0,1,1,1,0,0,0,1,0,0,0,0,0,0,0,0,0,0,0,0,0,0,0,0,0,0,0,18116451,2.648835549
"CIV","2003",1292,4,"Accra II","419","Ivory Coast: Government","7065, 76, 556, 557, 555","ECOWAS, Government of Ivory Coast, MPCI, MPIGO, MJP",2003-03-07,2004-03-01,"True",0,0,1,0,1,0,0,0,0,0,0,0,"0",1,360,2002-09-20,2023-11-17,2023-11-17,7728,1,0,3,"Cote dIvoire","IVO",1,1,1,0,"Cote d'Ivoire",437,-0.561350390239093,-0.215963046202886,-0.136409749151732,-0.514225532088849,-0.508760437078173,-0.410311549881336,0.665456769620511,0.611969549964041,0.892090544126841,0.719332533660605,0.544345691691077,-0.338681394100686,-0.541309105650428,-0.356835536593967,-0.464929293527432,0,-13.8155105579643,-13.8155105579643,-13.8155105579643,-13.8155105579643,-13.8155105579643,-13.8155105579643,-0.608170771279679,-0.407281602504831,-0.491072752668348,-0.114187644684945,-0.329431533518691,-13.8155105579643,-13.8155105579643,-13.8155105579643,-13.8155105579643,0,0,1,0,0,0,-1.24918902638004,0.555532370209678,0.154561905223017,0.146825397568725,-0.256867572377515,0,0,0,0,0,0,0,0,1,0,0,0,0,0,0,0,0,0,0,0,0,0,0,0,0,0,0,0,0,0,0,0,0,18116451,2.648835549
"CIV","2004",1283,4,"Accra III","419","Ivory Coast: Government","1209, 78, 88, 85, 81, 79, 99, 73, 77, 71, 75, 84, 4231, 80, 102, 82, 76, 558","Government of Benin, Government of Burkina Faso, Government of Congo, Government of Gabon, Government of Ghana, Government of Liberia, Government of Angola, Government of Senegal, Government of Guinea, Government of Gambia, Government of Niger, Government of Nigeria, African Union, Government of Sierra Leone, Government of South Africa, Government of Togo, Government of Ivory Coast, FRCI",2004-07-30,2004-11-01,"True",1,0,0,0,1,0,0,1,0,0,0,0,"0",1,94,2002-09-20,2023-11-17,2023-11-17,7728,1,0,3,"Cote dIvoire","IVO",2,1,1,0,"Cote d'Ivoire",437,-0.580383320649424,-0.211628244696862,-0.15586731247483,-0.674015875921596,-0.668439796068189,-0.255671518519023,0.687937214908521,0.630556684418672,0.898109062670446,0.727382940577993,0.492969305310233,-0.544945891468189,-0.583671157580402,-0.466889703545295,-0.171821695434051,0.693147180559945,-13.8155105579643,-13.8155105579643,-13.8155105579643,-13.8155105579643,-13.8155105579643,-13.8155105579643,-0.707308367911756,-0.374057702613409,-0.461152223702859,-0.107463767419228,-0.318302199305319,-13.8155105579643,-13.8155105579643,-13.8155105579643,-13.8155105579643,0,1,1,0,0,1,0.0563120467215981,-0.758235898563517,-1.09170955631769,0.557354901660314,-0.350680766173364,0,0,0,0,0,0,0,0,1,1,0,0,0,0,0,0,0,0,0,0,0,0,0,0,0,0,0,0,0,0,0,0,0,18544903,2.493217078
"CIV","2005",1608,4,"Declaration on the Implementation of the Pretoria Agreement on the Peace Process in the Côte d'Ivoire ('Pretoria II')","419","Ivory Coast: Government","4231, 76, 558","African Union, Government of Ivory Coast, FRCI",2005-06-29,NA,"",1,0,0,0,1,0,0,1,0,0,0,0,"0",0,6715,2002-09-20,2023-11-17,2023-11-17,7728,1,0,3,"Cote dIvoire","IVO",4,1,1,1,"Cote d'Ivoire",437,-0.590525567848835,-0.208417305795779,-0.308501198341835,-0.767781147376451,-0.762139941410562,-0.348455537336411,0.598015433756484,0.580990992539655,0.843942395778005,0.671030092156272,0.433886460972262,-0.580629526321228,-0.723999666632937,-0.658346965803143,0.12128590265933,1.38629436111989,-13.8155105579643,-13.8155105579643,-13.8155105579643,-13.8155105579643,-13.8155105579643,-13.8155105579643,-0.834972389770762,-0.51413871640722,-0.543020025624491,-0.169671038163278,-0.398941296285381,-13.8155105579643,-13.8155105579643,-13.8155105579643,-2.10960468858796,0,1,1,0,0,1,0.0563120467215981,-0.758235898563517,-1.09170955631769,0.557354901660314,-0.350680766173364,0,0,0,0,0,0,0,0,0,1,0,0,0,0,0,0,0,0,0,0,0,0,0,0,0,0,0,0,0,0,0,0,0,18970215,3.711976777
"CIV","2005",1273,4,"Pretoria Agreement on the Peace Process in Côte dIvoire","419","Ivory Coast: Government","102, 4231, 76, 558","Government of South Africa, African Union, Government of Ivory Coast, FRCI",2005-04-06,NA,"",1,0,1,0,1,0,0,0,0,0,1,0,"6",0,6799,2002-09-20,2023-11-17,2023-11-17,7728,1,0,3,"Cote dIvoire","IVO",3,1,1,1,"Cote d'Ivoire",437,-0.590525567848835,-0.208417305795779,-0.308501198341835,-0.767781147376451,-0.762139941410562,-0.255671518519023,0.598015433756484,0.580990992539655,0.843942395778005,0.671030092156272,0.433886460972262,-0.580629526321228,-0.723999666632937,-0.658346965803143,0.12128590265933,1.09861228866811,-13.8155105579643,-13.8155105579643,-13.8155105579643,-13.8155105579643,-13.8155105579643,-13.8155105579643,-0.834972389770762,-0.51413871640722,-0.543020025624491,-0.169671038163278,-0.398941296285381,-13.8155105579643,-13.8155105579643,-13.8155105579643,-2.10960468858796,0,0,1,0,0,0,-1.24918902638004,0.555532370209678,0.154561905223017,0.146825397568725,-0.256867572377515,0,0,0,0,0,0,0,0,1,1,0,0,0,0,0,0,0,0,0,0,0,0,0,0,0,0,0,0,0,0,0,0,0,18970215,3.711976777
"CIV","2007",1359,4,"Ouagadougou Political Agreement","419","Ivory Coast: Government","78, 7065, 76, 558","Government of Burkina Faso, ECOWAS, Government of Ivory Coast, FRCI",2007-03-04,NA,"",1,0,1,1,1,0,0,1,1,1,1,1,"1, 2, 6, 7, 8",0,6102,2002-09-20,2023-11-17,2023-11-17,7728,1,0,3,"Cote dIvoire","IVO",5,1,1,1,"Cote d'Ivoire",437,-0.583105853898777,-0.200342166816098,-0.393607367664397,-0.682073481454068,-0.676491805066719,-0.162887499701636,0.620495879044493,0.605773838479164,0.849960914321609,0.68713090599105,0.325996049572489,-0.405388552496167,-0.696306753914453,-0.545560413978547,0.12128590265933,1.6094379124341,-13.8155105579643,-13.8155105579643,-13.8155105579643,-13.8155105579643,-13.8155105579643,-13.8155105579643,-1.12087001556465,-0.477236315706035,-0.501248566400467,-0.16256491370608,-0.375230457617513,-13.8155105579643,-13.8155105579643,-13.8155105579643,-2.10960468858796,0,2,1,0,0,1,1.65832555547973,-1.6756000242331,0.866637177303513,0.292326473326256,-0.713887218397504,0,0,0,0,1,1,0,0,1,1,0,0,0,0,0,0,0,18,28,51.85185,1,0,0,0,0,18,28,51.85185,1,0,0,0,0,19817700,4.983872468
"CIV","2007",1362,4,"Third Complementary Agreement to the Ouagadougou Political Agreement","419","Ivory Coast: Government","78, 7065, 76, 558","Government of Burkina Faso, ECOWAS, Government of Ivory Coast, FRCI",2007-11-28,NA,"",1,0,0,0,1,1,1,1,0,1,0,0,"0",0,5833,2002-09-20,2023-11-17,2023-11-17,7728,1,0,3,"Cote dIvoire","IVO",7,1,1,1,"Cote d'Ivoire",437,-0.583105853898777,-0.200342166816098,-0.393607367664397,-0.682073481454068,-0.676491805066719,-0.441239556153798,0.620495879044493,0.605773838479164,0.849960914321609,0.68713090599105,0.325996049572489,-0.405388552496167,-0.696306753914453,-0.545560413978547,0.12128590265933,1.94591014905531,-13.8155105579643,-13.8155105579643,-13.8155105579643,-13.8155105579643,-13.8155105579643,-13.8155105579643,-1.12087001556465,-0.477236315706035,-0.501248566400467,-0.16256491370608,-0.375230457617513,-13.8155105579643,-13.8155105579643,-13.8155105579643,-2.10960468858796,0,3,1,0,0,1,2.82050096247064,1.01011472453394,-2.25192341140455,-2.43756949517657,-0.997317569667489,0,0,0,0,0,0,0,0,0,0,0,0,0,0,0,0,0,18,28,51.85185,1,0,0,0,0,72,112,207.4074,4,0,0,0,0,19817700,4.983872468
"CIV","2007",1361,4,"Second Complementary Agreement to the Ouagadougou Political Agreement","419","Ivory Coast: Government","78, 7065, 76, 558","Government of Burkina Faso, ECOWAS, Government of Ivory Coast, FRCI",2007-11-28,NA,"",0,0,0,0,1,0,0,0,0,0,0,0,"0",0,5833,2002-09-20,2023-11-17,2023-11-17,7728,1,0,3,"Cote dIvoire","IVO",7,1,1,1,"Cote d'Ivoire",437,-0.583105853898777,-0.200342166816098,-0.393607367664397,-0.682073481454068,-0.676491805066719,-0.410311549881336,0.620495879044493,0.605773838479164,0.849960914321609,0.68713090599105,0.325996049572489,-0.405388552496167,-0.696306753914453,-0.545560413978547,0.12128590265933,1.94591014905531,-13.8155105579643,-13.8155105579643,-13.8155105579643,-13.8155105579643,-13.8155105579643,-13.8155105579643,-1.12087001556465,-0.477236315706035,-0.501248566400467,-0.16256491370608,-0.375230457617513,-13.8155105579643,-13.8155105579643,-13.8155105579643,-2.10960468858796,0,0,1,0,0,0,-1.24918902638004,0.555532370209678,0.154561905223017,0.146825397568725,-0.256867572377515,0,0,0,0,0,0,0,0,1,1,0,0,0,0,1,0,0,18,28,51.85185,1,0,0,0,0,36,56,103.7037,2,0,0,0,0,19817700,4.983872468
"CIV","2007",1360,4,"First Complementary Agreement to the Ouagadougou Political Agreement","419","Ivory Coast: Government","78, 7065, 76, 558","Government of Burkina Faso, ECOWAS, Government of Ivory Coast, FRCI",2007-03-27,NA,"",0,0,0,0,1,0,0,0,0,0,0,0,"0",0,6079,2002-09-20,2023-11-17,2023-11-17,7728,1,0,3,"Cote dIvoire","IVO",6,1,1,1,"Cote d'Ivoire",437,-0.583105853898777,-0.200342166816098,-0.393607367664397,-0.682073481454068,-0.676491805066719,-0.441239556153798,0.620495879044493,0.605773838479164,0.849960914321609,0.68713090599105,0.325996049572489,-0.405388552496167,-0.696306753914453,-0.545560413978547,0.12128590265933,1.79175946922805,-13.8155105579643,-13.8155105579643,-13.8155105579643,-13.8155105579643,-13.8155105579643,-13.8155105579643,-1.12087001556465,-0.477236315706035,-0.501248566400467,-0.16256491370608,-0.375230457617513,-13.8155105579643,-13.8155105579643,-13.8155105579643,-2.10960468858796,0,0,1,0,0,0,-1.24918902638004,0.555532370209678,0.154561905223017,0.146825397568725,-0.256867572377515,0,0,0,0,0,0,0,0,0,0,0,0,0,0,0,0,0,18,28,51.85185,1,0,0,0,0,54,84,155.55555,3,0,0,0,0,19817700,4.983872468
"CIV","2008",1376,4,"Fourth Complementary Agreement to the Ouagadougou Political Agreement","419","Ivory Coast: Government","78, 7065, 76, 558","Government of Burkina Faso, ECOWAS, Government of Ivory Coast, FRCI",2008-12-22,NA,"",1,0,0,0,1,1,1,1,1,0,1,0,"1, 6",0,5443,2002-09-20,2023-11-17,2023-11-17,7728,1,0,3,"Cote dIvoire","IVO",8,1,1,1,"Cote d'Ivoire",437,-0.583113485386512,-0.194336786356179,-0.392795591908965,-0.237217357824005,-0.231944663104348,-0.317527531063948,0.620495879044493,0.611969549964041,0.898109062670446,0.695181312908438,0.266913205234518,-0.375723513984653,-0.667149300784074,-0.48964771079605,0.707501098846092,2.07944154167984,-13.8155105579643,-13.8155105579643,-13.8155105579643,-13.8155105579643,-13.8155105579643,-13.8155105579643,-1.32083174745792,-0.477236315706035,-0.491072752668348,-0.107463767419228,-0.363582585558461,-13.8155105579643,-13.8155105579643,-13.8155105579643,-0.346016096326597,1,4,1,0,0,1,6.56846446785016,2.85811808961472,-0.0332747961020992,0.471420861987069,0.207587115547246,0,0,0,0,0,0,0,0,1,1,0,0,0,1,2,0,0,18,29,53.7037,2,0,0,0,0,90,141,261.1111,6,0,0,0,0,20244449,5.562002519
"CMR","2006",1333,4,"The Greentree agreement","405","Cameroon - Nigeria","7052, 37, 3, 33, 28, 83, 84","United Nations, Government of Germany, Government of United States of America, Government of France, Government of United Kingdom, Government of Cameroon, Government of Nigeria",2006-06-12,NA,"",0,0,0,0,1,0,0,0,0,0,0,0,"0",0,6367,1996-05-07,2023-11-17,2023-11-17,10055,1,0,2,"Cameroon ","CAO",0,0,1,1,"Cameroon",471,-0.605712228440879,-0.221893158243729,-0.34127789720776,1.23523049727897,1.23948048067761,-0.317527531063948,-0.0426772569517778,-0.323582884252391,-0.371798350030116,0.0350479456825613,0.197555083620378,-0.31234152622144,-0.308605975855682,-0.0308348105683347,1.29371629503285,-13.8155105579643,-13.8155105579643,-13.8155105579643,-13.8155105579643,0.211257590138185,0.214692324630196,-13.8155105579643,-1.62173782912059,-13.8155105579643,-13.8155105579643,-13.8155105579643,-3.35103827827312,-13.8155105579643,-13.8155105579643,-13.8155105579643,0.257518925543661,0,0,0,0,1,0,-1.24918902638004,0.555532370209678,0.154561905223017,0.146825397568725,-0.256867572377515,0,0,0,0,0,0,0,0,1,1,0,0,0,0,1,0,0,0,0,0,0,0,0,0,0,0,0,0,0,0,0,0,0,17751333,8.543908008
"COD","1999",1004,4,"Lusaka Accord","283","DR Congo (Zaire): Government","425, 89, 424, 423","RCD-ML , Government of DR Congo (Zaire), RCD, MLC",1999-08-31,1999-09-01,"True",0,0,1,1,1,0,0,1,0,0,0,0,"0",1,1,1964-01-31,2023-11-17,2023-11-17,21840,1,1,4,"DR Congo ","ZAI",0,0,1,0,"Congo, Dem. Rep.",490,-0.137198025560506,-0.257624427823084,0.912399515904795,-0.665159272110304,-0.659589343747391,0.455672625747614,-0.975615736404159,-1.01130685907374,-0.99772427856499,-0.552631759286817,1.03499018162814,-0.448614781344167,-0.694975348499339,-0.26834788209758,-1.63735968590096,-13.8155105579643,-13.8155105579643,-13.8155105579643,-0.0916773191454827,-13.8155105579643,-13.8155105579643,-0.785980653292101,0.034391940322713,-13.8155105579643,-13.8155105579643,-13.8155105579643,-13.8155105579643,-13.8155105579643,-13.8155105579643,-13.8155105579643,-13.8155105579643,0,1,0,1,0,1,0.0563120467215981,-0.758235898563517,-1.09170955631769,0.557354901660314,-0.350680766173364,0,0,0,0,0,0,0,0,1,1,0,0,0,0,0,0,0,0,0,0,0,0,0,0,0,0,0,0,0,0,0,0,0,47227238,28.49657879
"COD","2001",1288,4,"Declaration of Fundamental Principles for the Inter-Congolese dialogue","283","DR Congo (Zaire): Government","425, 89, 424, 423","RCD-ML , Government of DR Congo (Zaire), RCD, MLC",2001-05-04,NA,"",0,0,1,0,1,0,0,0,0,0,0,0,"0",0,8232,1964-01-31,2023-11-17,2023-11-17,21840,1,1,4,"DR Congo ","ZAI",1,1,1,0,"Congo, Dem. Rep.",490,0.122654131805883,-0.259088110819502,1.29696074167556,-0.439400135881963,-0.4339870120019,-0.379383543608873,-0.93065484582814,-0.936958321255218,-0.86531687060569,-0.504329317782485,0.929668589547409,0.631319155160755,0.610495629092088,0.577886741445499,-1.63735968590096,0,-2.09838682106779,-13.8155105579643,0.260023636314569,-13.8155105579643,-13.8155105579643,-13.8155105579643,-0.0729271116698498,-13.8155105579643,-13.8155105579643,-13.8155105579643,-13.8155105579643,-0.459943751663121,-0.493484145011326,-0.548377378566514,-13.8155105579643,0,0,0,1,0,0,-1.24918902638004,0.555532370209678,0.154561905223017,0.146825397568725,-0.256867572377515,0,0,0,0,1,1,0,0,0,0,0,0,0,0,0,0,0,0,0,0,0,0,0,0,0,0,0,0,0,0,0,0,0,50106657,18.42000949
"COD","2002",1005,4,"Global and Inclusive Agreement on the Transition in the Democratic Republic of Congo (""Pretoria Agreement"")","283","DR Congo (Zaire): Government","425, 653, 648, 89, 424, 423","RCD-ML , RCD-N, Mayi Mayi, Government of DR Congo (Zaire), RCD, MLC",2002-12-17,NA,"",0,0,1,0,1,1,0,0,0,0,1,0,"6",0,7640,1964-01-31,2023-11-17,2023-11-17,21840,1,1,4,"DR Congo ","ZAI",3,1,1,0,"Congo, Dem. Rep.",490,0.178388794604299,-0.257737541993077,1.15146246491803,1.06894680304059,1.07331228133843,0.146392563022989,-0.896934177896127,-0.93076260977034,-0.793094648082435,-0.488228503947707,0.87315456452848,-1.08234850757475,-0.944440763079443,-1.03906035739679,-0.758036891620813,1.09861228866811,-1.72378987132291,-13.8155105579643,0.141032843063019,0.0666738675124294,0.0707494570360088,-1.92146347776854,-0.13564268895321,-13.8155105579643,-13.8155105579643,-13.8155105579643,-13.8155105579643,-13.8155105579643,-13.8155105579643,-13.8155105579643,-13.8155105579643,0,1,0,1,0,0,-0.792627667841263,0.290616398249255,0.11722215235181,-0.225493012400956,0.345320234114759,0,0,0,0,1,1,0,0,0,1,0,0,0,0,1,0,0,0,0,0,0,0,0,0,0,0,0,0,0,0,0,0,0,51662071,18.86768592
"COD","2002",1291,4,"Political agreement on consensual management of the transition in the Democratic Republic of the Congo","283","DR Congo (Zaire): Government","425, 653, 648, 89, 423","RCD-ML , RCD-N, Mayi Mayi, Government of DR Congo (Zaire), MLC",2002-04-19,NA,"",0,0,1,0,2,0,0,1,0,0,0,0,"0",0,7882,1964-01-31,2023-11-17,2023-11-17,21840,1,1,4,"DR Congo ","ZAI",2,1,1,0,"Congo, Dem. Rep.",490,0.178388794604299,-0.257737541993077,1.15146246491803,1.06894680304059,1.07331228133843,-0.193815505974098,-0.896934177896127,-0.93076260977034,-0.793094648082435,-0.488228503947707,0.87315456452848,-1.08234850757475,-0.944440763079443,-1.03906035739679,-0.758036891620813,0.693147180559945,-1.72378987132291,-13.8155105579643,0.141032843063019,0.0666738675124294,0.0707494570360088,-13.8155105579643,-0.13564268895321,-13.8155105579643,-13.8155105579643,-13.8155105579643,-13.8155105579643,-13.8155105579643,-13.8155105579643,-13.8155105579643,-13.8155105579643,0,1,0,1,0,1,0.0563120467215981,-0.758235898563517,-1.09170955631769,0.557354901660314,-0.350680766173364,0,0,0,0,0,0,0,0,0,0,0,0,0,0,0,0,0,0,0,0,0,0,0,0,0,0,0,0,0,0,0,0,0,51662071,18.86768592
"COD","2003",1290,4,"Inter-Congolese Political Negotiations - The Final Act","283","DR Congo (Zaire): Government","425, 653, 648, 2316, 4231, 7052, 89, 424, 423","RCD-ML , RCD-N, Mayi Mayi, UDPS, African Union, United Nations, Government of DR Congo (Zaire), RCD, MLC",2003-04-02,NA,"",1,0,1,1,1,1,0,1,0,0,0,1,"7",0,7534,1964-01-31,2023-11-17,2023-11-17,21840,1,1,4,"DR Congo ","ZAI",5,1,1,0,"Congo, Dem. Rep.",490,0.239650562394569,-0.255361034573996,0.655652883922926,7.08661353835395,7.08679935359957,2.46599303345768,-0.790152062778083,-0.726304130769398,-0.66670575866674,-0.447976469360763,0.814071720190509,-1.08234850757475,-0.944440763079443,-1.1766597677958,-0.758036891620813,1.6094379124341,-1.42857340664623,-13.8155105579643,-0.422123770443607,1.95820758727788,1.95823380753225,0.902594579700723,-0.20570680851876,-13.8155105579643,-13.8155105579643,-13.8155105579643,-13.8155105579643,-13.8155105579643,-13.8155105579643,-13.8155105579643,-13.8155105579643,0,2,0,1,0,1,0.512873405260378,-1.02315187052394,-1.1290493091889,0.185036491690634,0.25150704031891,0,0,0,1,3,1,1,1,1,1,1,0,1,1,0,1,0,0,0,0,0,0,0,0,0,0,0,0,0,0,0,0,0,53205639,29.55335664
"COD","2003",1289,4,"The Constitution of the Transition","283","DR Congo (Zaire): Government","425, 653, 648, 89, 424, 423","RCD-ML , RCD-N, Mayi Mayi, Government of DR Congo (Zaire), RCD, MLC",2003-04-01,NA,"",0,0,1,0,1,1,0,0,0,0,1,1,"6, 7 ",0,7535,1964-01-31,2023-11-17,2023-11-17,21840,1,1,4,"DR Congo ","ZAI",4,1,1,0,"Congo, Dem. Rep.",490,0.239650562394569,-0.255361034573996,0.655652883922926,7.08661353835395,7.08679935359957,1.38351281392149,-0.790152062778083,-0.726304130769398,-0.66670575866674,-0.447976469360763,0.814071720190509,-1.08234850757475,-0.944440763079443,-1.1766597677958,-0.758036891620813,1.38629436111989,-1.42857340664623,-13.8155105579643,-0.422123770443607,1.95820758727788,1.95823380753225,0.324625782161828,-0.20570680851876,-13.8155105579643,-13.8155105579643,-13.8155105579643,-13.8155105579643,-13.8155105579643,-13.8155105579643,-13.8155105579643,-13.8155105579643,0,1,0,1,0,0,-0.792627667841263,0.290616398249255,0.11722215235181,-0.225493012400956,0.345320234114759,0,0,0,1,1,1,0,0,0,1,1,1,0,0,2,0,0,0,0,0,0,0,0,0,0,0,0,0,0,0,0,0,0,53205639,29.55335664
"COD","2009",1384,4,"Peace Agreement between the Government and CNDP (and the Implementation Plan) (""23 March 2009 Agreement"")","283","DR Congo (Zaire): Government","7380, 89, 426","ICGLR, Government of DR Congo (Zaire), CNDP",2009-03-23,NA,"",0,0,1,0,1,1,0,1,1,0,1,0,"1, 6, 8",0,5352,1964-01-31,2023-11-17,2023-11-17,21840,1,1,4,"DR Congo ","ZAI",6,1,1,1,"Congo, Dem. Rep.",490,0.244204652700249,-0.235555023499983,0.414004278799798,1.79730455431188,1.80116414052302,-0.224743512246561,0.266428865758349,-0.274017192373375,-0.0648539043062837,0.0914007941042825,0.451868196205557,-1.03005820743958,-0.863514200230419,-0.832857803319651,1.29371629503285,1.79175946922805,-1.40974866466046,-13.8155105579643,-0.881878969945018,0.586288072746867,0.588433200587882,-13.8155105579643,-0.794364742988975,-1.32264799123712,-13.8155105579643,-13.8155105579643,-2.39250111232911,-13.8155105579643,-13.8155105579643,-13.8155105579643,0.257518925543661,0,3,0,1,0,1,2.11488691401851,-1.94051599619352,0.829297424432305,-0.079991936643424,-0.11169941190523,0,0,0,0,2,0,1,0,1,1,0,0,0,0,0,0,0,0,0,0,0,0,0,0,0,0,0,0,0,0,0,0,0,64270232,28.26180082
"COD","2013",1468,4,"Agenda for the Dialogue between the Government of the DRC and the M23 on the situation in Eastern Congo","283","DR Congo (Zaire): Government","90, 89, 1160","Government of Uganda, Government of DR Congo (Zaire), M23",2013-01-16,2013-05-01,"True",0,0,0,0,2,1,0,0,0,0,0,0,"0",1,105,1964-01-31,2023-11-17,2023-11-17,21840,1,1,4,"DR Congo ","ZAI",7,1,1,1,"Congo, Dem. Rep.",490,0.327576748329866,-0.21300542439497,0.0509500995865261,1.91582762219785,1.91960488638794,-0.410311549881336,0.00790374494624296,-0.459888536919686,-0.293557608963257,-0.0132544958217712,0.225812096129843,-0.886356293829253,-0.810198729325912,-0.734145571929902,1.58682389312624,1.94591014905531,-1.11603290531618,-13.8155105579643,-2.97690856472206,0.650149707963693,0.652119376522751,-13.8155105579643,-1.48805205859581,-4.84041858800422,-13.8155105579643,-13.8155105579643,-13.8155105579643,-13.8155105579643,-13.8155105579643,-13.8155105579643,0.461734466972352,0,1,0,1,0,0,-0.792627667841263,0.290616398249255,0.11722215235181,-0.225493012400956,0.345320234114759,0,0,0,0,1,1,0,0,0,1,0,0,0,0,0,0,0,0,0,0,0,0,0,0,0,0,0,0,0,0,0,0,0,73460021,25.74621951
"COG","1999",1026,4,"Ceasefire and ending hostilities agreement between the High Command of the Security Forces and the High Command of the Self-Defence Forces of Resistance","408","Congo: Government","85, 88, 546, 547, 548","Government of Gabon, Government of Congo, Ninjas, Cocoyes, Ntsiloulous",1999-12-29,NA,"",1,0,1,0,1,1,0,0,0,0,0,0,"0",0,8724,1993-11-11,2023-11-17,2023-11-17,10963,1,1,3,"Congo, Rep.","CON",1,1,1,0,"Congo, Rep.",484,-0.573423403835382,-0.27395761017658,-0.317290424730894,-0.650439517863749,-0.644879813332708,-0.317527531063948,-0.902554289218129,-0.8068483800728,-0.564390943425462,-0.931000884404088,0.105077588134859,-0.0464552650107222,-0.696306753914453,-0.566087278405598,-0.758036891620813,0,-13.8155105579643,-13.8155105579643,-13.8155105579643,-13.8155105579643,-13.8155105579643,-13.8155105579643,-2.25305626708468,-13.8155105579643,-13.8155105579643,-13.8155105579643,-13.8155105579643,-13.8155105579643,-13.8155105579643,-13.8155105579643,-13.8155105579643,0,1,1,0,0,0,-0.792627667841263,0.290616398249255,0.11722215235181,-0.225493012400956,0.345320234114759,0,0,0,0,1,1,0,0,0,1,0,0,0,1,0,0,0,0,0,0,0,0,0,0,0,0,0,0,0,0,0,0,0,3016659,39.24372254
"COG","1999",1614,4,"Agreement on Ending Hostilities in the Republic of Congo","408","Congo: Government","88, 546, 547, 548","Government of Congo, Ninjas, Cocoyes, Ntsiloulous",1999-11-16,NA,"",1,0,1,0,1,1,0,1,1,0,1,0,"1, 6",0,8767,1993-11-11,2023-11-17,2023-11-17,10963,1,1,3,"Congo, Rep.","CON",0,0,1,0,"Congo, Rep.",484,-0.573423403835382,-0.27395761017658,-0.317290424730894,-0.650439517863749,-0.644879813332708,-0.0391754746117858,-0.902554289218129,-0.8068483800728,-0.564390943425462,-0.931000884404088,0.105077588134859,0.540785763123892,0.223284337288395,0.177374897428225,-0.464929293527432,-13.8155105579643,-13.8155105579643,-13.8155105579643,-13.8155105579643,-13.8155105579643,-13.8155105579643,-13.8155105579643,-2.25305626708468,-13.8155105579643,-13.8155105579643,-13.8155105579643,-13.8155105579643,-0.614732080184426,-1.49930926460955,-1.72948972177849,-13.8155105579643,0,3,1,0,0,1,2.11488691401851,-1.94051599619352,0.829297424432305,-0.079991936643424,-0.11169941190523,0,0,0,0,1,1,0,0,0,1,0,0,0,0,0,0,0,0,0,0,0,0,0,0,0,0,0,0,0,0,0,0,0,3016659,39.24372254
"COG","2003",1582,4,"Accords de Paix et de cessation des hostilités dans le département de Pool","408","Congo: Government","88, 548","Government of Congo, Ntsiloulous",2003-03-17,NA,"",1,0,1,0,1,1,0,1,0,0,0,0,"0",0,7550,1993-11-11,2023-11-17,2023-11-17,10963,1,1,3,"Congo, Rep.","CON",2,1,1,0,"Congo, Rep.",484,-0.570269691529019,-0.269888096133209,-0.0592659975784371,-0.786754773677079,-0.78110038928701,-0.410311549881336,-0.795772174100085,-0.788261245618169,-0.492168720902207,-0.874648035982367,-0.105565596026603,-0.565014872787313,-0.454923739552224,-0.205869347544142,-1.05114448971419,0.693147180559945,-13.8155105579643,-13.8155105579643,-13.8155105579643,-13.8155105579643,-13.8155105579643,-13.8155105579643,-13.8155105579643,-13.8155105579643,-13.8155105579643,-13.8155105579643,-13.8155105579643,-13.8155105579643,-13.8155105579643,-13.8155105579643,-13.8155105579643,0,2,1,0,0,1,0.512873405260378,-1.02315187052394,-1.1290493091889,0.185036491690634,0.25150704031891,0,0,0,0,0,0,0,0,0,1,0,0,0,0,0,0,0,16,33,68.75,3,0,0,0,0,16,33,68.75,3,0,0,0,0,3424653,39.31729453
"COL","1984",1501,5,"Acuerdo entre el Gobierno y el Movimiento 19 de Abril (M-19) y el Partido Comunista De Colombia (M-L) y su organización guerrillera, Ejército Popular de Liberación (EPL) (""Acuerdos de Corinto"")","289","Colombia: Government","745, 17, 746, 745","M-19, Government of Colombia, EPL, M-19",1984-08-24,1985-11-30,"True",0,0,0,0,2,0,0,1,0,0,0,0,"0",1,463,1964-12-31,2023-11-17,2023-11-17,21505,1,1,3,"Colombia","COL",0,0,0,0,"Colombia",100,-0.611130584732513,0.0775538636837348,-0.51542384059371,-0.727628183794061,-0.722014866687045,-0.348455537336411,0.766618773416553,0.698709510752319,0.0976460963710394,-0.383573214021654,-0.82226618603938,-0.0464552650107222,0.223284337288395,0.03001260080225,0.707501098846092,-13.8155105579643,-13.8155105579643,-2.5567825687601,-13.8155105579643,-13.8155105579643,-13.8155105579643,-13.8155105579643,-13.8155105579643,-0.265765637140974,-0.358520201447792,-2.3264055981775,-13.8155105579643,-13.8155105579643,-1.49930926460955,-3.50613795876485,-0.346016096326597,0,1,1,0,0,1,0.0563120467215981,-0.758235898563517,-1.09170955631769,0.557354901660314,-0.350680766173364,NA,NA,NA,NA,NA,NA,NA,NA,NA,NA,NA,NA,NA,NA,NA,NA,NA,0,0,0,0,0,0,0,0,0,0,0,0,0,0,0,0,28689032,3.593894657
"COL","1990",1573,5,"Acuerdo entre el PCC M-L, EPL, Quintín Lame y PRT y Partidos Políticos Signatarios del Acuerdo Para la Constituyente","289","Colombia: Government","17, 746","Government of Colombia, EPL",1990-09-24,NA,"",0,0,0,0,2,0,0,0,0,0,0,0,"0",0,12107,1964-12-31,2023-11-17,2023-11-17,21505,1,1,3,"Colombia","COL",3,1,1,0,"Colombia",100,-0.624562003145578,-0.055260109202537,-0.514772415604784,-0.723914481463157,-0.718303743765255,-0.410311549881336,0.850920443246587,0.698709510752319,0.849960914321609,-0.198413854921712,-1.0123588156485,-1.04897772144073,-0.0134468446298657,0.059152793830785,1.58682389312624,1.09861228866811,-13.8155105579643,-13.8155105579643,-13.8155105579643,-13.8155105579643,-13.8155105579643,-13.8155105579643,-13.8155105579643,-0.161436640975595,-0.358520201447792,-0.16256491370608,-13.8155105579643,-13.8155105579643,-13.8155105579643,-2.82763145669288,0.461734466972352,0,0,1,0,0,0,-1.24918902638004,0.555532370209678,0.154561905223017,0.146825397568725,-0.256867572377515,0,0,0,0,0,0,0,0,0,0,0,0,0,0,0,0,0,0,0,0,0,0,0,0,0,0,0,0,0,0,0,0,0,32601393,6.902906376
"COL","1990",1502,5,"Political Agreement between the National Government, the Political Parties, M-19 and the Catholic Church as Moral and Spiritual Guardian of the Process","289","Colombia: Government","17, 745","Government of Colombia, M-19",1990-03-09,NA,"",1,0,1,0,2,1,0,1,1,0,0,0,"1, 3",0,12306,1964-12-31,2023-11-17,2023-11-17,21505,1,1,3,"Colombia","COL",1,1,1,0,"Colombia",100,-0.624562003145578,-0.055260109202537,-0.514772415604784,-0.723914481463157,-0.718303743765255,-0.348455537336411,0.850920443246587,0.698709510752319,0.849960914321609,-0.198413854921712,-1.0123588156485,0.540785763123892,0.597328066950225,0.52531459046542,-1.05114448971419,0,-13.8155105579643,-13.8155105579643,-13.8155105579643,-13.8155105579643,-13.8155105579643,-13.8155105579643,-13.8155105579643,-0.161436640975595,-0.358520201447792,-0.16256491370608,-13.8155105579643,-0.614732080184426,-0.515288790643815,-0.643757975916957,-13.8155105579643,0,3,1,0,0,1,2.11488691401851,-1.94051599619352,0.829297424432305,-0.079991936643424,-0.11169941190523,0,0,0,0,1,1,0,0,0,1,0,0,0,1,0,0,0,0,0,0,0,0,0,0,0,0,0,0,0,0,0,0,0,32601393,6.902906376
"COL","1990",1572,5,"Acuerdo Gobierno Nacional - Ejécito Popular de Liberacion, Pueblo Nuevo y Juan José","289","Colombia: Government","17, 746","Government of Colombia, EPL",1990-08-26,NA,"",0,0,0,0,2,1,0,0,0,0,0,0,"0",0,12136,1964-12-31,2023-11-17,2023-11-17,21505,1,1,3,"Colombia","COL",2,1,1,0,"Colombia",100,-0.624562003145578,-0.055260109202537,-0.514772415604784,-0.723914481463157,-0.718303743765255,-0.379383543608873,0.850920443246587,0.698709510752319,0.849960914321609,-0.198413854921712,-1.0123588156485,-0.580629526321228,-0.444540918888322,-0.356835536593967,1.87993149121962,0.693147180559945,-13.8155105579643,-13.8155105579643,-13.8155105579643,-13.8155105579643,-13.8155105579643,-13.8155105579643,-13.8155105579643,-0.161436640975595,-0.358520201447792,-0.16256491370608,-13.8155105579643,-13.8155105579643,-13.8155105579643,-13.8155105579643,0.631235335337245,0,1,1,0,0,0,-0.792627667841263,0.290616398249255,0.11722215235181,-0.225493012400956,0.345320234114759,0,0,0,0,0,0,0,0,0,0,0,0,0,0,0,0,0,0,0,0,0,0,0,0,0,0,0,0,0,0,0,0,0,32601393,6.902906376
"COL","1990",1574,5,"Acuerdo Gobierno Nacional-EPL y PCC – ML, Labores, Belmira, Antioquia","289","Colombia: Government","17, 746","Government of Colombia, EPL",1990-09-28,NA,"",0,0,0,0,2,0,0,0,0,0,0,0,"0",0,12103,1964-12-31,2023-11-17,2023-11-17,21505,1,1,3,"Colombia","COL",4,1,1,0,"Colombia",100,-0.624562003145578,-0.055260109202537,-0.514772415604784,-0.723914481463157,-0.718303743765255,-0.379383543608873,0.850920443246587,0.698709510752319,0.849960914321609,-0.198413854921712,-1.0123588156485,0.540785763123892,0.639290769105647,0.52531459046542,0.707501098846092,1.38629436111989,-13.8155105579643,-13.8155105579643,-13.8155105579643,-13.8155105579643,-13.8155105579643,-13.8155105579643,-13.8155105579643,-0.161436640975595,-0.358520201447792,-0.16256491370608,-13.8155105579643,-0.614732080184426,-0.447395890378855,-0.643757975916957,-0.346016096326597,0,0,1,0,0,0,-1.24918902638004,0.555532370209678,0.154561905223017,0.146825397568725,-0.256867572377515,0,0,0,0,2,1,0,0,1,0,0,0,0,0,0,0,0,0,0,0,0,0,0,0,0,0,0,0,0,0,0,0,0,32601393,6.902906376
"COL","1991",1503,5,"Caracas Agenda","289","Colombia: Government","17, 743, 744, 746","Government of Colombia, FARC, ELN, EPL",1991-06-06,1992-03-31,"True",0,0,0,0,1,1,0,0,0,0,0,0,"0",1,299,1964-12-31,2023-11-17,2023-11-17,21505,1,1,3,"Colombia","COL",7,1,1,0,"Colombia",100,-0.624094574521828,-0.0425325319936968,-0.514822525219316,-0.674004628477898,-0.668428556436576,-0.410311549881336,1.08134500744868,1.16958358360297,0.970331285193701,0.510021953808497,-1.03547818951988,0.128582665035212,1.49143340554064,1.26131676823476,1.58682389312624,1.94591014905531,-13.8155105579643,-13.8155105579643,-13.8155105579643,-13.8155105579643,-13.8155105579643,-13.8155105579643,-13.8155105579643,0.0782056435644016,0.156647774007703,-0.030117734665662,-0.67330150750692,-2.05118327381352,0.399737674656809,0.232156229429012,0.461734466972352,0,1,1,0,0,0,-0.792627667841263,0.290616398249255,0.11722215235181,-0.225493012400956,0.345320234114759,0,0,0,0,0,0,0,0,0,1,0,0,0,0,0,0,0,0,0,0,0,0,0,0,0,0,0,0,0,0,0,0,0,33272628,4.199511378
"COL","1991",1575,5,"Declaración del Gobierno Nacional y el PCC (ML) y el EPL, Juan José, Córdoba","289","Colombia: Government","17, 746","Government of Colombia, EPL",1991-01-29,NA,"",1,0,0,0,2,0,0,0,0,0,0,0,"0",0,11980,1964-12-31,2023-11-17,2023-11-17,21505,1,1,3,"Colombia","COL",5,1,1,0,"Colombia",100,-0.624094574521828,-0.0425325319936968,-0.514822525219316,-0.674004628477898,-0.668428556436576,-0.410311549881336,1.08134500744868,1.16958358360297,0.970331285193701,0.510021953808497,-1.03547818951988,0.29859857045764,0.597328066950225,0.642965989094273,2.173039089313,1.6094379124341,-13.8155105579643,-13.8155105579643,-13.8155105579643,-13.8155105579643,-13.8155105579643,-13.8155105579643,-13.8155105579643,0.0782056435644016,0.156647774007703,-0.030117734665662,-0.67330150750692,-1.20865518137129,-0.515288790643815,-0.441663450242569,0.776126689751707,0,0,1,0,0,0,-1.24918902638004,0.555532370209678,0.154561905223017,0.146825397568725,-0.256867572377515,0,0,0,0,0,0,0,0,0,0,0,0,0,0,0,0,0,0,0,0,0,0,0,0,0,0,0,0,0,0,0,0,0,33272628,4.199511378
"COL","1991",1079,5,"Acuerdo Final Gobierno Nacional-Ejército Popular De Liberación","289","Colombia: Government","17, 746","Government of Colombia, EPL",1991-02-15,NA,"",1,0,1,0,2,1,1,1,1,0,1,1,"1, 6, 7",0,11963,1964-12-31,2023-11-17,2023-11-17,21505,1,1,3,"Colombia","COL",6,1,1,0,"Colombia",100,-0.624094574521828,-0.0425325319936968,-0.514822525219316,-0.674004628477898,-0.668428556436576,0.0226805379331391,1.08134500744868,1.16958358360297,0.970331285193701,0.510021953808497,-1.03547818951988,0.631319155160755,-0.339331905601243,-0.3539260682927,1.00060869693947,1.79175946922805,-13.8155105579643,-13.8155105579643,-13.8155105579643,-13.8155105579643,-13.8155105579643,-3.78624808201148,-13.8155105579643,0.0782056435644016,0.156647774007703,-0.030117734665662,-0.67330150750692,-0.459943751663121,-13.8155105579643,-13.8155105579643,0.000608511758633764,1,4,1,0,0,1,6.56846446785016,2.85811808961472,-0.0332747961020992,0.471420861987069,0.207587115547246,0,0,0,0,2,1,1,0,1,1,0,0,0,0,0,0,0,0,0,0,0,0,0,0,0,0,0,0,0,0,0,0,0,33272628,4.199511378
"COL","1998",1505,5,"Declaration of Viana","289","Colombia: Government","35, 17, 744","Government of Spain, Government of Colombia, ELN",1998-02-09,1998-03-31,"True",0,0,0,0,2,1,0,0,0,0,0,0,"0",1,50,1964-12-31,2023-11-17,2023-11-17,21505,1,1,3,"Colombia","COL",8,1,1,0,"Colombia",100,-0.618756348851408,0.0761421930657075,-0.515944980584852,-0.6000007256623,-0.594476054170714,-0.379383543608873,1.23870812446475,1.34306350517953,0.711534987818704,1.00109677576921,-1.18190089070529,1.07516790653954,0.820987950886681,0.80288049560721,-0.758036891620813,2.07944154167984,-13.8155105579643,-2.57515272537314,-13.8155105579643,-13.8155105579643,-13.8155105579643,-13.8155105579643,-13.8155105579643,0.214069001420435,0.294953202483858,-0.340330687933644,0.00109617475008178,0.0724768415127141,-0.197246845780302,-0.21954939851749,-13.8155105579643,0,1,1,0,0,0,-0.792627667841263,0.290616398249255,0.11722215235181,-0.225493012400956,0.345320234114759,0,0,0,0,0,0,0,0,0,1,0,0,0,0,0,0,0,0,0,0,0,0,0,0,0,0,0,0,0,0,0,0,0,37944414,2.054300242
"COL","1999",1329,5,"Common Agenda for the Path to a New Colombia","289","Colombia: Government","17, 743","Government of Colombia, FARC",1999-05-06,2002-02-21,"True",0,0,0,0,2,1,0,0,0,0,0,0,"0",1,1022,1964-12-31,2023-11-17,2023-11-17,21505,1,1,3,"Colombia","COL",9,1,1,0,"Colombia",100,-0.61708505303751,0.0657279523387043,-0.515914914816132,-0.366532860935227,-0.361170348142519,-0.348455537336411,1.19936734521073,1.31208494775515,0.693479432187891,0.9366935204301,-1.20245144525763,0.29859857045764,0.696880939742988,0.655283279803884,0.707501098846092,2.19722457733622,-13.8155105579643,-2.72223098980556,-13.8155105579643,-13.8155105579643,-13.8155105579643,-13.8155105579643,-13.8155105579643,0.181794205444279,0.271617435190508,-0.366033697651353,-0.0653991362350897,-1.20865518137129,-0.361140700971968,-0.422687648592767,-0.346016096326597,0,1,1,0,0,0,-0.792627667841263,0.290616398249255,0.11722215235181,-0.225493012400956,0.345320234114759,0,0,0,0,2,1,0,0,0,1,0,0,0,0,0,0,0,0,0,0,0,0,0,0,0,0,0,0,0,0,0,0,0,38585033,4.321811829
"COL","2000",1578,5,"Metodología y Temática para las Discusiones, Comunicado No. 8, Mesa Nacional de Diálogos y Negociación","289","Colombia: Government","17, 743","Government of Colombia, FARC",2000-01-28,2002-02-21,"True",0,0,0,0,2,1,0,0,0,0,0,0,"0",1,755,1964-12-31,2023-11-17,2023-11-17,21505,1,1,3,"Colombia","COL",10,1,1,0,"Colombia",100,-0.607801348208252,0.0843614409554988,-0.515854783278693,-0.539613725766536,-0.534130996995176,-0.348455537336411,1.24994834710875,1.34925921666441,0.717553506362309,0.832038230504047,-1.21786436117188,1.45341190624625,0.351339585434487,0.365873898619153,-0.464929293527432,2.30258509299405,-13.8155105579643,-2.47264484248972,-13.8155105579643,-13.8155105579643,-13.8155105579643,-13.8155105579643,-13.8155105579643,0.22310222814742,0.299555713447079,-0.331907760801553,-0.183876889091547,0.373913831162335,-1.04600204335295,-1.00546654424,-13.8155105579643,0,1,1,0,0,0,-0.792627667841263,0.290616398249255,0.11722215235181,-0.225493012400956,0.345320234114759,0,0,0,0,1,1,0,0,0,0,0,0,0,0,0,0,0,0,0,0,0,0,0,0,0,0,0,0,0,0,0,0,0,39215135,5.792412752
"COL","2001",1122,5,"Los Pozos Agreement","289","Colombia: Government","17, 743","Government of Colombia, FARC",2001-02-09,2002-02-21,"True",0,0,1,0,2,0,0,0,0,0,0,0,"0",1,377,1964-12-31,2023-11-17,2023-11-17,21505,1,1,3,"Colombia","COL",11,1,1,0,"Colombia",100,-0.59128108513457,0.0991698939156626,-0.516010123083745,-0.215182724781727,-0.209925334555597,-0.410311549881336,1.23870812446475,1.34306350517953,0.7055164692751,0.832038230504047,-1.23327727708613,1.37964971637007,1.47545676142243,1.35202075900282,-1.05114448971419,2.39789527279837,-13.8155105579643,-2.31092079950674,-13.8155105579643,-13.8155105579643,-13.8155105579643,-13.8155105579643,-13.8155105579643,0.214069001420435,0.294953202483858,-0.34882516384395,-0.183876889091547,0.32182963823181,0.388967610615281,0.301600331794921,-13.8155105579643,0,0,1,0,0,0,-1.24918902638004,0.555532370209678,0.154561905223017,0.146825397568725,-0.256867572377515,0,0,0,0,1,1,0,0,0,1,0,0,0,0,0,0,0,0,0,0,0,0,0,0,0,0,0,0,0,0,0,0,0,39837875,3.898278216
"COL","2001",1328,5,"San Francisco de la Sombra Accord","289","Colombia: Government","17, 743","Government of Colombia, FARC",2001-10-05,2002-02-21,"True",0,0,0,0,2,1,0,0,0,0,0,0,"0",1,139,1964-12-31,2023-11-17,2023-11-17,21505,1,1,3,"Colombia","COL",12,1,1,0,"Colombia",100,-0.59128108513457,0.0991698939156626,-0.516010123083745,-0.215182724781727,-0.209925334555597,-0.348455537336411,1.23870812446475,1.34306350517953,0.7055164692751,0.832038230504047,-1.23327727708613,-0.0142438391151409,0.820987950886681,0.655283279803884,-0.171821695434051,2.484906649788,-13.8155105579643,-2.31092079950674,-13.8155105579643,-13.8155105579643,-13.8155105579643,-13.8155105579643,-13.8155105579643,0.214069001420435,0.294953202483858,-0.34882516384395,-0.183876889091547,-13.8155105579643,-0.197246845780302,-0.422687648592767,-13.8155105579643,0,1,1,0,0,0,-0.792627667841263,0.290616398249255,0.11722215235181,-0.225493012400956,0.345320234114759,0,0,0,0,1,1,0,0,0,1,0,0,0,0,0,0,0,0,0,0,0,0,0,0,0,0,0,0,0,0,0,0,0,39837875,3.898278216
"COL","2002",1120,5,"Agreement for a Timetable for the Future of the Peace Process","289","Colombia: Government","7052, 17, 743","United Nations, Government of Colombia, FARC",2002-01-20,2002-02-21,"True",0,0,0,0,2,0,0,0,0,0,0,0,"0",1,32,1964-12-31,2023-11-17,2023-11-17,21505,1,1,3,"Colombia","COL",13,1,1,0,"Colombia",100,-0.567075913912048,0.115080069853169,-0.516035177891011,-0.138286698554127,-0.133082717646562,-0.286599524791486,1.20498745653273,1.3244763707249,0.633294246751845,0.783735788999714,-1.24869019300039,1.69831991634002,0.668085909697987,0.659245415428708,0.12128590265933,2.56494935746154,-13.8155105579643,-2.16212713330237,-13.8155105579643,-13.8155105579643,-13.8155105579643,-13.8155105579643,-13.8155105579643,0.186469157372034,0.281017189423549,-0.456820120055185,-0.243683319257175,0.529639477881176,-0.40333850638239,-0.416659407995587,-2.10960468858796,0,0,1,0,0,0,-1.24918902638004,0.555532370209678,0.154561905223017,0.146825397568725,-0.256867572377515,0,0,0,0,0,0,0,0,1,1,0,0,0,0,0,0,0,0,0,0,0,0,0,0,0,0,0,0,0,0,0,0,0,40454050,3.950071891
"COL","2012",1447,5,"General Agreement for the Termination of the Conflict and the Construction of a Stable and Lasting Peace","289","Colombia: Government","5, 67, 17, 743","Government of Cuba, Government of Norway, Government of Colombia, FARC",2012-08-26,NA,"",0,0,0,0,2,1,0,1,0,0,0,1,"3, 7",0,4100,1964-12-31,2023-11-17,2023-11-17,21505,1,1,3,"Colombia","COL",14,1,1,1,"Colombia",100,0.12641263951522,0.491421312878259,-0.516055221736824,-0.00543750375281129,-0.000325795298250549,-0.379383543608873,1.862540481207,2.04317890297064,1.7647757329495,1.32311305246476,-1.38226879759058,1.43061196738904,1.66253133968136,1.36473479895166,2.46614668740638,2.63905732961526,-2.06820380610395,-0.710453448084957,-13.8155105579643,-13.8155105579643,-13.8155105579643,-13.8155105579643,-13.8155105579643,0.62194140591162,0.714506880758606,0.56802361882731,0.279987333080497,0.358102301950768,0.508341344306352,0.310960123278556,0.902656886917246,0,2,1,0,0,1,0.512873405260378,-1.02315187052394,-1.1290493091889,0.185036491690634,0.25150704031891,0,0,0,0,2,1,0,0,0,1,0,0,0,0,0,0,0,0,0,0,0,0,0,0,0,0,0,0,0,0,0,0,0,45782417,8.296830791
"COL","2013",1506,5,"Political participation: opening up democracy to build peace","289","Colombia: Government","17, 743","Government of Colombia, FARC",2013-11-06,NA,"",0,0,1,0,2,1,0,1,1,0,0,0,"1, 2",0,3663,1964-12-31,2023-11-17,2023-11-17,21505,1,1,3,"Colombia","COL",16,1,1,1,"Colombia",100,0.131371198670839,0.544980265188561,-0.516040188852464,0.0664957003949101,0.0715574465353667,0.301032594385301,1.89626114913901,2.05557032594039,1.86709054819078,1.29896183171259,-1.39511289418579,1.31476342928477,1.49949414652508,1.26131676823476,2.173039089313,2.77258872223978,-2.02972838515444,-0.607005695637705,-13.8155105579643,-2.71061798912624,-2.63725470382669,-1.20053673310152,-13.8155105579643,0.639884131235642,0.720553340314865,0.62438136268229,0.261565354433525,0.273656747760892,0.405127815581487,0.232156229429012,0.776126689751707,0,3,1,0,0,1,2.11488691401851,-1.94051599619352,0.829297424432305,-0.079991936643424,-0.11169941190523,0,0,0,1,0,0,0,0,0,0,0,1,0,0,0,0,0,0,0,0,0,0,0,0,0,0,0,0,0,0,0,0,0,46237930,7.38433936
"COL","2013",1579,5,"Joint Communique regarding Comprehensive Rural Reform","289","Colombia: Government","17, 743","Government of Colombia, FARC",2013-05-26,NA,"",0,0,0,0,2,1,0,0,0,0,0,0,"3",0,3827,1964-12-31,2023-11-17,2023-11-17,21505,1,1,3,"Colombia","COL",15,1,1,1,"Colombia",100,0.131371198670839,0.544980265188561,-0.516040188852464,0.0664957003949101,0.0715574465353667,-0.410311549881336,1.89626114913901,2.05557032594039,1.86709054819078,1.29896183171259,-1.39511289418579,1.31476342928477,1.49949414652508,1.26131676823476,2.173039089313,2.70805020110221,-2.02972838515444,-0.607005695637705,-13.8155105579643,-2.71061798912624,-2.63725470382669,-13.8155105579643,-13.8155105579643,0.639884131235642,0.720553340314865,0.62438136268229,0.261565354433525,0.273656747760892,0.405127815581487,0.232156229429012,0.776126689751707,0,1,1,0,0,0,-0.792627667841263,0.290616398249255,0.11722215235181,-0.225493012400956,0.345320234114759,NA,NA,NA,NA,NA,NA,NA,NA,NA,NA,NA,NA,NA,NA,NA,NA,NA,0,0,0,0,0,0,0,0,0,0,0,0,0,0,0,0,46237930,7.38433936
"COL","2014",1507,5,"Joint Draft: Towards a new Colombian Countryside: Comprehensive Rural Reform","289","Colombia: Government","17, 743","Government of Colombia, FARC",2014-06-06,NA,"",0,1,0,0,2,1,0,0,0,1,0,0,"2, 3",0,3451,1964-12-31,2023-11-17,2023-11-17,21505,1,1,3,"Colombia","COL",17,1,1,1,"Colombia",100,0.0618865028464343,0.591803491725622,-0.516085287505544,0.446711004123187,0.451508665872337,0.208248575567914,1.94684215103704,2.09894030633453,1.96338684488845,1.32311305246476,-1.40538817146196,1.46778912028711,1.67023904050289,1.48801403946541,1.29371629503285,2.83321334405622,-2.78245317078256,-0.524580638854958,-13.8155105579643,-0.805843416669171,-0.795160712793593,-1.56902283796859,-13.8155105579643,0.666208650189781,0.741432601336683,0.674670964084974,0.279987333080497,0.383757268842945,0.512966754211075,0.397442371490991,0.257518925543661,0,1,1,0,0,0,-0.792627667841263,0.290616398249255,0.11722215235181,-0.225493012400956,0.345320234114759,0,0,0,1,3,1,0,1,0,0,0,1,0,0,3,0,0,0,0,0,0,0,0,0,0,0,0,0,0,0,0,0,0,46677947,6.530577898
"COL","2015",1581,5,"Agreement on the Victims of Conflict, 'Comprehensive System for Truth, Justice, Reparation and Non-repitition, including the Special Jurisdiction for Peace; and Commitment on Human Rights","289","Colombia: Government","17, 743","Government of Colombia, FARC",2015-12-15,NA,"",0,0,1,0,2,1,0,1,1,0,0,0,"1, 3, 8",0,2894,1964-12-31,2023-11-17,2023-11-17,21505,1,1,3,"Colombia","COL",19,1,1,1,"Colombia",100,0.0233951865845628,0.599384529246185,-0.516015134045198,0.760923652710901,0.765503073228755,1.47629683273888,1.95808237368104,2.09894030633453,2.01755351178089,1.42776834239081,-1.41823226805717,1.58838647043091,1.70018514732313,1.49671903998036,1.29371629503285,2.94443897916644,-3.75522497929235,-0.51185193483276,-13.8155105579643,-0.27322225110616,-0.267222049223934,0.389536812150792,-13.8155105579643,0.671965613540568,0.741432601336683,0.701885644617351,0.356112625540942,0.462718702504428,0.530737155321965,0.403275405779162,0.257518925543661,0,3,1,0,0,1,2.11488691401851,-1.94051599619352,0.829297424432305,-0.079991936643424,-0.11169941190523,0,0,0,0,1,1,0,0,0,0,0,0,0,0,0,0,0,0,0,0,0,0,0,0,0,0,0,0,0,0,0,0,0,47119728,3.705876146
"COL","2015",1580,5,"Joint Communiqué # 60 regarding the Agreement of the Creation of a Special Jurisdiction for Peace","289","Colombia: Government","17, 743","Government of Colombia, FARC",2015-09-23,NA,"",0,0,1,0,2,0,0,0,0,1,0,0,"0",0,2977,1964-12-31,2023-11-17,2023-11-17,21505,1,1,3,"Colombia","COL",18,1,1,1,"Colombia",100,0.0233951865845628,0.599384529246185,-0.516015134045198,0.760923652710901,0.765503073228755,-0.410311549881336,1.95808237368104,2.09894030633453,2.01755351178089,1.42776834239081,-1.41823226805717,1.58838647043091,1.70018514732313,1.49671903998036,1.29371629503285,2.89037175789616,-3.75522497929235,-0.51185193483276,-13.8155105579643,-0.27322225110616,-0.267222049223934,-13.8155105579643,-13.8155105579643,0.671965613540568,0.741432601336683,0.701885644617351,0.356112625540942,0.462718702504428,0.530737155321965,0.403275405779162,0.257518925543661,0,0,1,0,0,0,-1.24918902638004,0.555532370209678,0.154561905223017,0.146825397568725,-0.256867572377515,0,0,0,0,0,0,0,0,0,0,0,0,0,0,0,0,0,0,0,0,0,0,0,0,0,0,0,0,0,0,0,0,0,47119728,3.705876146
"COL","2016",1487,5,"Acuerdo final para la terminación del conflicto y la construcción de una paz estable y duradera","289","Colombia: Government","5, 67, 17, 743","Government of Cuba, Government of Norway, Government of Colombia, FARC",2016-11-24,NA,"",1,1,1,0,2,1,1,1,1,1,0,0,"1, 2, 3",0,2549,1964-12-31,2023-11-17,2023-11-17,21505,1,1,3,"Colombia","COL",21,1,1,1,"Colombia",100,-0.0320418481922005,0.648691563467459,-0.515869816163053,0.455342453006493,0.46013411964997,9.51757846357912,1.96932259632504,2.09894030633453,2.0235720303245,1.41971793547342,-1.42850754533334,1.41378633329674,1.64506305311088,1.4651283384159,1.29371629503285,3.04452243772342,-13.8155105579643,-0.432797924139112,-13.8155105579643,-0.786705499155309,-0.776237267539197,2.25314045337808,-13.8155105579643,0.677689623883103,0.741432601336683,0.704864281598918,0.350458214891684,0.346271448062602,0.497778713641346,0.38194284164638,0.257518925543661,1,4,1,0,0,1,6.56846446785016,2.85811808961472,-0.0332747961020992,0.471420861987069,0.207587115547246,2,0,1,1,3,1,0,1,1,1,1,1,0,1,2,0,0,0,0,0,0,0,0,0,0,0,0,0,0,0,0,0,0,47625955,3.099477145
"COL","2016",1508,5,"Agreement on the Bilateral and Definitive Ceasefire and Cessation of Hostilities, and the Laydown of Weapons between the National Government and the FARC-EP","289","Colombia: Government","17, 743","Government of Colombia, FARC",2016-06-23,NA,"",1,0,0,0,2,1,0,1,1,1,0,0,"1",0,2703,1964-12-31,2023-11-17,2023-11-17,21505,1,1,3,"Colombia","COL",20,1,1,1,"Colombia",100,-0.0320418481922005,0.648691563467459,-0.515869816163053,0.455342453006493,0.46013411964997,-0.101031487156711,1.96932259632504,2.09894030633453,2.0235720303245,1.41971793547342,-1.42850754533334,1.41378633329674,1.64506305311088,1.4651283384159,1.29371629503285,2.99573227355399,-13.8155105579643,-0.432797924139112,-13.8155105579643,-0.786705499155309,-0.776237267539197,-13.8155105579643,-13.8155105579643,0.677689623883103,0.741432601336683,0.704864281598918,0.350458214891684,0.346271448062602,0.497778713641346,0.38194284164638,0.257518925543661,0,3,1,0,0,1,2.11488691401851,-1.94051599619352,0.829297424432305,-0.079991936643424,-0.11169941190523,0,0,0,0,1,1,0,0,1,1,0,0,0,0,0,0,0,0,0,0,0,0,0,0,0,0,0,0,0,0,0,0,0,47625955,3.099477145
"COM","1997",1576,4,"Addis Ababa Agreement","407","Comoros: Anjouan","7062, 107, 544","OAU, Government of Comoros, MPA/Republic of Anjouan",1997-12-13,1998-02-25,"True",0,0,0,0,1,1,0,0,0,0,0,0,"0",1,74,1997-09-05,2023-11-17,2023-11-17,9569,1,0,3,"Comoros","COM",0,0,1,0,"Comoros",581,-0.62549304464921,-0.28761073978752,-0.486520614931173,-0.838926622160982,-0.833236001010543,-0.379383543608873,0.614875767722491,0.103921208204124,0.410609060638476,0.832038230504047,0.138472239282407,-1.04897772144073,-0.528019062091994,-0.08375278231732,-0.758036891620813,-13.8155105579643,-13.8155105579643,-13.8155105579643,-13.8155105579643,-13.8155105579643,-13.8155105579643,-13.8155105579643,-1.97708541183937,-0.486335035284382,-2.26412228039673,-0.890113707815453,-0.183876889091547,-13.8155105579643,-13.8155105579643,-13.8155105579643,-13.8155105579643,0,1,1,0,0,0,-0.792627667841263,0.290616398249255,0.11722215235181,-0.225493012400956,0.345320234114759,0,0,0,0,1,1,0,0,1,1,0,0,0,0,0,0,0,0,0,0,0,0,0,0,0,0,0,0,0,0,0,0,0,505033,1.760660865
"COM","2000",1024,4,"The Famboni Declaration","407","Comoros: Anjouan","107, 544","Government of Comoros, MPA/Republic of Anjouan",2000-08-26,2000-01-01,"True",0,0,0,0,1,1,0,0,0,0,0,0,"0",1,-238,1997-09-05,2023-11-17,2023-11-17,9569,1,0,3,"Comoros","COM",1,1,1,0,"Comoros",581,-0.625454887210537,-0.287381534566832,-0.517012315374401,-0.851001767913616,-0.845302759784839,-0.379383543608873,-0.548487275931984,-0.602389901071858,-0.00466871887023806,0.123602421773837,0.02544418924455,-0.00932834884026665,-0.22456278132905,-0.0399094330386333,-1.63735968590096,0,-13.8155105579643,-13.8155105579643,-13.8155105579643,-13.8155105579643,-13.8155105579643,-13.8155105579643,-3.67126788250459,-13.8155105579643,-13.8155105579643,-13.8155105579643,-2.09068514051104,-13.8155105579643,-13.8155105579643,-13.8155105579643,-13.8155105579643,0,1,1,0,0,0,-0.792627667841263,0.290616398249255,0.11722215235181,-0.225493012400956,0.345320234114759,0,0,0,0,0,0,0,0,0,1,0,0,0,0,0,0,0,0,0,0,0,0,0,0,0,0,0,0,0,0,0,0,0,536758,1.399519881
"COM","2001",1025,4,"The Famboni II Agreement","407","Comoros: Anjouan","7062, 7054, 7053, 107, 544","OAU, International Organisation of La Francophonie, European Union, Government of Comoros, MPA/Republic of Anjouan",2001-02-17,NA,"",1,0,0,0,1,1,0,1,0,0,0,0,"0",0,8308,1997-09-05,2023-11-17,2023-11-17,9569,1,0,3,"Comoros","COM",2,1,1,0,"Comoros",581,-0.625454887210537,-0.287317765026864,-0.517017326335855,-0.836608372180774,-0.830919361206541,-0.286599524791486,-0.531626941965977,-0.651955592950874,-0.00466871887023806,0.131652828691226,-0.00795046190299866,0.748376284787644,0.820987950886681,0.582456449203091,-0.171821695434051,0.693147180559945,-13.8155105579643,-13.8155105579643,-13.8155105579643,-13.8155105579643,-13.8155105579643,-13.8155105579643,-13.8155105579643,-13.8155105579643,-13.8155105579643,-13.8155105579643,-2.02758690682001,-0.289849372968235,-0.197246845780302,-0.54050086165393,-13.8155105579643,0,2,1,0,0,1,0.512873405260378,-1.02315187052394,-1.1290493091889,0.185036491690634,0.25150704031891,0,0,0,0,1,0,1,0,0,1,0,0,0,1,0,0,0,0,0,0,0,0,0,0,0,0,0,0,0,0,0,0,0,547741,1.273430224
"COM","2003",1127,4,"Agreement on the transitional arrangements in the Comoros","407","Comoros: Anjouan","102, 4231, 3988, 106, 92, 7054, 7053, 7052, 7379, 107, 544","Government of South Africa, African Union, Government of Mauritius, Government of Madagascar, Government of Tanzania, International Organisation of La Francophonie, European Union, United Nations, COI, Government of Comoros, MPA/Republic of Anjouan",2003-12-20,NA,"",0,0,0,1,1,1,0,0,0,0,0,0,"9",0,7272,1997-09-05,2023-11-17,2023-11-17,9569,1,0,3,"Comoros","COM",3,1,1,0,"Comoros",581,-0.625384295948991,-0.287199799081616,-0.514972854062915,-0.850484101821915,-0.84478545324609,-0.224743512246561,0.361970758232388,-0.212060077524605,0.452738690443708,0.783735788999714,-0.0824462221552226,0.695985846385804,0.610495629092088,0.655229618765297,-1.34425208780758,1.09861228866811,-13.8155105579643,-13.8155105579643,-13.8155105579643,-13.8155105579643,-13.8155105579643,-13.8155105579643,-13.8155105579643,-1.01619184878268,-13.8155105579643,-0.792440162224244,-0.243683319257175,-0.36242595450707,-0.493484145011326,-0.422769541779284,-13.8155105579643,0,1,1,0,0,0,-0.792627667841263,0.290616398249255,0.11722215235181,-0.225493012400956,0.345320234114759,3,1,0,0,0,0,0,1,1,1,0,0,0,1,3,0,0,0,0,0,0,0,0,0,0,0,0,0,0,0,0,0,0,570130,1.655367519
"DJI","1994",1009,4,"Accord de paix et de la reconciliation nationale","379","Djibouti: Government","96, 530","Government of Djibouti, FRUD",1994-12-26,NA,"",1,1,1,0,2,1,0,1,0,0,0,0,"0",0,10553,1991-11-13,2023-11-17,2023-11-17,11692,1,0,3,"Djibouti","DJI",0,0,1,0,"Djibouti",522,-0.591036877527059,-0.233769162776994,-0.349661235719103,-0.694272415675129,-0.688682266330257,-0.317527531063948,-0.458565494779948,-0.583802766617227,-0.877353907692899,-0.238665889508656,0.462143473481726,-0.303114725323931,0.264954164236248,0.0926594742317894,-0.171821695434051,-13.8155105579643,-13.8155105579643,-13.8155105579643,-13.8155105579643,-13.8155105579643,-13.8155105579643,-13.8155105579643,-0.771879887448908,-13.8155105579643,-13.8155105579643,-13.8155105579643,-13.8155105579643,-13.8155105579643,-1.32819843310234,-2.37882407317562,-13.8155105579643,0,2,1,0,0,1,0.512873405260378,-1.02315187052394,-1.1290493091889,0.185036491690634,0.25150704031891,1,1,0,0,2,1,1,0,0,0,0,0,1,0,0,0,0,0,0,0,0,0,0,0,0,0,0,0,0,0,0,0,0,623477,0.418635435
"DJI","2000",1010,4,"Accord Cadre de Reforme et de Concorde Civile","379","Djibouti: Government","96, 531","Government of Djibouti, FRUD-C",2000-02-07,NA,"",1,1,1,0,1,1,0,1,0,0,0,0,"0",0,8684,1991-11-13,2023-11-17,2023-11-17,11692,1,0,3,"Djibouti","DJI",1,1,1,0,"Djibouti",522,-0.621856640743628,-0.0425325319936968,-0.4006327356219,-0.769964355029962,-0.764321632683595,-0.379383543608873,-0.39112415891592,-0.528041363253333,-0.45605760964058,-0.21451466875649,0.282326121148771,0.933326435676798,0.466520037256509,0.436016541915948,-1.63735968590096,0,-13.8155105579643,-13.8155105579643,-13.8155105579643,-13.8155105579643,-13.8155105579643,-13.8155105579643,-1.26469241825208,-13.8155105579643,-13.8155105579643,-13.8155105579643,-13.8155105579643,-0.0690002618605476,-0.762454307298816,-0.830075096178619,-13.8155105579643,0,2,1,0,0,1,0.512873405260378,-1.02315187052394,-1.1290493091889,0.185036491690634,0.25150704031891,0,0,0,0,1,1,0,0,0,1,0,0,0,0,0,0,0,9,20,74.07407,0,0,1,2,0,9,20,74.07407,0,0,1,2,0,742033,0.382079268
"DJI","2001",1146,4,"Accord de reforme et concorde civile","379","Djibouti: Government","96, 531","Government of Djibouti, FRUD-C",2001-05-12,NA,"",1,1,1,0,2,1,1,1,0,0,0,0,"4, 8",0,8224,1991-11-13,2023-11-17,2023-11-17,11692,1,0,3,"Djibouti","DJI",2,1,1,0,"Djibouti",522,-0.624642133766792,-0.0263405854737498,-0.400963459077816,-0.781319275370322,-0.775668666289263,-0.193815505974098,-0.39112415891592,-0.528041363253333,-0.45605760964058,-0.21451466875649,0.241225012044096,0.128582665035212,0.597328066950225,0.659245415428708,-0.758036891620813,0.693147180559945,-13.8155105579643,-13.8155105579643,-13.8155105579643,-13.8155105579643,-13.8155105579643,-13.8155105579643,-1.4220251211468,-13.8155105579643,-13.8155105579643,-13.8155105579643,-13.8155105579643,-2.05118327381352,-0.515288790643815,-0.416659407995587,-13.8155105579643,0,3,1,0,0,1,2.82050096247064,1.01011472453394,-2.25192341140455,-2.43756949517657,-0.997317569667489,0,0,0,0,3,1,1,0,0,0,0,0,0,1,0,0,0,27,43,58.33333,2,0,2,3,0,36,63,132.4074,2,0,3,5,0,765490,0.415974591
"DJI","2010",1432,4,"Agreement between the State of Eritrea and the Republic of Djibouti","435","Djibouti - Eritrea","127, 96, 98","Government of Qatar, Government of Djibouti, Government of Eritrea",2010-06-06,NA,"",0,0,1,0,1,0,0,0,0,0,0,0,"0",0,4912,2008-06-11,2023-11-17,2023-11-17,5637,1,0,2,"Djibouti ","DJI",0,0,1,1,"Djibouti",522,-0.624441807213756,0.0775538636837348,-0.441401918005812,-0.744159773772991,-0.738534974395709,-0.441239556153798,-0.436085049491938,-0.546628497707964,-0.516242795076626,-0.206464261839101,-0.156941982407447,1.47198637880443,0.590298074566698,0.654195931037319,-0.171821695434051,-13.8155105579643,-13.8155105579643,-2.5567825687601,-13.8155105579643,-13.8155105579643,-13.8155105579643,-13.8155105579643,-13.8155105579643,-13.8155105579643,-13.8155105579643,-13.8155105579643,-13.8155105579643,0.386612766734273,-0.527127658528552,-0.424348383650607,-13.8155105579643,0,0,0,0,1,0,-1.24918902638004,0.555532370209678,0.154561905223017,0.146825397568725,-0.256867572377515,0,0,0,0,0,0,0,0,0,1,0,0,0,0,0,0,0,18,28,51.85185,2,0,1,1,0,54,91,184.25925,4,0,4,6,0,919199,0.838156181
"ECU","1998",1125,5,"Acta Presidencial de Brasilia","403","Ecuador - Peru","26, 22, 25, 3, 20, 21","Government of Argentina, Government of Brazil, Government of Chile, Government of United States of America, Government of Ecuador, Government of Peru",1998-10-26,NA,"",0,0,0,0,1,1,0,0,0,0,0,0,"0",0,9153,1995-01-31,2023-11-17,2023-11-17,10517,1,0,2,"Ecuador ","ECU",0,0,1,0,"Ecuador",130,-0.624535292938506,-0.184422619682118,-0.515854783278693,-0.606359038659076,-0.600829950903334,-0.410311549881336,2.09296504540909,1.67763192536289,1.58422017664137,1.70148217758203,-1.05345992475318,0.584980415551609,0.99462251527242,1.00856531219218,-1.05114448971419,-13.8155105579643,-13.8155105579643,-13.8155105579643,-13.8155105579643,-13.8155105579643,-13.8155105579643,-13.8155105579643,-13.8155105579643,0.738581742612075,0.517383230802949,0.460092284137475,0.531499740370924,-0.536176910000229,-0.00539199544272259,0.0085288380327559,-13.8155105579643,0,1,0,0,1,0,-0.792627667841263,0.290616398249255,0.11722215235181,-0.225493012400956,0.345320234114759,0,0,0,0,0,0,0,0,0,0,0,0,0,0,0,0,0,0,0,0,0,0,0,0,0,0,0,0,0,0,0,0,0,12199693,4.064218274
"ECU","1998",1583,5,"Comprehensive Peru-Ecuadorian Agreement on Border Integration, Development and Neighbourly Relations","403","Ecuador - Peru","20, 21","Government of Ecuador, Government of Peru",1998-10-26,NA,"",0,0,0,0,1,1,0,1,0,1,1,0,"6",0,9153,1995-01-31,2023-11-17,2023-11-17,10517,1,0,2,"Ecuador ","ECU",1,1,1,0,"Ecuador",130,-0.624535292938506,-0.184422619682118,-0.515854783278693,-0.606359038659076,-0.600829950903334,0.517528638292539,2.09296504540909,1.67763192536289,1.58422017664137,1.70148217758203,-1.05345992475318,0.584980415551609,0.99462251527242,1.00856531219218,-1.05114448971419,0,-13.8155105579643,-13.8155105579643,-13.8155105579643,-13.8155105579643,-13.8155105579643,-0.65869041567807,-13.8155105579643,0.738581742612075,0.517383230802949,0.460092284137475,0.531499740370924,-0.536176910000229,-0.00539199544272259,0.0085288380327559,-13.8155105579643,0,2,0,0,1,1,0.512873405260378,-1.02315187052394,-1.1290493091889,0.185036491690634,0.25150704031891,0,0,0,0,1,1,0,0,0,1,0,0,0,1,0,0,0,0,0,0,0,0,0,0,0,0,0,0,0,0,0,0,0,12199693,4.064218274
"ERI","2000",1008,4,"Agreement between the Government of the State of Eritrea and the Government of the Federal Democratic Republic of Ethiopia (Algiers accord)","409","Eritrea - Ethiopia","7052, 7062, 7053, 109, 98, 97","United Nations, OAU, European Union, Government of Algeria, Government of Eritrea, Government of Ethiopia",2000-12-12,NA,"",0,0,1,0,1,1,0,0,0,0,0,0,"0",0,8375,1998-05-31,2023-11-17,2023-11-17,9301,1,1,2,"Eritrea ","ERI",1,1,1,0,"Eritrea",531,0.0934732305803399,-0.283825130732412,-0.50713571034998,-0.576064260232539,-0.570556214181436,-0.162887499701636,-1.14421907606423,-1.1042425313469,-1.1361502050679,-0.206464261839101,-0.316208780188064,3.07867862296993,0.639290769105647,0.582456449203091,-1.63735968590096,0,-2.37008018763388,-13.8155105579643,-13.8155105579643,-13.8155105579643,-13.8155105579643,-13.8155105579643,-13.8155105579643,-13.8155105579643,-13.8155105579643,-13.8155105579643,-13.8155105579643,1.12450048641445,-0.447395890378855,-0.54050086165393,-13.8155105579643,0,1,0,0,1,0,-0.792627667841263,0.290616398249255,0.11722215235181,-0.225493012400956,0.345320234114759,0,0,0,0,0,0,0,0,1,1,0,0,0,1,0,0,0,0,0,0,0,0,0,0,0,0,0,0,0,0,0,0,0,2392880,4.922254905
"ERI","2000",1511,4,"Agreement on cessation of hostilities between the Government of the Federal Democratic Republic of Ethiopia and the Government of the State of Eritrea","409","Eritrea - Ethiopia","98, 97","Government of Eritrea, Government of Ethiopia",2000-06-18,NA,"",0,0,1,1,2,0,0,0,0,0,0,0,"0",0,8552,1998-05-31,2023-11-17,2023-11-17,9301,1,1,2,"Eritrea ","ERI",0,0,1,0,"Eritrea",531,0.0934732305803399,-0.283825130732412,-0.50713571034998,-0.576064260232539,-0.570556214181436,-0.379383543608873,-1.14421907606423,-1.1042425313469,-1.1361502050679,-0.206464261839101,-0.316208780188064,3.07867862296993,0.639290769105647,0.582456449203091,-1.63735968590096,-13.8155105579643,-2.37008018763388,-13.8155105579643,-13.8155105579643,-13.8155105579643,-13.8155105579643,-13.8155105579643,-13.8155105579643,-13.8155105579643,-13.8155105579643,-13.8155105579643,-13.8155105579643,1.12450048641445,-0.447395890378855,-0.54050086165393,-13.8155105579643,0,0,0,0,1,0,-1.24918902638004,0.555532370209678,0.154561905223017,0.146825397568725,-0.256867572377515,0,0,0,0,0,0,0,0,1,1,0,0,0,0,0,0,0,0,0,0,0,0,0,0,0,0,0,0,0,0,0,0,0,2392880,4.922254905
"ERI","2018",1620,4,"Joint Declaration of Peace and Friendship between Eritrea and Ethiopia","409","Eritrea - Ethiopia","98, 97","Government of Eritrea, Government of Ethiopia",2018-07-09,NA,"",0,0,0,0,1,1,0,0,0,0,0,0,"0",0,1957,1998-05-31,2023-11-17,2023-11-17,9301,1,1,2,"Eritrea ","ERI",2,1,1,1,"Eritrea",531,0.342284533066558,-0.28375658714304,-0.5057927726805,-0.790198391275816,-0.784541615068141,-0.441239556153798,-1.44208497613035,-1.22815676104444,-1.25050205739638,-0.464077283195541,-0.955844790629575,-0.594114895663377,-0.670064416816511,-0.793023790239436,-0.464929293527432,0.693147180559945,-1.07211291978223,-13.8155105579643,-13.8155105579643,-13.8155105579643,-13.8155105579643,-13.8155105579643,-13.8155105579643,-13.8155105579643,-13.8155105579643,-13.8155105579643,-13.8155105579643,-13.8155105579643,-13.8155105579643,-13.8155105579643,-13.8155105579643,0,1,0,0,1,0,-0.792627667841263,0.290616398249255,0.11722215235181,-0.225493012400956,0.345320234114759,0,0,0,0,1,1,0,0,0,0,0,0,0,0,0,0,0,0,0,0,0,0,0,0,0,0,0,0,0,0,0,0,0,3445374,NA
"ERI","2018",1619,4,"Agreement on Peace, Friendship and Comprehensive Cooperation between Eritrea and Ethiopia","409","Eritrea - Ethiopia","98, 97","Government of Eritrea, Government of Ethiopia",2018-09-16,NA,"",0,0,0,0,1,1,0,0,0,1,0,0,"0",0,1888,1998-05-31,2023-11-17,2023-11-17,9301,1,1,2,"Eritrea ","ERI",3,1,1,1,"Eritrea",531,0.342284533066558,-0.136374815622614,-0.5057927726805,-0.790198391275816,-0.784541615068141,-0.410311549881336,-1.44208497613035,-1.22815676104444,-1.25050205739638,-0.464077283195541,-0.955844790629575,-0.594114895663377,-0.670064416816511,-0.793023790239436,-0.464929293527432,1.09861228866811,-1.07211291978223,-13.8155105579643,-13.8155105579643,-13.8155105579643,-13.8155105579643,-13.8155105579643,-13.8155105579643,-13.8155105579643,-13.8155105579643,-13.8155105579643,-13.8155105579643,-13.8155105579643,-13.8155105579643,-13.8155105579643,-13.8155105579643,0,1,0,0,1,0,-0.792627667841263,0.290616398249255,0.11722215235181,-0.225493012400956,0.345320234114759,0,0,0,0,2,1,0,0,0,1,0,0,0,0,0,0,0,0,0,0,0,0,0,0,0,0,0,0,0,0,0,0,0,3445374,NA
"ETH","2018",1621,4,"Joint Declaration Between the Federal Democratic Republic of Ethiopia And The Ogaden National Liberation Front","329","Ethiopia: Ogaden","97, 497","Government of Ethiopia, ONLF",2018-10-21,NA,"",0,0,0,0,1,0,0,0,0,0,0,0," ",0,1853,1964-01-11,2023-11-17,2023-11-17,21860,1,1,3,"Ethiopia","ETH",0,0,1,1,"Ethiopia",530,-0.449535739822265,0.0427171577236957,4.00895321172985,4.72691788105338,4.72874265923715,-0.441239556153798,-0.289962155119879,-0.41032284504067,0.0976460963710394,0.244358525534669,-0.786302715572789,1.09368619819688,1.09384232918916,1.16619347433454,0.707501098846092,-13.8155105579643,-13.8155105579643,-3.15315461922862,1.38853016278405,1.55327337934232,1.55365934459533,-13.8155105579643,-13.8155105579643,-13.8155105579643,-13.8155105579643,-2.3264055981775,-1.40911876520687,0.0895538239111081,0.0896965703855812,0.153745004124455,-0.346016096326597,0,0,1,0,0,0,-1.24918902638004,0.555532370209678,0.154561905223017,0.146825397568725,-0.256867572377515,0,0,0,0,0,0,0,0,0,0,0,0,0,0,0,0,0,0,0,0,0,0,0,0,0,0,0,0,0,0,0,0,0,111129438,6.368875747
"GBR","1998",1063,1,"The Good Friday Agreement","315","United Kingdom: Northern Ireland","29, 28, 282","Government of Ireland, Government of United Kingdom, PIRA",1998-04-10,NA,"",1,0,1,0,2,1,0,1,1,1,0,1,"1, 7",0,9352,1971-08-31,2023-11-17,2023-11-17,19071,1,1,3,"United Kingdom","UKG",0,0,1,0,"United Kingdom",200,-0.625334691278716,1.66477318998308,0.0928317154130669,0.641274946916631,NA,1.38351281392149,2.78423873801538,3.43721398706797,2.88422018205995,4.00389855595521,-1.61603135562342,4.73523420814729,4.52519199111578,4.79756448964103,-1.05114448971419,-13.8155105579643,-13.8155105579643,0.50968889192093,-2.37696693666027,-0.444296979680188,NA,0.324625782161828,-13.8155105579643,1.02397449239302,1.23466125576902,1.05925456257643,1.3872685254565,1.55503118859267,1.50966000522767,1.56810839115247,-13.8155105579643,0,3,1,0,0,1,2.11488691401851,-1.94051599619352,0.829297424432305,-0.079991936643424,-0.11169941190523,0,0,0,0,3,1,0,0,0,1,0,0,0,0,0,0,0,28,49,58.33333,1,0,1,1,0,28,49,58.33333,1,0,1,1,0,58487141,0.172024999
"GEO","1992",1596,1,"Final Document of the Moscow Meeting (Moscow Ceasefire)","392","Georgia: Abkhazia","57, 63, 342","Government of Russia (Soviet Union), Government of Georgia, Republic of Abkhazia",1992-09-03,NA,"",1,0,1,0,1,0,0,0,0,0,0,0,"0",0,11397,1992-08-17,2023-11-17,2023-11-17,11414,2,1,3,"Georgia","GRG",0,0,1,0,"Georgia",372,-0.221094785971884,-0.270953410830577,-0.514822525219316,-0.86019598632511,-0.854490592210422,-0.379383543608873,-0.385504047593918,-0.651955592950874,-0.823187240800458,0.228257711699891,-0.724651051915776,-0.303114725323931,-0.532259208315002,0.059152793830785,-0.171821695434051,-13.8155105579643,-13.8155105579643,-13.8155105579643,-13.8155105579643,-13.8155105579643,-13.8155105579643,-13.8155105579643,-13.8155105579643,-13.8155105579643,-13.8155105579643,-13.8155105579643,-1.47727997387893,-13.8155105579643,-13.8155105579643,-2.82763145669288,-13.8155105579643,0,0,1,0,0,0,-1.24918902638004,0.555532370209678,0.154561905223017,0.146825397568725,-0.256867572377515,0,0,0,0,1,0,0,0,1,1,0,0,1,0,0,0,0,0,0,0,0,0,0,0,0,0,0,0,0,0,0,0,0,4873500,0.626896749
"GEO","1993",1597,1,"Memorandum of understanding between the Georgian and Abkhaz sides at the negotiations held in Geneva","392","Georgia: Abkhazia","57, 7052, 7078, 63, 342","Government of Russia (Soviet Union), United Nations, OSCE, Government of Georgia, Republic of Abkhazia",1993-12-01,NA,"",0,0,1,1,1,1,0,0,0,0,0,0,"0",0,10943,1992-08-17,2023-11-17,2023-11-17,11414,2,1,3,"Georgia","GRG",1,1,1,0,"Georgia",372,-0.614036273687499,-0.275871324418286,-0.216294496639972,-0.701429727175798,-0.695834606610061,-0.410311549881336,0.159646750640305,-0.286408615343129,-0.450039091096976,0.614677243734551,-0.734926329191945,-0.594114895663377,-0.532259208315002,0.147479065079388,0.707501098846092,0,-13.8155105579643,-13.8155105579643,-13.8155105579643,-13.8155105579643,-13.8155105579643,-13.8155105579643,-13.8155105579643,-1.8347917130488,-13.8155105579643,-13.8155105579643,-0.486657955870669,-13.8155105579643,-13.8155105579643,-1.91406904494068,-0.346016096326597,0,1,1,0,0,0,-0.792627667841263,0.290616398249255,0.11722215235181,-0.225493012400956,0.345320234114759,0,0,0,0,1,0,0,0,1,0,0,0,1,1,0,0,0,0,0,0,0,0,0,0,0,0,0,0,0,0,0,0,0,4911100,0.452219246
"GEO","1994",1130,1,"Declaration on measures for a political settlement of the Georgian/Abkhaz conflict","392","Georgia: Abkhazia","7052, 57, 7078, 63, 342","United Nations, Government of Russia (Soviet Union), OSCE, Government of Georgia, Republic of Abkhazia",1994-04-04,NA,"",0,0,1,1,1,0,0,0,0,0,0,0,"0",0,10819,1992-08-17,2023-11-17,2023-11-17,11414,2,1,3,"Georgia","GRG",3,1,1,0,"Georgia",372,-0.61574572694007,-0.276964831693821,-0.493666245963555,-0.58882587611342,-0.583308966285586,-0.410311549881336,0.182127195928314,-0.255430057918744,-0.203279830809189,0.671030092156272,-0.747770425787156,-0.00932834884026665,-0.56564300852441,-0.0528059732027191,-0.171821695434051,1.09861228866811,-13.8155105579643,-13.8155105579643,-13.8155105579643,-13.8155105579643,-13.8155105579643,-13.8155105579643,-13.8155105579643,-1.70304995728035,-13.8155105579643,-13.8155105579643,-0.398941296285381,-13.8155105579643,-13.8155105579643,-13.8155105579643,-13.8155105579643,0,0,1,0,0,0,-1.24918902638004,0.555532370209678,0.154561905223017,0.146825397568725,-0.256867572377515,0,0,0,0,0,0,0,0,1,1,0,0,0,0,1,0,0,0,0,0,0,0,0,0,0,0,0,0,0,0,0,0,0,4836076,0.264964136
"GEO","1994",1598,1,"Communiqué on the second round of negotiations between the Georgian and Abkhaz sides","392","Georgia: Abkhazia","57, 7052, 7078, 63, 342","Government of Russia (Soviet Union), United Nations, OSCE, Government of Georgia, Republic of Abkhazia",1994-01-13,NA,"",0,0,1,1,1,1,0,0,0,0,0,0,"0",0,10900,1992-08-17,2023-11-17,2023-11-17,11414,2,1,3,"Georgia","GRG",2,1,1,0,"Georgia",372,-0.61574572694007,-0.276964831693821,-0.433464555063811,-0.58882587611342,-0.583308966285586,-0.379383543608873,0.182127195928314,-0.255430057918744,-0.203279830809189,0.671030092156272,-0.747770425787156,1.05426040556723,0.466520037256509,0.655229618765297,-1.05114448971419,0.693147180559945,-13.8155105579643,-13.8155105579643,-13.8155105579643,-13.8155105579643,-13.8155105579643,-13.8155105579643,-13.8155105579643,-1.70304995728035,-13.8155105579643,-13.8155105579643,-0.398941296285381,0.0528394837093918,-0.762454307298816,-0.422769541779284,-13.8155105579643,0,1,1,0,0,0,-0.792627667841263,0.290616398249255,0.11722215235181,-0.225493012400956,0.345320234114759,0,0,0,0,1,0,1,0,1,1,0,0,0,0,0,0,0,0,0,0,0,0,0,0,0,0,0,0,0,0,0,0,0,4836076,0.264964136
"GNB","1998",1019,4,"Abuja Peace Agreement","410","Guinea-Bissau: Government","84, 7065, 71, 82, 7052, 7062, 70, 549","Government of Nigeria, ECOWAS, Government of Gambia, Government of Togo, United Nations, OAU, Government of Guinea-Bissau, Military Junta for the Consolidation of Democracy, Peace and Justice",1998-11-01,1999-05-07,"True",0,0,0,1,1,0,0,0,0,0,0,0,"0",1,187,1998-06-07,2023-11-17,2023-11-17,9294,1,0,4,"Guinea Bissau","GNB",0,0,1,0,"Guinea-Bissau",404,-0.608551141878186,-0.287114862468602,-0.483985068435812,-0.732951164674958,-0.727334150409643,-0.410311549881336,0.193367418572319,0.0233769589007225,-0.251427979158025,0.010896724930395,1.08893538732803,-0.395394449092993,-0.91535769297071,-1.2264750891705,-1.93046728399434,-13.8155105579643,-13.8155105579643,-13.8155105579643,-13.8155105579643,-13.8155105579643,-13.8155105579643,-13.8155105579643,0.0852005100767617,-1.64316317668905,-3.75600440407922,-13.8155105579643,-4.5192929999971,-13.8155105579643,-13.8155105579643,-13.8155105579643,-13.8155105579643,0,0,0,1,0,0,-1.24918902638004,0.555532370209678,0.154561905223017,0.146825397568725,-0.256867572377515,0,0,0,0,0,0,0,0,1,1,0,0,0,0,0,0,0,8,8,33.33333,0,0,0,0,0,8,8,33.33333,0,0,0,0,0,1184071,31.59983765
"GNB","1998",1599,4,"Additional Protocol to the Abuja Accord of 1 November 1998 Concerning the Formation of the Government of National Unity of Guinea-Bissau","410","Guinea-Bissau: Government","75, 70, 549","Government of Niger, Government of Guinea-Bissau, Military Junta for the Consolidation of Democracy, Peace and Justice",1998-12-15,1999-05-07,"True",0,0,0,0,1,0,0,0,0,0,0,0,"0",1,143,1998-06-07,2023-11-17,2023-11-17,9294,1,0,4,"Guinea Bissau","GNB",1,1,1,0,"Guinea-Bissau",404,-0.608551141878186,-0.287114862468602,-0.483985068435812,-0.732951164674958,-0.727334150409643,-0.410311549881336,0.193367418572319,0.0233769589007225,-0.251427979158025,0.010896724930395,1.08893538732803,-0.395394449092993,-0.91535769297071,-1.2264750891705,-1.93046728399434,0,-13.8155105579643,-13.8155105579643,-13.8155105579643,-13.8155105579643,-13.8155105579643,-13.8155105579643,0.0852005100767617,-1.64316317668905,-3.75600440407922,-13.8155105579643,-4.5192929999971,-13.8155105579643,-13.8155105579643,-13.8155105579643,-13.8155105579643,0,0,0,1,0,0,-1.24918902638004,0.555532370209678,0.154561905223017,0.146825397568725,-0.256867572377515,0,0,0,0,1,1,0,0,1,0,0,0,0,0,0,0,0,8,8,33.33333,0,0,0,0,0,16,16,66.66666,0,0,0,0,0,1184071,31.59983765
"GTM","1990",1082,5,"The Oslo Accord","233","Guatemala: Government","11, 732","Government of Guatemala, URNG",1990-03-30,NA,"",0,0,0,0,1,0,0,0,0,0,0,0,"0",0,12285,1949-07-18,2023-11-17,2023-11-17,27150,1,1,3,"Guatemala","GUA",0,0,1,0,"Guatemala",90,-0.533947625655734,-0.246425811350777,0.60225607867674,-0.542652220458998,-0.537167381254383,-0.379383543608873,0.277669088402353,0.0481598048402307,0.0013497996733665,-0.359421993269487,-0.234006561978713,-0.403348085325735,-0.394453999813492,-0.190698536993243,-0.464929293527432,-13.8155105579643,-13.8155105579643,-13.8155105579643,-0.507072544259986,-13.8155105579643,-13.8155105579643,-13.8155105579643,-13.8155105579643,-1.28132520378427,-3.03323053031057,-6.60779908764159,-13.8155105579643,-13.8155105579643,-13.8155105579643,-13.8155105579643,-13.8155105579643,0,0,1,0,0,0,-1.24918902638004,0.555532370209678,0.154561905223017,0.146825397568725,-0.256867572377515,0,0,0,0,0,0,0,0,0,1,0,0,0,0,0,0,0,0,0,0,0,0,0,0,0,0,0,0,0,0,0,0,0,9050115,1.830455127
"GTM","1991",1083,5,"The Mexico Accord","233","Guatemala: Government","7052, 11, 732","United Nations, Government of Guatemala, URNG",1991-04-26,NA,"",0,0,0,0,1,1,0,0,0,0,0,0,"0",0,11893,1949-07-18,2023-11-17,2023-11-17,27150,1,1,3,"Guatemala","GUA",1,1,1,0,"Guatemala",90,-0.525179046248569,-0.243393368824837,0.601549533111827,-0.551317531749664,-0.545826673919719,-0.317527531063948,0.378831092198395,0.0853340737494929,0.0555164665658074,-0.246716296426045,-0.290520586997642,-0.623214918539441,-0.755853021232165,-0.598944847968298,0.12128590265933,0,-13.8155105579643,-13.8155105579643,-0.508246397644826,-13.8155105579643,-13.8155105579643,-13.8155105579643,-13.8155105579643,-0.97066484026148,-2.46118144645646,-2.89107560735556,-13.8155105579643,-13.8155105579643,-13.8155105579643,-13.8155105579643,-2.10960468858796,0,1,1,0,0,0,-0.792627667841263,0.290616398249255,0.11722215235181,-0.225493012400956,0.345320234114759,0,0,0,0,0,0,0,0,0,1,0,0,0,0,0,0,0,0,0,0,0,0,0,0,0,0,0,0,0,0,0,0,0,9296814,1.654264317
"GTM","1991",1084,5,"The Querétaro Agreement","233","Guatemala: Government","7052, 11, 732","United Nations, Government of Guatemala, URNG",1991-07-25,NA,"",0,0,1,0,1,1,0,1,0,0,0,0,"0",0,11803,1949-07-18,2023-11-17,2023-11-17,27150,1,1,3,"Guatemala","GUA",2,1,1,0,"Guatemala",90,-0.525179046248569,-0.243393368824837,0.601549533111827,-0.551317531749664,-0.545826673919719,-0.0701034808842483,0.378831092198395,0.0853340737494929,0.0555164665658074,-0.246716296426045,-0.290520586997642,0.540785763123892,0.639290769105647,0.655283279803884,-0.758036891620813,0.693147180559945,-13.8155105579643,-13.8155105579643,-0.508246397644826,-13.8155105579643,-13.8155105579643,-13.8155105579643,-13.8155105579643,-0.97066484026148,-2.46118144645646,-2.89107560735556,-13.8155105579643,-0.614732080184426,-0.447395890378855,-0.422687648592767,-13.8155105579643,0,2,1,0,0,1,0.512873405260378,-1.02315187052394,-1.1290493091889,0.185036491690634,0.25150704031891,0,0,0,0,1,1,0,0,0,1,0,0,0,0,0,0,0,0,0,0,0,0,0,0,0,0,0,0,0,0,0,0,0,9296814,1.654264317
"GTM","1994",1087,5,"The Comprehensive Agreement on Human Rights","233","Guatemala: Government","7052, 11, 732","United Nations, Government of Guatemala, URNG",1994-03-29,NA,"",0,0,0,0,1,1,0,0,0,0,0,0,"0",0,10825,1949-07-18,2023-11-17,2023-11-17,27150,1,1,3,"Guatemala","GUA",4,1,1,0,"Guatemala",90,-0.53086068886705,-0.233769162776994,-0.493666245963555,-0.585427291267102,-0.579912741978682,-0.162887499701636,0.463132762028429,0.234031149386542,0.127738689089062,-0.206464261839101,-0.449787384778259,0.611761397673103,0.602789915228761,0.453455362454732,-0.464929293527432,1.38629436111989,-13.8155105579643,-13.8155105579643,-13.8155105579643,-13.8155105579643,-13.8155105579643,-13.8155105579643,-13.8155105579643,-0.769741522956869,-1.45230105544722,-2.05776859323843,-13.8155105579643,-0.491412945573246,-0.506186542249038,-0.790858443257654,-13.8155105579643,0,1,1,0,0,0,-0.792627667841263,0.290616398249255,0.11722215235181,-0.225493012400956,0.345320234114759,0,0,0,1,0,0,0,0,1,1,0,1,0,1,0,0,0,0,0,0,0,0,0,0,0,0,0,0,0,0,0,0,0,10037522,1.348338785
"GTM","1994",1088,5,"The Agreement on the Resettlement of Population Groups Uprooted by the Armed Conflict","233","Guatemala: Government","7052, 11, 732","United Nations, Government of Guatemala, URNG",1994-06-17,NA,"",0,0,1,0,1,1,0,1,0,0,0,1,"3, 7, 8",0,10745,1949-07-18,2023-11-17,2023-11-17,27150,1,1,3,"Guatemala","GUA",5,1,1,0,"Guatemala",90,-0.53086068886705,-0.233769162776994,-0.493666245963555,-0.585427291267102,-0.579912741978682,-0.162887499701636,0.463132762028429,0.234031149386542,0.127738689089062,-0.206464261839101,-0.449787384778259,0.128582665035212,0.549874373690981,0.642965989094273,0.12128590265933,1.6094379124341,-13.8155105579643,-13.8155105579643,-13.8155105579643,-13.8155105579643,-13.8155105579643,-13.8155105579643,-13.8155105579643,-0.769741522956869,-1.45230105544722,-2.05776859323843,-13.8155105579643,-2.05118327381352,-0.598065438316438,-0.441663450242569,-2.10960468858796,0,2,1,0,0,1,0.512873405260378,-1.02315187052394,-1.1290493091889,0.185036491690634,0.25150704031891,0,0,0,1,2,1,1,1,0,1,0,0,0,0,0,0,0,0,0,0,0,0,0,0,0,0,0,0,0,0,0,0,0,10037522,1.348338785
"GTM","1994",1089,5,"The Agreement for the Establishment of the Commission to Clarify Past Human Rights Violations and Acts of Violence that have Caused the Guatemalan Population to Suffer","233","Guatemala: Government","7052, 11, 732","United Nations, Government of Guatemala, URNG",1994-06-23,NA,"",0,0,0,0,1,0,0,0,0,0,0,0,"0",0,10739,1949-07-18,2023-11-17,2023-11-17,27150,1,1,3,"Guatemala","GUA",6,1,1,0,"Guatemala",90,-0.53086068886705,-0.233769162776994,-0.493666245963555,-0.585427291267102,-0.579912741978682,-0.348455537336411,0.463132762028429,0.234031149386542,0.127738689089062,-0.206464261839101,-0.449787384778259,0.162485582516339,-0.502456364942946,-0.0768429207682717,-0.758036891620813,1.79175946922805,-13.8155105579643,-13.8155105579643,-13.8155105579643,-13.8155105579643,-13.8155105579643,-13.8155105579643,-13.8155105579643,-0.769741522956869,-1.45230105544722,-2.05776859323843,-13.8155105579643,-1.81716600412484,-13.8155105579643,-13.8155105579643,-13.8155105579643,0,0,1,0,0,0,-1.24918902638004,0.555532370209678,0.154561905223017,0.146825397568725,-0.256867572377515,0,0,0,0,0,0,0,0,0,1,0,0,0,0,0,0,0,0,0,0,0,0,0,0,0,0,0,0,0,0,0,0,0,10037522,1.348338785
"GTM","1994",1086,5,"The Agreement on a Timetable for Negotiations on a Firm and Lasting Peace in Guatemala","233","Guatemala: Government","7052, 11, 732","United Nations, Government of Guatemala, URNG",1994-03-29,NA,"",0,0,0,0,1,1,0,1,0,0,0,0,"0",0,10825,1949-07-18,2023-11-17,2023-11-17,27150,1,1,3,"Guatemala","GUA",4,1,1,0,"Guatemala",90,-0.53086068886705,-0.233769162776994,-0.493666245963555,-0.585427291267102,-0.579912741978682,-0.379383543608873,0.463132762028429,0.234031149386542,0.127738689089062,-0.206464261839101,-0.449787384778259,0.631319155160755,-0.0828022433162117,-0.0528059732027191,0.12128590265933,1.38629436111989,-13.8155105579643,-13.8155105579643,-13.8155105579643,-13.8155105579643,-13.8155105579643,-13.8155105579643,-13.8155105579643,-0.769741522956869,-1.45230105544722,-2.05776859323843,-13.8155105579643,-0.459943751663121,-13.8155105579643,-13.8155105579643,-2.10960468858796,0,2,1,0,0,1,0.512873405260378,-1.02315187052394,-1.1290493091889,0.185036491690634,0.25150704031891,0,0,0,0,1,1,0,0,0,1,0,0,0,0,0,0,0,0,0,0,0,0,0,0,0,0,0,0,0,0,0,0,0,10037522,1.348338785
"GTM","1994",1085,5,"The Framework Agreement for the Resumption of Negotiations between the Government of Guatemala and the Guatemalan National Revolutionary Unity","233","Guatemala: Government","7052, 11, 732","United Nations, Government of Guatemala, URNG",1994-01-10,NA,"",0,0,0,0,1,0,0,0,0,0,0,0,"0",0,10903,1949-07-18,2023-11-17,2023-11-17,27150,1,1,3,"Guatemala","GUA",3,1,1,0,"Guatemala",90,-0.53086068886705,-0.233769162776994,-0.493666245963555,-0.585427291267102,-0.579912741978682,-0.286599524791486,0.463132762028429,0.234031149386542,0.127738689089062,-0.206464261839101,-0.449787384778259,-0.662014939324364,-0.694975348499339,-0.559285732594913,0.414393500752711,1.09861228866811,-13.8155105579643,-13.8155105579643,-13.8155105579643,-13.8155105579643,-13.8155105579643,-13.8155105579643,-13.8155105579643,-0.769741522956869,-1.45230105544722,-2.05776859323843,-13.8155105579643,-13.8155105579643,-13.8155105579643,-13.8155105579643,-0.880939271671648,0,0,1,0,0,0,-1.24918902638004,0.555532370209678,0.154561905223017,0.146825397568725,-0.256867572377515,0,0,0,0,0,0,0,0,0,1,0,0,0,0,0,0,0,0,0,0,0,0,0,0,0,0,0,0,0,0,0,0,0,10037522,1.348338785
"GTM","1995",1090,5,"The Agreement on the Identity and Rights of Indigenous Peoples","233","Guatemala: Government","7052, 11, 732","United Nations, Government of Guatemala, URNG",1995-03-31,NA,"",0,1,0,0,1,1,0,0,0,0,0,1,"3, 7",0,10458,1949-07-18,2023-11-17,2023-11-17,27150,1,1,3,"Guatemala","GUA",7,1,1,0,"Guatemala",90,-0.543652970182334,-0.22983801113558,-0.509576048577729,-0.600664703075103,-0.595139570407785,0.115464556750527,0.524953986570454,0.289792552750435,0.242090541417549,-0.166212227252157,-0.498594951840061,-0.884176335973115,-0.339331905601243,-0.229488725667588,0.707501098846092,1.94591014905531,-13.8155105579643,-13.8155105579643,-13.8155105579643,-13.8155105579643,-13.8155105579643,-2.1587916640747,-13.8155105579643,-0.644444664859235,-1.23858994731935,-1.41844348470861,-13.8155105579643,-13.8155105579643,-13.8155105579643,-13.8155105579643,-0.346016096326597,0,1,1,0,0,0,-0.792627667841263,0.290616398249255,0.11722215235181,-0.225493012400956,0.345320234114759,0,0,0,1,0,0,0,0,0,1,1,0,0,1,0,0,0,0,0,0,0,0,0,0,0,0,0,0,0,0,0,0,0,10286786,1.596727279
"GTM","1996",1081,5,"The Agreement for a Firm and Lasting Peace","233","Guatemala: Government","7052, 11, 732","United Nations, Government of Guatemala, URNG",1996-12-29,NA,"",0,0,1,0,1,1,0,1,0,0,0,0,"0",0,9819,1949-07-18,2023-11-17,2023-11-17,27150,1,1,3,"Guatemala","GUA",13,1,1,0,"Guatemala",90,-0.548537122332539,-0.226984652854019,-0.509260358006172,-0.639095853576117,-0.633544027961703,-0.286599524791486,0.78347910738256,0.432293916902607,0.518942394423359,0.0591991664347275,-0.544833699582821,0.29859857045764,-0.0134468446298657,0.03001260080225,-1.05114448971419,2.56494935746154,-13.8155105579643,-13.8155105579643,-13.8155105579643,-13.8155105579643,-13.8155105579643,-13.8155105579643,-13.8155105579643,-0.244010883294554,-0.838649558879665,-0.655962395380406,-2.82684781768578,-1.20865518137129,-13.8155105579643,-3.50613795876485,-13.8155105579643,0,2,1,0,0,1,0.512873405260378,-1.02315187052394,-1.1290493091889,0.185036491690634,0.25150704031891,0,0,0,1,2,1,0,0,0,0,0,0,0,0,0,0,0,0,0,0,0,0,0,0,0,0,0,0,0,0,0,0,0,10536942,1.38934547
"GTM","1996",1093,5,"The Agreement on a Definitive Ceasefire","233","Guatemala: Government","7052, 11, 732","United Nations, Government of Guatemala, URNG",1996-12-04,NA,"",1,0,0,0,1,1,0,1,0,0,0,0,"0",0,9844,1949-07-18,2023-11-17,2023-11-17,27150,1,1,3,"Guatemala","GUA",10,1,1,0,"Guatemala",90,-0.548537122332539,-0.226984652854019,-0.509260358006172,-0.639095853576117,-0.633544027961703,-0.255671518519023,0.78347910738256,0.432293916902607,0.518942394423359,0.0591991664347275,-0.544833699582821,0.29859857045764,-0.0134468446298657,0.03001260080225,-1.05114448971419,2.30258509299405,-13.8155105579643,-13.8155105579643,-13.8155105579643,-13.8155105579643,-13.8155105579643,-13.8155105579643,-13.8155105579643,-0.244010883294554,-0.838649558879665,-0.655962395380406,-2.82684781768578,-1.20865518137129,-13.8155105579643,-3.50613795876485,-13.8155105579643,0,2,1,0,0,1,0.512873405260378,-1.02315187052394,-1.1290493091889,0.185036491690634,0.25150704031891,0,0,0,0,0,0,0,0,1,1,0,0,0,0,0,0,0,0,0,0,0,0,0,0,0,0,0,0,0,0,0,0,0,10536942,1.38934547
"GTM","1996",1094,5,"The Agreement on Constitutional Reforms and the Electoral Regime","233","Guatemala: Government","7052, 11, 732","United Nations, Government of Guatemala, URNG",1996-12-07,NA,"",0,0,0,0,1,1,0,0,0,0,0,0,"0",0,9841,1949-07-18,2023-11-17,2023-11-17,27150,1,1,3,"Guatemala","GUA",11,1,1,0,"Guatemala",90,-0.548537122332539,-0.226984652854019,-0.509260358006172,-0.639095853576117,-0.633544027961703,-0.101031487156711,0.78347910738256,0.432293916902607,0.518942394423359,0.0591991664347275,-0.544833699582821,0.29859857045764,-0.0134468446298657,0.03001260080225,-1.05114448971419,2.39789527279837,-13.8155105579643,-13.8155105579643,-13.8155105579643,-13.8155105579643,-13.8155105579643,-13.8155105579643,-13.8155105579643,-0.244010883294554,-0.838649558879665,-0.655962395380406,-2.82684781768578,-1.20865518137129,-13.8155105579643,-3.50613795876485,-13.8155105579643,0,1,1,0,0,0,-0.792627667841263,0.290616398249255,0.11722215235181,-0.225493012400956,0.345320234114759,0,0,0,1,0,0,0,0,0,1,0,1,0,0,0,0,0,0,0,0,0,0,0,0,0,0,0,0,0,0,0,0,0,10536942,1.38934547
"GTM","1996",1091,5,"The Agreement on Socio-economic Aspects and the Agrarian Situation","233","Guatemala: Government","7052, 11, 732","United Nations, Government of Guatemala, URNG",1996-05-06,NA,"",0,1,0,0,1,1,0,0,0,0,0,1,"2, 3, 7",0,10056,1949-07-18,2023-11-17,2023-11-17,27150,1,1,3,"Guatemala","GUA",8,1,1,0,"Guatemala",90,-0.548537122332539,-0.226984652854019,-0.509260358006172,-0.639095853576117,-0.633544027961703,0.455672625747614,0.78347910738256,0.432293916902607,0.518942394423359,0.0591991664347275,-0.544833699582821,0.29859857045764,-0.0134468446298657,0.03001260080225,-1.05114448971419,2.07944154167984,-13.8155105579643,-13.8155105579643,-13.8155105579643,-13.8155105579643,-13.8155105579643,-0.785980653292101,-13.8155105579643,-0.244010883294554,-0.838649558879665,-0.655962395380406,-2.82684781768578,-1.20865518137129,-13.8155105579643,-3.50613795876485,-13.8155105579643,0,1,1,0,0,0,-0.792627667841263,0.290616398249255,0.11722215235181,-0.225493012400956,0.345320234114759,0,0,0,1,3,1,0,1,0,1,0,0,0,0,3,0,0,0,0,0,0,0,0,0,0,0,0,0,0,0,0,0,0,10536942,1.38934547
"GTM","1996",1092,5,"The Agreement on the Strengthening of Civilian Power and the Role of the Armed Forces in a Democratic Society","233","Guatemala: Government","7052, 11, 732","United Nations, Government of Guatemala, URNG",1996-09-19,NA,"",1,1,1,0,1,1,0,1,1,0,1,0,"1, 6",0,9920,1949-07-18,2023-11-17,2023-11-17,27150,1,1,3,"Guatemala","GUA",9,1,1,0,"Guatemala",90,-0.548537122332539,-0.226984652854019,-0.509260358006172,-0.639095853576117,-0.633544027961703,0.177320569295452,0.78347910738256,0.432293916902607,0.518942394423359,0.0591991664347275,-0.544833699582821,0.29859857045764,-0.0134468446298657,0.03001260080225,-1.05114448971419,2.19722457733622,-13.8155105579643,-13.8155105579643,-13.8155105579643,-13.8155105579643,-13.8155105579643,-1.72979605855635,-13.8155105579643,-0.244010883294554,-0.838649558879665,-0.655962395380406,-2.82684781768578,-1.20865518137129,-13.8155105579643,-3.50613795876485,-13.8155105579643,0,3,1,0,0,1,2.11488691401851,-1.94051599619352,0.829297424432305,-0.079991936643424,-0.11169941190523,0,0,0,0,0,0,0,0,0,1,0,0,0,0,0,0,0,0,0,0,0,0,0,0,0,0,0,0,0,0,0,0,0,10536942,1.38934547
"GTM","1996",1095,5,"The Agreement on the Basis for the Legal Integration of the URNG","233","Guatemala: Government","7052, 11, 732","United Nations, Government of Guatemala, URNG",1996-12-12,NA,"",1,0,1,0,1,1,0,1,1,0,0,0,"1",0,9836,1949-07-18,2023-11-17,2023-11-17,27150,1,1,3,"Guatemala","GUA",12,1,1,0,"Guatemala",90,-0.548537122332539,-0.226984652854019,-0.509260358006172,-0.639095853576117,-0.633544027961703,-0.101031487156711,0.78347910738256,0.432293916902607,0.518942394423359,0.0591991664347275,-0.544833699582821,0.29859857045764,-0.0134468446298657,0.03001260080225,-1.05114448971419,2.484906649788,-13.8155105579643,-13.8155105579643,-13.8155105579643,-13.8155105579643,-13.8155105579643,-13.8155105579643,-13.8155105579643,-0.244010883294554,-0.838649558879665,-0.655962395380406,-2.82684781768578,-1.20865518137129,-13.8155105579643,-3.50613795876485,-13.8155105579643,0,3,1,0,0,1,2.11488691401851,-1.94051599619352,0.829297424432305,-0.079991936643424,-0.11169941190523,0,0,0,0,0,0,0,0,0,1,0,0,0,1,0,0,0,0,0,0,0,0,0,0,0,0,0,0,0,0,0,0,0,10536942,1.38934547
"GTM","1996",1097,5,"The Agreement on the Implementation, Compliance and Verification Timetable for the Peace Agreements","233","Guatemala: Government","7052, 11, 732","United Nations, Government of Guatemala, URNG",1996-12-29,NA,"",1,0,1,0,1,1,1,1,1,1,0,1,"1, 2, 3, 7",0,9819,1949-07-18,2023-11-17,2023-11-17,27150,1,1,3,"Guatemala","GUA",13,1,1,0,"Guatemala",90,-0.548537122332539,-0.226984652854019,-0.509260358006172,-0.639095853576117,-0.633544027961703,0.641240663382389,0.78347910738256,0.432293916902607,0.518942394423359,0.0591991664347275,-0.544833699582821,0.29859857045764,-0.0134468446298657,0.03001260080225,-1.05114448971419,2.56494935746154,-13.8155105579643,-13.8155105579643,-13.8155105579643,-13.8155105579643,-13.8155105579643,-0.44435044263062,-13.8155105579643,-0.244010883294554,-0.838649558879665,-0.655962395380406,-2.82684781768578,-1.20865518137129,-13.8155105579643,-3.50613795876485,-13.8155105579643,1,4,1,0,0,1,6.56846446785016,2.85811808961472,-0.0332747961020992,0.471420861987069,0.207587115547246,0,0,0,1,3,1,1,1,1,1,0,0,0,1,3,1,0,0,0,0,0,0,0,0,0,0,0,0,0,0,0,0,0,10536942,1.38934547
"HRV","1995",1074,1,"The Erdut Agreement","390","Croatia: Serb","3, 7052, 48, 371, 340","Government of United States of America, United Nations, Government of Croatia, Serbian irregulars, Serbian Republic of Krajina",1995-11-12,NA,"",0,1,1,1,1,0,0,0,0,0,1,0,"6",0,10232,1992-04-30,2023-11-17,2023-11-17,11523,2,1,3,"Croatia","CRO",0,0,1,0,"Croatia",344,-0.156982657512705,-0.236330232960834,0.478335001937047,-0.808643095398255,-0.80297350813744,-0.379383543608873,0.328250090300374,0.0729426507797388,-0.52226131362023,0.904491892760545,-1.53896677605216,1.31476342928477,0.597328066950225,0.655229618765297,0.707501098846092,-13.8155105579643,-13.8155105579643,-13.8155105579643,-0.737443951092476,-13.8155105579643,-13.8155105579643,-13.8155105579643,-13.8155105579643,-1.11397949070293,-2.61808175234067,-13.8155105579643,-0.100381937414657,0.273656747760892,-0.515288790643815,-0.422769541779284,-0.346016096326597,0,0,1,0,0,0,-1.24918902638004,0.555532370209678,0.154561905223017,0.146825397568725,-0.256867572377515,0,0,0,0,1,0,1,0,0,1,0,0,0,0,0,0,0,10,1,3.333333,0,0,0,0,0,10,1,3.333333,0,0,0,0,0,4620030,0.81790109
"HTI","1993",1066,5,"The Governors Island agreement","381","Haiti: Government","6, 764","Government of Haiti, Military faction (forces of Raol Cédras) ",1993-07-03,1993-10-29,"True",0,0,1,0,2,1,0,0,0,0,0,0,"0",1,118,1989-04-08,2023-11-17,2023-11-17,12641,1,0,3,"Haiti","HAI",0,0,1,0,"Haiti",41,-0.618136290472964,-0.267755812037911,-0.514972854062915,-0.674646076679723,-0.66906955911068,-0.410311549881336,-0.576587832541996,-0.738695553739153,-0.672724277210344,-0.97930332590842,0.613703813305217,0.162485582516339,-0.173965677369992,0.059152793830785,1.00060869693947,-13.8155105579643,-13.8155105579643,-13.8155105579643,-13.8155105579643,-13.8155105579643,-13.8155105579643,-13.8155105579643,-0.488242855975599,-13.8155105579643,-13.8155105579643,-13.8155105579643,-13.8155105579643,-1.81716600412484,-13.8155105579643,-2.82763145669288,0.000608511758633764,0,1,1,0,0,0,-0.792627667841263,0.290616398249255,0.11722215235181,-0.225493012400956,0.345320234114759,0,0,0,0,1,1,0,0,1,0,0,0,0,1,0,0,0,0,0,0,0,0,0,0,0,0,0,0,0,0,0,0,0,7345940,1.250919369
"IDN","2002",1111,3,"Cessation of Hostilities Framework Agreement","366","Indonesia: Aceh","155, 327","Government of Indonesia, GAM",2002-12-09,2003-05-18,"True",1,1,0,0,1,1,0,0,0,0,0,0,"0",1,160,1990-06-06,2023-11-17,2023-11-17,12217,1,1,3,"Indonesia","INS",1,1,1,0,"Indonesia",850,-0.606601296761971,1.29941536426152,-0.373799037039568,1.09456008232388,1.09890777052437,-0.286599524791486,1.96932259632504,1.93785180772773,2.34857203167914,2.05570008194714,-0.791440354210873,-0.629681564379022,0.264954164236248,0.390504008563029,-0.171821695434051,0,-13.8155105579643,0.261914443514384,-13.8155105579643,0.0903525312423978,0.0943167506299866,-13.8155105579643,-13.8155105579643,0.677689623883103,0.661580043944094,0.853807497370377,0.720616462412862,-13.8155105579643,-1.32819843310234,-0.940317044548862,-13.8155105579643,0,1,1,0,0,0,-0.792627667841263,0.290616398249255,0.11722215235181,-0.225493012400956,0.345320234114759,0,0,0,0,2,1,1,0,0,1,0,0,1,0,0,0,0,11,30,90.90909,0,0,0,0,0,22,60,181.81818,0,0,0,0,0,220115092,7.285954752
"IDN","2002",1600,3,"Points for Further Consultation","366","Indonesia: Aceh","155, 327","Government of Indonesia, GAM",2002-02-03,2003-05-18,"True",0,0,0,0,-1,0,0,0,0,0,0,0,"0",1,469,1990-06-06,2023-11-17,2023-11-17,12217,1,1,3,"Indonesia","INS",0,0,1,0,"Indonesia",850,-0.606601296761971,1.29941536426152,-0.373799037039568,1.09456008232388,1.09890777052437,-0.441239556153798,1.96932259632504,1.93785180772773,2.34857203167914,2.05570008194714,-0.791440354210873,-0.629681564379022,0.264954164236248,0.390504008563029,-0.171821695434051,-13.8155105579643,-13.8155105579643,0.261914443514384,-13.8155105579643,0.0903525312423978,0.0943167506299866,-13.8155105579643,-13.8155105579643,0.677689623883103,0.661580043944094,0.853807497370377,0.720616462412862,-13.8155105579643,-1.32819843310234,-0.940317044548862,-13.8155105579643,0,0,1,0,0,0,-1.24918902638004,0.555532370209678,0.154561905223017,0.146825397568725,-0.256867572377515,0,0,0,0,0,0,0,0,0,0,0,0,0,0,0,0,0,11,30,90.90909,0,0,0,0,0,11,30,90.90909,0,0,0,0,0,220115092,7.285954752
"IDN","2005",1276,3,"Memorandum of Understanding between the Government of the Republic of Indonesia and the Free Aceh Movement","366","Indonesia: Aceh","155, 327","Government of Indonesia, GAM",2005-08-15,NA,"",1,1,1,0,1,1,0,1,1,0,1,0,"1, 6",0,6668,1990-06-06,2023-11-17,2023-11-17,12217,1,1,3,"Indonesia","INS",2,1,1,1,"Indonesia",850,-0.559904223313368,1.70623573118921,-0.516666559034125,2.16931570994692,2.17291691008409,-0.255671518519023,2.0985851567311,2.024591768516,2.43283129128961,2.16035537187319,-0.899330765610646,-0.0142438391151409,0.549874373690981,0.577886741445499,0.707501098846092,0.693147180559945,-13.8155105579643,0.534289617243173,-13.8155105579643,0.774411776783644,0.776070463122189,-13.8155105579643,-13.8155105579643,0.74126338277808,0.705368084440773,0.88905571955151,0.770272732178847,-13.8155105579643,-0.598065438316438,-0.548377378566514,-0.346016096326597,0,3,1,0,0,1,2.11488691401851,-1.94051599619352,0.829297424432305,-0.079991936643424,-0.11169941190523,3,0,1,0,1,1,1,0,1,1,0,0,0,0,1,0,1,36,73,74.969695,3,0,1,1,0,58,133,256.787875,3,0,1,1,0,228805144,10.32535316
"IND","1988",1423,3,"Memorandum of Understanding with TNV","335","India: Tripura","141, 305","Government of India, TNV",1988-08-12,NA,"",1,1,0,0,1,1,0,0,0,0,0,0,"3",0,12880,1979-12-31,2023-11-17,2023-11-17,16027,1,0,3,"India","IND",5,1,0,0,"India",750,-0.625483505289542,0.0247049732411827,-0.483779619016227,2.77042869143605,2.77361237929987,-0.379383543608873,1.92436170574903,1.96883036515211,2.22820166080705,2.05570008194714,0.641960825814681,0.540785763123892,0.696880939742988,0.52531459046542,-0.171821695434051,1.6094379124341,-13.8155105579643,-3.70075070981868,-13.8155105579643,1.01900207047609,1.02015057863941,-13.8155105579643,-0.443227996134158,0.654594331325393,0.6774396431534,0.801194830000962,0.720616462412862,-0.614732080184426,-0.361140700971968,-0.643757975916957,-13.8155105579643,0,1,1,0,0,0,-0.792627667841263,0.290616398249255,0.11722215235181,-0.225493012400956,0.345320234114759,NA,NA,NA,NA,NA,NA,NA,NA,NA,NA,NA,NA,NA,NA,NA,NA,NA,0,0,0,0,0,0,0,0,0,0,0,0,0,0,0,0,833729681,2.061855168
"IND","1993",1121,3,"Memorandum of Settlement - 23 August 1993","335","India: Tripura","141, 306","Government of India, ATTF",1993-08-23,1993-12-31,"True",1,0,0,0,2,1,0,0,0,0,0,0,"3",1,130,1979-12-31,2023-11-17,2023-11-17,16027,1,0,3,"India","IND",6,1,1,0,"India",750,-0.622657946955771,1.49621802756713,0.799813233972429,1.325867302932,1.33005433314224,-0.348455537336411,2.27842871903517,2.30959449682035,2.56523869924891,2.52262368315568,0.349115423443869,0.0989175678580623,0.840856531578568,0.696635625518809,0.707501098846092,1.79175946922805,-13.8155105579643,0.402940609285553,-0.223377036104126,0.282066813552396,0.285219793385889,-13.8155105579643,-1.05235268525737,0.823486047069689,0.8370719666223,0.942051534428934,0.925299504018101,-2.31346842358971,-0.173334226215079,-0.361492780355634,-0.346016096326597,0,1,1,0,0,0,-0.792627667841263,0.290616398249255,0.11722215235181,-0.225493012400956,0.345320234114759,0,0,0,0,1,1,0,0,0,0,0,0,0,0,0,0,0,17,12,23.52941,1,1,1,1,0,17,12,23.52941,1,1,1,1,0,926351297,2.441897232
"IND","1993",1071,3,"Memorandum of settlement and Bodoland Autonomous Council Act, 1993","421","India: Bodoland","141, 362","Government of India, ABSU",1993-02-20,NA,"",1,1,1,0,2,1,0,0,0,1,0,1,"7, 9",0,11227,1989-03-16,2023-11-17,2023-11-17,12664,1,0,3,"India","IND",0,0,1,0,"India",750,-0.622657946955771,1.49621802756713,0.799813233972429,1.325867302932,1.33005433314224,-0.286599524791486,2.27842871903517,2.30959449682035,2.56523869924891,2.52262368315568,0.349115423443869,-0.0142438391151409,0.549874373690981,0.642965989094273,-1.05114448971419,-13.8155105579643,-13.8155105579643,0.402940609285553,-0.223377036104126,0.282066813552396,0.285219793385889,-13.8155105579643,-1.05235268525737,0.823486047069689,0.8370719666223,0.942051534428934,0.925299504018101,-13.8155105579643,-0.598065438316438,-0.441663450242569,-13.8155105579643,0,1,1,0,0,0,-0.792627667841263,0.290616398249255,0.11722215235181,-0.225493012400956,0.345320234114759,2,1,0,0,0,0,0,0,0,0,0,0,0,0,1,0,0,17,12,23.52941,1,1,1,1,0,34,24,47.05882,2,2,2,2,0,926351297,2.441897232
"IND","1999",1513,3,"Memorandum of Understanding between the Governments of India and Pakistan","218","India - Pakistan","141, 142","Government of India, Government of Pakistan",1999-02-21,NA,"",0,0,0,0,1,0,0,0,0,0,0,0,"0",0,9035,1948-12-31,2023-11-17,2023-11-17,27349,1,1,2,"India ","IND",0,0,1,0,"India",750,-0.606717676949925,2.64546161363834,0.385050943522728,1.14169030377725,1.14600525695702,-0.410311549881336,2.3514901662212,2.41492159206326,2.66153499594658,2.56287571774263,0.00746245401125483,1.05426040556723,0.639290769105647,0.662534292247698,-0.758036891620813,-13.8155105579643,-13.8155105579643,0.972845573197559,-0.954379632609728,0.132509886870222,0.136282205504557,-13.8155105579643,-4.89787096292832,0.855049240476807,0.881666819522918,0.978903022500299,0.941129955274735,0.0528394837093918,-0.447395890378855,-0.411682960578041,-13.8155105579643,0,0,0,0,1,0,-1.24918902638004,0.555532370209678,0.154561905223017,0.146825397568725,-0.256867572377515,0,0,0,0,0,0,0,0,0,1,0,0,0,0,0,0,0,17,12,23.52941,1,1,1,1,0,51,36,70.58823,3,3,3,3,0,1040500054,1.850096417
"IND","1999",1512,3,"Lahore Declaration","218","India - Pakistan","141, 142","Government of India, Government of Pakistan",1999-02-21,NA,"",0,0,0,0,1,1,0,0,0,0,0,0,"0",0,9035,1948-12-31,2023-11-17,2023-11-17,27349,1,1,2,"India ","IND",0,0,1,0,"India",750,-0.606717676949925,2.64546161363834,0.385050943522728,1.14169030377725,1.14600525695702,-0.410311549881336,2.3514901662212,2.41492159206326,2.66153499594658,2.56287571774263,0.00746245401125483,1.41378633329674,1.08143979746529,1.00856531219218,-0.758036891620813,-13.8155105579643,-13.8155105579643,0.972845573197559,-0.954379632609728,0.132509886870222,0.136282205504557,-13.8155105579643,-4.89787096292832,0.855049240476807,0.881666819522918,0.978903022500299,0.941129955274735,0.346271448062602,0.0782932990874601,0.0085288380327559,-13.8155105579643,0,1,0,0,1,0,-0.792627667841263,0.290616398249255,0.11722215235181,-0.225493012400956,0.345320234114759,0,0,0,0,0,0,0,0,0,0,0,0,0,0,0,0,0,17,12,23.52941,1,1,1,1,0,68,48,94.11764,4,4,4,4,0,1040500054,1.850096417
"IND","2015",1514,3,"Framework Agreement between the Government of India (GOI) and the National Socialist Council of Nagaland (NSCN)","251","India: Nagaland","141, 223","Government of India, NSCN-IM",2015-08-03,NA,"",0,0,0,0,1,0,0,0,0,0,0,0," ",0,3028,1956-12-31,2023-11-17,2023-11-17,24427,1,1,3,"India","IND",0,0,1,1,"India",750,-0.606648993560313,9.79834873418326,0.492024948627417,3.02317386383748,3.02618200365167,-0.441239556153798,1.22184779049874,1.36784635111904,1.0967201746094,1.14600410028221,-0.863367295144055,1.47198637880443,2.22384493439668,1.79151232422997,0.707501098846092,-13.8155105579643,-13.8155105579643,2.28221387496748,-0.709225855183155,1.1063072278178,1.10730176017067,-13.8155105579643,-13.8155105579643,0.20036429529811,0.313237496458944,0.0923240663560468,0.136281196193833,0.386612766734273,0.799237650215024,0.583060137019126,-0.346016096326597,0,0,1,0,0,0,-1.24918902638004,0.555532370209678,0.154561905223017,0.146825397568725,-0.256867572377515,NA,NA,NA,NA,NA,NA,NA,NA,NA,NA,NA,NA,NA,NA,NA,NA,NA,0,0,0,0,0,0,0,0,68,48,94.11764,4,4,4,4,0,1322866505,1.777640024
"IND","2020",1659,3,"Memorandum of settlement","421","India: Bodoland","141, 363, 1066, 362","Government of India, NDFB, NDFB - RD, ABSU",2020-01-27,NA,"",1,1,0,0,2,1,0,0,0,1,1,1,"1, 2, 6, 7",0,1390,1989-03-16,2023-11-17,2023-11-17,12664,1,0,3,"India","IND",1,1,1,1,"India",750,-0.60184878777519,12.5336648402833,0.461929114138998,1.13349762617473,1.13781826970483,-0.162887499701636,0.446272428062422,0.649143818873303,0.260146097048363,0.453669105386776,-1.07401047930552,1.61748637677013,2.05847865118115,1.8118832638769,0.414393500752711,0,-13.8155105579643,2.52841821140055,-0.772343832271954,0.125308096719523,0.12911263024964,-13.8155105579643,-13.8155105579643,-0.806825688187817,-0.432100986098582,-1.34651189405542,-0.790387189436207,0.480873324958769,0.721967191118007,0.594366781636485,-0.880939271671648,0,1,1,0,0,0,-0.792627667841263,0.290616398249255,0.11722215235181,-0.225493012400956,0.345320234114759,0,0,0,0,3,1,1,0,0,1,0,0,0,0,0,0,0,0,0,0,0,0,0,0,0,68,48,94.11764,4,4,4,4,0,1396387127,1.784669207
"IRN","1975",1411,2,"Annex I to the Protocol concerning the Redemarcation of the Land Frontier between Iran and Iraq","324","Iran - Iraq","114, 116","Government of Iran, Government of Iraq",1975-12-21,1980-09-17,"True",0,0,0,0,1,1,0,0,0,0,0,0,"0",1,1732,1974-02-10,2023-11-17,2023-11-17,18177,2,1,2,"Iran ","IRN",5,1,0,0,"Iran, Islamic Rep.",630,-0.597418709145199,-0.28375658714304,-0.416362143623756,-0.879304656050789,-0.873585989715431,1.97114493309828,-1.19480007796225,-0.757282688193784,-1.22642798322196,-0.625085421543316,0.952787963418789,0.162485582516339,-0.0134468446298657,-0.08375278231732,-0.171821695434051,1.6094379124341,-13.8155105579643,-13.8155105579643,-13.8155105579643,-13.8155105579643,-13.8155105579643,0.678614558241547,-0.0483628938726589,-13.8155105579643,-13.8155105579643,-13.8155105579643,-13.8155105579643,-1.81716600412484,-13.8155105579643,-13.8155105579643,-13.8155105579643,0,1,0,0,1,0,-0.792627667841263,0.290616398249255,0.11722215235181,-0.225493012400956,0.345320234114759,NA,NA,NA,NA,NA,NA,NA,NA,NA,NA,NA,NA,NA,NA,NA,NA,NA,0,0,0,0,0,0,0,0,0,0,0,0,0,0,0,0,32856976,38.14496458
"IRN","1975",1412,2,"Addendum to Treaty concerning the State Frontier and neighbourly Relations between Iran and Iraq","324","Iran - Iraq","114, 116","Government of Iran, Government of Iraq",1975-12-26,1980-09-17,"True",0,0,0,0,1,1,0,0,0,0,0,0,"0",1,1727,1974-02-10,2023-11-17,2023-11-17,18177,2,1,2,"Iran ","IRN",5,1,0,0,"Iran, Islamic Rep.",630,0.388771740602457,-0.28375658714304,-0.49346079654397,-0.879304656050789,-0.873585989715431,1.97114493309828,-1.19480007796225,-0.757282688193784,-1.22642798322196,-0.625085421543316,0.952787963418789,-0.629681564379022,0.466520037256509,0.03001260080225,-1.05114448971419,1.6094379124341,-0.944762892673093,-13.8155105579643,-13.8155105579643,-13.8155105579643,-13.8155105579643,0.678614558241547,-0.0483628938726589,-13.8155105579643,-13.8155105579643,-13.8155105579643,-13.8155105579643,-13.8155105579643,-0.762454307298816,-3.50613795876485,-13.8155105579643,0,1,0,0,1,0,-0.792627667841263,0.290616398249255,0.11722215235181,-0.225493012400956,0.345320234114759,NA,NA,NA,NA,NA,NA,NA,NA,NA,NA,NA,NA,NA,NA,NA,NA,NA,0,0,0,0,0,0,0,0,0,0,0,0,0,0,0,0,32856976,38.14496458
"IRN","1975",1410,2,"Treaty concerning the State frontier and neighbourly relations","324","Iran - Iraq","114, 116","Government of Iran, Government of Iraq",1975-06-13,1980-09-17,"True",0,0,0,0,1,1,0,0,0,0,0,0,"0",1,1923,1974-02-10,2023-11-17,2023-11-17,18177,2,1,2,"Iran ","IRN",4,1,0,0,"Iran, Islamic Rep.",630,0.85517774499612,-0.257624427823084,-0.502355253123548,-0.879304656050789,-0.873585989715431,-0.379383543608873,-1.19480007796225,-0.757282688193784,-1.22642798322196,-0.625085421543316,0.952787963418789,-0.785611767744961,-0.885982329156565,-1.40316519572849,-1.05114448971419,1.38629436111989,-0.156445942766926,-13.8155105579643,-13.8155105579643,-13.8155105579643,-13.8155105579643,-13.8155105579643,-0.0483628938726589,-13.8155105579643,-13.8155105579643,-13.8155105579643,-13.8155105579643,-13.8155105579643,-13.8155105579643,-13.8155105579643,-13.8155105579643,0,1,0,0,1,0,-0.792627667841263,0.290616398249255,0.11722215235181,-0.225493012400956,0.345320234114759,NA,NA,NA,NA,NA,NA,NA,NA,NA,NA,NA,NA,NA,NA,NA,NA,NA,0,0,0,0,0,0,0,0,0,0,0,0,0,0,0,0,32856976,38.14496458
"IRN","1975",1406,2,"Joint Iranian-Iraqi Communiqué  (“Algiers Agreement”)","324","Iran - Iraq","114, 116","Government of Iran, Government of Iraq",1975-03-06,1980-09-17,"True",0,0,0,0,1,1,0,0,0,0,0,0,"0",1,2022,1974-02-10,2023-11-17,2023-11-17,18177,2,1,2,"Iran ","IRN",0,0,0,0,"Iran, Islamic Rep.",630,-0.533947625655734,-0.284024909727109,-0.0592659975784371,-0.879304656050789,-0.873585989715431,1.97114493309828,-1.19480007796225,-0.757282688193784,-1.22642798322196,-0.625085421543316,0.952787963418789,-0.31234152622144,-0.65648958461732,-0.842711714579971,-0.464929293527432,-13.8155105579643,-13.8155105579643,-13.8155105579643,-13.8155105579643,-13.8155105579643,-13.8155105579643,0.678614558241547,-0.0483628938726589,-13.8155105579643,-13.8155105579643,-13.8155105579643,-13.8155105579643,-13.8155105579643,-13.8155105579643,-13.8155105579643,-13.8155105579643,0,1,0,0,1,0,-0.792627667841263,0.290616398249255,0.11722215235181,-0.225493012400956,0.345320234114759,NA,NA,NA,NA,NA,NA,NA,NA,NA,NA,NA,NA,NA,NA,NA,NA,NA,0,0,0,0,0,0,0,0,0,0,0,0,0,0,0,0,32856976,38.14496458
"IRN","1975",1408,2,"Record between Iran, Algeria and Iraq dated 20 April 1975","324","Iran - Iraq","109, 114, 116","Government of Algeria, Government of Iran, Government of Iraq",1975-04-20,1980-09-17,"True",0,0,0,0,1,1,0,0,0,0,0,0,"0",1,1977,1974-02-10,2023-11-17,2023-11-17,18177,2,1,2,"Iran ","IRN",2,1,0,0,"Iran, Islamic Rep.",630,0.244204652700249,-0.283480922340335,-0.000437310116892749,-0.879304656050789,-0.873585989715431,1.97114493309828,-1.19480007796225,-0.757282688193784,-1.22642798322196,-0.625085421543316,0.952787963418789,1.31476342928477,0.99462251527242,0.662534292247698,0.707501098846092,0.693147180559945,-1.40974866466046,-13.8155105579643,-13.8155105579643,-13.8155105579643,-13.8155105579643,0.678614558241547,-0.0483628938726589,-13.8155105579643,-13.8155105579643,-13.8155105579643,-13.8155105579643,0.273656747760892,-0.00539199544272259,-0.411682960578041,-0.346016096326597,0,1,0,0,1,0,-0.792627667841263,0.290616398249255,0.11722215235181,-0.225493012400956,0.345320234114759,NA,NA,NA,NA,NA,NA,NA,NA,NA,NA,NA,NA,NA,NA,NA,NA,NA,0,0,0,0,0,0,0,0,0,0,0,0,0,0,0,0,32856976,38.14496458
"IRN","1975",1413,2,"Agreement between Iran and Iraq concerning Frontier Commissioners","324","Iran - Iraq","114, 116","Government of Iran, Government of Iraq",1975-12-26,1980-09-17,"True",0,0,0,0,1,0,0,0,0,0,0,0,"0",1,1727,1974-02-10,2023-11-17,2023-11-17,18177,2,1,2,"Iran ","IRN",5,1,0,0,"Iran, Islamic Rep.",630,0.415266358145387,-0.284710042300426,0.385050943522728,-0.879304656050789,-0.873585989715431,-0.255671518519023,-1.19480007796225,-0.757282688193784,-1.22642798322196,-0.625085421543316,0.952787963418789,-0.401770878674737,0.184327881472304,-0.0528059732027191,-0.464929293527432,1.6094379124341,-0.878835137777853,-13.8155105579643,-0.954379632609728,-13.8155105579643,-13.8155105579643,-13.8155105579643,-0.0483628938726589,-13.8155105579643,-13.8155105579643,-13.8155105579643,-13.8155105579643,-13.8155105579643,-1.69103914266491,-13.8155105579643,-13.8155105579643,0,0,0,0,1,0,-1.24918902638004,0.555532370209678,0.154561905223017,0.146825397568725,-0.256867572377515,NA,NA,NA,NA,NA,NA,NA,NA,NA,NA,NA,NA,NA,NA,NA,NA,NA,0,0,0,0,0,0,0,0,0,0,0,0,0,0,0,0,32856976,38.14496458
"IRN","1975",1417,2,"Agreement concerning the Use of Frontier Watercourses","324","Iran - Iraq","114, 116","Government of Iran, Government of Iraq",1975-12-26,1980-09-17,"True",0,0,0,0,1,1,0,0,0,0,0,0,"0",1,1727,1974-02-10,2023-11-17,2023-11-17,18177,2,1,2,"Iran ","IRN",5,1,0,0,"Iran, Islamic Rep.",630,-0.221094785971884,-0.281608131199917,-0.516015134045198,-0.879304656050789,-0.873585989715431,-0.379383543608873,-1.19480007796225,-0.757282688193784,-1.22642798322196,-0.625085421543316,0.952787963418789,-0.00932834884026665,0.639290769105647,0.390504008563029,-0.171821695434051,1.6094379124341,-13.8155105579643,-13.8155105579643,-13.8155105579643,-13.8155105579643,-13.8155105579643,-13.8155105579643,-0.0483628938726589,-13.8155105579643,-13.8155105579643,-13.8155105579643,-13.8155105579643,-13.8155105579643,-0.447395890378855,-0.940317044548862,-13.8155105579643,0,1,0,0,1,0,-0.792627667841263,0.290616398249255,0.11722215235181,-0.225493012400956,0.345320234114759,NA,NA,NA,NA,NA,NA,NA,NA,NA,NA,NA,NA,NA,NA,NA,NA,NA,0,0,0,0,0,0,0,0,0,0,0,0,0,0,0,0,32856976,38.14496458
"IRN","1975",1414,2,"Agreement between Iran and Iraq concerning the Rules governing Navigation on the Shatt Al’Arab","324","Iran - Iraq","114, 116","Government of Iran, Government of Iraq",1975-12-26,1980-09-17,"True",0,0,0,0,1,0,0,0,0,0,0,0,"0",1,1727,1974-02-10,2023-11-17,2023-11-17,18177,2,1,2,"Iran ","IRN",5,1,0,0,"Iran, Islamic Rep.",630,-0.221094785971884,-0.284024909727109,1.03141486138172,-0.879304656050789,-0.873585989715431,-0.224743512246561,-1.19480007796225,-0.757282688193784,-1.22642798322196,-0.625085421543316,0.952787963418789,0.162485582516339,-0.65648958461732,-0.839722946780803,-1.93046728399434,1.6094379124341,-13.8155105579643,-13.8155105579643,0.0309315114718908,-13.8155105579643,-13.8155105579643,-13.8155105579643,-0.0483628938726589,-13.8155105579643,-13.8155105579643,-13.8155105579643,-13.8155105579643,-1.81716600412484,-13.8155105579643,-13.8155105579643,-13.8155105579643,0,0,0,0,1,0,-1.24918902638004,0.555532370209678,0.154561905223017,0.146825397568725,-0.256867572377515,NA,NA,NA,NA,NA,NA,NA,NA,NA,NA,NA,NA,NA,NA,NA,NA,NA,0,0,0,0,0,0,0,0,0,0,0,0,0,0,0,0,32856976,38.14496458
"IRN","1975",1415,2,"Record no. 2 between Iran and Iraq  dated 26 December 1975","324","Iran - Iraq","114, 116","Government of Iran, Government of Iraq",1975-12-26,1980-09-17,"True",0,0,0,0,1,1,0,0,0,0,0,0,"0",1,1727,1974-02-10,2023-11-17,2023-11-17,18177,2,1,2,"Iran ","IRN",5,1,0,0,"Iran, Islamic Rep.",630,0.697837454497965,-0.257624427823084,-0.516010123083745,-0.879304656050789,-0.873585989715431,1.97114493309828,-1.19480007796225,-0.757282688193784,-1.22642798322196,-0.625085421543316,0.952787963418789,-0.828432082953872,-0.694975348499339,-1.10778732026191,-0.171821695434051,1.6094379124341,-0.359769076551026,-13.8155105579643,-13.8155105579643,-13.8155105579643,-13.8155105579643,0.678614558241547,-0.0483628938726589,-13.8155105579643,-13.8155105579643,-13.8155105579643,-13.8155105579643,-13.8155105579643,-13.8155105579643,-13.8155105579643,-13.8155105579643,0,1,0,0,1,0,-0.792627667841263,0.290616398249255,0.11722215235181,-0.225493012400956,0.345320234114759,NA,NA,NA,NA,NA,NA,NA,NA,NA,NA,NA,NA,NA,NA,NA,NA,NA,0,0,0,0,0,0,0,0,0,0,0,0,0,0,0,0,32856976,38.14496458
"IRN","1975",1416,2,"Record no. 1 between Iran and Iraq dated 26 December 1975","324","Iran - Iraq","114, 116","Government of Iran, Government of Iraq",1975-12-26,1980-09-17,"True",0,0,0,0,1,1,0,0,0,0,0,0,"0",1,1727,1974-02-10,2023-11-17,2023-11-17,18177,2,1,2,"Iran ","IRN",5,1,0,0,"Iran, Islamic Rep.",630,-0.548537122332539,-0.257624427823084,-0.415354940371646,-0.879304656050789,-0.873585989715431,1.97114493309828,-1.19480007796225,-0.757282688193784,-1.22642798322196,-0.625085421543316,0.952787963418789,-0.0464552650107222,-0.0134468446298657,-0.08375278231732,-1.93046728399434,1.6094379124341,-13.8155105579643,-13.8155105579643,-13.8155105579643,-13.8155105579643,-13.8155105579643,0.678614558241547,-0.0483628938726589,-13.8155105579643,-13.8155105579643,-13.8155105579643,-13.8155105579643,-13.8155105579643,-13.8155105579643,-13.8155105579643,-13.8155105579643,0,1,0,0,1,0,-0.792627667841263,0.290616398249255,0.11722215235181,-0.225493012400956,0.345320234114759,NA,NA,NA,NA,NA,NA,NA,NA,NA,NA,NA,NA,NA,NA,NA,NA,NA,0,0,0,0,0,0,0,0,0,0,0,0,0,0,0,0,32856976,38.14496458
"IRN","1975",1409,2,"Record between Iran, Algeria and Iraq dated 20 May 1975","324","Iran - Iraq","109, 114, 116","Government of Algeria, Government of Iran, Government of Iraq",1975-05-20,1980-09-17,"True",0,0,0,0,1,1,0,0,0,0,0,0,"0",1,1947,1974-02-10,2023-11-17,2023-11-17,18177,2,1,2,"Iran ","IRN",3,1,0,0,"Iran, Islamic Rep.",630,-0.593555268479509,-0.282902574346901,-0.516015134045198,-0.879304656050789,-0.873585989715431,1.97114493309828,-1.19480007796225,-0.757282688193784,-1.22642798322196,-0.625085421543316,0.952787963418789,1.45341190624625,0.597328066950225,0.421603953204111,-1.63735968590096,1.09861228866811,-13.8155105579643,-13.8155105579643,-13.8155105579643,-13.8155105579643,-13.8155105579643,0.678614558241547,-0.0483628938726589,-13.8155105579643,-13.8155105579643,-13.8155105579643,-13.8155105579643,0.373913831162335,-0.515288790643815,-0.863688905128852,-13.8155105579643,0,1,0,0,1,0,-0.792627667841263,0.290616398249255,0.11722215235181,-0.225493012400956,0.345320234114759,NA,NA,NA,NA,NA,NA,NA,NA,NA,NA,NA,NA,NA,NA,NA,NA,NA,0,0,0,0,0,0,0,0,0,0,0,0,0,0,0,0,32856976,38.14496458
"IRN","1975",1407,2,"Protocol to the Joint Iranian-Iraqi Communiqué (“Tehran Protocol”)","324","Iran - Iraq","109, 114, 116","Government of Algeria, Government of Iran, Government of Iraq",1975-03-17,1980-09-17,"True",0,0,0,0,1,1,0,0,0,0,0,0,"0",1,2011,1974-02-10,2023-11-17,2023-11-17,18177,2,1,2,"Iran ","IRN",1,1,0,0,"Iran, Islamic Rep.",630,0.345342851776237,-0.136374815622614,-0.417344292068599,-0.879304656050789,-0.873585989715431,1.97114493309828,-1.19480007796225,-0.757282688193784,-1.22642798322196,-0.625085421543316,0.952787963418789,-0.73961498089421,-0.512513992839618,-0.645463144835707,-0.464929293527432,0,-1.06321758215207,-13.8155105579643,-13.8155105579643,-13.8155105579643,-13.8155105579643,0.678614558241547,-0.0483628938726589,-13.8155105579643,-13.8155105579643,-13.8155105579643,-13.8155105579643,-13.8155105579643,-13.8155105579643,-13.8155105579643,-13.8155105579643,0,1,0,0,1,0,-0.792627667841263,0.290616398249255,0.11722215235181,-0.225493012400956,0.345320234114759,NA,NA,NA,NA,NA,NA,NA,NA,NA,NA,NA,NA,NA,NA,NA,NA,NA,0,0,0,0,0,0,0,0,0,0,0,0,0,0,0,0,32856976,38.14496458
"ISR","1993",1133,2,"Declaration of Principles on Interim Self-Government Arrangements/ Oslo Agreement","234","Israel: Palestine","3, 57, 121, 207","Government of United States of America, Government of Russia (Soviet Union), Government of Israel, Fatah",1993-09-13,2001-02-06,"True",0,1,0,0,2,1,0,0,0,0,1,1,"6, 7",1,2703,1949-12-31,2023-11-17,2023-11-17,26984,1,1,3,"Israel","ISR",0,0,1,0,"Israel",666,-0.62528508660844,0.696964499651177,-0.514972854062915,1.46024697631802,1.46434067105779,0.0845365504780641,2.45265217001724,2.97873133718707,2.33051647604833,3.32766437489456,-1.55181087264737,1.05426040556723,0.826803500875817,0.655229618765297,-0.171821695434051,-13.8155105579643,-13.8155105579643,-0.361020802587359,-13.8155105579643,0.378605583275646,0.381405087278918,-2.47057128810555,-13.8155105579643,0.89716995743051,1.09149748409421,0.846089906553933,1.20227066898351,0.0528394837093918,-0.190188216936008,-0.422769541779284,-13.8155105579643,0,1,1,0,0,0,-0.792627667841263,0.290616398249255,0.11722215235181,-0.225493012400956,0.345320234114759,3,1,0,0,3,1,1,1,1,1,0,0,0,1,2,0,0,0,0,0,0,0,0,0,0,0,0,0,0,0,0,0,0,5261000,NA
"ISR","1994",1134,2,"Agreement on the Gaza Strip and the Jericho Area","234","Israel: Palestine","3, 57, 117, 121, 207","Government of United States of America, Government of Russia (Soviet Union), Government of Egypt, Government of Israel, Fatah",1994-05-04,2001-02-06,"True",0,1,0,0,2,1,0,0,1,0,1,1,"1, 6, 7",1,2470,1949-12-31,2023-11-17,2023-11-17,26984,1,1,3,"Israel","ISR",1,1,1,0,"Israel",666,-0.623808393731776,-0.00374399361492881,-0.483985068435812,1.37491058688596,1.37906355332847,-0.101031487156711,2.50323317191526,3.00970989461145,2.36662758730996,3.39206763023367,-1.56722378856162,0.748376284787644,1.70018514732313,1.49671903998036,1.58682389312624,0,-13.8155105579643,-13.8155105579643,-13.8155105579643,0.318388701284839,0.321404684281826,-13.8155105579643,-13.8155105579643,0.917583165088527,1.10184369358813,0.861465982838586,1.2214396558894,-0.289849372968235,0.530737155321965,0.403275405779162,0.461734466972352,0,2,1,0,0,1,0.809385840916867,-0.626747727420328,2.07556888597301,-0.490521440735014,-0.0178862181093805,1,0,1,0,0,0,0,0,1,1,0,0,0,1,0,0,0,0,0,0,0,0,0,0,0,0,0,0,0,0,0,0,0,5399000,NA
"ISR","1994",1135,2,"Agreement on Preparatory Transfer of Powers and Responsibilities Between Israel and the PLO","234","Israel: Palestine","121, 207","Government of Israel, Fatah",1994-08-29,2001-02-06,"True",0,1,0,0,2,1,0,0,1,0,0,1,"1, 7",1,2353,1949-12-31,2023-11-17,2023-11-17,26984,1,1,3,"Israel","ISR",2,1,1,0,"Israel",666,-0.623808393731776,0.491421312878259,-0.433464555063811,1.37491058688596,1.37906355332847,0.362888606930226,2.50323317191526,3.00970989461145,2.36662758730996,3.39206763023367,-1.56722378856162,0.748376284787644,1.30928416096219,1.29244185450456,2.173039089313,0.693147180559945,-13.8155105579643,-0.710453448084957,-13.8155105579643,0.318388701284839,0.321404684281826,-1.0136593597717,-13.8155105579643,0.917583165088527,1.10184369358813,0.861465982838586,1.2214396558894,-0.289849372968235,0.269480545845619,0.256533339544838,0.776126689751707,0,2,1,0,0,1,0.809385840916867,-0.626747727420328,2.07556888597301,-0.490521440735014,-0.0178862181093805,1,0,1,0,2,1,0,0,0,0,0,0,0,1,3,1,0,0,0,0,0,0,0,0,0,0,0,0,0,0,0,0,0,5399000,NA
"ISR","1995",1136,2,"Israeli-Palestinian Interim Agreement on the West Bank and the Gaza Strip (""Oslo II"")","234","Israel: Palestine","3, 117, 67, 57, 120, 7053, 121, 207","Government of United States of America, Government of Egypt, Government of Norway, Government of Russia (Soviet Union), Government of Jordan, European Union, Government of Israel, Fatah",1995-09-28,2001-02-06,"True",0,1,1,0,2,1,0,0,1,0,1,1,"1, 6, 7",1,1958,1949-12-31,2023-11-17,2023-11-17,26984,1,1,3,"Israel","ISR",4,1,1,0,"Israel",666,-0.623714908007026,-0.128604991811816,-0.514972854062915,-0.288443918078635,-0.283135643163097,0.486600632020076,2.50323317191526,3.00970989461145,2.36662758730996,3.55307576858144,-1.58006788515683,1.07516790653954,0.820987950886681,1.00856531219218,0.12128590265933,1.38629436111989,-13.8155105579643,-13.8155105579643,-13.8155105579643,-13.8155105579643,-13.8155105579643,-0.720311549784244,-13.8155105579643,0.917583165088527,1.10184369358813,0.861465982838586,1.26781364205256,0.0724768415127141,-0.197246845780302,0.0085288380327559,-2.10960468858796,0,2,1,0,0,1,0.809385840916867,-0.626747727420328,2.07556888597301,-0.490521440735014,-0.0178862181093805,0,0,0,0,0,0,0,0,0,1,0,0,0,1,1,0,0,0,0,0,0,0,0,0,0,0,0,0,0,0,0,0,0,5545000,0.003686052
"ISR","1995",1515,2,"Protocol on Further Transfer of Powers and Responsibilities","234","Israel: Palestine","121, 207","Government of Israel, Fatah",1995-08-27,2001-02-06,"True",0,1,0,0,2,1,0,0,1,0,0,1,"1, 7",1,1990,1949-12-31,2023-11-17,2023-11-17,26984,1,1,3,"Israel","ISR",3,1,1,0,"Israel",666,-0.623714908007026,-0.128604991811816,0.0846488153598554,-0.288443918078635,-0.283135643163097,-0.162887499701636,2.50323317191526,3.00970989461145,2.36662758730996,3.55307576858144,-1.58006788515683,1.41378633329674,2.05847865118115,1.94176574977287,1.29371629503285,1.09861228866811,-13.8155105579643,-13.8155105579643,-2.46924416506848,-13.8155105579643,-13.8155105579643,-13.8155105579643,-13.8155105579643,0.917583165088527,1.10184369358813,0.861465982838586,1.26781364205256,0.346271448062602,0.721967191118007,0.663597739407615,0.257518925543661,0,2,1,0,0,1,0.809385840916867,-0.626747727420328,2.07556888597301,-0.490521440735014,-0.0178862181093805,0,0,0,1,1,1,0,0,0,1,0,0,0,0,1,1,0,0,0,0,0,0,0,0,0,0,0,0,0,0,0,0,0,5545000,0.003686052
"ISR","1997",1137,2,"Protocol on Redeployment in Hebron","234","Israel: Palestine","121, 207","Government of Israel, Fatah",1997-01-15,2001-02-06,"True",0,0,1,0,2,0,0,0,0,0,0,0,"0",1,1483,1949-12-31,2023-11-17,2023-11-17,26984,1,1,3,"Israel","ISR",5,1,1,0,"Israel",666,-0.623617606538409,-0.10636343088687,-0.493666245963555,1.18356502901191,NA,-0.193815505974098,2.49761306059326,3.01590560609633,2.35459055022275,3.54502536166405,-1.60061843970917,1.41378633329674,2.14328190728333,1.94176574977287,2.173039089313,1.6094379124341,-13.8155105579643,-13.8155105579643,-13.8155105579643,0.168531094818057,NA,-13.8155105579643,-13.8155105579643,0.915335500022749,1.10390015194251,0.856366848327969,1.26554531416557,0.346271448062602,0.76233825580212,0.663597739407615,0.776126689751707,0,0,1,0,0,0,-1.24918902638004,0.555532370209678,0.154561905223017,0.146825397568725,-0.256867572377515,0,0,0,0,1,1,0,0,1,1,0,0,0,0,0,0,0,0,0,0,0,0,0,0,0,0,0,0,0,0,0,0,0,5836000,0.004073142
"ISR","1998",1138,2,"The Wye River Memorandum","234","Israel: Palestine","3, 121, 207, 210","Government of United States of America, Government of Israel, Fatah, PNA",1998-10-23,1998-12-20,"True",0,0,1,0,2,1,0,0,0,1,1,0,"6",1,58,1949-12-31,2023-11-17,2023-11-17,26984,1,1,3,"Israel","ISR",6,1,1,0,"Israel",666,-0.623915234560062,-0.0967184238499293,-0.516967216721322,0.940891804303829,NA,-0.193815505974098,2.49761306059326,3.01590560609633,2.35459055022275,3.54502536166405,-1.60575607834725,3.95093450257278,3.83065373357282,3.56507558630945,-1.05114448971419,1.79175946922805,-13.8155105579643,-13.8155105579643,-13.8155105579643,-0.0609271254932405,NA,-13.8155105579643,-13.8155105579643,0.915335500022749,1.10390015194251,0.856366848327969,1.26554531416557,1.37395213386152,1.34303547624401,1.27118525597233,-13.8155105579643,0,1,1,0,0,0,-0.792627667841263,0.290616398249255,0.11722215235181,-0.225493012400956,0.345320234114759,1,1,0,0,1,1,0,0,1,0,0,0,0,1,1,0,0,0,0,0,0,0,0,0,0,0,0,0,0,0,0,0,0,5971000,0.002564303
"ISR","1999",1140,2,"The Sharm el-Sheik Memorandum Wye II","234","Israel: Palestine","121, 207, 210","Government of Israel, Fatah, PNA",1999-09-04,2000-09-13,"True",0,0,1,0,2,1,0,0,0,1,0,0,"0",1,375,1949-12-31,2023-11-17,2023-11-17,26984,1,1,3,"Israel","ISR",7,1,1,0,"Israel",666,-0.624600160584251,-0.0875228408919815,-0.51646110961454,0.641274946916631,NA,-0.317527531063948,2.50323317191526,3.02210131758121,2.35459055022275,3.55307576858144,-1.61346253630438,1.47198637880443,1.66253133968136,1.8118832638769,2.173039089313,1.94591014905531,-13.8155105579643,-13.8155105579643,-13.8155105579643,-0.444296979680188,NA,-13.8155105579643,-13.8155105579643,0.917583165088527,1.1059523899534,0.856366848327969,1.26781364205256,0.386612766734273,0.508341344306352,0.594366781636485,0.776126689751707,0,1,1,0,0,0,-0.792627667841263,0.290616398249255,0.11722215235181,-0.225493012400956,0.345320234114759,0,0,0,0,0,0,0,0,0,1,0,0,0,1,0,0,0,0,0,0,0,0,0,0,0,0,0,0,0,0,0,0,0,6125000,0.003366072
"ISR","2007",1354,2,"Israeli-Palestinian Joint Understanding on Negotiations (""Annapolis Conference Joint Understanding on Negotiations"")","234","Israel: Palestine","3, 121, 207","Government of United States of America, Government of Israel, Fatah",2007-11-27,2008-12-31,"True",0,0,0,0,2,0,0,0,0,0,0,0,"0",1,400,1949-12-31,2023-11-17,2023-11-17,26984,1,1,3,"Israel","ISR",8,1,1,1,"Israel",666,-0.622566369102955,-0.00374399361492881,-0.511314852202018,-0.606359038659076,NA,-0.410311549881336,2.43579183605123,2.96014420273244,2.2883868462431,3.48867251324233,-1.6571324647281,3.56973015915104,3.23608685153144,3.26923293915989,0.414393500752711,2.07944154167984,-13.8155105579643,-13.8155105579643,-13.8155105579643,-13.8155105579643,NA,-13.8155105579643,-13.8155105579643,0.890271893015381,1.08523798428866,0.82784713538099,1.24952129515734,1.27249000726283,1.17436483799907,1.18455538221164,-0.880939271671648,0,0,1,0,0,0,-1.24918902638004,0.555532370209678,0.154561905223017,0.146825397568725,-0.256867572377515,0,0,0,0,0,0,0,0,0,1,0,0,0,0,0,0,0,0,0,0,0,0,0,0,0,0,0,0,0,0,0,0,0,7180100,0.128587399
"KGZ","2021",1656,3,"Joint statement of the Governmental delegations of the Republic of Tajikistan and the Kyrgyz Republic on the delimitation and demarcation of the Tajik-Kyrgyz state border","13324","Kyrgyzstan - Tajikistan","132, 131","Government of Kyrgyzstan, Government of Tajikistan",2021-05-02,NA,"",0,0,0,0,1,0,0,0,0,0,0,0,"4",0,929,2014-07-10,2023-11-17,2023-11-17,3417,1,0,2,"Kyrgyzstan ","KYR",0,0,1,1,"Kyrgyz Republic",703,-0.619712192690179,-0.23742947723054,-0.515488983092603,-0.381680241652003,-0.376307208012876,-0.441239556153798,0.496853429960443,0.32077111017482,0.410609060638476,0.397316256965055,-1.36171824303824,-0.361314770831619,-0.173965677369992,0.0760964343201395,-0.171821695434051,-13.8155105579643,-13.8155105579643,-13.8155105579643,-13.8155105579643,-13.8155105579643,-13.8155105579643,-13.8155105579643,-13.8155105579643,-0.69946020591621,-1.1370274626098,-0.890113707815453,-0.923022698385451,-13.8155105579643,-13.8155105579643,-2.57575387040094,-13.8155105579643,0,0,0,0,1,0,-1.24918902638004,0.555532370209678,0.154561905223017,0.146825397568725,-0.256867572377515,NA,NA,NA,NA,NA,NA,NA,NA,NA,NA,NA,NA,NA,NA,NA,NA,NA,0,0,0,0,0,0,0,0,0,0,0,0,0,0,0,0,6773400,11.50654102
"KHM","1991",1571,3,"Accord between the Cambodian People's Party (CPP) and the National United Front for an Independent, Neutral, Peaceful and Cooperative Cambodia (FUNCINPEC)","300","Cambodia (Kampuchea): Government","148, 273","Government of Cambodia (Kampuchea), FUNCINPEC",1991-11-20,NA,"False",0,0,0,0,1,0,0,0,0,0,0,0,"0",0,11685,1967-05-31,2023-11-17,2023-11-17,20624,1,1,3,"Cambodia ","CAM",1,1,1,0,"Cambodia",811,-0.54314738411991,-0.282589990588853,1.03141486138172,-0.734144047092905,-0.728526204292746,-0.441239556153798,-1.04305707226819,-1.09804681986202,-1.19633539050394,-1.03565617433014,0.415904725738966,-0.884176335973115,-0.0134468446298657,0.147479065079388,0.707501098846092,0,-13.8155105579643,-13.8155105579643,0.0309315114718908,-13.8155105579643,-13.8155105579643,-13.8155105579643,-0.877299069616974,-13.8155105579643,-13.8155105579643,-13.8155105579643,-13.8155105579643,-13.8155105579643,-13.8155105579643,-1.91406904494068,-0.346016096326597,0,0,1,0,0,0,-1.24918902638004,0.555532370209678,0.154561905223017,0.146825397568725,-0.256867572377515,0,0,0,0,0,0,0,0,0,1,0,0,0,0,0,0,0,21,25,39.68254,0,0,1,1,0,21,25,39.68254,0,0,1,1,0,9259362,NA
"KHM","1991",1113,3,"The Paris Agreement","300","Cambodia (Kampuchea): Government","154, 148, 273, 272, 270","Government of Philippines, Government of Cambodia (Kampuchea), FUNCINPEC, KPNLF, KR",1991-10-23,NA,"",1,0,1,1,1,1,0,0,0,0,0,0,"0",0,11713,1967-05-31,2023-11-17,2023-11-17,20624,1,1,3,"Cambodia ","CAM",0,0,1,0,"Cambodia",811,-0.54314738411991,-0.281362655226972,1.15146246491803,-0.734144047092905,-0.728526204292746,-0.410311549881336,-1.04305707226819,-1.09804681986202,-1.19633539050394,-1.03565617433014,0.415904725738966,-0.785611767744961,-0.0828022433162117,-0.125402356101509,1.29371629503285,-13.8155105579643,-13.8155105579643,-13.8155105579643,0.141032843063019,-13.8155105579643,-13.8155105579643,-13.8155105579643,-0.877299069616974,-13.8155105579643,-13.8155105579643,-13.8155105579643,-13.8155105579643,-13.8155105579643,-13.8155105579643,-13.8155105579643,0.257518925543661,0,1,1,0,0,0,-0.792627667841263,0.290616398249255,0.11722215235181,-0.225493012400956,0.345320234114759,0,0,0,1,6,0,3,1,4,2,1,0,1,3,0,0,0,21,25,39.68254,0,0,1,1,0,42,50,79.36508,0,0,2,2,0,9259362,NA
"LBN","1990",1640,2,"The Taif Agreement ","260","Lebanon: Government","119, 243","Government of Lebanon, Lebanese Forces",1990-04-28,NA,"",0,0,1,0,2,1,0,0,0,0,0,0,"6",0,12256,1958-05-15,2023-11-17,2023-11-17,23927,1,1,4,"Lebanon","LEB",0,0,1,0,"Lebanon",660,-0.612160835576697,-0.273611465504962,1.03141486138172,-0.39852693189746,-0.393142197130327,-0.224743512246561,0.120305971386289,-0.0447758674329247,-0.0227242745010518,0.340963408543334,-1.07657929862456,-0.338681394100686,-0.532259208315002,-0.125402356101509,1.29371629503285,-13.8155105579643,-13.8155105579643,-13.8155105579643,0.0309315114718908,-13.8155105579643,-13.8155105579643,-13.8155105579643,-13.8155105579643,-2.11771701977464,-13.8155105579643,-13.8155105579643,-1.07598011378089,-13.8155105579643,-13.8155105579643,-13.8155105579643,0.257518925543661,0,1,0,1,0,0,-0.792627667841263,0.290616398249255,0.11722215235181,-0.225493012400956,0.345320234114759,NA,NA,NA,NA,NA,NA,NA,NA,NA,NA,NA,NA,NA,NA,NA,NA,NA,18,17,31.48148,0,0,1,1,0,18,17,31.48148,0,0,1,1,0,3593700,0.036039336
"LBR","1990",1301,4,"Banjul III Agreement","341","Liberia: Government","7065, 79, 508","ECOWAS, Government of Liberia, INPFL",1990-10-24,NA,"",1,0,1,1,2,0,0,0,0,1,0,0,"0",0,12077,1980-04-12,2023-11-17,2023-11-17,15924,2,1,3,"Liberia","LBR",0,0,1,0,"Liberia",450,0.778093995259892,-0.28375658714304,-0.516085287505544,-0.687261407032829,-0.68167612729192,-0.410311549881336,-0.88007384393012,-0.881196917891324,-0.781057610995226,-0.40772443477382,2.75353030606738,0.29859857045764,-0.56564300852441,-0.687663845462089,-1.63735968590096,-13.8155105579643,-0.25090794557205,-13.8155105579643,-13.8155105579643,-13.8155105579643,-13.8155105579643,-13.8155105579643,1.01288383603985,-13.8155105579643,-13.8155105579643,-13.8155105579643,-13.8155105579643,-1.20865518137129,-13.8155105579643,-13.8155105579643,-13.8155105579643,0,0,1,0,0,0,-1.24918902638004,0.555532370209678,0.154561905223017,0.146825397568725,-0.256867572377515,0,0,0,0,0,0,0,0,1,1,0,0,0,0,0,0,0,0,0,0,0,0,0,0,0,0,0,0,0,0,0,0,0,2209731,NA
"LBR","1990",1075,4,"Bamako Ceasefire Agreement","341","Liberia: Government","7065, 7062, 79, 508, 507","ECOWAS, OAU, Government of Liberia, INPFL, NPFL",1990-11-28,1991-03-15,"True",0,0,0,1,1,0,0,0,0,0,0,0,"0",1,107,1980-04-12,2023-11-17,2023-11-17,15924,2,1,3,"Liberia","LBR",1,1,1,0,"Liberia",450,0.778093995259892,-0.280329351338669,-0.514822525219316,-0.687261407032829,-0.68167612729192,-0.441239556153798,-0.88007384393012,-0.881196917891324,-0.781057610995226,-0.40772443477382,2.75353030606738,0.846413689853535,0.610495629092088,0.390504008563029,-1.93046728399434,0,-0.25090794557205,-13.8155105579643,-13.8155105579643,-13.8155105579643,-13.8155105579643,-13.8155105579643,1.01288383603985,-13.8155105579643,-13.8155105579643,-13.8155105579643,-13.8155105579643,-0.166747043796314,-0.493484145011326,-0.940317044548862,-13.8155105579643,0,0,1,0,0,0,-1.24918902638004,0.555532370209678,0.154561905223017,0.146825397568725,-0.256867572377515,0,0,0,0,0,0,0,0,1,0,0,0,0,0,0,0,0,0,0,0,0,0,0,0,0,0,0,0,0,0,0,0,0,2209731,NA
"LBR","1990",1100,4,"Banjul IV Agreement","341","Liberia: Government","79, 508, 507","Government of Liberia, INPFL, NPFL",1990-12-21,1991-03-15,"True",1,0,1,0,1,0,0,0,0,1,0,0,"0",1,84,1980-04-12,2023-11-17,2023-11-17,15924,2,1,3,"Liberia","LBR",2,1,1,0,"Liberia",450,0.778093995259892,-0.28375658714304,-0.492318297332622,-0.687261407032829,-0.68167612729192,-0.441239556153798,-0.88007384393012,-0.881196917891324,-0.781057610995226,-0.40772443477382,2.75353030606738,-0.506814826851855,-0.91535769297071,-1.40316519572849,-1.93046728399434,0.693147180559945,-0.25090794557205,-13.8155105579643,-13.8155105579643,-13.8155105579643,-13.8155105579643,-13.8155105579643,1.01288383603985,-13.8155105579643,-13.8155105579643,-13.8155105579643,-13.8155105579643,-13.8155105579643,-13.8155105579643,-13.8155105579643,-13.8155105579643,0,0,1,0,0,0,-1.24918902638004,0.555532370209678,0.154561905223017,0.146825397568725,-0.256867572377515,0,0,0,0,0,0,0,0,1,0,0,0,0,1,0,0,0,0,0,0,0,0,0,0,0,0,0,0,0,0,0,0,0,2209731,NA
"LBR","1991",1014,4,"Lomé Agreement","341","Liberia: Government","71, 79, 508, 507","Government of Gambia, Government of Liberia, INPFL, NPFL",1991-02-13,1991-03-15,"True",1,0,1,0,1,1,0,0,1,0,1,0,"1, 6",1,30,1980-04-12,2023-11-17,2023-11-17,15924,2,1,3,"Liberia","LBR",3,1,1,0,"Liberia",450,0.659321335900956,-0.284024909727109,-0.516370912308381,-0.613336287864759,-0.60780235395319,-0.317527531063948,-0.688990058982042,-0.150102962675834,-0.0708724228498883,-0.286968331012989,2.79206259585301,-0.97324259562869,-0.670064416816511,-1.30624507230458,-0.171821695434051,1.09861228866811,-0.416544251941098,-13.8155105579643,-13.8155105579643,-13.8155105579643,-13.8155105579643,-13.8155105579643,1.02678060436694,-13.8155105579643,-13.8155105579643,-13.8155105579643,-13.8155105579643,-13.8155105579643,-13.8155105579643,-13.8155105579643,-13.8155105579643,0,2,1,0,0,1,0.809385840916867,-0.626747727420328,2.07556888597301,-0.490521440735014,-0.0178862181093805,0,0,0,0,3,0,0,0,1,0,0,0,1,0,0,0,0,0,0,0,0,0,0,0,0,0,0,0,0,0,0,0,0,1939236,NA
"LBR","1991",1062,4,"The Final Communique of the Fourth Meeting of the Committee of Five of the Economic Community of West African States of the Liberian Crisis, held in Yamoussoukro IV on the 29 and 30 October 1991 (Yamoussoukro IV Peace Agreement)","341","Liberia: Government","78, 76, 70, 72, 73, 82, 84, 80, 71, 81, 77, 7062, 79, 508, 507","Government of Burkina Faso, Government of Ivory Coast, Government of Guinea-Bissau, Government of Mali, Government of Senegal, Government of Togo, Government of Nigeria, Government of Sierra Leone, Government of Gambia, Government of Ghana, Government of Guinea, OAU, Government of Liberia, INPFL, NPFL",1991-10-30,1992-10-01,"True",1,0,0,0,2,0,0,0,0,0,0,0,"0",1,337,1980-04-12,2023-11-17,2023-11-17,15924,2,1,3,"Liberia","LBR",4,1,1,0,"Liberia",450,0.659321335900956,-0.28377438408861,-0.507847266876346,-0.613336287864759,-0.60780235395319,-0.317527531063948,-0.688990058982042,-0.150102962675834,-0.0708724228498883,-0.286968331012989,2.79206259585301,-0.908537017337537,-0.973235881099289,-1.07299672957295,0.414393500752711,1.38629436111989,-0.416544251941098,-13.8155105579643,-13.8155105579643,-13.8155105579643,-13.8155105579643,-13.8155105579643,1.02678060436694,-13.8155105579643,-13.8155105579643,-13.8155105579643,-13.8155105579643,-13.8155105579643,-13.8155105579643,-13.8155105579643,-0.880939271671648,0,0,1,0,0,0,-1.24918902638004,0.555532370209678,0.154561905223017,0.146825397568725,-0.256867572377515,0,0,0,0,0,0,0,0,1,0,0,0,0,0,0,0,0,0,0,0,0,0,0,0,0,0,0,0,0,0,0,0,0,1939236,NA
"LBR","1992",1300,4,"Final Communiqué of the ECOWAS Committee of Five on Liberia (""Geneva Agreement"")","341","Liberia: Government","7065, 76, 73, 84, 78, 79, 507","ECOWAS, Government of Ivory Coast, Government of Senegal, Government of Nigeria, Government of Burkina Faso, Government of Liberia, NPFL",1992-04-07,1992-08-16,"True",1,0,0,0,1,0,0,0,0,0,0,0,"0",1,131,1980-04-12,2023-11-17,2023-11-17,15924,2,1,3,"Liberia","LBR",5,1,1,0,"Liberia",450,0.368334616448942,-0.282902574346901,-0.0157407863952195,-0.697265886269217,-0.69167365776327,-0.379383543608873,-0.688990058982042,-0.143907251190957,-0.0708724228498883,-0.270867517178211,2.7792184992578,-0.338681394100686,-0.0828022433162117,-0.545560413978547,-1.63735968590096,1.6094379124341,-0.998763470132674,-13.8155105579643,-13.8155105579643,-13.8155105579643,-13.8155105579643,-13.8155105579643,1.02216977280732,-13.8155105579643,-13.8155105579643,-13.8155105579643,-13.8155105579643,-13.8155105579643,-13.8155105579643,-13.8155105579643,-13.8155105579643,0,0,1,0,0,0,-1.24918902638004,0.555532370209678,0.154561905223017,0.146825397568725,-0.256867572377515,0,0,0,0,0,0,0,0,1,1,0,0,0,0,0,0,0,0,0,0,0,0,0,0,0,0,0,0,0,0,0,0,0,2052626,NA
"LBR","1993",1015,4,"Cotonou Peace Agreement","341","Liberia: Government","697, 79, 507","ULIMO, Government of Liberia, NPFL",1993-07-25,1994-12-31,"True",1,0,1,1,1,0,0,1,1,0,0,1,"1, 7",1,524,1980-04-12,2023-11-17,2023-11-17,15924,2,1,3,"Liberia","LBR",6,1,1,0,"Liberia",450,0.717730835150383,-0.28375658714304,0.23534345914444,-0.685832190777823,-0.680247903721062,-0.131959493429173,-0.666509613694033,-0.131515828221203,-0.0648539043062837,-0.2789179240956,2.71756683560079,0.846413689853535,0.466520037256509,-0.0528059732027191,-1.93046728399434,1.79175946922805,-0.331660661625666,-13.8155105579643,-1.44670930355671,-13.8155105579643,-13.8155105579643,-13.8155105579643,0.999736934228097,-13.8155105579643,-13.8155105579643,-13.8155105579643,-13.8155105579643,-0.166747043796314,-0.762454307298816,-13.8155105579643,-13.8155105579643,0,2,1,0,0,1,1.65832555547973,-1.6756000242331,0.866637177303513,0.292326473326256,-0.713887218397504,0,0,0,0,1,0,0,0,1,1,0,0,1,1,0,0,0,0,0,0,0,0,0,0,0,0,0,0,0,0,0,0,0,2132771,NA
"LBR","1994",1016,4,"Akosombo Peace Agreement","341","Liberia: Government","696, 7065, 7052, 81, 79, 507","ULIMO - K, ECOWAS, United Nations, Government of Ghana, Government of Liberia, NPFL",1994-09-12,1994-12-31,"True",1,0,1,1,1,0,0,1,1,1,0,1,"1, 7",1,110,1980-04-12,2023-11-17,2023-11-17,15924,2,1,3,"Liberia","LBR",7,1,1,0,"Liberia",450,0.896662512321926,-0.257624427823084,0.0850597141990247,-0.780193912050681,-0.774544084608037,-0.255671518519023,-0.857593398642111,-0.261625769403621,-0.17920575663477,-0.34332117943471,2.61224524352006,0.631319155160755,-0.70150729936341,-1.25120665925743,-1.63735968590096,1.94591014905531,-0.109075728163319,-13.8155105579643,-2.46440174915495,-13.8155105579643,-13.8155105579643,-13.8155105579643,0.960210098094004,-13.8155105579643,-13.8155105579643,-13.8155105579643,-13.8155105579643,-0.459943751663121,-13.8155105579643,-13.8155105579643,-13.8155105579643,0,2,1,0,0,1,1.65832555547973,-1.6756000242331,0.866637177303513,0.292326473326256,-0.713887218397504,0,0,0,0,1,1,0,0,1,1,0,0,0,1,1,0,0,0,0,0,0,0,0,0,0,0,0,0,0,0,0,0,0,2125198,NA
"LBR","1994",1299,4,"Agreement on the clarification of the Akosombo Agreement","341","Liberia: Government","696, 79, 507","ULIMO - K, Government of Liberia, NPFL",1994-12-21,NA,"",1,0,0,1,2,0,0,1,0,1,0,0,"0",0,10558,1980-04-12,2023-11-17,2023-11-17,15924,2,1,3,"Liberia","LBR",8,1,1,0,"Liberia",450,0.896662512321926,-0.257624427823084,0.0850597141990247,-0.780193912050681,-0.774544084608037,-0.348455537336411,-0.857593398642111,-0.261625769403621,-0.17920575663477,-0.34332117943471,2.61224524352006,-0.401770878674737,0.184327881472304,-0.0768429207682717,-0.464929293527432,2.07944154167984,-0.109075728163319,-13.8155105579643,-2.46440174915495,-13.8155105579643,-13.8155105579643,-13.8155105579643,0.960210098094004,-13.8155105579643,-13.8155105579643,-13.8155105579643,-13.8155105579643,-13.8155105579643,-1.69103914266491,-13.8155105579643,-13.8155105579643,0,1,1,0,0,1,0.0563120467215981,-0.758235898563517,-1.09170955631769,0.557354901660314,-0.350680766173364,0,0,0,0,0,0,0,0,1,1,0,0,0,0,0,0,0,0,0,0,0,0,0,0,0,0,0,0,0,0,0,0,0,2125198,NA
"LBR","1995",1017,4,"Abuja Agreement to Supplement the Cotonou and Akosombo, Agreements as subsequently clarified by the Accra Agreement (""Abuja Peace Agreement"")","341","Liberia: Government","696, 695, 1116, 79, 507","ULIMO - K, ULIMO - J, LDF, Government of Liberia, NPFL",1995-08-19,1996-04-01,"True",1,0,1,1,1,0,0,0,0,0,0,0,"0",1,226,1980-04-12,2023-11-17,2023-11-17,15924,2,1,3,"Liberia","LBR",9,1,1,0,"Liberia",450,0.795150370346937,-0.283518931304043,0.0846488153598554,-0.709431061053661,-0.703830383038326,-0.317527531063948,-0.874453732608118,-0.360757153161654,-0.215316867896398,-0.335270772517321,2.47096018097274,-1.11763538942759,-0.890552753208655,-2.41144102581438,0.707501098846092,2.19722457733622,-0.229224037122996,-13.8155105579643,-2.46924416506848,-13.8155105579643,-13.8155105579643,-13.8155105579643,0.904606812337068,-13.8155105579643,-13.8155105579643,-13.8155105579643,-13.8155105579643,-13.8155105579643,-13.8155105579643,-13.8155105579643,-0.346016096326597,0,0,1,0,0,0,-1.24918902638004,0.555532370209678,0.154561905223017,0.146825397568725,-0.256867572377515,0,0,0,0,2,1,0,0,1,1,0,0,0,0,0,0,0,0,0,0,0,0,0,0,0,0,0,0,0,0,0,0,0,2142422,NA
"LBR","1996",1018,4,"Supplement to the Abuja Accord (""Abuja II Peace Agreement"")","341","Liberia: Government","696, 695, 1116, 84, 81, 7062, 7052, 79, 507","ULIMO - K, ULIMO - J, LDF, Government of Nigeria, Government of Ghana, OAU, United Nations, Government of Liberia, NPFL",1996-08-17,NA,"",1,0,1,1,1,0,0,0,0,0,0,0,"0",0,9953,1980-04-12,2023-11-17,2023-11-17,15924,2,1,3,"Liberia","LBR",10,1,1,0,"Liberia",450,0.870253749016011,-0.136374815622614,0.0845385742078832,-0.640243728888676,-0.634691105999797,-0.410311549881336,-0.964375513760154,-0.528041363253333,-0.239390942070816,-0.40772443477382,2.30398692523499,-1.01559577490299,-0.94415136380434,-1.30624507230458,-1.63735968590096,2.30258509299405,-0.138970444323986,-13.8155105579643,-2.47054734928163,-13.8155105579643,-13.8155105579643,-13.8155105579643,0.834641068006342,-13.8155105579643,-13.8155105579643,-13.8155105579643,-13.8155105579643,-13.8155105579643,-13.8155105579643,-13.8155105579643,-13.8155105579643,0,0,1,0,0,0,-1.24918902638004,0.555532370209678,0.154561905223017,0.146825397568725,-0.256867572377515,0,0,0,0,0,0,0,0,1,0,0,0,0,0,0,0,0,0,0,0,0,0,0,0,0,0,0,0,0,0,0,0,0,2203966,NA
"LBR","2003",1141,4,"Agreement on Ceasefire and Cessation of Hostilities Between the Government of the Republic of Liberia and Liberians United for Reconciliation and Democracy and the Movement for Democracy in Liberia (""Accra Ceasefire Agreement"")","341","Liberia: Government","7065, 4231, 7052, 7053, 7385, 79, 510, 509","ECOWAS, African Union, United Nations, European Union, ICGL, Government of Liberia, MODEL, LURD",2003-06-17,NA,"",1,0,1,1,1,0,0,1,0,0,0,0,"0",0,7458,1980-04-12,2023-11-17,2023-11-17,15924,2,1,3,"Liberia","LBR",11,1,1,0,"Liberia",450,0.0486248850354668,-0.285610583279717,-0.346744856153292,-0.729507538512207,-0.723892916070446,-0.348455537336411,-0.0988783701718008,-0.335974307222145,-0.137076126829538,-0.0937585649956587,0.914255673633156,-0.662014939324364,-0.742874936940515,-0.648807870081672,-0.758036891620813,2.39789527279837,-3.02361984135549,-13.8155105579643,-13.8155105579643,-13.8155105579643,-13.8155105579643,-13.8155105579643,-0.0896450161932251,-13.8155105579643,-13.8155105579643,-13.8155105579643,-13.8155105579643,-13.8155105579643,-13.8155105579643,-13.8155105579643,-13.8155105579643,0,1,1,0,0,1,0.0563120467215981,-0.758235898563517,-1.09170955631769,0.557354901660314,-0.350680766173364,0,0,0,0,1,1,1,0,1,1,0,0,1,0,0,0,0,27,34,41.97531,2,0,1,0,0,27,34,41.97531,2,0,1,0,0,3085173,34.17766875
"LBR","2003",1101,4,"Comprehensive Peace Agreement Between the Government of Liberia and the Liberians United for Reconciliation and Democracy (LURD) and the Movement for Democracy in Liberia (MODEL) and Political Parties (""Accra Peace Agreement"")","341","Liberia: Government","7065, 7052, 4231, 79, 510, 509","ECOWAS, United Nations, African Union, Government of Liberia, MODEL, LURD",2003-08-18,NA,"",1,0,1,1,1,1,0,1,1,0,1,0,"1, 3, 6",0,7396,1980-04-12,2023-11-17,2023-11-17,15924,2,1,3,"Liberia","LBR",12,1,1,0,"Liberia",450,0.0486248850354668,-0.285610583279717,-0.346744856153292,-0.729507538512207,-0.723892916070446,0.764952688472239,-0.0988783701718008,-0.335974307222145,-0.137076126829538,-0.0937585649956587,0.914255673633156,-0.662014939324364,-0.742874936940515,-0.648807870081672,-0.758036891620813,2.484906649788,-3.02361984135549,-13.8155105579643,-13.8155105579643,-13.8155105579643,-13.8155105579643,-0.267941292202419,-0.0896450161932251,-13.8155105579643,-13.8155105579643,-13.8155105579643,-13.8155105579643,-13.8155105579643,-13.8155105579643,-13.8155105579643,-13.8155105579643,0,3,1,0,0,1,2.11488691401851,-1.94051599619352,0.829297424432305,-0.079991936643424,-0.11169941190523,3,1,0,0,3,1,1,0,1,1,0,0,1,1,1,0,0,27,34,41.97531,2,0,1,0,0,54,68,83.95062,4,0,2,0,0,3085173,34.17766875
"MAC","2001",1098,1,"The Ohrid Agreement","417","Macedonia, FYR: Government","7053, 3, 47, 361","European Union, Government of United States of America, Government of North Macedonia, UCK",2001-08-13,NA,"",0,1,1,0,1,1,0,0,0,0,1,0,"2, 6",0,8131,2001-05-03,2023-11-17,2023-11-17,8233,1,0,3,"Macedonia","MAC",0,0,1,0,"Macao SAR, China",NA,-0.62549304464921,-0.266617089390633,-0.516015134045198,-0.884706400132149,NA,-0.131959493429173,1.05886456216067,0.432293916902607,0.849960914321609,0.0591991664347275,-0.534558422306652,0.846413689853535,-0.339331905601243,-0.0528059732027191,-0.171821695434051,-13.8155105579643,-13.8155105579643,-13.8155105579643,-13.8155105579643,-13.8155105579643,NA,-13.8155105579643,-13.8155105579643,0.0571971662408106,-0.838649558879665,-0.16256491370608,-2.82684781768578,-0.166747043796314,-13.8155105579643,-13.8155105579643,-13.8155105579643,0,1,1,0,0,0,-0.792627667841263,0.290616398249255,0.11722215235181,-0.225493012400956,0.345320234114759,1,1,0,0,2,1,1,0,1,0,0,0,0,1,2,0,0,0,0,0,0,0,0,0,0,0,0,0,0,0,0,0,0,439122,0.001251563
"MDA","1997",1123,1,"Memorandum on the Basis for Normalization of Relations between the Republic of Moldova and Transdniestria","394","Moldova: Dniestr","57, 61, 7078, 55, 344","Government of Russia (Soviet Union), Government of Ukraine, OSCE, Government of Moldova, PMR",1997-05-08,NA,"",0,1,0,0,1,1,0,0,0,0,0,0,"0",0,9689,1992-03-17,2023-11-17,2023-11-17,11567,1,0,3,"Moldova","MLD",0,0,1,0,"Moldova",359,-0.615701845885596,-0.275785529179864,-0.507847266876346,-0.78198323561008,-0.776332165365217,-0.410311549881336,1.57029469246288,1.35545492814928,0.458757208987313,1.90274235051675,-0.963551248586701,3.07867862296993,1.30928416096219,1.49671903998036,-1.05114448971419,-13.8155105579643,-13.8155105579643,-13.8155105579643,-13.8155105579643,-13.8155105579643,-13.8155105579643,-13.8155105579643,-13.8155105579643,0.451263303952019,0.304137138315066,-0.779234165323066,0.643296187932213,1.12450048641445,0.269480545845619,0.403275405779162,-13.8155105579643,0,1,1,0,0,0,-0.792627667841263,0.290616398249255,0.11722215235181,-0.225493012400956,0.345320234114759,0,0,0,0,0,0,0,0,1,1,0,0,0,0,0,0,0,0,0,0,0,0,0,0,0,0,0,0,0,0,0,0,0,2936413,0.262545842
"MEX","1995",1610,5,"Protocol on the negotiating principles for the peace agreement concluded
between the Government and the Zapatista National Liberation Army
(Ejército zapatista de liberación nacional, EZLN)","400","Mexico: Government","10, 767","Government of Mexico, EZLN",1995-09-11,1996-09-30,"True",0,0,0,0,1,1,0,0,0,0,0,0,"0",1,385,1994-01-01,2023-11-17,2023-11-17,10912,1,0,3,"Mexico","MEX",0,0,1,0,"Mexico",70,-0.624813842240823,0.80706212818109,-0.32306806328653,-0.45641562376065,-0.450990681511587,-0.286599524791486,0.923981890432617,0.475663897296746,0.699497950731495,0.453669105386776,-1.00722117701042,-0.00932834884026665,0.696880939742988,0.696635625518809,-1.05114448971419,-13.8155105579643,-13.8155105579643,-0.214354627081836,-13.8155105579643,-13.8155105579643,-13.8155105579643,-13.8155105579643,-13.8155105579643,-0.0790628066314171,-0.743043772271482,-0.357392414499913,-0.790387189436207,-13.8155105579643,-0.361140700971968,-0.361492780355634,-13.8155105579643,0,1,1,0,0,0,-0.792627667841263,0.290616398249255,0.11722215235181,-0.225493012400956,0.345320234114759,0,0,0,0,2,1,0,0,0,1,0,0,0,0,0,0,0,0,0,0,0,0,0,0,0,0,0,0,0,0,0,0,0,89969572,3.70622015
"MEX","1996",1070,5,"The San Andrés Accords","400","Mexico: Government","10, 767","Government of Mexico, EZLN",1996-02-16,1996-09-30,"True",0,1,0,0,2,1,0,1,0,0,0,0,"2, 3",1,227,1994-01-01,2023-11-17,2023-11-17,10912,1,0,3,"Mexico","MEX",1,1,1,0,"Mexico",70,-0.624510490603368,0.902707743537627,-0.343853531394748,-0.524702661781296,-0.519230289718932,-0.131959493429173,1.04762433951667,0.543816723630393,0.783757210341959,0.526122767643274,-1.03804700883893,1.05426040556723,0.597328066950225,0.696635625518809,-0.758036891620813,0,-13.8155105579643,-0.102356428518712,-13.8155105579643,-13.8155105579643,-13.8155105579643,-13.8155105579643,-13.8155105579643,0.046525066978954,-0.609142993982654,-0.243655987278972,-0.642220694916276,0.0528394837093918,-0.515288790643815,-0.361492780355634,-13.8155105579643,0,2,1,0,0,1,0.512873405260378,-1.02315187052394,-1.1290493091889,0.185036491690634,0.25150704031891,2,1,0,1,3,2,0,0,0,2,1,0,0,0,0,0,0,0,0,0,0,0,0,0,0,0,0,0,0,0,0,0,0,91586555,4.114738505
"MEX","1996",1618,5,"Actions and Measures for the Chiapas Joint Commitments and Proposals From the State and Federal Governments, and the EZLN","400","Mexico: Government","10, 767","Government of Mexico, EZLN",1996-02-16,1996-09-30,"True",0,1,0,0,2,1,0,1,0,0,0,0,"2, 3, 4",1,227,1994-01-01,2023-11-17,2023-11-17,10912,1,0,3,"Mexico","MEX",1,1,1,0,"Mexico",70,-0.624510490603368,0.902707743537627,-0.343853531394748,-0.524702661781296,-0.519230289718932,-0.224743512246561,1.04762433951667,0.543816723630393,0.783757210341959,0.526122767643274,-1.03804700883893,1.05426040556723,0.597328066950225,0.696635625518809,-0.758036891620813,0,-13.8155105579643,-0.102356428518712,-13.8155105579643,-13.8155105579643,-13.8155105579643,-13.8155105579643,-13.8155105579643,0.046525066978954,-0.609142993982654,-0.243655987278972,-0.642220694916276,0.0528394837093918,-0.515288790643815,-0.361492780355634,-13.8155105579643,0,2,1,0,0,1,0.512873405260378,-1.02315187052394,-1.1290493091889,0.185036491690634,0.25150704031891,0,0,0,1,0,0,0,0,0,1,0,0,0,0,0,0,0,0,0,0,0,0,0,0,0,0,0,0,0,0,0,0,0,91586555,4.114738505
"MEX","1996",1617,5,"Commitments for Chiapas by the State and Federal Governments and the EZLN under Paragraph 1,3 of the Rules of Procedure","400","Mexico: Government","10, 767","Government of Mexico, EZLN",1996-02-16,1996-09-30,"True",0,1,0,0,2,1,0,1,0,0,0,0,"2, 3, 4",1,227,1994-01-01,2023-11-17,2023-11-17,10912,1,0,3,"Mexico","MEX",1,1,1,0,"Mexico",70,-0.624510490603368,0.902707743537627,-0.343853531394748,-0.524702661781296,-0.519230289718932,-0.255671518519023,1.04762433951667,0.543816723630393,0.783757210341959,0.526122767643274,-1.03804700883893,1.05426040556723,0.597328066950225,0.696635625518809,-0.758036891620813,0,-13.8155105579643,-0.102356428518712,-13.8155105579643,-13.8155105579643,-13.8155105579643,-13.8155105579643,-13.8155105579643,0.046525066978954,-0.609142993982654,-0.243655987278972,-0.642220694916276,0.0528394837093918,-0.515288790643815,-0.361492780355634,-13.8155105579643,0,2,1,0,0,1,0.512873405260378,-1.02315187052394,-1.1290493091889,0.185036491690634,0.25150704031891,1,1,0,1,0,0,0,0,0,1,0,0,0,0,0,0,0,0,0,0,0,0,0,0,0,0,0,0,0,0,0,0,0,91586555,4.114738505
"MEX","1996",1616,5,"Joint Proposals That the Federal Government and the EZLN Agree to Remit to the National Debating and Decision-Making Bodies in Accordance with Paragraph 1.4 of the Rules of Procedure","400","Mexico: Government","10, 767","Government of Mexico, EZLN",1996-02-16,1996-09-30,"True",0,1,0,0,2,1,0,1,0,0,0,0,"2, 3, 4",1,227,1994-01-01,2023-11-17,2023-11-17,10912,1,0,3,"Mexico","MEX",1,1,1,0,"Mexico",70,-0.624510490603368,0.902707743537627,-0.343853531394748,-0.524702661781296,-0.519230289718932,0.641240663382389,1.04762433951667,0.543816723630393,0.783757210341959,0.526122767643274,-1.03804700883893,1.05426040556723,0.597328066950225,0.696635625518809,-0.758036891620813,0,-13.8155105579643,-0.102356428518712,-13.8155105579643,-13.8155105579643,-13.8155105579643,-0.44435044263062,-13.8155105579643,0.046525066978954,-0.609142993982654,-0.243655987278972,-0.642220694916276,0.0528394837093918,-0.515288790643815,-0.361492780355634,-13.8155105579643,0,2,1,0,0,1,0.512873405260378,-1.02315187052394,-1.1290493091889,0.185036491690634,0.25150704031891,NA,NA,NA,NA,NA,NA,NA,NA,NA,NA,NA,NA,NA,NA,NA,NA,NA,0,0,0,0,0,0,0,0,0,0,0,0,0,0,0,0,91586555,4.114738505
"MEX","1996",1615,5,"Joint Declaration that the Federal Government and the Ezln Shall Submit to National Debating and Decision-Making Bodies","400","Mexico: Government","10, 767","Government of Mexico, EZLN",1996-02-16,1996-09-30,"True",0,1,0,0,2,1,0,1,0,0,0,0,"2, 3, 4",1,227,1994-01-01,2023-11-17,2023-11-17,10912,1,0,3,"Mexico","MEX",1,1,1,0,"Mexico",70,-0.624510490603368,0.902707743537627,-0.343853531394748,-0.524702661781296,-0.519230289718932,-0.193815505974098,1.04762433951667,0.543816723630393,0.783757210341959,0.526122767643274,-1.03804700883893,1.05426040556723,0.597328066950225,0.696635625518809,-0.758036891620813,0,-13.8155105579643,-0.102356428518712,-13.8155105579643,-13.8155105579643,-13.8155105579643,-13.8155105579643,-13.8155105579643,0.046525066978954,-0.609142993982654,-0.243655987278972,-0.642220694916276,0.0528394837093918,-0.515288790643815,-0.361492780355634,-13.8155105579643,0,2,1,0,0,1,0.512873405260378,-1.02315187052394,-1.1290493091889,0.185036491690634,0.25150704031891,0,0,0,1,2,1,0,0,0,1,0,1,0,0,0,0,0,0,0,0,0,0,0,0,0,0,0,0,0,0,0,0,0,91586555,4.114738505
"MLI","1991",1039,4,"Tamanrasset Accord","372","Mali: Azawad","109, 72, 521","Government of Algeria, Government of Mali, MPA",1991-01-06,1994-09-01,"True",1,1,1,0,2,0,0,1,0,0,0,0,"0",1,1334,1990-07-21,2023-11-17,2023-11-17,12172,1,1,4,"Mali","MLI",0,0,1,0,"Mali",432,-0.597447327224204,-0.277708187628538,-0.451333643606219,-0.127978332058793,-0.122781510985839,-0.410311549881336,-0.655269391050028,-0.317387172767514,-0.137076126829538,0.010896724930395,1.28159683625619,-1.04897772144073,-0.138177470678151,-0.0768429207682717,-0.758036891620813,-13.8155105579643,-13.8155105579643,-13.8155105579643,-13.8155105579643,-13.8155105579643,-13.8155105579643,-13.8155105579643,0.248106828739797,-13.8155105579643,-13.8155105579643,-13.8155105579643,-4.5192929999971,-13.8155105579643,-13.8155105579643,-13.8155105579643,-13.8155105579643,0,1,0,1,0,1,0.0563120467215981,-0.758235898563517,-1.09170955631769,0.557354901660314,-0.350680766173364,0,0,0,0,0,0,0,0,0,0,0,0,0,0,0,0,0,0,0,0,0,0,0,0,0,0,0,0,0,0,0,0,0,9123969,4.097279799
"MLI","1991",1041,4,"Mopti Accord","372","Mali: Azawad","72, 521","Government of Mali, MPA",1991-12-18,1994-09-01,"True",0,0,1,0,2,1,0,0,0,0,0,0,"0",1,988,1990-07-21,2023-11-17,2023-11-17,12172,1,1,4,"Mali","MLI",1,1,1,0,"Mali",432,-0.597447327224204,-0.277708187628538,-0.451333643606219,-0.127978332058793,-0.122781510985839,-0.410311549881336,-0.655269391050028,-0.317387172767514,-0.137076126829538,0.010896724930395,1.28159683625619,-0.575049363446875,-0.807078404788388,-0.842711714579971,0.12128590265933,0,-13.8155105579643,-13.8155105579643,-13.8155105579643,-13.8155105579643,-13.8155105579643,-13.8155105579643,0.248106828739797,-13.8155105579643,-13.8155105579643,-13.8155105579643,-4.5192929999971,-13.8155105579643,-13.8155105579643,-13.8155105579643,-2.10960468858796,0,1,0,1,0,0,-0.792627667841263,0.290616398249255,0.11722215235181,-0.225493012400956,0.345320234114759,NA,NA,NA,NA,NA,NA,NA,NA,NA,NA,NA,NA,NA,NA,NA,NA,NA,0,0,0,0,0,0,0,0,0,0,0,0,0,0,0,0,9123969,4.097279799
"MLI","1992",1040,4,"Pacte National","372","Mali: Azawad","935, 522, 934, 72, 521","ARLA, FIAA, FPLA, Government of Mali, MPA",1992-04-11,1994-09-01,"True",0,1,1,0,2,1,0,1,1,0,1,1,"1, 3, 6, 7, 8",1,873,1990-07-21,2023-11-17,2023-11-17,12172,1,1,4,"Mali","MLI",2,1,1,0,"Mali",432,-0.489681181050632,-0.277820116813755,-0.451388764182205,-0.204435518808591,-0.199185593219786,-0.410311549881336,0.817199775314573,0.88458085529863,1.24718313819951,1.21845776253871,1.23792690783247,-0.401770878674737,-0.532259208315002,-0.664871655266135,0.12128590265933,0.693147180559945,-13.8155105579643,-13.8155105579643,-13.8155105579643,-13.8155105579643,-13.8155105579643,-13.8155105579643,0.213438131996402,-0.201871690984164,-0.122641355994824,0.220887518945463,0.197585929993375,-13.8155105579643,-13.8155105579643,-13.8155105579643,-2.10960468858796,0,3,0,1,0,1,2.11488691401851,-1.94051599619352,0.829297424432305,-0.079991936643424,-0.11169941190523,NA,NA,NA,NA,NA,NA,NA,NA,NA,NA,NA,NA,NA,NA,NA,NA,NA,16,10,20.83333,0,0,1,1,0,16,10,20.83333,0,0,1,1,0,9310572,4.326674363
"MLI","2013",1609,4,"Preliminary agreement for the presidential election and inclusive peace negotiations in Mali (""Ouagadougou Preliminary Agreement"")","372","Mali: Azawad","78, 84, 4231, 7065, 7052, 7066, 7053, 72, 1158","Government of Burkina Faso, Government of Nigeria, African Union, ECOWAS, United Nations, OIC, European Union, Government of Mali, CMA",2013-06-18,2013-09-27,"True",1,0,1,0,2,1,0,0,0,1,0,0,"0",1,101,1990-07-21,2023-11-17,2023-11-17,12172,1,1,4,"Mali","MLI",3,1,1,1,"Mali",432,-0.333956858080299,-0.246740084462943,-0.445335522746639,0.612038030379632,0.616720861698057,-0.193815505974098,0.0360043015562545,-0.0571672904026788,0.536997950054172,0.42951788463461,0.11792168473007,0.214203596632805,0.602789915228761,0.662534292247698,2.173039089313,1.09861228866811,-13.8155105579643,-13.8155105579643,-13.8155105579643,-0.490960857257302,-0.483338769604748,-13.8155105579643,-2.13773456358355,-3.32411685999038,-13.8155105579643,-0.621761001884335,-0.845091897831968,-1.54082833010663,-0.506186542249038,-0.411682960578041,0.776126689751707,0,1,0,1,0,0,-0.792627667841263,0.290616398249255,0.11722215235181,-0.225493012400956,0.345320234114759,0,0,0,0,1,1,0,0,1,1,0,0,0,1,0,0,0,0,0,0,0,0,0,0,0,16,10,20.83333,0,0,1,1,0,17004033,8.513155748
"MLI","2015",30,4,"Accord for peace and reconciliation in Mali emanating from the Algiers process","372","Mali: Azawad","72, 1158","Government of Mali, CMA",2015-06-20,NA,"",1,1,1,1,1,1,1,1,0,1,1,1,"2, 3, 6, 7, 8",0,3072,1990-07-21,2023-11-17,2023-11-17,12172,1,1,4,"Mali","MLI",5,1,1,1,"Mali",432,-0.331304916092492,-0.238816706004562,-0.437338028267199,0.566505874356138,0.57122033073434,0.301032594385301,1.32862990561678,0.965125104602031,1.40968313887683,1.39556671472126,0.0408571051588035,0.540785763123892,0.54262138475154,0.655283279803884,1.00060869693947,1.6094379124341,-13.8155105579643,-13.8155105579643,-13.8155105579643,-0.568267829007136,-0.559980275567876,-1.20053673310152,-3.19767453990465,0.28414826511564,-0.0354975439713146,0.343364954934983,0.333300579889326,-0.614732080184426,-0.611343467901892,-0.422687648592767,0.000608511758633764,0,3,0,1,0,1,2.82050096247064,1.01011472453394,-2.25192341140455,-2.43756949517657,-0.997317569667489,1,1,0,0,3,1,1,0,1,0,0,0,0,1,3,0,0,0,0,0,0,0,0,0,0,16,10,20.83333,0,0,1,1,0,18112907,7.427110005
"MLI","2015",1517,4,"Summary of Conclusions of the Preparatory Consultations for Implementation of the Agreement for Peace and Reconciliation in Mali stemming from the Algiers Process","372","Mali: Azawad","87, 72, 1158","Government of Chad, Government of Mali, CMA",2015-06-05,NA,"",0,0,1,0,2,1,0,0,0,0,0,1,"7",0,3087,1990-07-21,2023-11-17,2023-11-17,12172,1,1,4,"Mali","MLI",4,1,1,1,"Mali",432,-0.331304916092492,-0.238816706004562,-0.437338028267199,0.566505874356138,0.57122033073434,-0.379383543608873,1.32862990561678,0.965125104602031,1.40968313887683,1.39556671472126,0.0408571051588035,0.540785763123892,0.54262138475154,0.655283279803884,1.00060869693947,1.38629436111989,-13.8155105579643,-13.8155105579643,-13.8155105579643,-0.568267829007136,-0.559980275567876,-13.8155105579643,-3.19767453990465,0.28414826511564,-0.0354975439713146,0.343364954934983,0.333300579889326,-0.614732080184426,-0.611343467901892,-0.422687648592767,0.000608511758633764,0,1,0,1,0,0,-0.792627667841263,0.290616398249255,0.11722215235181,-0.225493012400956,0.345320234114759,0,0,0,0,0,0,0,0,0,0,0,0,0,1,0,0,0,0,0,0,0,0,0,0,0,16,10,20.83333,0,0,1,1,0,18112907,7.427110005
"MMR","2011",1613,3,"Kalo Htoo Baw (DKBA-5) Government Union Level peace agreement","221","Myanmar (Burma): Karen","144, 1107","Government of Myanmar (Burma), DKBA 5",2011-12-11,2014-10-13,"True",0,0,0,0,2,1,0,0,0,0,0,0,"0",1,1037,1948-12-31,2023-11-17,2023-11-17,27349,1,1,3,"Myanmar ","MYA",0,0,1,1,"Myanmar",775,0.165529737771337,-0.0571141596349959,-0.515579180398762,-0.508835066433227,-0.503373715453439,-0.441239556153798,-0.694610170304044,-0.63956416998112,-0.251427979158025,-0.464077283195541,-0.560246615497074,-1.08909101016847,-0.728680146522779,-0.492122715747798,0.12128590265933,-13.8155105579643,-1.79860441588738,-13.8155105579643,-13.8155105579643,-13.8155105579643,-13.8155105579643,-13.8155105579643,-13.8155105579643,-13.8155105579643,-13.8155105579643,-13.8155105579643,-13.8155105579643,-13.8155105579643,-13.8155105579643,-13.8155105579643,-2.10960468858796,0,1,1,0,0,0,-0.792627667841263,0.290616398249255,0.11722215235181,-0.225493012400956,0.345320234114759,0,0,0,0,1,1,0,0,0,0,0,0,0,0,0,0,0,0,0,0,0,0,0,0,0,0,0,0,0,0,0,0,0,49794522,7.361463351
"MMR","2012",1518,3,"UWSA Government 6-point Union-level Peace Agreement","422","Myanmar (Burma): Wa","144, 364","Government of Myanmar (Burma), UWSA",2012-12-26,NA,"",0,0,0,0,2,1,0,0,0,0,0,0,"3, 8",0,3978,1997-03-16,2023-11-17,2023-11-17,9742,1,0,3,"Myanmar ","MYA",0,0,1,1,"Myanmar",775,0.166956825977725,-0.031822432155131,0.870958864686143,-0.37668362569939,-0.371314062536778,-0.441239556153798,-0.115738704137808,-0.435105690980178,0.193942393068712,-0.174262634169546,-0.603916543920792,-0.307114242763318,-0.619988730393165,-0.3539260682927,0.414393500752711,-13.8155105579643,-1.79002002706876,-13.8155105579643,-0.138160530930151,-13.8155105579643,-13.8155105579643,-13.8155105579643,-13.8155105579643,-13.8155105579643,-13.8155105579643,-1.64019410695988,-13.8155105579643,-13.8155105579643,-13.8155105579643,-13.8155105579643,-0.880939271671648,0,1,1,0,0,0,-0.792627667841263,0.290616398249255,0.11722215235181,-0.225493012400956,0.345320234114759,0,0,0,0,2,1,0,0,0,0,0,0,0,0,0,0,0,0,0,0,0,0,0,0,0,0,0,0,0,0,0,0,0,50218185,5.956239576
"MMR","2015",1485,3,"Nationwide Ceasefire Agreement (NCA) ","221","Myanmar (Burma): Karen, Myanmar (Burma): Government, Myanmar (Burma): Shan","2649, 2685, 2663, 1048, 144, 1107, 185, 180, 256","CNF, KNU-PC, PNO, ALP, Government of Myanmar (Burma), DKBA 5, ABSDF, KNU, RCSS",2015-10-15,NA,"",0,0,0,0,2,1,0,1,0,0,0,1,"7",0,2955,1948-12-31,2023-11-17,2023-11-17,27349,1,1,3,"Myanmar ","MYA",2,1,1,1,"Myanmar",775,0.236481587112736,0.01594754353893,0.870958864686143,0.52248166691861,0.527226700987688,-0.101031487156711,0.283289199724355,-0.081950136342187,0.49486832024894,0.10750160793906,-0.716944593958649,0.162485582516339,-0.532259208315002,-0.190698536993243,0.12128590265933,0.693147180559945,-1.44188492984117,-4.13845047171049,-0.138160530930151,-0.649165382995852,-0.640124650286345,-13.8155105579643,-13.8155105579643,-1.26128699597736,-13.8155105579643,-0.703463571502074,-2.23024947395363,-1.81716600412484,-13.8155105579643,-13.8155105579643,-2.10960468858796,0,2,1,0,0,1,0.512873405260378,-1.02315187052394,-1.1290493091889,0.185036491690634,0.25150704031891,0,0,0,1,3,1,0,0,1,1,1,0,1,1,0,0,0,0,0,0,0,0,0,0,0,0,0,0,0,0,0,0,0,51483949,6.613179093
"MMR","2015",1611,3,"Deed of Commitment for Peace and National Reconciliation","221","Myanmar (Burma): Karen, Myanmar (Burma): Shan","144, 180, 1107, 256","Government of Myanmar (Burma), KNU, DKBA 5, RCSS",2015-02-12,NA,"",0,0,0,0,2,0,0,0,0,0,0,0,"0",0,3200,1948-12-31,2023-11-17,2023-11-17,27349,1,1,3,"Myanmar ","MYA",1,1,1,1,"Myanmar",775,0.236481587112736,0.01594754353893,-0.45150401629563,0.52248166691861,0.527226700987688,-0.441239556153798,0.283289199724355,-0.081950136342187,0.49486832024894,0.10750160793906,-0.716944593958649,0.162485582516339,-0.532259208315002,-0.190698536993243,0.12128590265933,0,-1.44188492984117,-4.13845047171049,-13.8155105579643,-0.649165382995852,-0.640124650286345,-13.8155105579643,-13.8155105579643,-1.26128699597736,-13.8155105579643,-0.703463571502074,-2.23024947395363,-1.81716600412484,-13.8155105579643,-13.8155105579643,-2.10960468858796,0,0,1,0,0,0,-1.24918902638004,0.555532370209678,0.154561905223017,0.146825397568725,-0.256867572377515,0,0,0,0,0,0,0,0,0,0,0,0,0,0,0,0,0,0,0,0,0,0,0,0,0,0,0,0,0,0,0,0,0,51483949,6.613179093
"MMR","2015",1611,3,"Deed of Commitment for Peace and National Reconciliation","264","Myanmar (Burma): Karen, Myanmar (Burma): Shan","144, 180, 1107, 256","Government of Myanmar (Burma), KNU, DKBA 5, RCSS",2015-02-12,NA,"",0,0,0,0,2,0,0,0,0,0,0,0,"0",0,3200,1959-11-22,2023-11-17,2023-11-17,23371,1,1,3,"Myanmar ","MYA",1,1,1,1,"Myanmar",775,0.236481587112736,0.01594754353893,-0.514486790801946,0.52248166691861,0.527226700987688,-0.441239556153798,0.283289199724355,-0.081950136342187,0.49486832024894,0.10750160793906,-0.716944593958649,0.162485582516339,-0.532259208315002,-0.190698536993243,0.12128590265933,0,-1.44188492984117,-4.13845047171049,-13.8155105579643,-0.649165382995852,-0.640124650286345,-13.8155105579643,-13.8155105579643,-1.26128699597736,-13.8155105579643,-0.703463571502074,-2.23024947395363,-1.81716600412484,-13.8155105579643,-13.8155105579643,-2.10960468858796,0,0,1,0,0,0,-1.24918902638004,0.555532370209678,0.154561905223017,0.146825397568725,-0.256867572377515,0,0,0,0,0,0,0,0,0,0,0,0,0,0,0,0,0,0,0,0,0,0,0,0,0,0,0,0,0,0,0,0,0,51483949,6.613179093
"MMR","2015",1485,3,"Nationwide Ceasefire Agreement (NCA) ","264","Myanmar (Burma): Karen, Myanmar (Burma): Government, Myanmar (Burma): Shan","2649, 2685, 2663, 1048, 144, 1107, 185, 180, 256","CNF, KNU-PC, PNO, ALP, Government of Myanmar (Burma), DKBA 5, ABSDF, KNU, RCSS",2015-10-15,NA,"",0,0,0,0,2,1,0,1,0,0,0,1,"7",0,2955,1959-11-22,2023-11-17,2023-11-17,23371,1,1,3,"Myanmar ","MYA",2,1,1,1,"Myanmar",775,0.236481587112736,0.01594754353893,-0.514486790801946,0.52248166691861,0.527226700987688,-0.101031487156711,0.283289199724355,-0.081950136342187,0.49486832024894,0.10750160793906,-0.716944593958649,0.162485582516339,-0.532259208315002,-0.190698536993243,0.12128590265933,0.693147180559945,-1.44188492984117,-4.13845047171049,-13.8155105579643,-0.649165382995852,-0.640124650286345,-13.8155105579643,-13.8155105579643,-1.26128699597736,-13.8155105579643,-0.703463571502074,-2.23024947395363,-1.81716600412484,-13.8155105579643,-13.8155105579643,-2.10960468858796,0,2,1,0,0,1,0.512873405260378,-1.02315187052394,-1.1290493091889,0.185036491690634,0.25150704031891,0,0,0,1,3,1,0,0,1,1,1,0,1,1,0,0,0,0,0,0,0,0,0,0,0,0,0,0,0,0,0,0,0,51483949,6.613179093
"MMR","2015",1485,3,"Nationwide Ceasefire Agreement (NCA) ","222","Myanmar (Burma): Karen, Myanmar (Burma): Government, Myanmar (Burma): Shan","2649, 2685, 2663, 1048, 144, 1107, 185, 180, 256","CNF, KNU-PC, PNO, ALP, Government of Myanmar (Burma), DKBA 5, ABSDF, KNU, RCSS",2015-10-15,NA,"",0,0,0,0,2,1,0,1,0,0,0,1,"7",0,2955,1948-02-29,2023-11-17,2023-11-17,27655,2,1,3,"Myanmar ","MYA",2,1,1,1,"Myanmar",775,0.236481587112736,0.01594754353893,-0.514486790801946,0.52248166691861,0.527226700987688,-0.101031487156711,0.283289199724355,-0.081950136342187,0.49486832024894,0.10750160793906,-0.716944593958649,0.162485582516339,-0.532259208315002,-0.190698536993243,0.12128590265933,0.693147180559945,-1.44188492984117,-4.13845047171049,-13.8155105579643,-0.649165382995852,-0.640124650286345,-13.8155105579643,-13.8155105579643,-1.26128699597736,-13.8155105579643,-0.703463571502074,-2.23024947395363,-1.81716600412484,-13.8155105579643,-13.8155105579643,-2.10960468858796,0,2,1,0,0,1,0.512873405260378,-1.02315187052394,-1.1290493091889,0.185036491690634,0.25150704031891,0,0,0,1,3,1,0,0,1,1,1,0,1,1,0,0,0,0,0,0,0,0,0,0,0,0,0,0,0,0,0,0,0,51483949,6.613179093
"MMR","2020",1658,3,"Union Accord Part III","221","Myanmar (Burma): Karen, Myanmar (Burma): Shan, Myanmar (Burma): Government","144, 180, 256, 2649, 185","Government of Myanmar (Burma), KNU, RCSS, CNF, ABSDF",2020-08-21,NA,"False",0,0,0,0,2,1,0,0,0,1,0,1,"7",0,1183,1948-12-31,2023-11-17,2023-11-17,27349,1,1,3,"Myanmar ","MYA",3,1,1,1,"Myanmar",775,1.47934758745721,0.10444463921895,0.498048124294263,2.34376955313953,2.34724958367479,-0.286599524791486,0.6373562130105,0.419902493932853,0.759683136167541,0.501971546891108,-0.871073753101182,0.511685740675598,-0.339331905601243,-0.08375278231732,-0.171821695434051,1.09861228866811,0.391601171300973,-2.25909811619376,-0.697058571497314,0.85176055337465,0.853244252789284,-13.8155105579643,-13.8155105579643,-0.450426575608204,-0.867732751960133,-0.274853858734951,-0.689211840396536,-0.670044630130413,-13.8155105579643,-13.8155105579643,-13.8155105579643,0,1,1,0,0,0,-0.792627667841263,0.290616398249255,0.11722215235181,-0.225493012400956,0.345320234114759,1,0,1,0,1,1,0,0,0,0,0,0,0,0,1,0,0,0,0,0,0,0,0,0,0,0,0,0,0,0,0,0,0,53423198,4.663014268
"MMR","2020",1658,3,"Union Accord Part III","264","Myanmar (Burma): Karen, Myanmar (Burma): Shan, Myanmar (Burma): Government","144, 180, 256, 2649, 185","Government of Myanmar (Burma), KNU, RCSS, CNF, ABSDF",2020-08-21,NA,"False",0,0,0,0,2,1,0,0,0,1,0,1,"7",0,1183,1959-11-22,2023-11-17,2023-11-17,23371,1,1,3,"Myanmar ","MYA",3,1,1,1,"Myanmar",775,1.47934758745721,0.10444463921895,0.220811670929919,2.34376955313953,2.34724958367479,-0.286599524791486,0.6373562130105,0.419902493932853,0.759683136167541,0.501971546891108,-0.871073753101182,0.511685740675598,-0.339331905601243,-0.08375278231732,-0.171821695434051,1.09861228866811,0.391601171300973,-2.25909811619376,-1.51044510850364,0.85176055337465,0.853244252789284,-13.8155105579643,-13.8155105579643,-0.450426575608204,-0.867732751960133,-0.274853858734951,-0.689211840396536,-0.670044630130413,-13.8155105579643,-13.8155105579643,-13.8155105579643,0,1,1,0,0,0,-0.792627667841263,0.290616398249255,0.11722215235181,-0.225493012400956,0.345320234114759,1,0,1,0,1,1,0,0,0,0,0,0,0,0,1,0,0,0,0,0,0,0,0,0,0,0,0,0,0,0,0,0,0,53423198,4.663014268
"MMR","2020",1658,3,"Union Accord Part III","222","Myanmar (Burma): Karen, Myanmar (Burma): Shan, Myanmar (Burma): Government","144, 180, 256, 2649, 185","Government of Myanmar (Burma), KNU, RCSS, CNF, ABSDF",2020-08-21,NA,"False",0,0,0,0,2,1,0,0,0,1,0,1,"7",0,1183,1948-02-29,2023-11-17,2023-11-17,27655,2,1,3,"Myanmar ","MYA",3,1,1,1,"Myanmar",775,1.47934758745721,0.10444463921895,0.220811670929919,2.34376955313953,2.34724958367479,-0.286599524791486,0.6373562130105,0.419902493932853,0.759683136167541,0.501971546891108,-0.871073753101182,0.511685740675598,-0.339331905601243,-0.08375278231732,-0.171821695434051,1.09861228866811,0.391601171300973,-2.25909811619376,-1.51044510850364,0.85176055337465,0.853244252789284,-13.8155105579643,-13.8155105579643,-0.450426575608204,-0.867732751960133,-0.274853858734951,-0.689211840396536,-0.670044630130413,-13.8155105579643,-13.8155105579643,-13.8155105579643,0,1,1,0,0,0,-0.792627667841263,0.290616398249255,0.11722215235181,-0.225493012400956,0.345320234114759,1,0,1,0,1,1,0,0,0,0,0,0,0,0,1,0,0,0,0,0,0,0,0,0,0,0,0,0,0,0,0,0,0,53423198,4.663014268
"MOZ","1984",1391,4,"Joint Declaration on a Cessation of Armed Activity and Conflict","332","Mozambique: Government","100, 498","Government of Mozambique, Renamo",1984-10-03,1984-11-02,"True",0,0,0,0,1,0,0,0,0,0,0,0,"0",1,30,1977-12-31,2023-11-17,2023-11-17,16757,1,1,3,"Mozambique","MZM",0,0,0,0,"Mozambique",541,-0.527819541004774,-0.28375658714304,-0.512968469481602,-0.0920229602668395,-0.0868511125507727,-0.441239556153798,-1.36902352894432,-0.97413259016448,-1.06392798254464,-0.447976469360763,2.76123676402451,-0.73961498089421,-0.890552753208655,-0.81502556130629,0.707501098846092,-13.8155105579643,-13.8155105579643,-13.8155105579643,-13.8155105579643,-13.8155105579643,-13.8155105579643,-13.8155105579643,1.01567868226836,-13.8155105579643,-13.8155105579643,-13.8155105579643,-13.8155105579643,-13.8155105579643,-13.8155105579643,-13.8155105579643,-0.346016096326597,0,0,1,0,0,0,-1.24918902638004,0.555532370209678,0.154561905223017,0.146825397568725,-0.256867572377515,NA,NA,NA,NA,NA,NA,NA,NA,NA,NA,NA,NA,NA,NA,NA,NA,NA,0,0,0,0,0,0,0,0,0,0,0,0,0,0,0,0,12426223,NA
"MOZ","1991",1308,4,"The Protocol on the Agreed Agenda","332","Mozambique: Government","44, 100, 498","Government of Italy, Government of Mozambique, Renamo",1991-05-28,NA,"",0,0,0,0,1,0,0,1,0,0,0,0,"8",0,11861,1977-12-31,2023-11-17,2023-11-17,16757,1,1,3,"Mozambique","MZM",1,1,1,0,"Mozambique",541,1.88646837938389,-0.282977301018358,-0.514972854062915,0.892219840729368,0.896708067458983,-0.410311549881336,-0.919414623184136,-0.459888536919686,-0.636613165948717,-0.270867517178211,2.365638588892,0.540785763123892,-0.0134468446298657,-0.545560413978547,-1.05114448971419,0,0.63470649875718,-13.8155105579643,-13.8155105579643,-0.114042718551184,-0.109024924232909,-13.8155105579643,0.861048001940839,-13.8155105579643,-13.8155105579643,-13.8155105579643,-13.8155105579643,-0.614732080184426,-13.8155105579643,-13.8155105579643,-13.8155105579643,0,1,1,0,0,1,0.0563120467215981,-0.758235898563517,-1.09170955631769,0.557354901660314,-0.350680766173364,0,0,0,0,0,0,0,0,1,1,0,0,0,1,0,0,0,0,0,0,0,0,0,0,0,0,0,0,0,0,0,0,0,13561175,9.661845447
"MOZ","1991",1302,4,"Basic Principles","332","Mozambique: Government","44, 100, 498","Government of Italy, Government of Mozambique, Renamo",1991-10-18,NA,"",0,0,0,0,1,0,0,0,0,0,0,0,"0",0,11718,1977-12-31,2023-11-17,2023-11-17,16757,1,1,3,"Mozambique","MZM",2,1,1,0,"Mozambique",541,1.88646837938389,-0.282977301018358,-0.514972854062915,0.892219840729368,0.896708067458983,-0.410311549881336,-0.919414623184136,-0.459888536919686,-0.636613165948717,-0.270867517178211,2.365638588892,-0.662014939324364,-0.723999666632937,-1.40316519572849,0.707501098846092,0.693147180559945,0.63470649875718,-13.8155105579643,-13.8155105579643,-0.114042718551184,-0.109024924232909,-13.8155105579643,0.861048001940839,-13.8155105579643,-13.8155105579643,-13.8155105579643,-13.8155105579643,-13.8155105579643,-13.8155105579643,-13.8155105579643,-0.346016096326597,0,0,1,0,0,0,-1.24918902638004,0.555532370209678,0.154561905223017,0.146825397568725,-0.256867572377515,0,0,0,0,0,0,0,0,1,1,0,0,0,0,0,0,0,0,0,0,0,0,0,0,0,0,0,0,0,0,0,0,0,13561175,9.661845447
"MOZ","1991",1303,4,"Agreement on Establishment and Recognition of Political Parties","332","Mozambique: Government","44, 100, 498","Government of Italy, Government of Mozambique, Renamo",1991-11-13,NA,"",0,0,0,0,1,0,0,0,0,0,0,0,"0",0,11692,1977-12-31,2023-11-17,2023-11-17,16757,1,1,3,"Mozambique","MZM",3,1,1,0,"Mozambique",541,1.88646837938389,-0.282977301018358,-0.514972854062915,0.892219840729368,0.896708067458983,-0.348455537336411,-0.919414623184136,-0.459888536919686,-0.636613165948717,-0.270867517178211,2.365638588892,-0.819107693667067,-0.890552753208655,-1.07299672957295,0.707501098846092,1.09861228866811,0.63470649875718,-13.8155105579643,-13.8155105579643,-0.114042718551184,-0.109024924232909,-13.8155105579643,0.861048001940839,-13.8155105579643,-13.8155105579643,-13.8155105579643,-13.8155105579643,-13.8155105579643,-13.8155105579643,-13.8155105579643,-0.346016096326597,0,0,1,0,0,0,-1.24918902638004,0.555532370209678,0.154561905223017,0.146825397568725,-0.256867572377515,0,0,0,0,0,0,0,0,0,1,0,0,0,0,1,0,0,0,0,0,0,0,0,0,0,0,0,0,0,0,0,0,0,13561175,9.661845447
"MOZ","1992",1307,4,"Joint Declaration on the Conclusion of the Peace Process","332","Mozambique: Government","44, 101, 105, 100, 498","Government of Italy, Government of Zimbabwe (Rhodesia), Government of Botswana, Government of Mozambique, Renamo",1992-08-07,NA,"",0,0,0,0,1,0,0,0,0,0,0,0,"0",0,11424,1977-12-31,2023-11-17,2023-11-17,16757,1,1,3,"Mozambique","MZM",5,1,1,0,"Mozambique",541,2.13227669144651,-0.283207618055187,-0.515579180398762,1.39918475134068,1.40332085778865,-0.348455537336411,-0.790152062778083,-0.41032284504067,-0.564390943425462,-0.206464261839101,2.29628046727787,-0.594114895663377,-0.339331905601243,-1.10778732026191,0.414393500752711,1.6094379124341,0.757190278111066,-13.8155105579643,-13.8155105579643,0.335889746535854,0.338841469049838,-13.8155105579643,0.831290625734784,-13.8155105579643,-13.8155105579643,-13.8155105579643,-13.8155105579643,-13.8155105579643,-13.8155105579643,-13.8155105579643,-0.880939271671648,0,0,1,0,0,0,-1.24918902638004,0.555532370209678,0.154561905223017,0.146825397568725,-0.256867572377515,0,0,0,0,0,0,0,0,1,1,0,0,0,0,0,0,0,24,40,55.55556,0,0,0,0,0,72,120,166.66668,0,0,0,0,0,13816881,13.7090301
"MOZ","1992",1306,4,"Agreement on Principles of the Electoral Act","332","Mozambique: Government","44, 100, 498","Government of Italy, Government of Mozambique, Renamo",1992-03-12,NA,"",0,0,1,0,1,0,0,0,0,0,0,0,"0",0,11572,1977-12-31,2023-11-17,2023-11-17,16757,1,1,3,"Mozambique","MZM",4,1,1,0,"Mozambique",541,2.13227669144651,-0.283207618055187,-0.515579180398762,1.39918475134068,1.40332085778865,-0.255671518519023,-0.790152062778083,-0.41032284504067,-0.564390943425462,-0.206464261839101,2.29628046727787,-0.395394449092993,-0.807078404788388,-2.41144102581438,-1.05114448971419,1.38629436111989,0.757190278111066,-13.8155105579643,-13.8155105579643,0.335889746535854,0.338841469049838,-13.8155105579643,0.831290625734784,-13.8155105579643,-13.8155105579643,-13.8155105579643,-13.8155105579643,-13.8155105579643,-13.8155105579643,-13.8155105579643,-13.8155105579643,0,0,1,0,0,0,-1.24918902638004,0.555532370209678,0.154561905223017,0.146825397568725,-0.256867572377515,0,0,0,0,0,0,0,0,1,1,0,0,0,0,1,0,0,24,40,55.55556,0,0,0,0,0,24,40,55.55556,0,0,0,0,0,13816881,13.7090301
"MOZ","1992",1020,4,"The Acordo Geral de Paz (AGP)","332","Mozambique: Government","44, 100, 498","Government of Italy, Government of Mozambique, Renamo",1992-10-04,2013-10-21,"True",1,0,1,1,1,1,1,1,1,1,1,0,"1, 6 ",1,7687,1977-12-31,2023-11-17,2023-11-17,16757,1,1,3,"Mozambique","MZM",6,1,1,0,"Mozambique",541,2.13227669144651,-0.283207618055187,-0.515579180398762,1.39918475134068,1.40332085778865,1.22887278255918,-0.790152062778083,-0.41032284504067,-0.564390943425462,-0.206464261839101,2.29628046727787,0.540785763123892,-0.146404629974477,-0.479125807467636,-1.63735968590096,1.79175946922805,0.757190278111066,-13.8155105579643,-13.8155105579643,0.335889746535854,0.338841469049838,0.206097312255496,0.831290625734784,-13.8155105579643,-13.8155105579643,-13.8155105579643,-13.8155105579643,-0.614732080184426,-13.8155105579643,-13.8155105579643,-13.8155105579643,1,4,1,0,0,1,6.56846446785016,2.85811808961472,-0.0332747961020992,0.471420861987069,0.207587115547246,0,0,0,0,1,0,0,0,1,1,0,0,1,1,1,0,0,24,40,55.55556,0,0,0,0,0,48,80,111.11112,0,0,0,0,0,13816881,13.7090301
"MOZ","2019",1639,4,"National Peace and Reconciliation Agreement","332","Mozambique: Government","100, 498, 100, 498","Government of Mozambique, Renamo, Government of Mozambique, Renamo",2019-08-06,NA,"",1,1,1,0,1,1,0,1,0,0,0,0,"0",0,1564,1977-12-31,2023-11-17,2023-11-17,16757,1,1,3,"Mozambique","MZM",7,1,1,1,"Mozambique",541,-0.625355677869986,-0.231594571280984,-0.49346079654397,1.23509545930743,1.23934553649878,0.0536085442056016,0.401311537486404,0.333162533144574,0.211997948699526,0.485870733056331,-0.385566901802204,0.220685628635127,-0.146404629974477,0.147479065079388,0.707501098846092,1.94591014905531,-13.8155105579643,-13.8155105579643,-13.8155105579643,0.211148262078611,0.214583447138966,-2.92604681678837,-13.8155105579643,-0.91301725184494,-1.09912482055642,-1.55117868030257,-0.721812671826535,-1.51101608503437,-13.8155105579643,-1.91406904494068,-0.346016096326597,0,2,1,0,0,1,0.512873405260378,-1.02315187052394,-1.1290493091889,0.185036491690634,0.25150704031891,NA,NA,NA,NA,NA,NA,NA,NA,NA,NA,NA,NA,NA,NA,NA,NA,NA,0,0,0,0,0,0,0,0,72,120,166.66668,0,0,0,0,0,30285595,12.6767243
"MRT","1979",1403,4,"Algiers Agreement","428","Mauritania: Sahrawi Arab Democratic Republic (Western Sahara)","74, 563","Government of Mauritania, POLISARIO",1979-08-10,NA,"",0,0,0,0,1,0,0,0,0,0,0,0,"0",0,16170,1975-12-19,2023-11-17,2023-11-17,17500,1,1,3,"Mauritania","MAA",0,0,0,0,"Mauritania",435,-0.575659429741648,-0.28253352652971,1.15146246491803,-0.381511444018773,-0.37613852762064,-0.348455537336411,-1.29034197043629,-1.00511114758886,-1.2745761315708,-0.778043152973702,0.680493115600314,0.938256145646039,0.696880939742988,0.577886741445499,-1.93046728399434,-13.8155105579643,-13.8155105579643,-13.8155105579643,0.141032843063019,-13.8155105579643,-13.8155105579643,-13.8155105579643,-0.384937573620241,-13.8155105579643,-13.8155105579643,-13.8155105579643,-13.8155105579643,-0.0637322908727761,-0.361140700971968,-0.548377378566514,-13.8155105579643,0,0,1,0,0,0,-1.24918902638004,0.555532370209678,0.154561905223017,0.146825397568725,-0.256867572377515,NA,NA,NA,NA,NA,NA,NA,NA,NA,NA,NA,NA,NA,NA,NA,NA,NA,0,0,0,0,0,0,0,0,0,0,0,0,0,0,0,0,1463514,8.543900105
"NER","1993",1036,4,"Paris Accord","430","Niger: Government","75, 524","Government of Niger, FLAA",1993-06-10,1993-07-01,"True",1,0,1,0,2,0,0,0,0,0,0,0," ",1,21,1991-12-31,2023-11-17,2023-11-17,11644,1,0,4,"Niger","NIR",0,0,1,0,"Niger",436,-0.582945592656348,-0.279242161383542,-0.433464555063811,-0.341966194747339,-0.33662074511075,-0.286599524791486,1.21622767917674,1.25632354439125,1.21107202693788,1.54047403923426,1.44857009199394,-0.303114725323931,0.223284337288395,0.0926594742317894,-0.464929293527432,-13.8155105579643,-13.8155105579643,-13.8155105579643,-13.8155105579643,-13.8155105579643,-13.8155105579643,-13.8155105579643,0.370576926420666,0.195754002182552,0.228189633910693,0.191505940042455,0.432090186743976,-13.8155105579643,-1.49930926460955,-2.37882407317562,-13.8155105579643,0,0,0,1,0,0,-1.24918902638004,0.555532370209678,0.154561905223017,0.146825397568725,-0.256867572377515,NA,NA,NA,NA,NA,NA,NA,NA,NA,NA,NA,NA,NA,NA,NA,NA,NA,0,0,0,0,0,0,0,0,0,0,0,0,0,0,0,0,9193078,3.981172189
"NER","1994",1037,4,"Ouagadougou Accord","373","Niger: Air and Azawad","109, 33, 78, 75, 525","Government of Algeria, Government of France, Government of Burkina Faso, Government of Niger, CRA",1994-10-09,NA,"",0,1,1,0,2,1,0,0,0,0,0,0,"0",0,10631,1994-05-16,2023-11-17,2023-11-17,10777,1,0,3,"Niger","NIR",0,0,1,0,"Niger",436,-0.583493151901313,-0.278858757807417,-0.441562268772317,-0.323622752043046,-0.318290043126922,-0.348455537336411,1.28928912636277,1.31208494775515,1.25922017528672,1.60487729457337,1.34067968059416,1.54646027266407,0.597328066950225,0.642965989094273,0.707501098846092,-13.8155105579643,-13.8155105579643,-13.8155105579643,-13.8155105579643,-13.8155105579643,-13.8155105579643,-13.8155105579643,0.293176709692047,0.254091001646486,0.271617435190508,0.230492620857855,0.473047301680166,0.435968624267329,-0.515288790643815,-0.441663450242569,-0.346016096326597,0,1,1,0,0,0,-0.792627667841263,0.290616398249255,0.11722215235181,-0.225493012400956,0.345320234114759,0,0,0,0,2,1,0,0,0,0,0,0,0,1,0,0,0,0,0,0,0,0,0,0,0,0,0,0,0,0,0,0,0,9493324,7.565603257
"NER","1995",1038,4,"Agreement establishing permanent peace between the government of Niger and ORA","373","Niger: Air and Azawad","109, 33, 78, 75, 525","Government of Algeria, Government of France, Government of Burkina Faso, Government of Niger, CRA",1995-04-15,NA,"",1,1,1,0,2,1,0,1,1,0,1,1,"1, 6, 7",0,10443,1994-05-16,2023-11-17,2023-11-17,10777,1,0,3,"Niger","NIR",1,1,1,0,"Niger",436,-0.605872489683308,-0.278402907447332,-0.378674702533613,-0.499562049384367,-0.494107139121296,-0.193815505974098,1.25556845843075,1.29349781330051,1.22310906402509,1.5807260738212,1.22508281123726,0.128582665035212,0.840856531578568,0.655283279803884,0.414393500752711,0,-13.8155105579643,-13.8155105579643,-13.8155105579643,-13.8155105579643,-13.8155105579643,-13.8155105579643,0.203008442721856,0.227588424955535,0.257350032113344,0.201396030182022,0.45788428187569,-2.05118327381352,-0.173334226215079,-0.422687648592767,-0.880939271671648,0,3,1,0,0,1,2.11488691401851,-1.94051599619352,0.829297424432305,-0.079991936643424,-0.11169941190523,1,1,0,0,3,1,0,0,1,0,0,0,1,1,0,0,0,16,21,43.75,1,0,1,0,0,16,21,43.75,1,0,1,0,0,9813918,9.665859203
"NER","1997",1563,4,"Protocole d'accord additionnel entre le Gouvernement de la Republique du Niger et l'Union des Forces de la Resistance Armee (FPLS, MUR, FAR) et les Forces Armees Revolutionnaires du Sahara","430","Niger: Government","3989, 75, 526","FARS, Government of Niger, UFRA",1997-11-23,NA,"",1,0,1,0,1,0,0,1,0,0,0,0,"0",0,9490,1991-12-31,2023-11-17,2023-11-17,11644,1,0,4,"Niger","NIR",1,1,1,0,"Niger",436,-0.620192976417464,-0.277856767054355,-0.480126628116784,-0.364135831550112,-0.358774983651057,-0.410311549881336,0.378831092198395,0.165878323052894,0.326349801028012,0.880340672008379,1.0144396270758,0.584980415551609,0.826803500875817,0.696635625518809,1.00060869693947,0,-13.8155105579643,-13.8155105579643,-13.8155105579643,-13.8155105579643,-13.8155105579643,-13.8155105579643,0.0143363684841593,-0.97066484026148,-1.79650075305405,-1.11978546359004,-0.127446319142069,-0.536176910000229,-0.190188216936008,-0.361492780355634,0.000608511758633764,0,1,0,1,0,1,0.0563120467215981,-0.758235898563517,-1.09170955631769,0.557354901660314,-0.350680766173364,0,0,0,0,0,0,0,0,0,0,0,0,0,0,0,0,0,16,23,47.91667,1,0,1,0,0,32,44,91.66667,2,0,2,0,0,10494201,9.535088254
"NIC","1988",1521,5,"Sapoa Agreement","336","Nicaragua: Government","14, 759","Government of Nicaragua, Contras",1988-03-23,1988-06-10,"True",0,0,1,0,1,1,0,1,0,0,0,0,"0",1,79,1977-10-10,2023-11-17,2023-11-17,16839,1,1,3,"Nicaragua","NIC",7,1,0,0,"Nicaragua",93,-0.460351465814263,-0.224471470128709,-0.436902074620763,-0.464597002827978,-0.459166378076159,-0.410311549881336,0.356350646910385,-0.205864366039728,0.512923875879754,0.373165036212888,-0.357309889292739,-0.662014939324364,-0.65648958461732,-0.08375278231732,0.414393500752711,1.94591014905531,-13.8155105579643,-13.8155105579643,-13.8155105579643,-13.8155105579643,-13.8155105579643,-13.8155105579643,-13.8155105579643,-1.03184006965668,-13.8155105579643,-0.667627834920213,-0.985734500858441,-13.8155105579643,-13.8155105579643,-13.8155105579643,-0.880939271671648,0,2,1,0,0,1,0.512873405260378,-1.02315187052394,-1.1290493091889,0.185036491690634,0.25150704031891,NA,NA,NA,NA,NA,NA,NA,NA,NA,NA,NA,NA,NA,NA,NA,NA,NA,0,0,0,0,0,0,0,0,0,0,0,0,0,0,0,0,4033291,1.07916485
"NIC","1990",1522,5,"Managua Protocol on Disarmament","336","Nicaragua: Government","14, 759","Government of Nicaragua, Contras",1990-05-30,NA,"",1,0,0,0,1,1,0,1,0,0,1,0,"6",0,12224,1977-10-10,2023-11-17,2023-11-17,16839,1,1,3,"Nicaragua","NIC",8,1,1,0,"Nicaragua",93,-0.525116086474758,-0.277154412685581,-0.436902074620763,-0.303512480711766,-0.298193739694123,-0.379383543608873,1.75575836608896,1.34306350517953,1.88514610382159,1.27481061096043,-0.454925023416343,0.705789086034535,-0.532259208315002,-0.08375278231732,-1.63735968590096,2.07944154167984,-13.8155105579643,-13.8155105579643,-13.8155105579643,-13.8155105579643,-13.8155105579643,-13.8155105579643,-13.8155105579643,0.562900881011585,0.294953202483858,0.634005326555004,0.242797627153974,-0.348438831115647,-13.8155105579643,-13.8155105579643,-13.8155105579643,0,2,1,0,0,1,0.512873405260378,-1.02315187052394,-1.1290493091889,0.185036491690634,0.25150704031891,0,0,0,0,0,0,0,0,0,1,0,0,0,0,0,0,0,0,0,0,0,0,0,0,0,0,0,0,0,0,0,0,0,4227820,6.718306011
"NPL","2006",1437,3,"The Eight-point SPA-Maoist Agreement","269","Nepal: Government","146, 258","Government of Nepal, CPN-M",2006-06-16,NA,"",0,0,0,0,1,0,0,0,0,0,0,0,"0",0,6363,1960-02-29,2023-11-17,2023-11-17,23272,1,1,3,"Nepal","NEP",1,1,1,1,"Nepal",790,-0.620444815512709,-0.224471470128709,0.125187493516916,-0.32953090947116,-0.324194096953358,-0.379383543608873,-0.548487275931984,0.0791383622646159,-0.137076126829538,0.220207304782502,-0.63731119506834,0.611761397673103,0.826803500875817,0.872119334030379,0.707501098846092,0,-13.8155105579643,-13.8155105579643,-2.07794271734309,-13.8155105579643,-13.8155105579643,-13.8155105579643,-13.8155105579643,-13.8155105579643,-2.53655753739345,-13.8155105579643,-1.51318588184459,-0.491412945573246,-0.190188216936008,-0.136829013484125,-0.346016096326597,0,0,1,0,0,0,-1.24918902638004,0.555532370209678,0.154561905223017,0.146825397568725,-0.256867572377515,0,0,0,0,0,0,0,0,1,1,0,0,0,0,0,0,0,29,26,29.88506,0,0,1,0,0,58,52,59.77012,0,0,2,0,0,26518971,1.081860468
"NPL","2006",1436,3,"Decisions of the Summit Meeting of the Seven-Party Alliance and the Communist Party of Nepal (Maoist)","269","Nepal: Government","146, 258","Government of Nepal, CPN-M",2006-11-08,NA,"",1,0,1,0,1,1,0,0,0,0,1,0,"3, 6, 8",0,6218,1960-02-29,2023-11-17,2023-11-17,23272,1,1,3,"Nepal","NEP",2,1,1,1,"Nepal",790,-0.620444815512709,-0.224471470128709,0.125187493516916,-0.32953090947116,-0.324194096953358,-0.255671518519023,-0.548487275931984,0.0791383622646159,-0.137076126829538,0.220207304782502,-0.63731119506834,0.611761397673103,0.826803500875817,0.872119334030379,0.707501098846092,0.693147180559945,-13.8155105579643,-13.8155105579643,-2.07794271734309,-13.8155105579643,-13.8155105579643,-13.8155105579643,-13.8155105579643,-13.8155105579643,-2.53655753739345,-13.8155105579643,-1.51318588184459,-0.491412945573246,-0.190188216936008,-0.136829013484125,-0.346016096326597,0,1,1,0,0,0,-0.792627667841263,0.290616398249255,0.11722215235181,-0.225493012400956,0.345320234114759,0,0,0,1,2,1,0,0,1,0,0,0,0,0,0,0,0,29,26,29.88506,0,0,1,0,0,87,78,89.65518,0,0,3,0,0,26518971,1.081860468
"NPL","2006",1438,3,"Ceasefire Code of Conduct","269","Nepal: Government","146, 258","Government of Nepal, CPN-M",2006-05-25,NA,"",0,0,1,0,1,0,0,0,0,0,0,0,"0",0,6385,1960-02-29,2023-11-17,2023-11-17,23272,1,1,3,"Nepal","NEP",0,0,1,1,"Nepal",790,-0.620444815512709,-0.224471470128709,0.125187493516916,-0.32953090947116,-0.324194096953358,-0.348455537336411,-0.548487275931984,0.0791383622646159,-0.137076126829538,0.220207304782502,-0.63731119506834,0.611761397673103,0.826803500875817,0.872119334030379,0.707501098846092,-13.8155105579643,-13.8155105579643,-13.8155105579643,-2.07794271734309,-13.8155105579643,-13.8155105579643,-13.8155105579643,-13.8155105579643,-13.8155105579643,-2.53655753739345,-13.8155105579643,-1.51318588184459,-0.491412945573246,-0.190188216936008,-0.136829013484125,-0.346016096326597,0,0,1,0,0,0,-1.24918902638004,0.555532370209678,0.154561905223017,0.146825397568725,-0.256867572377515,0,0,0,1,2,1,0,0,1,1,0,0,0,0,0,0,0,29,26,29.88506,0,0,1,0,0,29,26,29.88506,0,0,1,0,0,26518971,1.081860468
"NPL","2006",1337,3,"Comprehensive Peace Agreement, 2006","269","Nepal: Government","146, 258","Government of Nepal, CPN-M",2006-11-21,NA,"",1,0,1,0,1,1,0,1,0,0,1,1,"6, 7",0,6205,1960-02-29,2023-11-17,2023-11-17,23272,1,1,3,"Nepal","NEP",3,1,1,1,"Nepal",790,-0.620444815512709,-0.224471470128709,0.125187493516916,-0.32953090947116,-0.324194096953358,-0.0701034808842483,-0.548487275931984,0.0791383622646159,-0.137076126829538,0.220207304782502,-0.63731119506834,0.611761397673103,0.826803500875817,0.872119334030379,0.707501098846092,1.09861228866811,-13.8155105579643,-13.8155105579643,-2.07794271734309,-13.8155105579643,-13.8155105579643,-13.8155105579643,-13.8155105579643,-13.8155105579643,-2.53655753739345,-13.8155105579643,-1.51318588184459,-0.491412945573246,-0.190188216936008,-0.136829013484125,-0.346016096326597,0,2,1,0,0,1,0.512873405260378,-1.02315187052394,-1.1290493091889,0.185036491690634,0.25150704031891,0,0,0,1,2,1,1,0,1,1,1,1,0,1,1,0,0,29,26,29.88506,0,0,1,0,0,116,104,119.54024,0,0,4,0,0,26518971,1.081860468
"NPL","2011",1520,3,"The Seven Point Agreement","269","Nepal: Government","146, 258","Government of Nepal, CPN-M",2011-11-01,NA,"",0,0,1,0,1,1,1,1,1,1,0,0,"1",0,4399,1960-02-29,2023-11-17,2023-11-17,23272,1,1,3,"Nepal","NEP",4,1,1,1,"Nepal",790,-0.612443200622881,-0.201773610143748,-0.153026097330818,-0.10765427331949,-0.102471568634352,-0.379383543608873,1.28366901504076,1.64045765645363,1.31338684217916,1.70953258449942,-0.863367295144055,0.272127865990491,0.276715638884753,0.421603953204111,1.00060869693947,1.38629436111989,-13.8155105579643,-13.8155105579643,-13.8155105579643,-13.8155105579643,-13.8155105579643,-13.8155105579643,-13.8155105579643,0.249722395589707,0.494975261719626,0.272609176587779,0.536219990751726,-1.30148322759316,-1.28476487450649,-0.863688905128852,0.000608511758633764,1,4,1,0,0,1,6.56846446785016,2.85811808961472,-0.0332747961020992,0.471420861987069,0.207587115547246,0,0,0,0,1,1,0,0,0,0,0,0,0,0,0,0,0,29,49,56.32184,2,0,1,0,0,145,153,175.86208,2,0,5,0,0,27266399,1.116801328
"PHL","1976",1422,3,"Tripoli Agreement","308","Philippines: Mindanao","111, 7066, 154, 275","Government of Libya, OIC, Government of Philippines, MNLF",1976-12-23,1977-05-22,"True",0,1,1,0,1,1,0,0,0,0,0,0,"0",1,150,1970-08-20,2023-11-17,2023-11-17,19447,1,1,3,"Philippines","PHI",0,0,0,0,"Philippines",840,0.388771740602457,-0.282902574346901,-0.512367154107208,-0.134966863031755,-0.129765187967049,-0.317527531063948,-1.39150397423233,-1.03608970501325,-0.889390944780108,-1.09200902275186,-0.37015398588795,-0.662014939324364,-0.8004651764529,-1.10778732026191,-0.171821695434051,-13.8155105579643,-0.944762892673093,-13.8155105579643,-13.8155105579643,-13.8155105579643,-13.8155105579643,-13.8155105579643,-13.8155105579643,-13.8155105579643,-13.8155105579643,-13.8155105579643,-13.8155105579643,-13.8155105579643,-13.8155105579643,-13.8155105579643,-13.8155105579643,0,1,1,0,0,0,-0.792627667841263,0.290616398249255,0.11722215235181,-0.225493012400956,0.345320234114759,NA,NA,NA,NA,NA,NA,NA,NA,NA,NA,NA,NA,NA,NA,NA,NA,NA,0,0,0,0,0,0,0,0,0,0,0,0,0,0,0,0,43474370,3.189693838
"PHL","1987",1424,3,"Jeddah Accord","308","Philippines: Mindanao","7066, 154, 275","OIC, Government of Philippines, MNLF",1987-01-04,1987-07-28,"True",0,0,0,0,1,1,0,0,0,0,0,0,"0",1,205,1970-08-20,2023-11-17,2023-11-17,19447,1,1,3,"Philippines","PHI",1,1,0,0,"Philippines",840,-0.453794109978225,-0.205706942356982,-0.451083095533555,0.390532817690737,0.395369498863943,-0.317527531063948,0.6373562130105,0.450881051357238,1.102738693153,0.485870733056331,-0.585934808687496,1.09368619819688,-0.502456364942946,-0.08375278231732,-1.63735968590096,0,-13.8155105579643,-13.8155105579643,-13.8155105579643,-0.94024327305243,-0.927934511170622,-13.8155105579643,-13.8155105579643,-0.450426575608204,-0.796551718485066,0.0977968066318252,-0.721812671826535,0.0895538239111081,-13.8155105579643,-13.8155105579643,-13.8155105579643,0,1,1,0,0,0,-0.792627667841263,0.290616398249255,0.11722215235181,-0.225493012400956,0.345320234114759,NA,NA,NA,NA,NA,NA,NA,NA,NA,NA,NA,NA,NA,NA,NA,NA,NA,0,0,0,0,0,0,0,0,0,0,0,0,0,0,0,0,57415175,2.316168221
"PHL","1993",1524,3,"Statement of Understanding (Cipanas Understanding)","308","Philippines: Mindanao","7066, 155, 154, 275","OIC, Government of Indonesia, Government of Philippines, MNLF",1993-04-16,NA,"",0,0,0,0,2,1,0,0,0,0,0,0,"0",0,11172,1970-08-20,2023-11-17,2023-11-17,19447,1,1,3,"Philippines","PHI",2,1,1,0,"Philippines",840,-0.625290810224241,-0.0333961208580615,-0.504670317314965,1.02634056351408,1.03073563463136,-0.317527531063948,1.25556845843075,1.27491067884588,1.65042388062102,0.880340672008379,-0.865936114463097,0.584980415551609,1.70018514732313,1.49671903998036,2.173039089313,0.693147180559945,-13.8155105579643,-13.8155105579643,-13.8155105579643,0.0259996249205143,0.0302727556960712,-13.8155105579643,-13.8155105579643,0.227588424955535,0.242876120349216,0.501032152266086,-0.127446319142069,-0.536176910000229,0.530737155321965,0.403275405779162,0.776126689751707,0,1,1,0,0,0,-0.792627667841263,0.290616398249255,0.11722215235181,-0.225493012400956,0.345320234114759,0,0,0,0,0,0,0,0,0,0,0,0,0,0,0,0,0,0,0,0,0,0,0,0,0,0,0,0,0,0,0,0,0,66083321,0.539652099
"PHL","1995",1058,3,"GRP-RAM/SFP/YOU General Agreement for Peace","209","Philippines: Government","154, 170","Government of Philippines, Military faction (forces of Honasan, Abenina & Zumel)",1995-10-13,NA,"",1,0,1,0,2,1,0,1,0,1,0,1,"7",0,10262,1946-07-31,2023-11-17,2023-11-17,28233,1,1,3,"Philippines","PHI",0,0,1,0,"Philippines",840,-0.624520029963037,0.00202807676636614,-0.513188951785546,0.180585039254366,0.185567542888506,-0.255671518519023,1.32300979429478,1.33686779369465,1.70459054751346,0.920592706595323,-0.930156597439153,0.846413689853535,0.840856531578568,0.582456449203091,-0.171821695434051,-13.8155105579643,-13.8155105579643,-6.20066734073188,-13.8155105579643,-1.71155348055372,-1.68433635060106,-13.8155105579643,-13.8155105579643,0.279909288200488,0.290329410429273,0.533324933809362,-0.0827375700773451,-0.166747043796314,-0.173334226215079,-0.54050086165393,-13.8155105579643,0,2,1,0,0,1,0.512873405260378,-1.02315187052394,-1.1290493091889,0.185036491690634,0.25150704031891,0,0,0,0,1,1,0,0,0,1,0,0,0,0,0,0,0,0,0,0,0,0,0,0,0,0,0,0,0,0,0,0,0,69250468,0.790667958
"PHL","1996",1064,3,"Final agreement on the implementation of the 1976 Tripoli Agreement between the Government of the Republic of the Philippines (GRP) and the Moro National Liberation Front (MNLF)","308","Philippines: Mindanao","155, 7066, 154, 275","Government of Indonesia, OIC, Government of Philippines, MNLF",1996-09-02,NA,"",1,0,0,0,2,1,0,1,1,0,1,0,"1, 6",0,9937,1970-08-20,2023-11-17,2023-11-17,19447,1,1,3,"Philippines","PHI",3,1,1,0,"Philippines",840,-0.624359768720608,0.0247049732411827,-0.513644949277795,0.211971438781986,0.216932142509249,0.610312657109926,1.35673046222679,1.36165063963416,1.72866462168788,0.984995961934433,-0.955844790629575,1.64564775700384,2.13880742211588,2.0323393525199,-1.05114448971419,1.09861228866811,-13.8155105579643,-3.70075070981868,-13.8155105579643,-1.55130373611253,-1.52817068167546,-0.493783900485793,-13.8155105579643,0.305077733435205,0.308697669416077,0.547349215467259,-0.0151177373774028,0.498134079963609,0.760248394310786,0.709187519965454,-13.8155105579643,0,3,1,0,0,1,2.11488691401851,-1.94051599619352,0.829297424432305,-0.079991936643424,-0.11169941190523,3,1,1,1,1,1,0,1,0,1,0,0,0,1,3,1,1,24,12,16.66667,0,0,1,1,0,24,12,16.66667,0,0,1,1,0,70944969,0.566314498
"PHL","2001",1332,3,"Agreement on Peace between the government of the Republic of the Philippines and the Moro Islamic Liberation Front","308","Philippines: Mindanao","154, 276","Government of Philippines, MILF",2001-06-22,NA,"",0,0,1,0,2,1,0,0,0,0,0,0,"3",0,8183,1970-08-20,2023-11-17,2023-11-17,19447,1,1,3,"Philippines","PHI",4,1,1,0,"Philippines",840,-0.538753555056659,0.109022002330697,-0.51641601096146,-0.0569116797243156,-0.0517642190885666,-0.348455537336411,1.27804890371876,1.29349781330051,1.53607202829253,0.840088637421435,-1.03804700883893,-0.265620476113659,0.639290769105647,0.642965989094273,2.173039089313,1.38629436111989,-13.8155105579643,-2.2162055608783,-13.8155105579643,-13.8155105579643,-13.8155105579643,-13.8155105579643,-13.8155105579643,0.245334621043853,0.257350032113344,0.429228527045634,-0.174247871971895,-13.8155105579643,-0.447395890378855,-0.441663450242569,0.776126689751707,0,1,1,0,0,0,-0.792627667841263,0.290616398249255,0.11722215235181,-0.225493012400956,0.345320234114759,0,0,0,1,1,1,0,0,0,1,0,0,0,0,0,0,0,24,36,50,0,0,1,1,0,48,48,66.66667,0,0,2,2,0,79626086,0.364822695
"PHL","2005",1526,3,"Consensus Points on the Strands on Concept, Territory Resources, and Governance at TWG level","308","Philippines: Mindanao","154, 276","Government of Philippines, MILF",2005-04-20,NA,"",0,0,0,0,2,1,0,0,0,0,0,0,"0",0,6785,1970-08-20,2023-11-17,2023-11-17,19447,1,1,3,"Philippines","PHI",5,1,1,1,"Philippines",840,-0.624617331431654,0.243032091339429,-0.516616449419592,-0.147447103759144,-0.142236760351152,-0.410311549881336,0.850920443246587,0.927950835692769,1.19903498985067,0.518072360725886,-1.08171693726264,0.731000495981876,1.5191263735328,1.35202075900282,0.707501098846092,1.6094379124341,-13.8155105579643,-1.41456178123593,-13.8155105579643,-13.8155105579643,-13.8155105579643,-13.8155105579643,-13.8155105579643,-0.161436640975595,-0.074776526378705,0.181517058147243,-0.657640353957731,-0.31334114073481,0.418135415368903,0.301600331794921,-0.346016096326597,0,1,1,0,0,0,-0.792627667841263,0.290616398249255,0.11722215235181,-0.225493012400956,0.345320234114759,1,1,0,1,0,0,0,0,0,0,0,0,0,0,0,0,0,24,43,59.72222,0,0,1,2,1,72,91,126.38889,0,0,3,4,1,86261250,0.891170286
"PHL","2006",1527,3,"Joint Statement: Joint GRP-MILF- Technical Working Groups on Goverance of the Ancestral Domain Aspect of the Agreement of Peace of 2001","308","Philippines: Mindanao","154, 276","Government of Philippines, MILF",2006-02-06,NA,"",0,0,0,0,2,0,0,0,0,0,0,0,"0",0,6493,1970-08-20,2023-11-17,2023-11-17,19447,1,1,3,"Philippines","PHI",6,1,1,1,"Philippines",840,-0.623808393731776,0.288584532549683,-0.516596405573779,-0.128957392745136,-0.123759891650513,-0.348455537336411,0.845300331924585,0.909363701238138,1.19903498985067,0.526122767643274,-1.09199221453881,0.0751855139492567,1.49143340554064,1.22973317068091,1.58682389312624,1.79175946922805,-13.8155105579643,-1.24276722884756,-13.8155105579643,-13.8155105579643,-13.8155105579643,-13.8155105579643,-13.8155105579643,-0.168063292376582,-0.0950101534547796,0.181517058147243,-0.642220694916276,-2.58779670023609,0.399737674656809,0.206797211444893,0.461734466972352,0,0,1,0,0,0,-1.24918902638004,0.555532370209678,0.154561905223017,0.146825397568725,-0.256867572377515,0,0,0,1,0,0,0,0,0,0,0,0,0,0,0,0,0,0,0,0,0,0,0,0,0,72,91,126.38889,0,0,3,4,1,87901835,1.469973453
"PHL","2006",1529,3,"Joint Statement","308","Philippines: Mindanao","154, 276","Government of Philippines, MILF",2006-02-07,NA,"",0,0,0,0,2,1,0,1,0,1,0,1,"7",0,6492,1970-08-20,2023-11-17,2023-11-17,19447,1,1,3,"Philippines","PHI",7,1,1,1,"Philippines",840,-0.623808393731776,0.288584532549683,-0.516596405573779,-0.128957392745136,-0.123759891650513,-0.410311549881336,0.845300331924585,0.909363701238138,1.19903498985067,0.526122767643274,-1.09199221453881,0.0751855139492567,1.49143340554064,1.22973317068091,1.58682389312624,1.94591014905531,-13.8155105579643,-1.24276722884756,-13.8155105579643,-13.8155105579643,-13.8155105579643,-13.8155105579643,-13.8155105579643,-0.168063292376582,-0.0950101534547796,0.181517058147243,-0.642220694916276,-2.58779670023609,0.399737674656809,0.206797211444893,0.461734466972352,0,2,1,0,0,1,0.512873405260378,-1.02315187052394,-1.1290493091889,0.185036491690634,0.25150704031891,1,1,0,1,1,1,0,0,0,0,1,0,0,1,0,0,0,0,0,0,0,0,0,0,0,72,91,126.38889,0,0,3,4,1,87901835,1.469973453
"PHL","2006",1528,3,"Joint Statement (Joint Meeting of the GRP and MILF Technical Working Groups on Resources)","308","Philippines: Mindanao","154, 276","Government of Philippines, MILF",2006-02-07,NA,"",0,1,0,0,2,0,0,0,0,0,0,0,"0",0,6492,1970-08-20,2023-11-17,2023-11-17,19447,1,1,3,"Philippines","PHI",7,1,1,1,"Philippines",840,-0.623808393731776,0.288584532549683,-0.516596405573779,-0.128957392745136,-0.123759891650513,-0.410311549881336,0.845300331924585,0.909363701238138,1.19903498985067,0.526122767643274,-1.09199221453881,0.0751855139492567,1.49143340554064,1.22973317068091,1.58682389312624,1.94591014905531,-13.8155105579643,-1.24276722884756,-13.8155105579643,-13.8155105579643,-13.8155105579643,-13.8155105579643,-13.8155105579643,-0.168063292376582,-0.0950101534547796,0.181517058147243,-0.642220694916276,-2.58779670023609,0.399737674656809,0.206797211444893,0.461734466972352,0,0,1,0,0,0,-1.24918902638004,0.555532370209678,0.154561905223017,0.146825397568725,-0.256867572377515,3,1,1,0,1,1,0,0,0,0,0,0,0,0,0,0,0,0,0,0,0,0,0,0,0,72,91,126.38889,0,0,3,4,1,87901835,1.469973453
"PHL","2012",1530,3,"Government of the Philippines-MILF Decision Points on Principles as of April 2012","308","Philippines: Mindanao","152, 154, 276","Government of Malaysia, Government of Philippines, MILF",2012-04-24,NA,"",0,1,0,0,2,0,0,0,0,0,0,0,"0",0,4224,1970-08-20,2023-11-17,2023-11-17,19447,1,1,3,"Philippines","PHI",8,1,1,1,"Philippines",840,-0.623634777385812,0.573646195393152,-0.516370912308381,-0.822305005412222,-0.816625929061528,-0.410311549881336,1.31176957165078,1.44839060042244,1.59023869518497,0.928643113512712,-1.13823096228157,0.938256145646039,1.30928416096219,1.03714145744864,1.87993149121962,2.07944154167984,-13.8155105579643,-0.555742457037978,-13.8155105579643,-13.8155105579643,-13.8155105579643,-13.8155105579643,-13.8155105579643,0.271377043733165,0.37045300926004,0.463884127722689,-0.0740307759658887,-0.0637322908727761,0.269480545845619,0.0364683302130533,0.631235335337245,0,0,1,0,0,0,-1.24918902638004,0.555532370209678,0.154561905223017,0.146825397568725,-0.256867572377515,1,1,0,1,1,1,0,0,0,1,1,0,0,0,0,0,0,0,0,0,0,0,0,0,0,72,91,126.38889,0,0,3,4,1,98032317,1.553567364
"PHL","2012",1439,3,"Framework Agreement on the Bangsamoro","308","Philippines: Mindanao","152, 154, 276","Government of Malaysia, Government of Philippines, MILF",2012-10-15,NA,"",1,1,0,0,2,1,0,1,1,1,0,0,"1, 3",0,4050,1970-08-20,2023-11-17,2023-11-17,19447,1,1,3,"Philippines","PHI",9,1,1,1,"Philippines",840,-0.623634777385812,0.573646195393152,-0.516370912308381,-0.822305005412222,-0.816625929061528,-0.0391754746117858,1.31176957165078,1.44839060042244,1.59023869518497,0.928643113512712,-1.13823096228157,0.938256145646039,1.30928416096219,1.03714145744864,1.87993149121962,2.19722457733622,-13.8155105579643,-0.555742457037978,-13.8155105579643,-13.8155105579643,-13.8155105579643,-13.8155105579643,-13.8155105579643,0.271377043733165,0.37045300926004,0.463884127722689,-0.0740307759658887,-0.0637322908727761,0.269480545845619,0.0364683302130533,0.631235335337245,0,3,1,0,0,1,2.11488691401851,-1.94051599619352,0.829297424432305,-0.079991936643424,-0.11169941190523,3,1,0,1,1,1,0,0,0,1,1,0,0,1,3,0,1,0,0,0,0,0,0,0,0,72,91,126.38889,0,0,3,4,1,98032317,1.553567364
"PHL","2013",1470,3,"Annex on Transitional Arrangements and Modalities to the Framework Agreement on the Bangsamoro (FAB)","308","Philippines: Mindanao","152, 154, 276","Government of Malaysia, Government of Philippines, MILF",2013-02-27,NA,"True",0,0,0,0,2,0,0,0,0,1,0,0,"0",1,3915,1970-08-20,2023-11-17,2023-11-17,19447,1,1,3,"Philippines","PHI",10,1,1,1,"Philippines",840,-0.624132731960501,0.63263909338582,-0.51618550673461,-0.703477896632696,-0.697881353479338,-0.286599524791486,1.28928912636277,1.42360775448293,1.64440536207741,0.815937416669269,-1.1459374202387,1.54646027266407,1.41797554994694,1.1266378080938,1.58682389312624,2.30258509299405,-13.8155105579643,-0.457855172065814,-13.8155105579643,-13.8155105579643,-13.8155105579643,-13.8155105579643,-13.8155105579643,0.254091001646486,0.353194321733004,0.49737883684715,-0.20341762221751,0.435968624267329,0.349230185328655,0.119237806380838,0.461734466972352,0,0,1,0,0,0,-1.24918902638004,0.555532370209678,0.154561905223017,0.146825397568725,-0.256867572377515,0,0,0,0,1,1,0,0,0,1,0,0,0,0,0,0,0,0,0,0,0,0,0,0,0,72,91,126.38889,0,0,3,4,1,99700107,1.185941284
"PHL","2013",1471,3,"Annex on Revenue Generation and Wealth-sharing to the Framework Agreement on the Bangsamoro (FAB)","308","Philippines: Mindanao","152, 154, 276","Government of Malaysia, Government of Philippines, MILF",2013-07-13,NA,"True",0,0,0,0,2,1,0,0,0,1,0,1,"2, 7",1,3779,1970-08-20,2023-11-17,2023-11-17,19447,1,1,3,"Philippines","PHI",11,1,1,1,"Philippines",840,-0.624132731960501,0.63263909338582,-0.51618550673461,-0.703477896632696,-0.697881353479338,-0.224743512246561,1.28928912636277,1.42360775448293,1.64440536207741,0.815937416669269,-1.1459374202387,1.54646027266407,1.41797554994694,1.1266378080938,1.58682389312624,2.39789527279837,-13.8155105579643,-0.457855172065814,-13.8155105579643,-13.8155105579643,-13.8155105579643,-13.8155105579643,-13.8155105579643,0.254091001646486,0.353194321733004,0.49737883684715,-0.20341762221751,0.435968624267329,0.349230185328655,0.119237806380838,0.461734466972352,0,1,1,0,0,0,-0.792627667841263,0.290616398249255,0.11722215235181,-0.225493012400956,0.345320234114759,3,1,0,0,1,1,0,0,0,0,0,0,0,1,3,1,1,0,0,0,0,0,0,0,0,72,91,126.38889,0,0,3,4,1,99700107,1.185941284
"PHL","2013",1472,3,"Annex on Power-Sharing to the Framework Agreement on the Bangsamoro (FAB)","308","Philippines: Mindanao","152, 154, 276","Government of Malaysia, Government of Philippines, MILF",2013-12-08,NA,"True",0,1,0,0,2,1,0,0,0,0,0,0,"2, 3, 5",1,3631,1970-08-20,2023-11-17,2023-11-17,19447,1,1,3,"Philippines","PHI",12,1,1,1,"Philippines",840,-0.624132731960501,0.63263909338582,-0.51618550673461,-0.703477896632696,-0.697881353479338,-0.101031487156711,1.28928912636277,1.42360775448293,1.64440536207741,0.815937416669269,-1.1459374202387,1.54646027266407,1.41797554994694,1.1266378080938,1.58682389312624,2.484906649788,-13.8155105579643,-0.457855172065814,-13.8155105579643,-13.8155105579643,-13.8155105579643,-13.8155105579643,-13.8155105579643,0.254091001646486,0.353194321733004,0.49737883684715,-0.20341762221751,0.435968624267329,0.349230185328655,0.119237806380838,0.461734466972352,0,1,1,0,0,0,-0.792627667841263,0.290616398249255,0.11722215235181,-0.225493012400956,0.345320234114759,3,1,0,1,1,1,0,0,0,0,1,0,0,0,2,0,0,0,0,0,0,0,0,0,0,72,91,126.38889,0,0,3,4,1,99700107,1.185941284
"PHL","2014",1477,3,"Comprehensive Agreement on the Bangsamoro","308","Philippines: Mindanao","152, 154, 276","Government of Malaysia, Government of Philippines, MILF",2014-03-27,NA,"",0,0,0,0,2,1,0,0,0,0,0,0,"0",0,3522,1970-08-20,2023-11-17,2023-11-17,19447,1,1,3,"Philippines","PHI",14,1,1,1,"Philippines",840,-0.624243388532654,0.696964499651177,-0.516010123083745,-0.165407927098603,-0.160185108724315,-0.317527531063948,1.27804890371876,1.41121633151318,1.6263498064466,0.80788700975188,-1.15364387819582,1.37964971637007,1.47545676142243,1.29244185450456,0.707501098846092,2.63905732961526,-13.8155105579643,-0.361020802587359,-13.8155105579643,-13.8155105579643,-13.8155105579643,-13.8155105579643,-13.8155105579643,0.245334621043853,0.344451978987707,0.486338121103797,-0.213333069655474,0.32182963823181,0.388967610615281,0.256533339544838,-0.346016096326597,0,1,1,0,0,0,-0.792627667841263,0.290616398249255,0.11722215235181,-0.225493012400956,0.345320234114759,3,1,0,0,1,1,0,0,0,0,0,0,0,0,0,0,0,0,0,0,0,0,0,0,0,72,91,126.38889,0,0,3,4,1,101325201,1.508965093
"PHL","2014",1476,3,"Annex on Normalization","308","Philippines: Mindanao","152, 154, 276","Government of Malaysia, Government of Philippines, MILF",2014-01-25,NA,"True",1,0,1,0,2,1,0,1,1,1,0,0,"1, 2",1,3583,1970-08-20,2023-11-17,2023-11-17,19447,1,1,3,"Philippines","PHI",13,1,1,1,"Philippines",840,-0.624243388532654,0.696964499651177,-0.516010123083745,-0.165407927098603,-0.160185108724315,-0.162887499701636,1.27804890371876,1.41121633151318,1.6263498064466,0.80788700975188,-1.15364387819582,1.37964971637007,1.47545676142243,1.29244185450456,0.707501098846092,2.56494935746154,-13.8155105579643,-0.361020802587359,-13.8155105579643,-13.8155105579643,-13.8155105579643,-13.8155105579643,-13.8155105579643,0.245334621043853,0.344451978987707,0.486338121103797,-0.213333069655474,0.32182963823181,0.388967610615281,0.256533339544838,-0.346016096326597,0,3,1,0,0,1,2.11488691401851,-1.94051599619352,0.829297424432305,-0.079991936643424,-0.11169941190523,2,1,0,1,1,1,0,0,0,1,1,0,0,1,0,0,0,0,0,0,0,0,0,0,0,72,91,126.38889,0,0,3,4,1,101325201,1.508965093
"PHL","2014",1478,3,"Addendum on the Bangsamoro Waters and Zones of Joint Cooperation","308","Philippines: Mindanao","152, 154, 276","Government of Malaysia, Government of Philippines, MILF",2014-01-25,NA,"True",0,1,0,0,2,0,0,0,0,0,0,0,"0",1,3583,1970-08-20,2023-11-17,2023-11-17,19447,1,1,3,"Philippines","PHI",13,1,1,1,"Philippines",840,-0.624243388532654,0.696964499651177,-0.516010123083745,-0.165407927098603,-0.160185108724315,-0.379383543608873,1.27804890371876,1.41121633151318,1.6263498064466,0.80788700975188,-1.15364387819582,1.37964971637007,1.47545676142243,1.29244185450456,0.707501098846092,2.56494935746154,-13.8155105579643,-0.361020802587359,-13.8155105579643,-13.8155105579643,-13.8155105579643,-13.8155105579643,-13.8155105579643,0.245334621043853,0.344451978987707,0.486338121103797,-0.213333069655474,0.32182963823181,0.388967610615281,0.256533339544838,-0.346016096326597,0,0,1,0,0,0,-1.24918902638004,0.555532370209678,0.154561905223017,0.146825397568725,-0.256867572377515,3,1,0,0,1,1,0,0,0,0,0,0,0,0,0,0,0,0,0,0,0,0,0,0,0,72,91,126.38889,0,0,3,4,1,101325201,1.508965093
"PNG","1990",1557,3,"Endeavour accord on dialogue and return of services to Bougainville","369","Papua New Guinea: Bougainville","157, 328","Government of Papua New Guinea, BRA",1990-08-05,1990-09-21,"True",0,0,0,0,1,0,0,0,0,0,0,0,"0",1,47,1990-02-07,2023-11-17,2023-11-17,12336,1,0,3,"Papua New Guinea","PNG",0,0,1,0,"Papua New Guinea",910,-0.314784653018809,-0.279407174647471,-0.481504642516437,-0.174568400950783,-0.169339220028387,-0.441239556153798,1.21622767917674,1.31208494775515,0.63931276529545,0.848139044338824,-0.159510801726489,-0.914215074456918,0.184327881472304,-0.0528059732027191,0.707501098846092,-13.8155105579643,-13.8155105579643,-13.8155105579643,-13.8155105579643,-13.8155105579643,-13.8155105579643,-13.8155105579643,-13.8155105579643,0.195754002182552,0.271617435190508,-0.447361483795088,-0.164710689250727,-13.8155105579643,-1.69103914266491,-13.8155105579643,-0.346016096326597,0,0,1,0,0,0,-1.24918902638004,0.555532370209678,0.154561905223017,0.146825397568725,-0.256867572377515,0,0,0,0,0,0,0,0,0,0,0,0,0,0,0,0,0,0,0,0,0,0,0,0,0,0,0,0,0,0,0,0,0,3864972,23.01471161
"PNG","1991",1076,3,"The Honiara Declaration","369","Papua New Guinea: Bougainville","157, 328","Government of Papua New Guinea, BRA",1991-01-23,1991-02-01,"True",1,0,1,0,1,0,0,0,0,0,0,1,"7, 8",1,9,1990-02-07,2023-11-17,2023-11-17,12336,1,0,3,"Papua New Guinea","PNG",1,1,1,0,"Papua New Guinea",910,-0.566637103367304,-0.278168267948331,-0.486520614931173,-0.238489023776943,-0.233215445802126,-0.348455537336411,1.21622767917674,1.31208494775515,0.63931276529545,0.848139044338824,-0.187767814235953,0.128582665035212,0.276715638884753,0.0926594742317894,-1.34425208780758,0,-13.8155105579643,-13.8155105579643,-13.8155105579643,-13.8155105579643,-13.8155105579643,-13.8155105579643,-13.8155105579643,0.195754002182552,0.271617435190508,-0.447361483795088,-0.164710689250727,-2.05118327381352,-1.28476487450649,-2.37882407317562,-13.8155105579643,0,0,1,0,0,0,-1.24918902638004,0.555532370209678,0.154561905223017,0.146825397568725,-0.256867572377515,0,0,0,0,0,0,0,0,0,1,0,0,0,0,0,0,0,0,0,0,0,0,0,0,0,0,0,0,0,0,0,0,0,3990995,18.25294178
"PNG","1994",1078,3,"Honiara Commitments to Peace","369","Papua New Guinea: Bougainville","4499, 157, 328","Government of Solomon Islands, Government of Papua New Guinea, BRA",1994-09-03,1994-11-21,"True",0,0,0,1,1,0,0,0,0,0,0,0,"0",1,79,1990-02-07,2023-11-17,2023-11-17,12336,1,0,3,"Papua New Guinea","PNG",2,1,1,0,"Papua New Guinea",910,0.236481587112736,-0.272613585270466,-0.474679713017065,-0.311502601469512,-0.306178310790517,-0.410311549881336,1.1263058980247,1.25632354439125,0.591164616946613,0.848139044338824,-0.259694755169135,1.05426040556723,0.99462251527242,0.872119334030379,0.12128590265933,0.693147180559945,-1.44188492984117,-13.8155105579643,-13.8155105579643,-13.8155105579643,-13.8155105579643,-13.8155105579643,-13.8155105579643,0.118943160695199,0.228189633910693,-0.525660760688231,-0.164710689250727,0.0528394837093918,-0.00539199544272259,-0.136829013484125,-2.10960468858796,0,0,1,0,0,0,-1.24918902638004,0.555532370209678,0.154561905223017,0.146825397568725,-0.256867572377515,0,0,0,0,1,1,0,0,1,0,0,0,0,0,0,0,0,0,0,0,0,0,0,0,0,0,0,0,0,0,0,0,0,4451694,21.13154483
"PNG","1998",1558,3,"Lincoln Agreement on Peace, Security and Development on Bougainville","369","Papua New Guinea: Bougainville","4499, 157, 328","Government of Solomon Islands, Government of Papua New Guinea, BRA",1998-01-23,NA,"",1,0,1,0,1,1,0,0,0,0,1,0,"6",0,9429,1990-02-07,2023-11-17,2023-11-17,12336,1,0,3,"Papua New Guinea","PNG",3,1,1,0,"Papua New Guinea",910,-0.625090483671205,-0.272126183524023,-0.475997595879278,-0.162617048010479,-0.157396168084218,-0.0701034808842483,1.1206857867027,1.2439321214215,0.5731090613158,0.815937416669269,-0.347034612016571,0.748376284787644,1.08143979746529,1.04385754172829,-1.34425208780758,1.09861228866811,-13.8155105579643,-13.8155105579643,-13.8155105579643,-13.8155105579643,-13.8155105579643,-13.8155105579643,-13.8155105579643,0.113940807477975,0.218277428054561,-0.556679246494126,-0.20341762221751,-0.289849372968235,0.0782932990874601,0.0429230258664629,-13.8155105579643,0,1,1,0,0,0,-0.792627667841263,0.290616398249255,0.11722215235181,-0.225493012400956,0.345320234114759,0,0,0,0,3,1,0,0,1,1,0,0,0,0,0,0,0,0,0,0,0,0,0,0,0,0,0,0,0,0,0,0,0,5138829,13.95624952
"PNG","1999",1559,3,"Fundamental Principles for the Future of Bougainville (The Hutjena Minute)","369","Papua New Guinea: Bougainville","157, 328","Government of Papua New Guinea, BRA",1999-06-30,NA,"",0,0,0,0,1,0,0,0,0,0,0,0,"0",0,8906,1990-02-07,2023-11-17,2023-11-17,12336,1,0,3,"Papua New Guinea","PNG",4,1,1,0,"Papua New Guinea",910,-0.625491136777277,-0.271578895528774,-0.483684410748615,-0.471799355532543,-0.466363728275798,-0.441239556153798,1.1206857867027,1.2439321214215,0.5731090613158,0.815937416669269,-0.365016347249866,0.128582665035212,0.590298074566698,0.390504008563029,-1.05114448971419,1.38629436111989,-13.8155105579643,-13.8155105579643,-13.8155105579643,-13.8155105579643,-13.8155105579643,-13.8155105579643,-13.8155105579643,0.113940807477975,0.218277428054561,-0.556679246494126,-0.20341762221751,-2.05118327381352,-0.527127658528552,-0.940317044548862,-13.8155105579643,0,0,1,0,0,0,-1.24918902638004,0.555532370209678,0.154561905223017,0.146825397568725,-0.256867572377515,0,0,0,0,0,0,0,0,0,0,0,0,0,0,0,0,0,0,0,0,0,0,0,0,0,0,0,0,0,0,0,0,0,5321388,17.36505638
"PNG","1999",1560,3,"The Hutjena Record","369","Papua New Guinea: Bougainville","7052, 157, 328","United Nations, Government of Papua New Guinea, BRA",1999-12-15,NA,"",0,0,0,0,1,0,0,0,0,0,0,0,"0",0,8738,1990-02-07,2023-11-17,2023-11-17,12336,1,0,3,"Papua New Guinea","PNG",5,1,1,0,"Papua New Guinea",910,-0.625491136777277,-0.271578895528774,-0.483684410748615,-0.471799355532543,-0.466363728275798,-0.379383543608873,1.1206857867027,1.2439321214215,0.5731090613158,0.815937416669269,-0.365016347249866,-0.265620476113659,0.590298074566698,0.365873898619153,1.29371629503285,1.6094379124341,-13.8155105579643,-13.8155105579643,-13.8155105579643,-13.8155105579643,-13.8155105579643,-13.8155105579643,-13.8155105579643,0.113940807477975,0.218277428054561,-0.556679246494126,-0.20341762221751,-13.8155105579643,-0.527127658528552,-1.00546654424,0.257518925543661,0,0,1,0,0,0,-1.24918902638004,0.555532370209678,0.154561905223017,0.146825397568725,-0.256867572377515,0,0,0,0,0,0,0,0,0,1,0,0,0,0,0,0,0,0,0,0,0,0,0,0,0,0,0,0,0,0,0,0,0,5321388,17.36505638
"PNG","2000",1561,3,"Loloata Understanding","369","Papua New Guinea: Bougainville","7052, 157, 328","United Nations, Government of Papua New Guinea, BRA",2000-03-23,NA,"",0,0,0,0,1,1,0,0,0,0,0,0,"0",0,8639,1990-02-07,2023-11-17,2023-11-17,12336,1,0,3,"Papua New Guinea","PNG",6,1,1,0,"Papua New Guinea",910,-0.625491136777277,-0.271627991459066,-0.487703201834148,-0.328124205321609,-0.322788369851826,-0.379383543608873,1.1206857867027,1.2439321214215,0.5731090613158,0.80788700975188,-0.385566901802204,0.575767776293932,0.696880939742988,0.642965989094273,-1.34425208780758,1.79175946922805,-13.8155105579643,-13.8155105579643,-13.8155105579643,-13.8155105579643,-13.8155105579643,-13.8155105579643,-13.8155105579643,0.113940807477975,0.218277428054561,-0.556679246494126,-0.213333069655474,-0.552050865735939,-0.361140700971968,-0.441663450242569,-13.8155105579643,0,1,1,0,0,0,-0.792627667841263,0.290616398249255,0.11722215235181,-0.225493012400956,0.345320234114759,0,0,0,0,0,0,0,0,1,1,0,0,0,0,0,0,0,0,0,0,0,0,0,0,0,0,0,0,0,0,0,0,0,5508297,25.70020869
"PNG","2000",1562,3,"Gateway Communique","369","Papua New Guinea: Bougainville","7052, 157, 328","United Nations, Government of Papua New Guinea, BRA",2000-06-09,NA,"",0,0,0,0,1,0,0,0,0,0,0,0,"0",0,8561,1990-02-07,2023-11-17,2023-11-17,12336,1,0,3,"Papua New Guinea","PNG",7,1,1,0,"Papua New Guinea",910,-0.625491136777277,-0.271627991459066,-0.487703201834148,-0.328124205321609,-0.322788369851826,-0.441239556153798,1.1206857867027,1.2439321214215,0.5731090613158,0.80788700975188,-0.385566901802204,0.575767776293932,0.696880939742988,0.642965989094273,-1.34425208780758,1.94591014905531,-13.8155105579643,-13.8155105579643,-13.8155105579643,-13.8155105579643,-13.8155105579643,-13.8155105579643,-13.8155105579643,0.113940807477975,0.218277428054561,-0.556679246494126,-0.213333069655474,-0.552050865735939,-0.361140700971968,-0.441663450242569,-13.8155105579643,0,0,1,0,0,0,-1.24918902638004,0.555532370209678,0.154561905223017,0.146825397568725,-0.256867572377515,0,0,0,0,2,1,1,0,0,0,0,0,0,0,0,0,0,0,0,0,0,0,0,0,0,0,0,0,0,0,0,0,0,5508297,25.70020869
"PNG","2001",1080,3,"Bougainville Peace Agreement","369","Papua New Guinea: Bougainville","157, 328","Government of Papua New Guinea, BRA",2001-08-30,NA,"",1,0,1,1,1,1,0,1,1,0,1,0,"1, 6",0,8114,1990-02-07,2023-11-17,2023-11-17,12336,1,0,3,"Papua New Guinea","PNG",8,1,1,0,"Papua New Guinea",910,-0.625491136777277,-0.27126334056615,-0.492318297332622,-0.413651817614303,-0.408256577625,2.0330009456432,1.1206857867027,1.2439321214215,0.5731090613158,0.80788700975188,-0.403548637035499,0.220685628635127,0.264954164236248,0.177374897428225,1.58682389312624,2.07944154167984,-13.8155105579643,-13.8155105579643,-13.8155105579643,-13.8155105579643,-13.8155105579643,0.709512999792781,-13.8155105579643,0.113940807477975,0.218277428054561,-0.556679246494126,-0.213333069655474,-1.51101608503437,-1.32819843310234,-1.72948972177849,0.461734466972352,0,3,1,0,0,1,2.11488691401851,-1.94051599619352,0.829297424432305,-0.079991936643424,-0.11169941190523,3,1,0,0,0,0,0,1,0,0,0,0,0,1,3,0,0,25,22,29.33333,0,0,1,2,0,25,22,29.33333,0,0,1,2,0,5698489,17.50528273
"RWA","1991",1320,4,"N’sele Cease-fire Agreement","374","Rwanda: Government","7062, 92, 94, 527","OAU, Government of Tanzania, Government of Rwanda, FPR",1991-03-29,1993-08-31,"True",0,0,1,0,1,1,0,1,1,1,1,0,"1, 5, 6",1,886,1990-10-03,2023-11-17,2023-11-17,12098,1,1,4,"Rwanda","RWA",0,0,1,0,"Rwanda",517,0.197246200796732,-0.283009666008819,-0.346684724615853,-0.273724146614022,-0.268426095542315,-0.224743512246561,-0.346163268339902,-0.125320116736326,0.145794244719876,-0.262817110260822,0.724163044024032,0.162485582516339,-0.512513992839618,-0.566087278405598,-0.758036891620813,-13.8155105579643,-1.62330258029471,-13.8155105579643,-13.8155105579643,-13.8155105579643,-13.8155105579643,-13.8155105579643,-0.322738713021672,-13.8155105579643,-13.8155105579643,-1.92555893398727,-13.8155105579643,-1.81716600412484,-13.8155105579643,-13.8155105579643,-13.8155105579643,0,3,0,1,0,1,2.11488691401851,-1.94051599619352,0.829297424432305,-0.079991936643424,-0.11169941190523,0,0,0,0,0,0,0,0,0,0,0,0,0,0,0,0,0,0,0,0,0,0,0,0,0,0,0,0,0,0,0,0,0,7485681,6.406208779
"RWA","1992",1321,4,"The Protocol of Agreement between the Government of the Republic of Rwanda and the Rwandese Patriotic Front on the Rule of Law","374","Rwanda: Government","94, 527","Government of Rwanda, FPR",1992-08-18,1993-08-31,"True",0,0,1,0,1,1,1,0,1,1,1,0,"1, 5, 6",1,378,1990-10-03,2023-11-17,2023-11-17,12098,1,1,4,"Rwanda","RWA",1,1,1,0,"Rwanda",517,0.203908489589121,-0.28253352652971,-0.390991645785783,-0.337217160188019,-0.331875009066479,-0.255671518519023,-0.138219149425817,-0.0509715789178018,0.29625720830999,-0.174262634169546,0.914255673633156,0.272127865990491,0.597328066950225,0.390504008563029,0.414393500752711,0,-1.59008396622571,-13.8155105579643,-13.8155105579643,-13.8155105579643,-13.8155105579643,-13.8155105579643,-0.0896450161932251,-13.8155105579643,-13.8155105579643,-1.21652725498074,-13.8155105579643,-1.30148322759316,-0.515288790643815,-0.940317044548862,-0.880939271671648,1,3,0,1,0,1,5.26296339474852,4.17188635838792,1.21299666543861,0.0608913578954792,0.301400309343096,0,0,0,0,1,1,0,0,0,0,0,0,0,0,0,0,0,0,0,0,0,0,0,0,0,0,0,0,0,0,0,0,0,7657208,6.099478502
"RWA","1992",1523,4,"Protocol of Agreement on Power-sharing within the Framework of  broad-based Transitional Government between the Government of the Republic of Rwanda and the Rwandese Patriotic Front","374","Rwanda: Government","92, 7062, 94, 527","Government of Tanzania, OAU, Government of Rwanda, FPR",1992-10-30,1993-08-31,"True",0,0,1,0,1,1,0,1,1,0,0,0,"1, 3, 8",1,305,1990-10-03,2023-11-17,2023-11-17,12098,1,1,4,"Rwanda","RWA",2,1,1,0,"Rwanda",517,0.203908489589121,-0.28253352652971,-0.390991645785783,-0.337217160188019,-0.331875009066479,0.270104588112839,-0.138219149425817,-0.0509715789178018,0.29625720830999,-0.174262634169546,0.914255673633156,-0.828432082953872,-0.944440763079443,-1.17776480406496,0.12128590265933,0.693147180559945,-1.59008396622571,-13.8155105579643,-13.8155105579643,-13.8155105579643,-13.8155105579643,-1.3089460316087,-0.0896450161932251,-13.8155105579643,-13.8155105579643,-1.21652725498074,-13.8155105579643,-13.8155105579643,-13.8155105579643,-13.8155105579643,-2.10960468858796,0,3,0,1,0,1,2.11488691401851,-1.94051599619352,0.829297424432305,-0.079991936643424,-0.11169941190523,0,0,0,0,1,1,0,0,0,0,0,0,0,0,0,0,0,0,0,0,0,0,0,0,0,0,0,0,0,0,0,0,0,7657208,6.099478502
"RWA","1993",1324,4,"The Protocol Agreement between the Government of the Republic of Rwanda and the Rwandese Patriotic Front on the integration of Armed Forces of the two parties","374","Rwanda: Government","92, 7062, 94, 527","Government of Tanzania, OAU, Government of Rwanda, FPR",1993-08-03,1993-08-31,"True",1,0,0,0,1,1,1,1,1,1,1,0,"1, 5, 6",1,28,1990-10-03,2023-11-17,2023-11-17,12098,1,1,4,"Rwanda","RWA",5,1,1,0,"Rwanda",517,0.233915499361945,-0.282902574346901,0.870958864686143,-0.307968944215536,-0.302647107892575,2.62063306481999,-0.767671617490074,-0.466084248404563,0.00736831821697107,-0.415774841691208,1.13517413507079,0.162485582516339,-0.56564300852441,-0.545560413978547,0.414393500752711,1.6094379124341,-1.45279534267958,-13.8155105579643,-0.138160530930151,-13.8155105579643,-13.8155105579643,0.9634159163796,0.126786062135121,-13.8155105579643,-13.8155105579643,-4.91056579190488,-13.8155105579643,-1.81716600412484,-13.8155105579643,-13.8155105579643,-0.880939271671648,1,4,0,1,0,1,6.56846446785016,2.85811808961472,-0.0332747961020992,0.471420861987069,0.207587115547246,0,0,0,0,1,1,0,0,1,0,0,0,0,0,0,0,0,26,8,10.25641,0,0,1,0,0,26,8,10.25641,0,0,1,0,0,7904740,4.955066413
"RWA","1993",1323,4,"The Protocol of Agreement between the Government of the Republic of Rwanda and the Rwandese Patriotic Front on the Repatriation of Refugees and the Resettlement of Displaced Persons","374","Rwanda: Government","92, 7062, 94, 527","Government of Tanzania, OAU, Government of Rwanda, FPR",1993-06-09,1993-08-31,"True",0,0,1,1,1,1,1,1,1,1,1,0,"1, 5, 6",1,83,1990-10-03,2023-11-17,2023-11-17,12098,1,1,4,"Rwanda","RWA",4,1,1,0,"Rwanda",517,0.233915499361945,-0.282902574346901,0.870958864686143,-0.307968944215536,-0.302647107892575,-0.00824746833932335,-0.767671617490074,-0.466084248404563,0.00736831821697107,-0.415774841691208,1.13517413507079,0.631319155160755,-0.339331905601243,-0.190698536993243,-1.63735968590096,1.38629436111989,-1.45279534267958,-13.8155105579643,-0.138160530930151,-13.8155105579643,-13.8155105579643,-13.8155105579643,0.126786062135121,-13.8155105579643,-13.8155105579643,-4.91056579190488,-13.8155105579643,-0.459943751663121,-13.8155105579643,-13.8155105579643,-13.8155105579643,1,4,0,1,0,1,6.56846446785016,2.85811808961472,-0.0332747961020992,0.471420861987069,0.207587115547246,0,0,0,0,1,1,0,0,1,1,0,0,0,1,0,0,0,26,8,10.25641,0,0,1,0,0,52,16,20.51282,0,0,2,0,0,7904740,4.955066413
"RWA","1993",1325,4,"The Protocol of Agreement between the Government of the Republic of Rwanda and the Rwandese Patriotic Front on Miscellaneous Issues and Final Provisions","374","Rwanda: Government","92, 7062, 94, 527","Government of Tanzania, OAU, Government of Rwanda, FPR",1993-08-03,1993-08-31,"True",0,0,0,0,1,1,1,1,1,1,1,0,"1, 5, 6",1,28,1990-10-03,2023-11-17,2023-11-17,12098,1,1,4,"Rwanda","RWA",5,1,1,0,"Rwanda",517,0.233915499361945,-0.282902574346901,0.870958864686143,-0.307968944215536,-0.302647107892575,-0.131959493429173,-0.767671617490074,-0.466084248404563,0.00736831821697107,-0.415774841691208,1.13517413507079,-0.884176335973115,-0.454923739552224,-0.566087278405598,1.58682389312624,1.6094379124341,-1.45279534267958,-13.8155105579643,-0.138160530930151,-13.8155105579643,-13.8155105579643,-13.8155105579643,0.126786062135121,-13.8155105579643,-13.8155105579643,-4.91056579190488,-13.8155105579643,-13.8155105579643,-13.8155105579643,-13.8155105579643,0.461734466972352,1,4,0,1,0,1,6.56846446785016,2.85811808961472,-0.0332747961020992,0.471420861987069,0.207587115547246,0,0,0,0,0,0,0,0,0,1,0,0,0,0,0,0,0,26,8,10.25641,0,0,1,0,0,130,40,51.28205,0,0,5,0,0,7904740,4.955066413
"RWA","1993",1002,4,"Arusha Accords","374","Rwanda: Government","92, 7062, 7052, 94, 527","Government of Tanzania, OAU, United Nations, Government of Rwanda, FPR",1993-08-04,1993-08-31,"True",1,0,1,1,1,1,1,1,1,1,1,0,"1, 5, 6",1,27,1990-10-03,2023-11-17,2023-11-17,12098,1,1,4,"Rwanda","RWA",6,1,1,0,"Rwanda",517,0.233915499361945,-0.282902574346901,0.870958864686143,-0.307968944215536,-0.302647107892575,2.65156107109245,-0.767671617490074,-0.466084248404563,0.00736831821697107,-0.415774841691208,1.13517413507079,-1.14701521377175,-0.917583778723377,-1.2264750891705,0.12128590265933,1.79175946922805,-1.45279534267958,-13.8155105579643,-0.138160530930151,-13.8155105579643,-13.8155105579643,0.975148549987711,0.126786062135121,-13.8155105579643,-13.8155105579643,-4.91056579190488,-13.8155105579643,-13.8155105579643,-13.8155105579643,-13.8155105579643,-2.10960468858796,1,4,0,1,0,1,6.56846446785016,2.85811808961472,-0.0332747961020992,0.471420861987069,0.207587115547246,NA,NA,NA,NA,NA,NA,NA,NA,NA,NA,NA,NA,NA,NA,NA,NA,NA,26,8,10.25641,0,0,1,0,0,78,24,30.76923,0,0,3,0,0,7904740,4.955066413
"RWA","1993",1322,4,"The Protocols of Agreement between the Government of the Republic of Rwanda and the Rwandese Patriotic Front on Power-Sharing within the Framework of a Broad-Based Transitional Government","374","Rwanda: Government","92, 7062, 94, 527","Government of Tanzania, OAU, Government of Rwanda, FPR",1993-01-09,1993-08-31,"True",0,0,1,0,1,1,1,1,1,1,1,0,"1, 5, 6",1,234,1990-10-03,2023-11-17,2023-11-17,12098,1,1,4,"Rwanda","RWA",3,1,1,0,"Rwanda",517,0.233915499361945,-0.282902574346901,0.870958864686143,-0.307968944215536,-0.302647107892575,-0.0701034808842483,-0.767671617490074,-0.466084248404563,0.00736831821697107,-0.415774841691208,1.13517413507079,0.162485582516339,0.079094802203089,0.147479065079388,-0.171821695434051,1.09861228866811,-1.45279534267958,-13.8155105579643,-0.138160530930151,-13.8155105579643,-13.8155105579643,-13.8155105579643,0.126786062135121,-13.8155105579643,-13.8155105579643,-4.91056579190488,-13.8155105579643,-1.81716600412484,-2.53710811808586,-1.91406904494068,-13.8155105579643,1,4,0,1,0,1,6.56846446785016,2.85811808961472,-0.0332747961020992,0.471420861987069,0.207587115547246,0,0,0,0,1,1,0,0,0,0,0,0,0,0,0,0,0,26,8,10.25641,0,0,1,0,0,104,32,41.02564,0,0,4,0,0,7904740,4.955066413
"SDN","1988",1404,4,"DUP/SPLM Sudan Peace Agreement","309","Sudan: Government","112, 466","Government of Sudan, SPLM/A",1988-11-16,1988-12-21,"True",0,0,0,0,1,0,0,0,0,0,0,0,"0",1,35,1971-07-22,2023-11-17,2023-11-17,19111,1,1,3,"Sudan","SUD",0,0,0,0,"Sudan",625,0.0371185094034794,2.64546161363834,3.21608882482267,0.89351389826135,0.898001226183388,-0.410311549881336,0.272048977080351,-0.249234346433867,-0.353742794399303,-0.246716296426045,0.413335906419924,0.128582665035212,0.351339585434487,0.453455362454732,-1.63735968590096,-13.8155105579643,-3.29363952802668,0.972845573197559,1.16816597059409,-0.112593389650412,-0.107583845220527,-13.8155105579643,-0.883494683861047,-1.30177316610009,-13.8155105579643,-13.8155105579643,-13.8155105579643,-2.05118327381352,-1.04600204335295,-0.790858443257654,-13.8155105579643,0,0,1,0,0,0,-1.24918902638004,0.555532370209678,0.154561905223017,0.146825397568725,-0.256867572377515,NA,NA,NA,NA,NA,NA,NA,NA,NA,NA,NA,NA,NA,NA,NA,NA,NA,0,0,0,0,0,0,0,0,0,0,0,0,0,0,0,0,20453819,0.008848929
"SDN","2002",1277,4,"Machakos Protocol","309","Sudan: Government","7071, 112, 466","IGAD, Government of Sudan, SPLM/A",2002-07-20,NA,"",0,0,0,0,2,1,0,0,0,0,0,0,"0",0,7790,1971-07-22,2023-11-17,2023-11-17,19111,1,1,3,"Sudan","SUD",1,1,1,0,"Sudan",625,0.345342851776237,-0.142489237261574,1.12740483898082,-0.385135115258452,-0.379759681983686,-0.193815505974098,-0.829492842032099,-1.02989399352837,-1.06392798254464,-1.10810983658664,-0.138960247174151,-0.403348085325735,-0.512513992839618,-0.293230500355608,-0.464929293527432,0,-1.06321758215207,-13.8155105579643,0.1199183888158,-13.8155105579643,-13.8155105579643,-13.8155105579643,-13.8155105579643,-13.8155105579643,-13.8155105579643,-13.8155105579643,-13.8155105579643,-13.8155105579643,-13.8155105579643,-13.8155105579643,-13.8155105579643,0,1,1,0,0,0,-0.792627667841263,0.290616398249255,0.11722215235181,-0.225493012400956,0.345320234114759,1,1,0,0,1,1,0,0,1,1,0,0,0,0,0,0,0,0,0,0,0,0,0,0,0,0,0,0,0,0,0,0,0,27570318,7.222835316
"SDN","2002",1553,4,"Memorandum of Understanding between the Government of the Sudan and the Sudan People´s Liberation Movement/Army on Aspects of Structures of Government","309","Sudan: Government","7071, 112, 466","IGAD, Government of Sudan, SPLM/A",2002-11-18,NA,"",0,0,0,0,2,0,0,0,0,0,0,0,"0",0,7669,1971-07-22,2023-11-17,2023-11-17,19111,1,1,3,"Sudan","SUD",3,1,1,0,"Sudan",625,0.345342851776237,-0.142489237261574,1.12740483898082,-0.385135115258452,-0.379759681983686,-0.379383543608873,-0.829492842032099,-1.02989399352837,-1.06392798254464,-1.10810983658664,-0.138960247174151,-0.403348085325735,-0.512513992839618,-0.293230500355608,-0.464929293527432,1.09861228866811,-1.06321758215207,-13.8155105579643,0.1199183888158,-13.8155105579643,-13.8155105579643,-13.8155105579643,-13.8155105579643,-13.8155105579643,-13.8155105579643,-13.8155105579643,-13.8155105579643,-13.8155105579643,-13.8155105579643,-13.8155105579643,-13.8155105579643,0,0,1,0,0,0,-1.24918902638004,0.555532370209678,0.154561905223017,0.146825397568725,-0.256867572377515,1,1,0,0,0,0,0,0,1,0,0,0,0,0,0,0,0,0,0,0,0,0,0,0,0,0,0,0,0,0,0,0,0,27570318,7.222835316
"SDN","2002",1552,4,"Memorandum of Understanding on Cessation of Hostilities between the Government of the Sudan and the Sudan People´s Liberation Movement/Army","309","Sudan: Government","7071, 112, 466","IGAD, Government of Sudan, SPLM/A",2002-10-15,NA,"",0,0,0,0,2,0,0,0,0,0,0,0,"0",0,7703,1971-07-22,2023-11-17,2023-11-17,19111,1,1,3,"Sudan","SUD",2,1,1,0,"Sudan",625,0.345342851776237,-0.142489237261574,1.12740483898082,-0.385135115258452,-0.379759681983686,-0.410311549881336,-0.829492842032099,-1.02989399352837,-1.06392798254464,-1.10810983658664,-0.138960247174151,-0.403348085325735,-0.512513992839618,-0.293230500355608,-0.464929293527432,0.693147180559945,-1.06321758215207,-13.8155105579643,0.1199183888158,-13.8155105579643,-13.8155105579643,-13.8155105579643,-13.8155105579643,-13.8155105579643,-13.8155105579643,-13.8155105579643,-13.8155105579643,-13.8155105579643,-13.8155105579643,-13.8155105579643,-13.8155105579643,0,0,1,0,0,0,-1.24918902638004,0.555532370209678,0.154561905223017,0.146825397568725,-0.256867572377515,0,0,0,0,1,0,0,0,0,0,0,0,1,0,0,0,0,0,0,0,0,0,0,0,0,0,0,0,0,0,0,0,0,27570318,7.222835316
"SDN","2003",1278,4,"Agreement on Security Arrangements During the Interim Period","309","Sudan: Government","7071, 112, 466","IGAD, Government of Sudan, SPLM/A",2003-09-25,NA,"",1,0,0,0,2,0,0,1,1,0,1,0,"1, 6",0,7358,1971-07-22,2023-11-17,2023-11-17,19111,1,1,3,"Sudan","SUD",4,1,1,0,"Sudan",625,0.531106618342266,-0.130222354955025,0.175246998435215,0.0239231867691894,0.0290145023042416,-0.348455537336411,-0.835112953354102,-1.02989399352837,-1.06392798254464,-1.10810983658664,-0.187767814235953,-0.694348285120219,-0.771670049809203,-0.687663845462089,-0.464929293527432,1.38629436111989,-0.632792490056835,-13.8155105579643,-1.74155888054527,-3.73290713263684,-3.53995949453712,-13.8155105579643,-13.8155105579643,-13.8155105579643,-13.8155105579643,-13.8155105579643,-13.8155105579643,-13.8155105579643,-13.8155105579643,-13.8155105579643,-13.8155105579643,0,2,1,0,0,1,1.65832555547973,-1.6756000242331,0.866637177303513,0.292326473326256,-0.713887218397504,0,0,0,0,0,0,0,0,1,0,0,0,0,0,0,0,0,0,0,0,0,0,0,0,0,0,0,0,0,0,0,0,0,28188977,7.006224309
"SDN","2004",1281,4,"The Protocol Between the GOS and SPLM on the Resolution of Conflict in Southern Kordofan/Nuba Mountains and Blue Nile States","309","Sudan: Government","112, 466","Government of Sudan, SPLM/A",2004-05-26,NA,"",0,0,1,0,2,1,0,0,0,0,1,0,"6",0,7114,1971-07-22,2023-11-17,2023-11-17,19111,1,1,3,"Sudan","SUD",6,1,1,0,"Sudan",625,0.768447794763237,-0.117597624008775,0.19240954141271,0.472425527842895,0.477205329173809,0.0845365504780641,-0.784531951456081,-1.00511114758886,-1.05790946400104,-1.09200902275186,-0.234006561978713,-0.575049363446875,-0.694975348499339,-0.645463144835707,-0.171821695434051,1.79175946922805,-0.263382649653492,-13.8155105579643,-1.648129150438,-0.749875157501489,-0.739808421231025,-2.47057128810555,-13.8155105579643,-13.8155105579643,-13.8155105579643,-13.8155105579643,-13.8155105579643,-13.8155105579643,-13.8155105579643,-13.8155105579643,-13.8155105579643,0,1,1,0,0,0,-0.792627667841263,0.290616398249255,0.11722215235181,-0.225493012400956,0.345320234114759,3,1,0,0,3,1,1,1,0,1,0,0,0,1,3,1,1,0,0,0,0,0,0,0,0,0,0,0,0,0,0,0,0,28831550,10.14334839
"SDN","2004",1310,4,"Framework on Wealth Sharing During the Pre-Interim and Interim Period","309","Sudan: Government","7071, 112, 466","IGAD, Government of Sudan, SPLM/A",2004-01-07,NA,"",0,0,1,0,2,1,0,0,0,0,0,0,"0",0,7254,1971-07-22,2023-11-17,2023-11-17,19111,1,1,3,"Sudan","SUD",5,1,1,0,"Sudan",625,0.768447794763237,-0.117597624008775,0.19240954141271,0.472425527842895,0.477205329173809,0.115464556750527,-0.784531951456081,-1.00511114758886,-1.05790946400104,-1.09200902275186,-0.234006561978713,-0.575049363446875,-0.694975348499339,-0.645463144835707,-0.171821695434051,1.6094379124341,-0.263382649653492,-13.8155105579643,-1.648129150438,-0.749875157501489,-0.739808421231025,-2.1587916640747,-13.8155105579643,-13.8155105579643,-13.8155105579643,-13.8155105579643,-13.8155105579643,-13.8155105579643,-13.8155105579643,-13.8155105579643,-13.8155105579643,0,1,1,0,0,0,-0.792627667841263,0.290616398249255,0.11722215235181,-0.225493012400956,0.345320234114759,3,1,0,1,3,1,1,1,0,0,1,0,0,1,3,1,1,0,0,0,0,0,0,0,0,0,0,0,0,0,0,0,0,28831550,10.14334839
"SDN","2004",1280,4,"The Protocol Between the GOS and SPLM on the Resolution of Conflict in Abyei Area","309","Sudan: Government","112, 466","Government of Sudan, SPLM/A",2004-05-26,NA,"",1,1,1,0,2,1,0,1,1,0,0,0,"1, 4, 5, 8",0,7114,1971-07-22,2023-11-17,2023-11-17,19111,1,1,3,"Sudan","SUD",6,1,1,0,"Sudan",625,0.768447794763237,-0.117597624008775,0.19240954141271,0.472425527842895,0.477205329173809,-0.193815505974098,-0.784531951456081,-1.00511114758886,-1.05790946400104,-1.09200902275186,-0.234006561978713,-0.575049363446875,-0.694975348499339,-0.645463144835707,-0.171821695434051,1.79175946922805,-0.263382649653492,-13.8155105579643,-1.648129150438,-0.749875157501489,-0.739808421231025,-13.8155105579643,-13.8155105579643,-13.8155105579643,-13.8155105579643,-13.8155105579643,-13.8155105579643,-13.8155105579643,-13.8155105579643,-13.8155105579643,-13.8155105579643,0,3,1,0,0,1,2.11488691401851,-1.94051599619352,0.829297424432305,-0.079991936643424,-0.11169941190523,3,1,0,0,1,1,1,1,0,1,0,0,0,1,2,0,0,0,0,0,0,0,0,0,0,0,0,0,0,0,0,0,0,28831550,10.14334839
"SDN","2004",1279,4,"Protocol Between the GOS and SPLM on Power Sharing","309","Sudan: Government","112, 466","Government of Sudan, SPLM/A",2004-05-26,NA,"",0,0,1,0,2,1,0,1,0,1,1,1,"6, 7",0,7114,1971-07-22,2023-11-17,2023-11-17,19111,1,1,3,"Sudan","SUD",6,1,1,0,"Sudan",625,0.768447794763237,-0.117597624008775,0.19240954141271,0.472425527842895,0.477205329173809,1.47629683273888,-0.784531951456081,-1.00511114758886,-1.05790946400104,-1.09200902275186,-0.234006561978713,-0.575049363446875,-0.694975348499339,-0.645463144835707,-0.171821695434051,1.79175946922805,-0.263382649653492,-13.8155105579643,-1.648129150438,-0.749875157501489,-0.739808421231025,0.389536812150792,-13.8155105579643,-13.8155105579643,-13.8155105579643,-13.8155105579643,-13.8155105579643,-13.8155105579643,-13.8155105579643,-13.8155105579643,-13.8155105579643,0,2,1,0,0,1,0.512873405260378,-1.02315187052394,-1.1290493091889,0.185036491690634,0.25150704031891,3,1,0,1,3,1,1,1,1,0,0,0,0,0,3,1,0,0,0,0,0,0,0,0,0,0,0,0,0,0,0,0,0,28831550,10.14334839
"SDN","2004",1548,4,"The Implementation Modalities of the Protocol on the Resolution of the Abyei Conflict, dated 26th May, 2004","309","Sudan: Government","112, 466","Government of Sudan, SPLM/A",2004-12-31,NA,"",0,1,1,0,2,1,0,0,0,0,0,0,"0",0,6895,1971-07-22,2023-11-17,2023-11-17,19111,1,1,3,"Sudan","SUD",9,1,1,0,"Sudan",625,0.768447794763237,-0.117597624008775,0.19240954141271,0.472425527842895,0.477205329173809,-0.193815505974098,-0.784531951456081,-1.00511114758886,-1.05790946400104,-1.09200902275186,-0.234006561978713,-0.575049363446875,-0.694975348499339,-0.645463144835707,-0.171821695434051,2.19722457733622,-0.263382649653492,-13.8155105579643,-1.648129150438,-0.749875157501489,-0.739808421231025,-13.8155105579643,-13.8155105579643,-13.8155105579643,-13.8155105579643,-13.8155105579643,-13.8155105579643,-13.8155105579643,-13.8155105579643,-13.8155105579643,-13.8155105579643,0,1,1,0,0,0,-0.792627667841263,0.290616398249255,0.11722215235181,-0.225493012400956,0.345320234114759,1,1,0,0,0,0,0,0,1,1,0,0,0,1,0,0,0,0,0,0,0,0,0,0,0,0,0,0,0,0,0,0,0,28831550,10.14334839
"SDN","2004",1549,4,"The Implementation Modalities for the Protocol on the Resolution of Conflict in Southern Kordofan and Blue Nile States, dated 26th May, 2004","309","Sudan: Government","112, 466","Government of Sudan, SPLM/A",2004-12-31,NA,"",0,1,0,0,2,1,0,0,0,0,0,0,"0",0,6895,1971-07-22,2023-11-17,2023-11-17,19111,1,1,3,"Sudan","SUD",9,1,1,0,"Sudan",625,0.768447794763237,-0.117597624008775,0.19240954141271,0.472425527842895,0.477205329173809,-0.131959493429173,-0.784531951456081,-1.00511114758886,-1.05790946400104,-1.09200902275186,-0.234006561978713,-0.575049363446875,-0.694975348499339,-0.645463144835707,-0.171821695434051,2.19722457733622,-0.263382649653492,-13.8155105579643,-1.648129150438,-0.749875157501489,-0.739808421231025,-13.8155105579643,-13.8155105579643,-13.8155105579643,-13.8155105579643,-13.8155105579643,-13.8155105579643,-13.8155105579643,-13.8155105579643,-13.8155105579643,-13.8155105579643,0,1,1,0,0,0,-0.792627667841263,0.290616398249255,0.11722215235181,-0.225493012400956,0.345320234114759,3,1,0,0,3,1,0,0,0,1,0,0,0,1,2,0,0,0,0,0,0,0,0,0,0,0,0,0,0,0,0,0,0,28831550,10.14334839
"SDN","2004",1546,4,"Declaration on the Conclusion of the IGAD Negotiations on Peace in the Sudan","309","Sudan: Government","99, 112, 466","Government of Angola, Government of Sudan, SPLM/A",2004-11-19,NA,"",0,0,0,0,2,0,0,0,0,0,0,0,"0",0,6937,1971-07-22,2023-11-17,2023-11-17,19111,1,1,3,"Sudan","SUD",8,1,1,0,"Sudan",625,0.768447794763237,-0.117597624008775,0.19240954141271,0.472425527842895,0.477205329173809,-0.379383543608873,-0.784531951456081,-1.00511114758886,-1.05790946400104,-1.09200902275186,-0.234006561978713,-0.575049363446875,-0.694975348499339,-0.645463144835707,-0.171821695434051,2.07944154167984,-0.263382649653492,-13.8155105579643,-1.648129150438,-0.749875157501489,-0.739808421231025,-13.8155105579643,-13.8155105579643,-13.8155105579643,-13.8155105579643,-13.8155105579643,-13.8155105579643,-13.8155105579643,-13.8155105579643,-13.8155105579643,-13.8155105579643,0,0,1,0,0,0,-1.24918902638004,0.555532370209678,0.154561905223017,0.146825397568725,-0.256867572377515,0,0,0,0,0,0,0,0,0,0,0,0,0,0,0,0,0,0,0,0,0,0,0,0,0,0,0,0,0,0,0,0,0,28831550,10.14334839
"SDN","2004",1547,4,"The Implementation Modalities of the Protocol on Power Sharing, dated 26th May, 2004","309","Sudan: Government","112, 466","Government of Sudan, SPLM/A",2004-12-31,NA,"",0,0,1,0,2,1,0,0,0,0,1,0,"6",0,6895,1971-07-22,2023-11-17,2023-11-17,19111,1,1,3,"Sudan","SUD",9,1,1,0,"Sudan",625,0.768447794763237,-0.117597624008775,0.19240954141271,0.472425527842895,0.477205329173809,0.548456644565001,-0.784531951456081,-1.00511114758886,-1.05790946400104,-1.09200902275186,-0.234006561978713,-0.575049363446875,-0.694975348499339,-0.645463144835707,-0.171821695434051,2.19722457733622,-0.263382649653492,-13.8155105579643,-1.648129150438,-0.749875157501489,-0.739808421231025,-0.600647046028155,-13.8155105579643,-13.8155105579643,-13.8155105579643,-13.8155105579643,-13.8155105579643,-13.8155105579643,-13.8155105579643,-13.8155105579643,-13.8155105579643,0,1,1,0,0,0,-0.792627667841263,0.290616398249255,0.11722215235181,-0.225493012400956,0.345320234114759,1,1,0,0,1,1,1,0,1,1,0,0,0,0,0,0,0,0,0,0,0,0,0,0,0,0,0,0,0,0,0,0,0,28831550,10.14334839
"SDN","2004",1545,4,"Nairobi Declaration on the Final Phase of Peace in the Sudan","309","Sudan: Government","7071, 112, 466","IGAD, Government of Sudan, SPLM/A",2004-06-05,NA,"",0,0,0,0,2,1,0,0,0,0,0,1,"7",0,7104,1971-07-22,2023-11-17,2023-11-17,19111,1,1,3,"Sudan","SUD",7,1,1,0,"Sudan",625,0.768447794763237,-0.117597624008775,0.19240954141271,0.472425527842895,0.477205329173809,-0.317527531063948,-0.784531951456081,-1.00511114758886,-1.05790946400104,-1.09200902275186,-0.234006561978713,-0.575049363446875,-0.694975348499339,-0.645463144835707,-0.171821695434051,1.94591014905531,-0.263382649653492,-13.8155105579643,-1.648129150438,-0.749875157501489,-0.739808421231025,-13.8155105579643,-13.8155105579643,-13.8155105579643,-13.8155105579643,-13.8155105579643,-13.8155105579643,-13.8155105579643,-13.8155105579643,-13.8155105579643,-13.8155105579643,0,1,1,0,0,0,-0.792627667841263,0.290616398249255,0.11722215235181,-0.225493012400956,0.345320234114759,1,1,0,0,1,1,1,0,0,0,0,0,0,1,0,0,0,0,0,0,0,0,0,0,0,0,0,0,0,0,0,0,0,28831550,10.14334839
"SDN","2004",1543,4,"Agreement Between the Government of the Sudan (GOS) and the Sudan People’s Liberation Movement/Sudan People’s Liberation Army (SPLM/SPLA) on Implementation Modalities of the Protocols and Agreements","309","Sudan: Government","112, 466","Government of Sudan, SPLM/A",2004-12-31,NA,"",0,0,0,0,2,0,0,0,0,0,0,0,"0",0,6895,1971-07-22,2023-11-17,2023-11-17,19111,1,1,3,"Sudan","SUD",9,1,1,0,"Sudan",625,0.768447794763237,-0.117597624008775,0.19240954141271,0.472425527842895,0.477205329173809,-0.379383543608873,-0.784531951456081,-1.00511114758886,-1.05790946400104,-1.09200902275186,-0.234006561978713,-0.575049363446875,-0.694975348499339,-0.645463144835707,-0.171821695434051,2.19722457733622,-0.263382649653492,-13.8155105579643,-1.648129150438,-0.749875157501489,-0.739808421231025,-13.8155105579643,-13.8155105579643,-13.8155105579643,-13.8155105579643,-13.8155105579643,-13.8155105579643,-13.8155105579643,-13.8155105579643,-13.8155105579643,-13.8155105579643,0,0,1,0,0,0,-1.24918902638004,0.555532370209678,0.154561905223017,0.146825397568725,-0.256867572377515,0,0,0,0,0,0,0,0,0,0,0,0,0,0,0,0,0,0,0,0,0,0,0,0,0,0,0,0,0,0,0,0,0,28831550,10.14334839
"SDN","2005",1282,4,"Sudan Comprehensive Peace Agreement","309","Sudan: Government","91, 90, 117, 44, 7052, 7075, 30, 7071, 7053, 4231, 3, 28, 67, 112, 466","Government of Kenya, Government of Uganda, Government of Egypt, Government of Italy, United Nations, Arab League, Government of Netherlands, IGAD, European Union, African Union, Government of United States of America, Government of United Kingdom, Government of Norway, Government of Sudan, SPLM/A",2005-01-09,NA,"",1,1,1,0,2,1,0,1,1,0,1,1,"1, 6, 7, 9",0,6886,1971-07-22,2023-11-17,2023-11-17,19111,1,1,3,"Sudan","SUD",10,1,1,1,"Sudan",625,0.697837454497965,-0.102267895471096,0.220811670929919,1.54303975768004,1.54707594741921,7.10519397432705,-0.61030850047401,-0.8068483800728,-0.967631685846968,-0.947101698238865,-0.277676490402431,-0.908537017337537,-0.807078404788388,-0.842711714579971,0.12128590265933,2.30258509299405,-0.359769076551026,-13.8155105579643,-1.51044510850364,0.433754339529981,0.43636666374026,1.96082606227802,-13.8155105579643,-13.8155105579643,-13.8155105579643,-13.8155105579643,-13.8155105579643,-13.8155105579643,-13.8155105579643,-13.8155105579643,-2.10960468858796,0,3,1,0,0,1,2.11488691401851,-1.94051599619352,0.829297424432305,-0.079991936643424,-0.11169941190523,3,1,1,1,1,1,0,1,1,1,1,0,0,1,3,1,1,43,70,54.26357,1,0,1,0,0,86,140,108.52714,2,0,2,0,0,29540577,12.48022875
"SDN","2005",1352,4,"Cairo Framework Agreement between the GoS and the NDA","309","Sudan: Government","112, 467","Government of Sudan, NDA",2005-01-16,NA,"",1,0,0,0,2,0,0,0,0,0,0,0," ",0,6879,1971-07-22,2023-11-17,2023-11-17,19111,1,1,3,"Sudan","SUD",11,1,1,1,"Sudan",625,0.697837454497965,-0.102267895471096,0.220811670929919,1.54303975768004,1.54707594741921,-0.224743512246561,-0.61030850047401,-0.8068483800728,-0.967631685846968,-0.947101698238865,-0.277676490402431,-0.908537017337537,-0.807078404788388,-0.842711714579971,0.12128590265933,2.39789527279837,-0.359769076551026,-13.8155105579643,-1.51044510850364,0.433754339529981,0.43636666374026,-13.8155105579643,-13.8155105579643,-13.8155105579643,-13.8155105579643,-13.8155105579643,-13.8155105579643,-13.8155105579643,-13.8155105579643,-13.8155105579643,-2.10960468858796,0,0,1,0,0,0,-1.24918902638004,0.555532370209678,0.154561905223017,0.146825397568725,-0.256867572377515,NA,NA,NA,NA,NA,NA,NA,NA,NA,NA,NA,NA,NA,NA,NA,NA,NA,43,70,54.26357,1,0,1,0,0,129,210,162.79071,3,0,3,0,0,29540577,12.48022875
"SDN","2005",1554,4,"Declaration of Principles for the Resolution of the Sudanese Conflict in Darfur","309","Sudan: Government","4231, 112, 469, 468","African Union, Government of Sudan, SLM/A, JEM",2005-07-05,NA,"",0,0,0,0,1,1,0,0,0,0,0,0,"0",0,6709,1971-07-22,2023-11-17,2023-11-17,19111,1,1,3,"Sudan","SUD",13,1,1,1,"Sudan",625,0.697837454497965,-0.102267895471096,0.220811670929919,1.54303975768004,1.54707594741921,-0.348455537336411,-0.61030850047401,-0.8068483800728,-0.967631685846968,-0.947101698238865,-0.277676490402431,-0.908537017337537,-0.807078404788388,-0.842711714579971,0.12128590265933,2.56494935746154,-0.359769076551026,-13.8155105579643,-1.51044510850364,0.433754339529981,0.43636666374026,-13.8155105579643,-13.8155105579643,-13.8155105579643,-13.8155105579643,-13.8155105579643,-13.8155105579643,-13.8155105579643,-13.8155105579643,-13.8155105579643,-2.10960468858796,0,1,1,0,0,0,-0.792627667841263,0.290616398249255,0.11722215235181,-0.225493012400956,0.345320234114759,1,1,0,0,1,0,0,0,1,0,0,0,1,1,0,0,0,43,70,54.26357,1,0,1,0,0,43,70,54.26357,1,0,1,0,0,29540577,12.48022875
"SDN","2005",1351,4,"Agreement between the GoS and the NDA (Cairo Agreement)","309","Sudan: Government","117, 466, 112, 467","Government of Egypt, SPLM/A, Government of Sudan, NDA",2005-06-18,NA,"",0,0,0,0,2,1,0,0,0,0,0,1,"7",0,6726,1971-07-22,2023-11-17,2023-11-17,19111,1,1,3,"Sudan","SUD",12,1,1,1,"Sudan",625,0.697837454497965,-0.102267895471096,0.220811670929919,1.54303975768004,1.54707594741921,-0.224743512246561,-0.61030850047401,-0.8068483800728,-0.967631685846968,-0.947101698238865,-0.277676490402431,-0.908537017337537,-0.807078404788388,-0.842711714579971,0.12128590265933,2.484906649788,-0.359769076551026,-13.8155105579643,-1.51044510850364,0.433754339529981,0.43636666374026,-13.8155105579643,-13.8155105579643,-13.8155105579643,-13.8155105579643,-13.8155105579643,-13.8155105579643,-13.8155105579643,-13.8155105579643,-13.8155105579643,-2.10960468858796,0,1,1,0,0,0,-0.792627667841263,0.290616398249255,0.11722215235181,-0.225493012400956,0.345320234114759,2,1,0,0,3,1,1,1,0,1,0,0,0,1,2,1,1,43,70,54.26357,1,0,1,0,0,172,280,217.05428,4,0,4,0,0,29540577,12.48022875
"SDN","2006",1334,4,"Darfur Peace Agreement","309","Sudan: Government","4231, 84, 111, 3, 28, 33, 30, 7052, 7053, 7075, 117, 4, 67, 112, 471","African Union, Government of Nigeria, Government of Libya, Government of United States of America, Government of United Kingdom, Government of France, Government of Netherlands, United Nations, European Union, Arab League, Government of Egypt, Government of Canada, Government of Norway, Government of Sudan, SLM/A - MM",2006-05-05,2010-12-31,"True",1,1,1,1,2,1,0,1,1,0,1,0,"1, 2, 4, 6, 8",1,1701,1971-07-22,2023-11-17,2023-11-17,19111,1,1,3,"Sudan","SUD",14,1,1,1,"Sudan",625,0.683862292583803,-0.0839570341711962,0.466073179260864,1.71493900475516,1.71885579922648,3.08455315890693,-0.599068277830005,-0.8068483800728,-0.967631685846968,-0.931000884404088,-0.316208780188064,-0.580629526321228,-0.557842190379913,-0.386073910350191,0.414393500752711,2.63905732961526,-0.37999870826038,-13.8155105579643,-0.763412620145037,0.539377514244995,0.541658836451844,1.12640680372457,-13.8155105579643,-13.8155105579643,-13.8155105579643,-13.8155105579643,-13.8155105579643,-13.8155105579643,-13.8155105579643,-13.8155105579643,-0.880939271671648,0,3,1,0,0,1,2.11488691401851,-1.94051599619352,0.829297424432305,-0.079991936643424,-0.11169941190523,3,1,0,1,3,1,1,1,1,1,1,1,1,1,3,1,1,43,77,59.68992,1,0,1,0,0,215,357,276.7442,5,0,5,0,0,30332968,12.53895626
"SDN","2010",1430,4,"Doha Agreement","309","Sudan: Government","4231, 112, 468","African Union, Government of Sudan, JEM",2010-02-23,2011-12-19,"True",0,0,1,0,2,1,0,0,1,0,1,0,"1, 6",1,664,1971-07-22,2023-11-17,2023-11-17,19111,1,1,3,"Sudan","SUD",15,1,1,1,"Sudan",625,0.113349440385355,-0.046660471026451,0.376402024054361,1.45137897043811,1.45547882458786,-0.379383543608873,-0.486666051389959,-0.769674111163538,-0.93152057458534,-0.882698442899755,-0.454925023416343,-0.623214918539441,-0.58920997742467,-0.321341180366929,1.00060869693947,2.70805020110221,-2.17727983909103,-13.8155105579643,-0.97709749388271,0.372514118600328,0.375334935549346,-13.8155105579643,-13.8155105579643,-13.8155105579643,-13.8155105579643,-13.8155105579643,-13.8155105579643,-13.8155105579643,-13.8155105579643,-13.8155105579643,0.000608511758633764,0,2,1,0,0,1,0.809385840916867,-0.626747727420328,2.07556888597301,-0.490521440735014,-0.0178862181093805,1,1,0,0,1,0,1,0,0,0,0,0,0,0,0,0,0,43,92,71.31783,2,0,1,0,0,258,449,348.06203,7,0,6,0,0,33739933,11.9428585
"SDN","2011",1434,4,"Addis Ababa Agreement (Framework Agreement between the Government of Sudan and the Sudan People´s Liberation Movement (North) on Political Partnership between NCP and SPLMN, and Political and Security Arrangements in Blue Nile and Southern Kordofan States)","309","Sudan: Government","4231, 112, 1123","African Union, Government of Sudan, SPLM/A-North",2011-06-28,2011-07-01,"True",1,0,0,0,2,1,0,0,0,1,0,0,"0",1,3,1971-07-22,2023-11-17,2023-11-17,19111,1,1,3,"Sudan","SUD",16,1,1,1,"Sudan",625,0.32844101431582,-0.0495725699959743,0.181485645444553,1.05198763745786,1.05636489500518,-0.255671518519023,-0.503526385355966,-0.831631226012308,-0.943557611672549,-0.931000884404088,-0.48575085524485,-0.596735239330128,-0.538470161365041,-0.261629810495557,0.707501098846092,2.77258872223978,-1.11339801786286,-13.8155105579643,-1.70657871686465,0.0506813627805568,0.0548336701097982,-13.8155105579643,-13.8155105579643,-13.8155105579643,-13.8155105579643,-13.8155105579643,-13.8155105579643,-13.8155105579643,-13.8155105579643,-13.8155105579643,-0.346016096326597,0,1,1,0,0,0,-0.792627667841263,0.290616398249255,0.11722215235181,-0.225493012400956,0.345320234114759,0,0,0,0,2,1,0,0,0,1,0,0,1,0,0,0,0,43,97,75.1938,2,0,1,0,0,301,546,423.25583,9,0,7,0,0,34419624,16.77590731
"SDN","2014",1483,4,"Agreement on the National Dialogue and Constitutional Process","309","Sudan: Government","4231, 112, 1162","African Union, Government of Sudan, SRF",2014-09-04,NA,"",0,0,0,0,2,0,0,0,0,0,0,0,"0",0,3361,1971-07-22,2023-11-17,2023-11-17,19111,1,1,3,"Sudan","SUD",17,1,1,1,"Sudan",625,0.645056177452876,-0.0518661825370404,0.875057831154929,0.0744069688579671,0.079463220105146,-0.410311549881336,-0.520386719321973,-0.800652668587923,-0.93152057458534,-0.987353732825809,-0.570521892773243,-0.941356439696011,-0.444540918888322,-0.0418305285634182,0.414393500752711,2.83321334405622,-0.438417869152909,-13.8155105579643,-0.133465302060062,-2.59820567408382,-2.53246100455968,-13.8155105579643,-13.8155105579643,-13.8155105579643,-13.8155105579643,-13.8155105579643,-13.8155105579643,-13.8155105579643,-13.8155105579643,-13.8155105579643,-0.880939271671648,0,0,1,0,0,0,-1.24918902638004,0.555532370209678,0.154561905223017,0.146825397568725,-0.256867572377515,0,0,0,0,1,0,0,0,0,0,0,0,1,0,0,0,0,0,0,0,0,0,0,0,0,301,546,423.25583,9,0,7,0,0,37003245,5.174237752
"SDN","2016",1542,4,"Roadmap Agreement","309","Sudan: Government","4231, 112, 1162, 1123","African Union, Government of Sudan, SRF, SPLM/A-North",2016-08-08,2016-08-15,"True",0,0,0,0,2,0,0,0,0,1,0,0,"0",1,7,1971-07-22,2023-11-17,2023-11-17,19111,1,1,3,"Sudan","SUD",18,1,1,1,"Sudan",625,0.615360150805241,-0.0216984151280415,1.59483734526598,0.0845465033964904,0.0895957120738924,-0.348455537336411,-0.396744270237922,-0.757282688193784,-0.907446500410922,-0.906849663651922,-0.627035917792172,-0.943315097332982,-0.477137141479136,-0.229488725667588,0.414393500752711,2.89037175789616,-0.485547571513433,-13.8155105579643,0.46677175314704,-2.47045355994522,-2.41244781646457,-13.8155105579643,-13.8155105579643,-13.8155105579643,-13.8155105579643,-13.8155105579643,-13.8155105579643,-13.8155105579643,-13.8155105579643,-13.8155105579643,-0.880939271671648,0,0,1,0,0,0,-1.24918902638004,0.555532370209678,0.154561905223017,0.146825397568725,-0.256867572377515,0,0,0,0,1,0,0,0,1,1,0,0,1,0,0,0,0,0,0,0,0,0,0,0,0,301,546,423.25583,9,0,7,0,0,39377169,2.740506359
"SDN","2019",1643,4,"The Juba Declaration for Trust Building Measures and Pre-Negotiations Principles","309","Sudan: Government","472, 112, 1162","SLFA, Government of Sudan, SRF",2019-09-11,NA,"",0,0,0,0,2,1,0,0,0,0,0,0,"0",0,1528,1971-07-22,2023-11-17,2023-11-17,19111,1,1,3,"Sudan","SUD",19,1,1,1,"Sudan",625,0.77636355541605,-0.0263405854737498,4.7719372354911,0.888562409940536,0.893053176994998,-0.379383543608873,-0.576587832541996,-0.633368458496243,-0.359761312942907,-0.697539083799814,-0.709238136001522,-0.73961498089421,-0.366892952417977,-0.0528059732027191,0.414393500752711,2.94443897916644,-0.253134369262939,-13.8155105579643,1.56275235148595,-0.118150391940338,-0.113109151171987,-13.8155105579643,-13.8155105579643,-13.8155105579643,-13.8155105579643,-13.8155105579643,-13.8155105579643,-13.8155105579643,-13.8155105579643,-13.8155105579643,-0.880939271671648,0,1,1,0,0,0,-0.792627667841263,0.290616398249255,0.11722215235181,-0.225493012400956,0.345320234114759,0,0,0,0,1,1,0,0,0,1,0,0,1,0,0,0,0,0,0,0,0,0,0,0,0,301,546,423.25583,9,0,7,0,0,43232093,8.259769112
"SDN","2019",1662,4,"Political Declaration between the Government of the Republic of Sudan and the Sudan Revolutionary Front","309","Sudan: Government","112, 1162","Government of Sudan, SRF",2019-10-21,NA,"",0,0,0,0,2,1,0,0,0,1,0,0,"0",0,1488,1971-07-22,2023-11-17,2023-11-17,19111,1,1,3,"Sudan","SUD",20,1,1,1,"Sudan",625,0.77636355541605,-0.0263405854737498,4.7719372354911,0.888562409940536,0.893053176994998,-0.379383543608873,-0.576587832541996,-0.633368458496243,-0.359761312942907,-0.697539083799814,-0.709238136001522,-0.73961498089421,-0.366892952417977,-0.0528059732027191,0.414393500752711,2.99573227355399,-0.253134369262939,-13.8155105579643,1.56275235148595,-0.118150391940338,-0.113109151171987,-13.8155105579643,-13.8155105579643,-13.8155105579643,-13.8155105579643,-13.8155105579643,-13.8155105579643,-13.8155105579643,-13.8155105579643,-13.8155105579643,-0.880939271671648,0,1,1,0,0,0,-0.792627667841263,0.290616398249255,0.11722215235181,-0.225493012400956,0.345320234114759,0,0,0,0,1,1,0,0,0,0,0,0,1,0,0,0,0,0,0,0,0,0,0,0,0,301,546,423.25583,9,0,7,0,0,43232093,8.259769112
"SDN","2019",1644,4,"Framework Agreement between the Transitional Government of Sudan and the Darfur Track","309","Sudan: Government","112, 1162","Government of Sudan, SRF",2019-12-28,NA,"",0,0,1,0,2,1,0,0,0,0,0,0,"0",0,1420,1971-07-22,2023-11-17,2023-11-17,19111,1,1,3,"Sudan","SUD",22,1,1,1,"Sudan",625,0.77636355541605,-0.0263405854737498,4.7719372354911,0.888562409940536,0.893053176994998,-0.348455537336411,-0.576587832541996,-0.633368458496243,-0.359761312942907,-0.697539083799814,-0.709238136001522,-0.73961498089421,-0.366892952417977,-0.0528059732027191,0.414393500752711,3.09104245335832,-0.253134369262939,-13.8155105579643,1.56275235148595,-0.118150391940338,-0.113109151171987,-13.8155105579643,-13.8155105579643,-13.8155105579643,-13.8155105579643,-13.8155105579643,-13.8155105579643,-13.8155105579643,-13.8155105579643,-13.8155105579643,-0.880939271671648,0,1,1,0,0,0,-0.792627667841263,0.290616398249255,0.11722215235181,-0.225493012400956,0.345320234114759,1,1,0,1,1,1,0,0,0,0,0,0,1,0,0,0,0,0,0,0,0,0,0,0,0,301,546,423.25583,9,0,7,0,0,43232093,8.259769112
"SDN","2019",1642,4,"Agreement on the Provision of Humanitarian Assistance and Cessation of Hostilities For the Two Areas of Blue Nile and Nuba Mountains/South Kordofan","309","Sudan: Government","113, 112, 1162","Government of South Sudan, Government of Sudan, SRF",2019-12-17,NA,"",0,0,1,0,2,1,0,1,1,0,0,0,"1, 3, 5",0,1431,1971-07-22,2023-11-17,2023-11-17,19111,1,1,3,"Sudan","SUD",21,1,1,1,"Sudan",625,0.77636355541605,-0.0263405854737498,4.7719372354911,0.888562409940536,0.893053176994998,-0.317527531063948,-0.576587832541996,-0.633368458496243,-0.359761312942907,-0.697539083799814,-0.709238136001522,-0.73961498089421,-0.366892952417977,-0.0528059732027191,0.414393500752711,3.04452243772342,-0.253134369262939,-13.8155105579643,1.56275235148595,-0.118150391940338,-0.113109151171987,-13.8155105579643,-13.8155105579643,-13.8155105579643,-13.8155105579643,-13.8155105579643,-13.8155105579643,-13.8155105579643,-13.8155105579643,-13.8155105579643,-0.880939271671648,0,3,1,0,0,1,2.11488691401851,-1.94051599619352,0.829297424432305,-0.079991936643424,-0.11169941190523,0,0,0,0,1,0,0,0,1,0,0,0,1,0,0,0,0,0,0,0,0,0,0,0,0,301,546,423.25583,9,0,7,0,0,43232093,8.259769112
"SDN","2020",1649,4,"Eastern Track Agreement between the Transitional Government of Sudan and the Sudan Revolutionary Front","309","Sudan: Government","112, 1162","Government of Sudan, SRF",2020-02-21,NA,"",0,0,0,0,2,1,0,1,0,1,0,1,"3, 4, 7",0,1365,1971-07-22,2023-11-17,2023-11-17,19111,1,1,3,"Sudan","SUD",24,1,1,1,"Sudan",625,0.877562806393916,-0.032566306492774,4.69576561043975,1.75693764036886,1.76082526404138,-0.193815505974098,-0.795772174100085,-0.757282688193784,-0.425965016922557,-0.874648035982367,-0.737495148510987,-0.73961498089421,-0.173965677369992,0.0926594742317894,0.12128590265933,3.17805383034795,-0.130606751965349,-13.8155105579643,1.54666116868211,0.563572316468587,0.565782599174311,-13.8155105579643,-13.8155105579643,-13.8155105579643,-13.8155105579643,-13.8155105579643,-13.8155105579643,-13.8155105579643,-13.8155105579643,-2.37882407317562,-2.10960468858796,0,2,1,0,0,1,0.512873405260378,-1.02315187052394,-1.1290493091889,0.185036491690634,0.25150704031891,NA,NA,NA,NA,NA,NA,NA,NA,NA,NA,NA,NA,NA,NA,NA,NA,NA,0,0,0,0,0,0,0,0,301,546,423.25583,9,0,7,0,0,44440486,9.292652381
"SDN","2020",1647,4,"Juba Agreement for Peace in Sudan","309","Sudan: Government","112, 1162","Government of Sudan, SRF",2020-10-03,NA,"",1,1,1,1,2,1,0,1,1,1,1,1,"1, 2, 3, 4, 6, 7, 8, 9",0,1140,1971-07-22,2023-11-17,2023-11-17,19111,1,1,3,"Sudan","SUD",27,1,1,1,"Sudan",625,0.877562806393916,-0.032566306492774,4.69576561043975,1.75693764036886,1.76082526404138,7.10519397432705,-0.795772174100085,-0.757282688193784,-0.425965016922557,-0.874648035982367,-0.737495148510987,-0.73961498089421,-0.173965677369992,0.0926594742317894,0.12128590265933,3.29583686600433,-0.130606751965349,-13.8155105579643,1.54666116868211,0.563572316468587,0.565782599174311,1.96082606227802,-13.8155105579643,-13.8155105579643,-13.8155105579643,-13.8155105579643,-13.8155105579643,-13.8155105579643,-13.8155105579643,-2.37882407317562,-2.10960468858796,0,3,1,0,0,1,2.11488691401851,-1.94051599619352,0.829297424432305,-0.079991936643424,-0.11169941190523,3,1,1,1,3,1,1,1,1,1,0,0,1,1,3,1,1,0,0,0,0,0,0,0,0,301,546,423.25583,9,0,7,0,0,44440486,9.292652381
"SDN","2020",1648,4,"Juba agreement Two areas Framework agreement","309","Sudan: Government","112, 1162","Government of Sudan, SRF",2020-01-24,NA,"",1,0,1,0,2,1,0,1,0,1,1,1,"3, 6, 7",0,1393,1971-07-22,2023-11-17,2023-11-17,19111,1,1,3,"Sudan","SUD",23,1,1,1,"Sudan",625,0.877562806393916,-0.032566306492774,4.69576561043975,1.75693764036886,1.76082526404138,-0.0701034808842483,-0.795772174100085,-0.757282688193784,-0.425965016922557,-0.874648035982367,-0.737495148510987,-0.73961498089421,-0.173965677369992,0.0926594742317894,0.12128590265933,3.13549421592915,-0.130606751965349,-13.8155105579643,1.54666116868211,0.563572316468587,0.565782599174311,-13.8155105579643,-13.8155105579643,-13.8155105579643,-13.8155105579643,-13.8155105579643,-13.8155105579643,-13.8155105579643,-13.8155105579643,-2.37882407317562,-2.10960468858796,0,2,1,0,0,1,0.512873405260378,-1.02315187052394,-1.1290493091889,0.185036491690634,0.25150704031891,NA,NA,NA,NA,NA,NA,NA,NA,NA,NA,NA,NA,NA,NA,NA,NA,NA,0,0,0,0,0,0,0,0,301,546,423.25583,9,0,7,0,0,44440486,9.292652381
"SDN","2020",1652,4,"Addis Ababa Agreement on Principles","309","Sudan: Government","112, 1123","Government of Sudan, SPLM/A-North",2020-09-03,NA,"",0,0,0,0,2,0,0,0,0,0,0,0,"0",0,1170,1971-07-22,2023-11-17,2023-11-17,19111,1,1,3,"Sudan","SUD",26,1,1,1,"Sudan",625,0.877562806393916,-0.032566306492774,4.69576561043975,1.75693764036886,1.76082526404138,-0.441239556153798,-0.795772174100085,-0.757282688193784,-0.425965016922557,-0.874648035982367,-0.737495148510987,-0.73961498089421,-0.173965677369992,0.0926594742317894,0.12128590265933,3.25809653802148,-0.130606751965349,-13.8155105579643,1.54666116868211,0.563572316468587,0.565782599174311,-13.8155105579643,-13.8155105579643,-13.8155105579643,-13.8155105579643,-13.8155105579643,-13.8155105579643,-13.8155105579643,-13.8155105579643,-2.37882407317562,-2.10960468858796,0,0,1,0,0,0,-1.24918902638004,0.555532370209678,0.154561905223017,0.146825397568725,-0.256867572377515,0,0,0,0,0,0,0,0,0,0,0,0,0,0,0,0,0,0,0,0,0,0,0,0,0,301,546,423.25583,9,0,7,0,0,44440486,9.292652381
"SDN","2021",1663,4,"Declaration of Principles between the Transitional Government of Sudan and the Sudan People's Liberation Movement - North","309","Sudan: Government","113, 112, 1123","Government of South Sudan, Government of Sudan, SPLM/A-North",2021-03-28,NA,"",0,0,0,0,2,1,0,1,0,0,0,0,"0",0,964,1971-07-22,2023-11-17,2023-11-17,19111,1,1,3,"Sudan","SUD",28,1,1,1,"Sudan",625,0.949045044132877,-0.026057406038397,5.01461308771215,3.12077687663131,3.12371722477069,-0.348455537336411,-0.874453732608118,-0.813044091557677,-1.02781687128301,-0.721690304551981,-0.763183341701409,-0.652314941415505,-0.394453999813492,-0.125402356101509,0.414393500752711,3.3322045101752,-0.0522990166589271,-13.8155105579643,1.61235626743305,1.1380819697466,1.13902371084169,-13.8155105579643,-13.8155105579643,-13.8155105579643,-13.8155105579643,-13.8155105579643,-13.8155105579643,-13.8155105579643,-13.8155105579643,-13.8155105579643,-0.880939271671648,0,2,1,0,0,1,0.512873405260378,-1.02315187052394,-1.1290493091889,0.185036491690634,0.25150704031891,1,0,0,0,1,1,0,0,0,0,0,0,0,0,0,0,0,0,0,0,0,0,0,0,0,301,546,423.25583,9,0,7,0,0,45657202,12.75021168
"SEN","2004",1284,4,"Accord general de paix entre le gouvernement de la republique du Senegal el le Mouvement des forces democratique de la Casamace (MFDC)","375","Senegal: Casamance","73, 529","Government of Senegal, MFDC",2004-12-30,2007-01-22,"True",1,0,1,0,1,1,0,1,1,1,0,0,"1, 3",1,753,1990-08-31,2023-11-17,2023-11-17,12131,1,1,3,"Senegal","SEN",0,0,1,0,"Senegal",433,-0.609619550161043,-0.25418030033299,-0.412839437722097,0.493008329553968,0.497773834783152,-0.379383543608873,2.07610471144309,2.05557032594039,2.24625721643787,2.57092612466002,-0.321346418826148,2.28477988854418,2.14328190728333,1.94176574977287,0.12128590265933,-13.8155105579643,-13.8155105579643,-13.8155105579643,-13.8155105579643,-0.707229209435183,-0.697609452135259,-13.8155105579643,-13.8155105579643,0.730493403069733,0.720553340314865,0.809265371770624,0.944266193783023,0.826269690841555,0.76233825580212,0.663597739407615,-2.10960468858796,0,3,1,0,0,1,2.11488691401851,-1.94051599619352,0.829297424432305,-0.079991936643424,-0.11169941190523,0,0,0,0,1,1,0,0,0,1,0,0,0,0,0,0,0,0,0,0,0,0,0,0,0,0,0,0,0,0,0,0,0,10698691,1.971631587
"SLE","1996",1011,4,"Abidjan Peace Agreement","382","Sierra Leone: Government","7062, 76, 7052, 7387, 80, 532","OAU, Government of Ivory Coast, United Nations, Commonwealth Organization, Government of Sierra Leone, RUF",1996-11-30,1997-03-06,"True",1,0,1,0,1,1,0,1,0,0,1,0,"6",1,96,1991-04-01,2023-11-17,2023-11-17,11918,1,1,3,"Sierra Leone","SIE",0,0,1,0,"Sierra Leone",451,0.0901401783122115,-0.284625891865376,-0.449249083641653,-0.617376338018425,-0.611839598027839,-0.131959493429173,-0.222520819255851,-0.509454228798702,0.278201652679176,-0.327220365599932,2.02655443877843,0.462872821301379,-0.478799121406925,-0.395966577731278,-1.63735968590096,-13.8155105579643,-2.40638928355195,-13.8155105579643,-13.8155105579643,-13.8155105579643,-13.8155105579643,-13.8155105579643,0.706337030173934,-13.8155105579643,-13.8155105579643,-1.27940905889514,-13.8155105579643,-0.770302946642766,-13.8155105579643,-13.8155105579643,-13.8155105579643,0,2,1,0,0,1,0.512873405260378,-1.02315187052394,-1.1290493091889,0.185036491690634,0.25150704031891,0,0,0,0,1,1,0,0,1,1,0,0,0,1,0,0,0,0,0,0,0,0,0,0,0,0,0,0,0,0,0,0,0,4347370,14.60821706
"SLE","1999",1013,4,"Lomé Peace Agreement","382","Sierra Leone: Government","82, 78, 79, 84, 76, 81, 7065, 7062, 7052, 7387, 80, 532","Government of Togo, Government of Burkina Faso, Government of Liberia, Government of Nigeria, Government of Ivory Coast, Government of Ghana, ECOWAS, OAU, United Nations, Commonwealth Organization, Government of Sierra Leone, RUF",1999-07-07,2000-02-01,"True",1,0,1,1,2,1,0,1,0,0,1,0,"6, 9",1,209,1991-04-01,2023-11-17,2023-11-17,11918,1,1,3,"Sierra Leone","SIE",1,1,1,0,"Sierra Leone",451,0.309444333472228,-0.284710042300426,-0.484175484971037,-0.766171877491756,-0.760531789269035,0.393816613202689,-0.531626941965977,-0.757282688193784,0.115701652001853,-0.456026876278152,1.85958118304069,-0.710514958018146,-0.694975348499339,-0.453838140565357,-1.63735968590096,0,-1.17297706257461,-13.8155105579643,-13.8155105579643,-13.8155105579643,-13.8155105579643,-0.931869926763224,0.620351291962216,-13.8155105579643,-13.8155105579643,-2.15674036656246,-13.8155105579643,-13.8155105579643,-13.8155105579643,-13.8155105579643,-13.8155105579643,0,2,1,0,0,1,0.512873405260378,-1.02315187052394,-1.1290493091889,0.185036491690634,0.25150704031891,3,1,0,0,1,1,0,0,1,1,0,0,0,1,0,0,0,26,37,47.4359,2,0,0,0,0,26,37,47.4359,2,0,0,0,0,4475145,13.36825773
"SLE","2000",1143,4,"Abuja Ceasefire Agreement","382","Sierra Leone: Government","80, 532","Government of Sierra Leone, RUF",2000-11-10,NA,"",1,0,1,1,2,0,0,1,0,0,1,0,"6",0,8407,1991-04-01,2023-11-17,2023-11-17,11918,1,1,3,"Sierra Leone","SIE",2,1,1,0,"Sierra Leone",451,0.142984415131112,-0.284343083040053,-0.484290737084462,-0.588161915918677,-0.582645467254615,-0.317527531063948,-0.526006830643975,-0.707716996314767,0.0976460963710394,-0.423825248608597,1.79792951938368,0.705789086034535,-0.397333513872727,-0.24050113917129,-1.63735968590096,0.693147180559945,-1.94501963975866,-13.8155105579643,-13.8155105579643,-13.8155105579643,-13.8155105579643,-13.8155105579643,0.586635735828204,-13.8155105579643,-13.8155105579643,-2.3264055981775,-13.8155105579643,-0.348438831115647,-13.8155105579643,-13.8155105579643,-13.8155105579643,0,1,1,0,0,1,0.0563120467215981,-0.758235898563517,-1.09170955631769,0.557354901660314,-0.350680766173364,0,0,0,0,0,0,0,0,1,1,0,0,0,0,0,0,0,26,38,48.71795,1,1,0,0,0,52,75,96.15385,3,1,0,0,0,4584067,14.25668728
"SLV","1990",1102,5,"Geneva Agreement","316","El Salvador: Government","7052, 13, 755","United Nations, Government of El Salvador, FMLN",1990-04-04,NA,"",0,0,0,0,1,0,0,1,0,0,0,0,"0",0,12280,1972-03-25,2023-11-17,2023-11-17,18864,1,1,3,"El Salvador","SAL",0,0,1,0,"El Salvador",92,-0.568230176431921,-0.267035943447942,-0.415354940371646,-0.253478871522246,-0.24819488211796,-0.379383543608873,-0.61030850047401,-0.720108419284521,-0.829205759344063,-0.858547222147589,-0.573090712092285,-0.785611767744961,-0.308605975855682,-0.190698536993243,-0.171821695434051,-13.8155105579643,-13.8155105579643,-13.8155105579643,-13.8155105579643,-13.8155105579643,-13.8155105579643,-13.8155105579643,-13.8155105579643,-13.8155105579643,-13.8155105579643,-13.8155105579643,-13.8155105579643,-13.8155105579643,-13.8155105579643,-13.8155105579643,-13.8155105579643,0,1,1,0,0,1,0.0563120467215981,-0.758235898563517,-1.09170955631769,0.557354901660314,-0.350680766173364,0,0,0,0,0,0,0,0,1,1,0,0,0,0,0,0,0,0,0,0,0,0,0,0,0,0,0,0,0,0,0,0,0,5367179,0.835429774
"SLV","1990",1103,5,"General Agenda and Timetable for the Comprehensive Negotiating Process","316","El Salvador: Government","7052, 13, 755","United Nations, Government of El Salvador, FMLN",1990-05-21,NA,"",0,0,0,0,1,0,0,1,0,0,0,0,"0",0,12233,1972-03-25,2023-11-17,2023-11-17,18864,1,1,3,"El Salvador","SAL",1,1,1,0,"El Salvador",92,-0.568230176431921,-0.267035943447942,-0.415354940371646,-0.253478871522246,-0.24819488211796,-0.348455537336411,-0.61030850047401,-0.720108419284521,-0.829205759344063,-0.858547222147589,-0.573090712092285,0.162485582516339,-0.755853021232165,-0.559285732594913,-0.758036891620813,0,-13.8155105579643,-13.8155105579643,-13.8155105579643,-13.8155105579643,-13.8155105579643,-13.8155105579643,-13.8155105579643,-13.8155105579643,-13.8155105579643,-13.8155105579643,-13.8155105579643,-1.81716600412484,-13.8155105579643,-13.8155105579643,-13.8155105579643,0,1,1,0,0,1,0.0563120467215981,-0.758235898563517,-1.09170955631769,0.557354901660314,-0.350680766173364,0,0,0,0,1,1,0,0,1,0,0,0,0,0,0,0,0,0,0,0,0,0,0,0,0,0,0,0,0,0,0,0,0,5367179,0.835429774
"SLV","1990",1104,5,"Agreement on Human Rights","316","El Salvador: Government","7052, 13, 755","United Nations, Government of El Salvador, FMLN",1990-07-26,NA,"",0,0,1,0,1,1,0,0,0,0,0,0,"0",0,12167,1972-03-25,2023-11-17,2023-11-17,18864,1,1,3,"El Salvador","SAL",2,1,1,0,"El Salvador",92,-0.568230176431921,-0.267035943447942,-0.415354940371646,-0.253478871522246,-0.24819488211796,-0.286599524791486,-0.61030850047401,-0.720108419284521,-0.829205759344063,-0.858547222147589,-0.573090712092285,-0.375723513984653,-0.532259208315002,-0.356835536593967,-1.05114448971419,0.693147180559945,-13.8155105579643,-13.8155105579643,-13.8155105579643,-13.8155105579643,-13.8155105579643,-13.8155105579643,-13.8155105579643,-13.8155105579643,-13.8155105579643,-13.8155105579643,-13.8155105579643,-13.8155105579643,-13.8155105579643,-13.8155105579643,-13.8155105579643,0,1,1,0,0,0,-0.792627667841263,0.290616398249255,0.11722215235181,-0.225493012400956,0.345320234114759,0,0,0,1,0,0,0,0,1,1,0,1,0,0,0,0,0,0,0,0,0,0,0,0,0,0,0,0,0,0,0,0,0,5367179,0.835429774
"SLV","1991",1107,5,"The Compressed Negotiations","316","El Salvador: Government","7052, 13, 755","United Nations, Government of El Salvador, FMLN",1991-09-25,NA,"",0,0,0,0,1,0,0,1,0,0,1,0,"6",0,11741,1972-03-25,2023-11-17,2023-11-17,18864,1,1,3,"El Salvador","SAL",4,1,1,0,"El Salvador",92,-0.562451232344823,-0.265965914804808,-0.416362143623756,-0.384955052963465,-0.379579744753737,-0.379383543608873,-0.570967721219994,-0.707716996314767,-0.817168722256854,-0.8504968152302,-0.629604737111214,0.128582665035212,0.639290769105647,0.453455362454732,-1.34425208780758,1.38629436111989,-13.8155105579643,-13.8155105579643,-13.8155105579643,-13.8155105579643,-13.8155105579643,-13.8155105579643,-13.8155105579643,-13.8155105579643,-13.8155105579643,-13.8155105579643,-13.8155105579643,-2.05118327381352,-0.447395890378855,-0.790858443257654,-13.8155105579643,0,1,1,0,0,1,0.0563120467215981,-0.758235898563517,-1.09170955631769,0.557354901660314,-0.350680766173364,0,0,0,0,0,0,0,0,0,0,0,0,0,0,0,0,0,0,0,0,0,0,0,0,0,0,0,0,0,0,0,0,0,5461070,1.101549366
"SLV","1991",1108,5,"New York Act","316","El Salvador: Government","7052, 13, 755","United Nations, Government of El Salvador, FMLN",1991-12-31,NA,"",0,0,0,0,1,0,0,1,0,0,0,0,"0",0,11644,1972-03-25,2023-11-17,2023-11-17,18864,1,1,3,"El Salvador","SAL",5,1,1,0,"El Salvador",92,-0.562451232344823,-0.265965914804808,-0.416362143623756,-0.384955052963465,-0.379579744753737,-0.410311549881336,-0.570967721219994,-0.707716996314767,-0.817168722256854,-0.8504968152302,-0.629604737111214,-0.544945891468189,-0.728680146522779,-0.492122715747798,-1.05114448971419,1.6094379124341,-13.8155105579643,-13.8155105579643,-13.8155105579643,-13.8155105579643,-13.8155105579643,-13.8155105579643,-13.8155105579643,-13.8155105579643,-13.8155105579643,-13.8155105579643,-13.8155105579643,-13.8155105579643,-13.8155105579643,-13.8155105579643,-13.8155105579643,0,1,1,0,0,1,0.0563120467215981,-0.758235898563517,-1.09170955631769,0.557354901660314,-0.350680766173364,0,0,0,0,0,0,0,0,0,0,0,0,0,0,0,0,0,0,0,0,0,0,0,0,0,0,0,0,0,0,0,0,0,5461070,1.101549366
"SLV","1991",1105,5,"Mexico Agreements","316","El Salvador: Government","7052, 13, 755","United Nations, Government of El Salvador, FMLN",1991-04-27,NA,"",0,0,1,0,1,0,0,0,0,0,1,0,"6",0,11892,1972-03-25,2023-11-17,2023-11-17,18864,1,1,3,"El Salvador","SAL",3,1,1,0,"El Salvador",92,-0.562451232344823,-0.265965914804808,-0.416362143623756,-0.384955052963465,-0.379579744753737,0.0845365504780641,-0.570967721219994,-0.707716996314767,-0.817168722256854,-0.8504968152302,-0.629604737111214,0.29859857045764,0.276715638884753,0.268841283078894,-1.05114448971419,1.09861228866811,-13.8155105579643,-13.8155105579643,-13.8155105579643,-13.8155105579643,-13.8155105579643,-2.47057128810555,-13.8155105579643,-13.8155105579643,-13.8155105579643,-13.8155105579643,-13.8155105579643,-1.20865518137129,-1.28476487450649,-1.31363409924299,-13.8155105579643,0,0,1,0,0,0,-1.24918902638004,0.555532370209678,0.154561905223017,0.146825397568725,-0.256867572377515,0,0,0,0,0,0,0,0,0,1,0,0,0,0,0,0,0,0,0,0,0,0,0,0,0,0,0,0,0,0,0,0,0,5461070,1.101549366
"SLV","1991",1106,5,"New York Agreement","316","El Salvador: Government","7052, 13, 755","United Nations, Government of El Salvador, FMLN",1991-09-25,NA,"",0,0,0,0,1,1,0,1,0,1,1,0,"6",0,11741,1972-03-25,2023-11-17,2023-11-17,18864,1,1,3,"El Salvador","SAL",4,1,1,0,"El Salvador",92,-0.562451232344823,-0.265965914804808,-0.416362143623756,-0.384955052963465,-0.379579744753737,-0.255671518519023,-0.570967721219994,-0.707716996314767,-0.817168722256854,-0.8504968152302,-0.629604737111214,-1.08825556508343,-0.70150729936341,-0.559285732594913,0.12128590265933,1.38629436111989,-13.8155105579643,-13.8155105579643,-13.8155105579643,-13.8155105579643,-13.8155105579643,-13.8155105579643,-13.8155105579643,-13.8155105579643,-13.8155105579643,-13.8155105579643,-13.8155105579643,-13.8155105579643,-13.8155105579643,-13.8155105579643,-2.10960468858796,0,2,1,0,0,1,0.512873405260378,-1.02315187052394,-1.1290493091889,0.185036491690634,0.25150704031891,0,0,0,0,2,1,0,0,0,1,0,0,0,0,0,0,0,0,0,0,0,0,0,0,0,0,0,0,0,0,0,0,0,5461070,1.101549366
"SLV","1992",1109,5,"New York Act II","316","El Salvador: Government","7052, 13, 755","United Nations, Government of El Salvador, FMLN",1992-01-16,NA,"",0,0,0,0,1,0,0,0,0,0,0,0,"0",0,11628,1972-03-25,2023-11-17,2023-11-17,18864,1,1,3,"El Salvador","SAL",6,1,1,0,"El Salvador",92,-0.566637103367304,-0.263809735324328,-0.417344292068599,-0.243091790026547,-0.237815015129587,-0.441239556153798,-0.289962155119879,-0.391735710586039,-0.407909461291744,-0.520430131617262,-0.6835499428111,0.511685740675598,-0.444540918888322,-0.190698536993243,-0.171821695434051,1.79175946922805,-13.8155105579643,-13.8155105579643,-13.8155105579643,-13.8155105579643,-13.8155105579643,-13.8155105579643,-13.8155105579643,-13.8155105579643,-13.8155105579643,-13.8155105579643,-13.8155105579643,-0.670044630130413,-13.8155105579643,-13.8155105579643,-13.8155105579643,0,0,1,0,0,0,-1.24918902638004,0.555532370209678,0.154561905223017,0.146825397568725,-0.256867572377515,0,0,0,0,0,0,0,0,0,0,0,0,0,0,0,0,0,24,41,56.94444,2,0,1,2,0,48,82,113.88888,4,0,2,4,0,5552206,0.781151129
"SLV","1992",1591,5,"Acuerdo Complementario del 22 de Diciembre de 1992","316","El Salvador: Government","13, 755","Government of El Salvador, FMLN",1992-12-22,NA,"",1,0,0,1,1,1,1,0,1,1,0,0,"1",0,11287,1972-03-25,2023-11-17,2023-11-17,18864,1,1,3,"El Salvador","SAL",7,1,1,0,"El Salvador",92,-0.566637103367304,-0.263809735324328,-0.417344292068599,-0.243091790026547,-0.237815015129587,-0.348455537336411,-0.289962155119879,-0.391735710586039,-0.407909461291744,-0.520430131617262,-0.6835499428111,-0.265620476113659,0.264954164236248,0.177374897428225,0.707501098846092,1.94591014905531,-13.8155105579643,-13.8155105579643,-13.8155105579643,-13.8155105579643,-13.8155105579643,-13.8155105579643,-13.8155105579643,-13.8155105579643,-13.8155105579643,-13.8155105579643,-13.8155105579643,-13.8155105579643,-1.32819843310234,-1.72948972177849,-0.346016096326597,1,3,1,0,0,1,5.26296339474852,4.17188635838792,1.21299666543861,0.0608913578954792,0.301400309343096,0,0,0,0,0,0,0,0,1,1,0,0,0,1,0,0,0,24,41,56.94444,2,0,1,2,0,72,123,170.83332,6,0,3,6,0,5552206,0.781151129
"SLV","1992",1110,5,"The Chapultepec Peace Agreement","316","El Salvador: Government","7052, 13, 755","United Nations, Government of El Salvador, FMLN",1992-01-16,NA,"",1,0,1,0,1,1,0,1,1,0,1,1,"1, 3, 4, 6, 7, 8",0,11628,1972-03-25,2023-11-17,2023-11-17,18864,1,1,3,"El Salvador","SAL",6,1,1,0,"El Salvador",92,-0.566637103367304,-0.263809735324328,-0.417344292068599,-0.243091790026547,-0.237815015129587,1.69279287664611,-0.289962155119879,-0.391735710586039,-0.407909461291744,-0.520430131617262,-0.6835499428111,3.07867862296993,1.49143340554064,1.16619347433454,-1.63735968590096,1.79175946922805,-13.8155105579643,-13.8155105579643,-13.8155105579643,-13.8155105579643,-13.8155105579643,0.526379754642574,-13.8155105579643,-13.8155105579643,-13.8155105579643,-13.8155105579643,-13.8155105579643,1.12450048641445,0.399737674656809,0.153745004124455,-13.8155105579643,0,3,1,0,0,1,2.11488691401851,-1.94051599619352,0.829297424432305,-0.079991936643424,-0.11169941190523,3,1,0,1,3,1,0,1,1,1,1,0,0,0,0,1,1,24,41,56.94444,2,0,1,2,0,24,41,56.94444,2,0,1,2,0,5552206,0.781151129
"SLV","1993",1593,5,"Acuerdo Complementario del 5 de Febrero de 1993","316","El Salvador: Government","13, 755","Government of El Salvador, FMLN",1993-02-05,NA,"",0,0,0,0,1,1,1,1,1,0,0,0,"1",0,11242,1972-03-25,2023-11-17,2023-11-17,18864,1,1,3,"El Salvador","SAL",8,1,1,0,"El Salvador",92,-0.575659429741648,-0.261732538526111,-0.516270693079315,-0.285664235005105,-0.28035789076123,-0.348455537336411,0.300149533690362,0.0357683818704766,0.169868318894294,-0.174262634169546,-0.734926329191945,-1.04897772144073,0.079094802203089,0.03001260080225,0.707501098846092,2.07944154167984,-13.8155105579643,-13.8155105579643,-13.8155105579643,-13.8155105579643,-13.8155105579643,-13.8155105579643,-13.8155105579643,-1.20347448287416,-3.33069096379128,-1.77273173682483,-13.8155105579643,-13.8155105579643,-2.53710811808586,-3.50613795876485,-0.346016096326597,1,4,1,0,0,1,6.56846446785016,2.85811808961472,-0.0332747961020992,0.471420861987069,0.207587115547246,0,0,0,0,2,1,0,0,0,1,0,0,0,0,0,0,0,24,49,68.05556,3,0,1,2,0,96,172,238.88888,9,0,4,8,0,5630987,0.559922378
"SLV","1994",1594,5,"Joint Declaration Signed on 4 October 1994 by the Representatives of the Govt of El Salvador and of the Frente Farabundo Marti para la Liberacion Nacional (FMLN)","316","El Salvador: Government","13, 755","Government of El Salvador, FMLN",1994-10-04,NA,"",0,0,0,1,1,0,0,0,0,0,0,0,"0",0,10636,1972-03-25,2023-11-17,2023-11-17,18864,1,1,3,"El Salvador","SAL",10,1,1,0,"El Salvador",92,-0.566862232255477,-0.259860415353854,-0.516310780770942,-0.429969585749093,-0.424563012002776,-0.410311549881336,0.862160665890592,0.376532513538714,0.512923875879754,0.17190486327817,-0.788871534891831,-1.08909101016847,-0.65648958461732,-0.466889703545295,0.707501098846092,2.30258509299405,-13.8155105579643,-13.8155105579643,-13.8155105579643,-13.8155105579643,-13.8155105579643,-13.8155105579643,-13.8155105579643,-0.148313638342333,-0.976750878130229,-0.667627834920213,-1.760814075672,-13.8155105579643,-13.8155105579643,-13.8155105579643,-0.346016096326597,0,0,1,0,0,0,-1.24918902638004,0.555532370209678,0.154561905223017,0.146825397568725,-0.256867572377515,0,0,0,0,0,0,0,0,1,1,0,0,0,1,0,0,0,24,55,76.38889,3,0,1,2,0,120,227,315.27777,12,0,5,10,0,5693038,0.56741053
"SLV","1994",1592,5,"Timetable for the Implementation of the Most Important Outstanding Agreements","316","El Salvador: Government","13, 755","Government of El Salvador, FMLN",1994-05-19,NA,"",1,0,0,0,1,1,0,1,1,1,0,0,"1, 2, 3",0,10774,1972-03-25,2023-11-17,2023-11-17,18864,1,1,3,"El Salvador","SAL",9,1,1,0,"El Salvador",92,-0.566862232255477,-0.259860415353854,-0.516310780770942,-0.429969585749093,-0.424563012002776,-0.131959493429173,0.862160665890592,0.376532513538714,0.512923875879754,0.17190486327817,-0.788871534891831,0.162485582516339,-0.278697623556333,-0.0528059732027191,0.12128590265933,2.19722457733622,-13.8155105579643,-13.8155105579643,-13.8155105579643,-13.8155105579643,-13.8155105579643,-13.8155105579643,-13.8155105579643,-0.148313638342333,-0.976750878130229,-0.667627834920213,-1.760814075672,-1.81716600412484,-13.8155105579643,-13.8155105579643,-2.10960468858796,0,3,1,0,0,1,2.11488691401851,-1.94051599619352,0.829297424432305,-0.079991936643424,-0.11169941190523,0,0,0,0,0,0,0,0,0,1,0,0,0,1,0,0,0,24,55,76.38889,3,0,1,2,0,144,282,391.66666,15,0,6,12,0,5693038,0.56741053
"SOM","1993",1050,4,"Addis Ababa Agreement","337","Somalia: Government","95, 503, 499, 501","Government of Somalia, USC/SNA, SSDF, SPM",1993-03-27,1993-06-05,"True",1,0,1,1,2,1,0,0,0,0,0,0,"2, 8",1,70,1982-12-31,2023-11-17,2023-11-17,14931,2,1,4,"Somalia","SOM",9,1,1,0,"Somalia",520,0.470783523543364,0.362115383743372,-0.515078084253434,0.6973406251512,0.701964208239488,-0.286599524791486,-0.874453732608118,-1.09185110837714,-0.973650204390572,-1.15641227809097,0.924530950909324,-0.0464552650107222,-0.771670049809203,-0.842711714579971,-1.93046728399434,2.19722457733622,-0.753356900930241,-1.01579237832047,-13.8155105579643,-0.360481285802322,-0.353872861669962,-13.8155105579643,-0.0784687501763311,-13.8155105579643,-13.8155105579643,-13.8155105579643,-13.8155105579643,-13.8155105579643,-13.8155105579643,-13.8155105579643,-13.8155105579643,0,1,0,1,0,0,-0.792627667841263,0.290616398249255,0.11722215235181,-0.225493012400956,0.345320234114759,0,0,0,0,1,1,0,0,1,1,0,0,0,1,0,0,0,0,0,0,0,0,0,0,0,0,0,0,0,0,0,0,0,6620729,NA
"SOM","1994",1142,4,"Nairobi Declaration on National Reconciliation","337","Somalia: Government","95, 503","Government of Somalia, USC/SNA",1994-03-24,1994-07-01,"True",0,1,1,0,2,1,0,1,1,0,1,0,"1, 6",1,99,1982-12-31,2023-11-17,2023-11-17,14931,2,1,4,"Somalia","SOM",10,1,1,0,"Somalia",520,0.579165912351513,-0.194336786356179,-0.515128193867967,0.0513482854670895,0.0564205524777263,-0.410311549881336,-0.863213509964113,-1.08565539689227,-0.973650204390572,-1.14836187117358,0.921962131590282,-0.73961498089421,-0.885982329156565,-1.25120665925743,0.414393500752711,2.30258509299405,-0.546166292626802,-13.8155105579643,-13.8155105579643,-2.96912373231613,-2.87492178122429,-13.8155105579643,-0.0812511282969157,-13.8155105579643,-13.8155105579643,-13.8155105579643,-13.8155105579643,-13.8155105579643,-13.8155105579643,-13.8155105579643,-0.880939271671648,0,3,0,1,0,1,2.11488691401851,-1.94051599619352,0.829297424432305,-0.079991936643424,-0.11169941190523,0,0,0,0,0,0,0,0,0,0,0,0,0,1,0,0,0,0,0,0,0,0,0,0,0,0,0,0,0,0,0,0,0,6959828,NA
"SOM","1997",1060,4,"The Cairo Declaration on Somalia","337","Somalia: Government","95, 503","Government of Somalia, USC/SNA",1997-12-22,1998-02-01,"True",0,0,1,0,2,1,0,0,0,0,0,0,"0",1,41,1982-12-31,2023-11-17,2023-11-17,14931,2,1,4,"Somalia","SOM",11,1,1,0,"Somalia",520,0.534647628651165,-0.28377438408861,-0.513960639849352,-0.754333059195371,-0.748701193806115,-0.193815505974098,-0.851973287320108,-1.08565539689227,-0.967631685846968,-1.14836187117358,0.921962131590282,-0.575049363446875,-0.94415136380434,-1.17776480406496,-1.63735968590096,2.39789527279837,-0.626147387118653,-13.8155105579643,-13.8155105579643,-13.8155105579643,-13.8155105579643,-13.8155105579643,-0.0812511282969157,-13.8155105579643,-13.8155105579643,-13.8155105579643,-13.8155105579643,-13.8155105579643,-13.8155105579643,-13.8155105579643,-13.8155105579643,0,1,0,1,0,0,-0.792627667841263,0.290616398249255,0.11722215235181,-0.225493012400956,0.345320234114759,0,0,0,0,1,1,0,0,0,0,0,0,0,1,0,0,0,0,0,0,0,0,0,0,0,0,0,0,0,0,0,0,0,7734313,NA
"SOM","2008",1374,4,"Djibouti Agreement","337","Somalia: Government","33, 28, 3, 122, 96, 4231, 7066, 7053, 7075, 95, 505","Government of France, Government of United Kingdom, Government of United States of America, Government of Saudi Arabia, Government of Djibouti, African Union, OIC, European Union, Arab League, Government of Somalia, ARS/UIC",2008-08-19,NA,"",0,0,0,1,2,1,0,0,0,1,0,0,"0",0,5568,1982-12-31,2023-11-17,2023-11-17,14931,2,1,4,"Somalia","SOM",12,1,1,1,"Somalia",520,0.445090212212577,-0.189998637031018,-0.507847266876346,-0.027370892583747,-0.0222439499563849,-0.379383543608873,-0.739571060880062,-0.627172747011366,-0.66670575866674,-1.1403114642562,0.837191094061889,-1.14701521377175,-0.973235881099289,-2.41144102581438,-0.464929293527432,2.484906649788,-0.809478293288437,-13.8155105579643,-13.8155105579643,-13.8155105579643,-13.8155105579643,-13.8155105579643,-0.17770292623337,-13.8155105579643,-13.8155105579643,-13.8155105579643,-13.8155105579643,-13.8155105579643,-13.8155105579643,-13.8155105579643,-13.8155105579643,0,1,0,1,0,0,-0.792627667841263,0.290616398249255,0.11722215235181,-0.225493012400956,0.345320234114759,0,0,0,0,1,1,0,0,1,1,0,0,0,1,0,0,0,0,0,0,0,0,0,0,0,0,0,0,0,0,0,0,0,11444870,NA
"SOM","2008",1385,4,"Decision of the High Level Committee, Djibouti Agreement","337","Somalia: Government","7052, 96, 95, 505","United Nations, Government of Djibouti, Government of Somalia, ARS/UIC",2008-11-26,NA,"",0,0,0,0,2,0,0,0,0,0,0,0,"0",0,5469,1982-12-31,2023-11-17,2023-11-17,14931,2,1,4,"Somalia","SOM",14,1,1,1,"Somalia",520,0.445090212212577,-0.283825130732412,-0.507847266876346,-0.027370892583747,-0.0222439499563849,-0.410311549881336,-0.739571060880062,-0.627172747011366,-0.66670575866674,-1.1403114642562,0.837191094061889,-1.14701521377175,-0.973235881099289,-2.41144102581438,-0.464929293527432,2.63905732961526,-0.809478293288437,-13.8155105579643,-13.8155105579643,-13.8155105579643,-13.8155105579643,-13.8155105579643,-0.17770292623337,-13.8155105579643,-13.8155105579643,-13.8155105579643,-13.8155105579643,-13.8155105579643,-13.8155105579643,-13.8155105579643,-13.8155105579643,0,0,0,1,0,0,-1.24918902638004,0.555532370209678,0.154561905223017,0.146825397568725,-0.256867572377515,0,0,0,0,0,0,0,0,0,0,0,0,0,0,0,0,0,0,0,0,0,0,0,0,0,0,0,0,0,0,0,0,0,11444870,NA
"SOM","2008",1556,4,"Joint Declaration between the Transitional Federal Government and the Alliance for the Re-Liberation of Somalia","337","Somalia: Government","95, 505","Government of Somalia, ARS/UIC",2008-10-26,NA,"",0,0,0,0,2,0,0,0,0,0,0,0,"0",0,5500,1982-12-31,2023-11-17,2023-11-17,14931,2,1,4,"Somalia","SOM",13,1,1,1,"Somalia",520,0.445090212212577,-0.189998637031018,-0.507847266876346,-0.027370892583747,-0.0222439499563849,-0.441239556153798,-0.739571060880062,-0.627172747011366,-0.66670575866674,-1.1403114642562,0.837191094061889,-1.14701521377175,-0.973235881099289,-2.41144102581438,-0.464929293527432,2.56494935746154,-0.809478293288437,-13.8155105579643,-13.8155105579643,-13.8155105579643,-13.8155105579643,-13.8155105579643,-0.17770292623337,-13.8155105579643,-13.8155105579643,-13.8155105579643,-13.8155105579643,-13.8155105579643,-13.8155105579643,-13.8155105579643,-13.8155105579643,0,0,0,1,0,0,-1.24918902638004,0.555532370209678,0.154561905223017,0.146825397568725,-0.256867572377515,0,0,0,0,0,0,0,0,0,0,0,0,0,1,0,0,0,0,0,0,0,0,0,0,0,0,0,0,0,0,0,0,0,11444870,NA
"SRB","1991",1069,1,"Brioni Agreement","384","Serbia (Yugoslavia): Slovenia","48, 49, 336","Government of Croatia, Government of Serbia (Yugoslavia), Republic of Slovenia",1991-07-12,NA,"",0,0,1,0,1,1,0,0,0,0,0,0,"0",0,11816,1991-06-28,2023-11-17,2023-11-17,11830,1,0,3,"Serbia ","SER",0,0,1,0,"Serbia",345,-0.538072444776338,-0.282902574346901,-0.514486790801946,1.54303975768004,NA,-0.379383543608873,-0.885693955252122,-0.614781324041612,-0.726890944102785,0.115552014856449,-1.18190089070529,1.09368619819688,0.264954164236248,0.453455362454732,-0.171821695434051,-13.8155105579643,-13.8155105579643,-13.8155105579643,-13.8155105579643,0.433754339529981,NA,-13.8155105579643,-13.8155105579643,-13.8155105579643,-13.8155105579643,-13.8155105579643,-2.15803450531772,0.0895538239111081,-1.32819843310234,-0.790858443257654,-13.8155105579643,0,1,1,0,0,0,-0.792627667841263,0.290616398249255,0.11722215235181,-0.225493012400956,0.345320234114759,0,0,0,0,0,0,0,0,1,0,0,0,0,0,3,0,0,0,0,0,0,0,0,0,0,0,0,0,0,0,0,0,0,7595636,NA
"SSD","2012",1457,4,"Addis Ababa Agreement on Security Arrangements","11348","South Sudan - Sudan","4231, 113, 112","African Union, Government of South Sudan, Government of Sudan",2012-09-27,NA,"",0,0,0,0,1,0,0,0,0,0,0,0,"0",0,4068,2012-03-27,2012-12-26,2023-11-17,274,1,0,2,"South Sudan ","SSU",0,0,1,1,"South Sudan",626,-0.459504370675711,-0.267110630967377,0.498048124294263,0.415763512833068,0.420582669638623,-0.348455537336411,-0.68336994766004,-0.63956416998112,-0.769020573908017,-1.0678578019997,-0.0901526801123495,-0.828432082953872,-0.70150729936341,-0.453838140565357,-0.464929293527432,-13.8155105579643,-13.8155105579643,-13.8155105579643,-0.697058571497314,-0.877638659132856,-0.866114220464907,-13.8155105579643,-13.8155105579643,-13.8155105579643,-13.8155105579643,-13.8155105579643,-13.8155105579643,-13.8155105579643,-13.8155105579643,-13.8155105579643,-13.8155105579643,0,0,0,0,1,0,-1.24918902638004,0.555532370209678,0.154561905223017,0.146825397568725,-0.256867572377515,0,0,0,0,0,0,0,0,0,0,0,0,0,0,0,0,0,0,0,0,0,0,0,0,0,0,0,0,0,0,0,0,0,10701604,5.604609471
"SSD","2012",1444,4,"Addis Ababa Agreement on Cooperation","11348","South Sudan - Sudan","7071, 113, 112","IGAD, Government of South Sudan, Government of Sudan",2012-09-27,NA,"",0,0,0,0,1,1,0,0,0,0,0,0,"0",0,4068,2012-03-27,2012-12-26,2023-11-17,274,1,0,2,"South Sudan ","SSU",0,0,1,1,"South Sudan",626,-0.459504370675711,-0.267110630967377,0.498048124294263,0.415763512833068,0.420582669638623,-0.255671518519023,-0.68336994766004,-0.63956416998112,-0.769020573908017,-1.0678578019997,-0.0901526801123495,-0.828432082953872,-0.70150729936341,-0.453838140565357,-0.464929293527432,-13.8155105579643,-13.8155105579643,-13.8155105579643,-0.697058571497314,-0.877638659132856,-0.866114220464907,-13.8155105579643,-13.8155105579643,-13.8155105579643,-13.8155105579643,-13.8155105579643,-13.8155105579643,-13.8155105579643,-13.8155105579643,-13.8155105579643,-13.8155105579643,0,1,0,0,1,0,-0.792627667841263,0.290616398249255,0.11722215235181,-0.225493012400956,0.345320234114759,1,0,1,0,1,1,0,0,0,1,0,0,0,0,0,0,1,0,0,0,0,0,0,0,0,0,0,0,0,0,0,0,0,10701604,5.604609471
"SSD","2012",31,4,"Agreement between the Government of the Republic of South Sudan (GRSS) and the South Sudan Democratic Movement/Army (SSDM/A)","11345","South Sudan: Government","113, 1108","Government of South Sudan, SSDM/A",2012-02-27,NA,"",1,0,1,1,2,0,0,0,0,1,0,1,"7",0,4281,2011-08-20,2023-11-17,2023-11-17,4472,1,1,3,"South Sudan","SSU",0,0,1,1,"South Sudan",626,-0.459504370675711,-0.267110630967377,0.498048124294263,0.415763512833068,0.420582669638623,-0.348455537336411,-0.68336994766004,-0.63956416998112,-0.769020573908017,-1.0678578019997,-0.0901526801123495,-0.828432082953872,-0.70150729936341,-0.453838140565357,-0.464929293527432,-13.8155105579643,-13.8155105579643,-13.8155105579643,-0.697058571497314,-0.877638659132856,-0.866114220464907,-13.8155105579643,-13.8155105579643,-13.8155105579643,-13.8155105579643,-13.8155105579643,-13.8155105579643,-13.8155105579643,-13.8155105579643,-13.8155105579643,-13.8155105579643,0,0,1,0,0,0,-1.24918902638004,0.555532370209678,0.154561905223017,0.146825397568725,-0.256867572377515,0,0,0,0,3,1,1,0,1,1,0,0,1,0,0,0,0,0,0,0,0,0,0,0,0,0,0,0,0,0,0,0,0,10701604,5.604609471
"SSD","2012",1456,4,"Addis Ababa Agreement on Border Issues","11348","South Sudan - Sudan","4231, 113, 112","African Union, Government of South Sudan, Government of Sudan",2012-09-27,NA,"",0,0,0,0,1,1,0,1,0,0,1,1,"6, 7",0,4068,2012-03-27,2012-12-26,2023-11-17,274,1,0,2,"South Sudan ","SSU",0,0,1,1,"South Sudan",626,-0.459504370675711,-0.267110630967377,0.498048124294263,0.415763512833068,0.420582669638623,1.84743290800843,-0.68336994766004,-0.63956416998112,-0.769020573908017,-1.0678578019997,-0.0901526801123495,-0.828432082953872,-0.70150729936341,-0.453838140565357,-0.464929293527432,-13.8155105579643,-13.8155105579643,-13.8155105579643,-0.697058571497314,-0.877638659132856,-0.866114220464907,0.613797058165077,-13.8155105579643,-13.8155105579643,-13.8155105579643,-13.8155105579643,-13.8155105579643,-13.8155105579643,-13.8155105579643,-13.8155105579643,-13.8155105579643,0,2,0,0,1,1,0.512873405260378,-1.02315187052394,-1.1290493091889,0.185036491690634,0.25150704031891,1,0,1,1,3,1,0,0,0,1,0,0,0,1,1,0,0,0,0,0,0,0,0,0,0,0,0,0,0,0,0,0,0,10701604,5.604609471
"SSD","2013",1531,4,"Adoption of the Implementaiton Matrix by the Sudan and South Sudan","11348","South Sudan - Sudan","4231, 113, 112","African Union, Government of South Sudan, Government of Sudan",2013-03-12,NA,"",0,1,0,0,1,1,0,0,0,1,0,0,"0",0,3902,2012-03-27,2012-12-26,2023-11-17,274,1,0,2,"South Sudan ","SSU",1,1,1,1,"South Sudan",626,-0.407112299505092,-0.258131180095242,0.633374149301629,0.634815372715527,0.639482383680254,0.115464556750527,-0.835112953354102,-0.8068483800728,-1.08198353817545,-1.22886594034747,-0.118409692621814,-0.97324259562869,-0.755853021232165,-0.652111455086906,-0.171821695434051,0,-13.8155105579643,-13.8155105579643,-0.456693958306557,-0.454421073994987,-0.44709620536338,-2.1587916640747,-13.8155105579643,-13.8155105579643,-13.8155105579643,-13.8155105579643,-13.8155105579643,-13.8155105579643,-13.8155105579643,-13.8155105579643,-13.8155105579643,0,1,0,0,1,0,-0.792627667841263,0.290616398249255,0.11722215235181,-0.225493012400956,0.345320234114759,1,0,1,0,1,1,0,0,1,1,0,0,0,1,0,1,1,0,0,0,0,0,0,0,0,0,0,0,0,0,0,0,0,11106031,14.70845262
"SSD","2014",1480,4,"Agreement on the Resolution of the Conflict in Jonglei state","11345","South Sudan: Government","113, 3563","Government of South Sudan, SSDM/A - Cobra Faction",2014-05-09,NA,"",0,1,0,0,2,1,0,1,0,0,0,0,"0",0,3479,2011-08-20,2023-11-17,2023-11-17,4472,1,1,3,"South Sudan","SSU",1,1,1,1,"South Sudan",626,0.550139548752598,-0.266517703437039,0.726402648681831,1.2795698402069,1.28378902703246,-0.00824746833932335,-0.868833621286115,-0.850218360466939,-1.09402057526266,-1.22886594034747,-0.123547331259898,-1.11763538942759,-0.917583778723377,-1.17776480406496,-0.758036891620813,0,-0.597583307933643,-13.8155105579643,-0.319650805388608,0.246523959111563,0.249815882602789,-13.8155105579643,-13.8155105579643,-13.8155105579643,-13.8155105579643,-13.8155105579643,-13.8155105579643,-13.8155105579643,-13.8155105579643,-13.8155105579643,-13.8155105579643,0,2,1,0,0,1,0.512873405260378,-1.02315187052394,-1.1290493091889,0.185036491690634,0.25150704031891,0,0,0,0,2,0,1,0,0,1,0,0,0,0,3,0,0,0,0,0,0,0,0,0,0,0,0,0,0,0,0,0,0,11213284,28.45700494
"SSD","2014",1482,4,"Agreement to Resolve the Crisis in South Sudan","11345","South Sudan: Government","7071, 113, 4226","IGAD, Government of South Sudan, SPLM/A - IO",2014-05-09,NA,"",0,0,0,0,2,0,0,0,0,0,0,0,"0",0,3479,2011-08-20,2023-11-17,2023-11-17,4472,1,1,3,"South Sudan","SSU",1,1,1,1,"South Sudan",626,0.550139548752598,-0.266517703437039,0.726402648681831,1.2795698402069,1.28378902703246,-0.379383543608873,-0.868833621286115,-0.850218360466939,-1.09402057526266,-1.22886594034747,-0.123547331259898,-1.11763538942759,-0.917583778723377,-1.17776480406496,-0.758036891620813,0,-0.597583307933643,-13.8155105579643,-0.319650805388608,0.246523959111563,0.249815882602789,-13.8155105579643,-13.8155105579643,-13.8155105579643,-13.8155105579643,-13.8155105579643,-13.8155105579643,-13.8155105579643,-13.8155105579643,-13.8155105579643,-13.8155105579643,0,0,1,0,0,0,-1.24918902638004,0.555532370209678,0.154561905223017,0.146825397568725,-0.256867572377515,0,0,0,0,1,0,0,0,0,0,0,0,1,0,0,0,0,0,0,0,0,0,0,0,0,0,0,0,0,0,0,0,0,11213284,28.45700494
"SSD","2014",1484,4,"Framework for Intra-SPLM Dialogue","11345","South Sudan: Government","92, 113, 4226","Government of Tanzania, Government of South Sudan, SPLM/A - IO",2014-10-20,2016-07-08,"True",0,0,0,0,2,0,0,0,0,0,0,0,"0",1,627,2011-08-20,2023-11-17,2023-11-17,4472,1,1,3,"South Sudan","SSU",2,1,1,1,"South Sudan",626,0.550139548752598,-0.266517703437039,0.726402648681831,1.2795698402069,1.28378902703246,-0.255671518519023,-0.868833621286115,-0.850218360466939,-1.09402057526266,-1.22886594034747,-0.123547331259898,-1.11763538942759,-0.917583778723377,-1.17776480406496,-0.758036891620813,0.693147180559945,-0.597583307933643,-13.8155105579643,-0.319650805388608,0.246523959111563,0.249815882602789,-13.8155105579643,-13.8155105579643,-13.8155105579643,-13.8155105579643,-13.8155105579643,-13.8155105579643,-13.8155105579643,-13.8155105579643,-13.8155105579643,-13.8155105579643,0,0,1,0,0,0,-1.24918902638004,0.555532370209678,0.154561905223017,0.146825397568725,-0.256867572377515,0,0,0,0,0,0,0,0,0,0,0,0,0,0,0,0,0,0,0,0,0,0,0,0,0,0,0,0,0,0,0,0,0,11213284,28.45700494
"SSD","2015",24,4,"Agreement on the Reunification of the SPLM ","11345","South Sudan: Government","92, 113, 4226","Government of Tanzania, Government of South Sudan, SPLM/A - IO",2015-01-21,2016-07-08,"True",0,1,1,0,2,1,0,1,1,1,0,1,"1, 7",1,534,2011-08-20,2023-11-17,2023-11-17,4472,1,1,3,"South Sudan","SSU",3,1,1,1,"South Sudan",626,0.86019926392555,-0.270115960586761,0.800865535877619,1.09974799147234,1.10409207633068,-0.00824746833932335,-0.863213509964113,-0.86880549492157,-1.11207613089348,-1.24496675418225,-0.123547331259898,-1.14701521377175,-0.918113797015723,-1.25120665925743,-0.464929293527432,1.09861228866811,-0.15059121433439,-13.8155105579643,-0.222062216320659,0.0950810548957082,0.0990233468505491,-13.8155105579643,-13.8155105579643,-13.8155105579643,-13.8155105579643,-13.8155105579643,-13.8155105579643,-13.8155105579643,-13.8155105579643,-13.8155105579643,-13.8155105579643,0,3,1,0,0,1,2.11488691401851,-1.94051599619352,0.829297424432305,-0.079991936643424,-0.11169941190523,0,0,0,0,1,0,1,0,0,1,0,0,0,0,0,0,0,0,0,0,0,0,0,0,0,0,0,0,0,0,0,0,0,11194299,13.05322342
"SSD","2015",28,4,"Agreement on the Establishment of the Transitional Government of National Unity","11345","South Sudan: Government","7071, 113, 4226","IGAD, Government of South Sudan, SPLM/A - IO",2015-02-01,2016-07-08,"True",0,0,1,0,2,1,0,0,0,1,0,0,"8",1,523,2011-08-20,2023-11-17,2023-11-17,4472,1,1,3,"South Sudan","SSU",4,1,1,1,"South Sudan",626,0.86019926392555,-0.270115960586761,0.800865535877619,1.09974799147234,1.10409207633068,-0.286599524791486,-0.863213509964113,-0.86880549492157,-1.11207613089348,-1.24496675418225,-0.123547331259898,-1.14701521377175,-0.918113797015723,-1.25120665925743,-0.464929293527432,1.38629436111989,-0.15059121433439,-13.8155105579643,-0.222062216320659,0.0950810548957082,0.0990233468505491,-13.8155105579643,-13.8155105579643,-13.8155105579643,-13.8155105579643,-13.8155105579643,-13.8155105579643,-13.8155105579643,-13.8155105579643,-13.8155105579643,-13.8155105579643,0,1,1,0,0,0,-0.792627667841263,0.290616398249255,0.11722215235181,-0.225493012400956,0.345320234114759,0,0,0,0,2,0,1,0,0,1,0,0,0,0,1,0,0,0,0,0,0,0,0,0,0,0,0,0,0,0,0,0,0,11194299,13.05322342
"SSD","2015",29,4,"Agreement on the Resolution of the Conflict in the Republic of South Sudan","11345","South Sudan: Government","7071, 113, 4226","IGAD, Government of South Sudan, SPLM/A - IO",2015-08-17,2016-07-08,"True",1,1,1,0,2,1,0,1,0,0,1,1,"6, 7",1,326,2011-08-20,2023-11-17,2023-11-17,4472,1,1,3,"South Sudan","SSU",5,1,1,1,"South Sudan",626,0.86019926392555,-0.270115960586761,0.800865535877619,1.09974799147234,1.10409207633068,1.84743290800843,-0.863213509964113,-0.86880549492157,-1.11207613089348,-1.24496675418225,-0.123547331259898,-1.14701521377175,-0.918113797015723,-1.25120665925743,-0.464929293527432,1.6094379124341,-0.15059121433439,-13.8155105579643,-0.222062216320659,0.0950810548957082,0.0990233468505491,0.613797058165077,-13.8155105579643,-13.8155105579643,-13.8155105579643,-13.8155105579643,-13.8155105579643,-13.8155105579643,-13.8155105579643,-13.8155105579643,-13.8155105579643,0,2,1,0,0,1,0.512873405260378,-1.02315187052394,-1.1290493091889,0.185036491690634,0.25150704031891,3,1,0,0,2,1,1,1,1,1,0,0,1,1,3,1,0,0,0,0,0,0,0,0,0,0,0,0,0,0,0,0,0,11194299,13.05322342
"SSD","2018",1660,4,"Agreement on Outstanding issues of Governance","11345","South Sudan: Government","113, 4226","Government of South Sudan, SPLM/A - IO",2018-08-05,NA,"",0,1,0,0,2,0,0,0,0,0,0,0,"0",0,1930,2011-08-20,2023-11-17,2023-11-17,4472,1,1,3,"South Sudan","SSU",7,1,1,1,"South Sudan",626,3.73455905388808,-0.28375658714304,0.945311510729959,0.90926898473632,0.913745369720552,-0.0701034808842483,-0.947515179794147,-0.961741167194726,-1.06392798254464,-1.30937000952136,-0.123547331259898,-1.11791519633448,-0.890552753208655,-1.40316519572849,-0.171821695434051,1.94591014905531,1.31762975375411,-13.8155105579643,-0.0562407648239628,-0.0951143157769841,-0.0902033352682775,-13.8155105579643,-13.8155105579643,-13.8155105579643,-13.8155105579643,-13.8155105579643,-13.8155105579643,-13.8155105579643,-13.8155105579643,-13.8155105579643,-13.8155105579643,0,0,1,0,0,0,-1.24918902638004,0.555532370209678,0.154561905223017,0.146825397568725,-0.256867572377515,0,0,0,0,2,1,1,0,0,1,0,0,0,1,0,0,0,0,0,0,0,0,0,0,0,0,0,0,0,0,0,0,0,10395329,NA
"SSD","2018",1625,4,"Revitalised agreement on the resolution of the conflict in the Republic of South Sudan (R-ARCSS)","11345","South Sudan: Government","7071, 113, 4226","IGAD, Government of South Sudan, SPLM/A - IO",2018-09-12,NA,"",1,1,1,0,2,1,0,0,0,1,1,1,"6, 7, 8",0,1892,2011-08-20,2023-11-17,2023-11-17,4472,1,1,3,"South Sudan","SSU",8,1,1,1,"South Sudan",626,3.73455905388808,-0.257624427823084,0.945311510729959,0.90926898473632,0.913745369720552,3.30104920281416,-0.947515179794147,-0.961741167194726,-1.06392798254464,-1.30937000952136,-0.123547331259898,-1.11791519633448,-0.890552753208655,-1.40316519572849,-0.171821695434051,2.07944154167984,1.31762975375411,-13.8155105579643,-0.0562407648239628,-0.0951143157769841,-0.0902033352682775,1.19424035818686,-13.8155105579643,-13.8155105579643,-13.8155105579643,-13.8155105579643,-13.8155105579643,-13.8155105579643,-13.8155105579643,-13.8155105579643,-13.8155105579643,0,1,1,0,0,0,-0.792627667841263,0.290616398249255,0.11722215235181,-0.225493012400956,0.345320234114759,3,1,0,1,3,1,1,0,1,1,1,0,1,1,3,0,0,0,0,0,0,0,0,0,0,0,0,0,0,0,0,0,0,10395329,NA
"SSD","2018",1661,4,"Khartoum Declaration of Agreement between parties of the Conflict of South Sudan","11345","South Sudan: Government","112, 113, 4226","Government of Sudan, Government of South Sudan, SPLM/A - IO",2018-06-27,NA,"",0,0,0,1,2,1,0,0,0,0,0,0,"0",0,1969,2011-08-20,2023-11-17,2023-11-17,4472,1,1,3,"South Sudan","SSU",6,1,1,1,"South Sudan",626,3.73455905388808,-0.136374815622614,0.945311510729959,0.90926898473632,0.913745369720552,-0.348455537336411,-0.947515179794147,-0.961741167194726,-1.06392798254464,-1.30937000952136,-0.123547331259898,-1.11791519633448,-0.890552753208655,-1.40316519572849,-0.171821695434051,1.79175946922805,1.31762975375411,-13.8155105579643,-0.0562407648239628,-0.0951143157769841,-0.0902033352682775,-13.8155105579643,-13.8155105579643,-13.8155105579643,-13.8155105579643,-13.8155105579643,-13.8155105579643,-13.8155105579643,-13.8155105579643,-13.8155105579643,-13.8155105579643,0,1,1,0,0,0,-0.792627667841263,0.290616398249255,0.11722215235181,-0.225493012400956,0.345320234114759,0,0,0,0,1,1,1,0,0,1,0,0,1,0,0,0,0,0,0,0,0,0,0,0,0,0,0,0,0,0,0,0,0,10395329,NA
"SSD","2020",1657,4,"Rome Declaration on the Peace Process in South Sudan","11345","South Sudan: Government","7080, 113, 6794","SSUF, Government of South Sudan, NAS",2020-01-12,NA,"",0,0,0,0,2,0,0,0,0,0,0,0,"0",0,1405,2011-08-20,2023-11-17,2023-11-17,4472,1,1,3,"South Sudan","SSU",9,1,1,1,"South Sudan",626,3.55041888633761,-0.136374815622614,1.05855923957416,1.16400620888974,1.16830566221414,-0.348455537336411,-0.823872730710097,-0.850218360466939,-1.07596501963185,-1.22081553343008,-0.123547331259898,-1.14701521377175,-0.890552753208655,-1.37697084133481,-0.758036891620813,2.19722457733622,1.26706559267777,-13.8155105579643,0.0569087756140694,0.151867683392736,0.155554547270467,-13.8155105579643,-13.8155105579643,-13.8155105579643,-13.8155105579643,-13.8155105579643,-13.8155105579643,-13.8155105579643,-13.8155105579643,-13.8155105579643,-13.8155105579643,0,0,1,0,0,0,-1.24918902638004,0.555532370209678,0.154561905223017,0.146825397568725,-0.256867572377515,0,0,0,0,1,0,0,0,0,0,0,0,1,0,0,0,0,0,0,0,0,0,0,0,0,0,0,0,0,0,0,0,0,10606227,NA
"TCD","1978",1427,4,"Khartoum Agreement","288","Chad: Government","87, 438","Government of Chad, FAN",1978-01-22,1978-02-15,"True",0,0,1,0,2,0,0,0,0,0,0,0," ",1,24,1966-07-31,2023-11-17,2023-11-17,20928,1,1,3,"Chad","CHA",0,0,0,0,"Chad",483,-0.0415792999886365,-0.265932237462224,-0.502355253123548,-0.485427488790552,-0.479982395904094,-0.410311549881336,-1.30720230440229,-0.961741167194726,-1.21439094613475,-0.882698442899755,1.45627654995106,0.631319155160755,-0.339331905601243,-0.261629810495557,-1.63735968590096,-13.8155105579643,-13.8155105579643,-13.8155105579643,-13.8155105579643,-13.8155105579643,-13.8155105579643,-13.8155105579643,0.375882869891729,-13.8155105579643,-13.8155105579643,-13.8155105579643,-13.8155105579643,-0.459943751663121,-13.8155105579643,-13.8155105579643,-13.8155105579643,0,0,1,0,0,0,-1.24918902638004,0.555532370209678,0.154561905223017,0.146825397568725,-0.256867572377515,NA,NA,NA,NA,NA,NA,NA,NA,NA,NA,NA,NA,NA,NA,NA,NA,NA,0,0,0,0,0,0,0,0,0,0,0,0,0,0,0,0,4313479,7.219809429
"TCD","1978",1426,4,"Basic Charter (Fundamental Charter)","288","Chad: Government","112, 87, 438","Government of Sudan, Government of Chad, FAN",1978-08-25,1979-02-12,"True",0,0,0,0,2,0,0,0,0,0,0,0," ",1,171,1966-07-31,2023-11-17,2023-11-17,20928,1,1,3,"Chad","CHA",1,1,0,0,"Chad",483,0.345342851776237,-0.285610583279717,0.414004278799798,-0.485427488790552,-0.479982395904094,-0.379383543608873,-1.30720230440229,-0.961741167194726,-1.21439094613475,-0.882698442899755,1.45627654995106,0.178652197420842,0.223284337288395,-0.0528059732027191,-1.05114448971419,0,-1.06321758215207,-13.8155105579643,-0.881878969945018,-13.8155105579643,-13.8155105579643,-13.8155105579643,0.375882869891729,-13.8155105579643,-13.8155105579643,-13.8155105579643,-13.8155105579643,-1.72231439444371,-1.49930926460955,-13.8155105579643,-13.8155105579643,0,0,1,0,0,0,-1.24918902638004,0.555532370209678,0.154561905223017,0.146825397568725,-0.256867572377515,NA,NA,NA,NA,NA,NA,NA,NA,NA,NA,NA,NA,NA,NA,NA,NA,NA,0,0,0,0,0,0,0,0,0,0,0,0,0,0,0,0,4313479,7.219809429
"TCD","1979",1428,4,"Kano Accord","288","Chad: Government","75, 111, 112, 83, 84, 87, 438, 439","Government of Niger, Government of Libya, Government of Sudan, Government of Cameroon, Government of Nigeria, Government of Chad, FAN, FAP",1979-03-15,1979-06-01,"True",0,0,1,1,1,0,0,0,0,0,0,0," ",1,78,1966-07-31,2023-11-17,2023-11-17,20928,1,1,3,"Chad","CHA",2,1,0,0,"Chad",483,-0.60642386467214,-0.283480922340335,-0.514772415604784,-0.639500985046406,-0.633948878041694,-0.162887499701636,-1.30720230440229,-0.961741167194726,-1.23846502030917,-0.882698442899755,1.43829481471777,-0.73961498089421,-0.917583778723377,-1.25120665925743,-1.05114448971419,0.693147180559945,-13.8155105579643,-13.8155105579643,-13.8155105579643,-13.8155105579643,-13.8155105579643,-13.8155105579643,0.363458255474692,-13.8155105579643,-13.8155105579643,-13.8155105579643,-13.8155105579643,-13.8155105579643,-13.8155105579643,-13.8155105579643,-13.8155105579643,0,0,1,0,0,0,-1.24918902638004,0.555532370209678,0.154561905223017,0.146825397568725,-0.256867572377515,NA,NA,NA,NA,NA,NA,NA,NA,NA,NA,NA,NA,NA,NA,NA,NA,NA,0,0,0,0,0,0,0,0,0,0,0,0,0,0,0,0,4402942,8.476658193
"TCD","1983",1405,4,"Chad-Nigeria Agreement","349","Chad - Nigeria","87, 84","Government of Chad, Government of Nigeria",1983-07-11,NA,"",0,0,1,0,1,0,0,0,0,0,0,0," ",0,14739,1983-04-24,2023-11-17,2023-11-17,14817,1,0,2,"Chad ","CHA",0,0,0,0,"Chad",483,-0.593555268479509,-0.28170532366392,-0.0592659975784371,-0.618670516189354,-0.6131328773074,-0.255671518519023,-1.37464364026632,-1.06087255095276,-1.29263168720161,-0.955152105156254,1.33297322263704,-1.04897772144073,-0.339331905601243,-0.566087278405598,0.12128590265933,-13.8155105579643,-13.8155105579643,-13.8155105579643,-13.8155105579643,-13.8155105579643,-13.8155105579643,-13.8155105579643,0.28741195295057,-13.8155105579643,-13.8155105579643,-13.8155105579643,-13.8155105579643,-13.8155105579643,-13.8155105579643,-13.8155105579643,-2.10960468858796,0,0,0,0,1,0,-1.24918902638004,0.555532370209678,0.154561905223017,0.146825397568725,-0.256867572377515,NA,NA,NA,NA,NA,NA,NA,NA,NA,NA,NA,NA,NA,NA,NA,NA,NA,0,0,0,0,0,0,0,0,0,0,0,0,0,0,0,0,4859173,10.03418943
"TCD","1989",1420,4,"Algiers Agreement","361","Chad - Libya","87, 111","Government of Chad, Government of Libya",1989-08-31,NA,"",0,0,1,0,1,1,0,0,0,0,0,0,"0",0,12496,1987-08-08,2023-11-17,2023-11-17,13250,2,1,2,"Chad ","CHA",0,0,0,0,"Chad",483,-0.385372098820877,-0.284107639017005,-0.0592659975784371,-0.391234599530773,-0.385854929765325,-0.379383543608873,-1.37464364026632,-1.06087255095276,-1.29263168720161,-0.955152105156254,1.13774295438983,0.511685740675598,0.079094802203089,-0.0528059732027191,0.707501098846092,-13.8155105579643,-13.8155105579643,-13.8155105579643,-13.8155105579643,-13.8155105579643,-13.8155105579643,-13.8155105579643,0.129046435313439,-13.8155105579643,-13.8155105579643,-13.8155105579643,-13.8155105579643,-0.670044630130413,-2.53710811808586,-13.8155105579643,-0.346016096326597,0,1,0,0,1,0,-0.792627667841263,0.290616398249255,0.11722215235181,-0.225493012400956,0.345320234114759,NA,NA,NA,NA,NA,NA,NA,NA,NA,NA,NA,NA,NA,NA,NA,NA,NA,0,0,0,0,0,0,0,0,0,0,0,0,0,0,0,0,5670619,7.075784893
"TCD","1992",1042,4,"El Geneina agreement","288","Chad: Government","87, 450","Government of Chad, FNT",1992-10-31,1994-01-23,"True",0,0,1,0,2,0,0,0,0,0,0,0," ",1,449,1966-07-31,2023-11-17,2023-11-17,20928,1,1,3,"Chad","CHA",3,1,1,0,"Chad",483,-0.498861860795471,-0.281492077976782,-0.516726690571564,-0.513651620090853,-0.508186923699588,0.764952688472239,-0.829492842032099,-0.912175475315709,-0.86531687060569,-0.874648035982367,1.04526545890431,-0.123497401036741,-0.138177470678151,0.059152793830785,-0.464929293527432,1.09861228866811,-13.8155105579643,-13.8155105579643,-13.8155105579643,-13.8155105579643,-13.8155105579643,-0.267941292202419,0.0442708808168366,-13.8155105579643,-13.8155105579643,-13.8155105579643,-13.8155105579643,-13.8155105579643,-13.8155105579643,-2.82763145669288,-13.8155105579643,0,0,1,0,0,0,-1.24918902638004,0.555532370209678,0.154561905223017,0.146825397568725,-0.256867572377515,NA,NA,NA,NA,NA,NA,NA,NA,NA,NA,NA,NA,NA,NA,NA,NA,NA,0,0,0,0,0,0,0,0,0,0,0,0,0,0,0,0,6302926,7.23066187
"TCD","1993",1043,4,"Tripoli 1 Agreement","288","Chad: Government","87, 447","Government of Chad, CNR",1993-10-16,1993-10-22,"True",0,0,0,0,2,0,0,0,0,0,0,0," ",1,6,1966-07-31,2023-11-17,2023-11-17,20928,1,1,3,"Chad","CHA",4,1,1,0,"Chad",483,-0.219272768275225,-0.282488145333162,-0.51676677826319,-0.524004942037399,-0.518533054587022,-0.101031487156711,-0.829492842032099,-0.837826937497185,-0.86531687060569,-0.874648035982367,1.0144396270758,-0.73961498089421,-0.890552753208655,-0.944439347556603,-0.171821695434051,1.38629436111989,-13.8155105579643,-13.8155105579643,-13.8155105579643,-13.8155105579643,-13.8155105579643,-13.8155105579643,0.0143363684841593,-13.8155105579643,-13.8155105579643,-13.8155105579643,-13.8155105579643,-13.8155105579643,-13.8155105579643,-13.8155105579643,-13.8155105579643,0,0,1,0,0,0,-1.24918902638004,0.555532370209678,0.154561905223017,0.146825397568725,-0.256867572377515,NA,NA,NA,NA,NA,NA,NA,NA,NA,NA,NA,NA,NA,NA,NA,NA,NA,0,0,0,0,0,0,0,0,0,0,0,0,0,0,0,0,6448280,8.506966557
"TCD","1994",1421,4,"Agreement between the Great Socialist People’s Libyan Arab Jamahiriya and the Republic of Chad concerning the practical modalities for the implementation of the Judgment delivered by the International Court of Justice on 3 February 1994","361","Chad - Libya","87, 111","Government of Chad, Government of Libya",1994-04-04,NA,"",0,0,0,0,1,0,0,0,0,0,0,0,"0",0,10819,1987-08-08,2023-11-17,2023-11-17,13250,2,1,2,"Chad ","CHA",1,1,1,0,"Chad",483,-0.221094785971884,-0.28170532366392,-0.516551306920699,-0.555515114987339,-0.550021341661349,-0.379383543608873,-0.829492842032099,-0.788261245618169,-0.86531687060569,-0.874648035982367,0.98875143388538,0.695985846385804,0.826803500875817,0.642965989094273,-0.464929293527432,0,-13.8155105579643,-13.8155105579643,-13.8155105579643,-13.8155105579643,-13.8155105579643,-13.8155105579643,-0.011312309701194,-13.8155105579643,-13.8155105579643,-13.8155105579643,-13.8155105579643,-0.36242595450707,-0.190188216936008,-0.441663450242569,-13.8155105579643,0,0,0,0,1,0,-1.24918902638004,0.555532370209678,0.154561905223017,0.146825397568725,-0.256867572377515,0,0,0,0,0,0,0,0,1,1,0,0,0,0,0,0,0,0,0,0,0,0,0,0,0,0,0,0,0,0,0,0,0,6592998,12.19880964
"TCD","1994",1116,4,"Abeche agreement","288","Chad: Government","87, 450","Government of Chad, FNT",1994-10-12,1994-10-16,"True",0,0,1,0,2,0,0,0,0,0,0,0," ",1,4,1966-07-31,2023-11-17,2023-11-17,20928,1,1,3,"Chad","CHA",6,1,1,0,"Chad",483,-0.221094785971884,-0.28170532366392,-0.516551306920699,-0.555515114987339,-0.550021341661349,-0.286599524791486,-0.829492842032099,-0.788261245618169,-0.86531687060569,-0.874648035982367,0.98875143388538,-0.73961498089421,-0.798728777271718,-1.2264750891705,0.12128590265933,1.79175946922805,-13.8155105579643,-13.8155105579643,-13.8155105579643,-13.8155105579643,-13.8155105579643,-13.8155105579643,-0.011312309701194,-13.8155105579643,-13.8155105579643,-13.8155105579643,-13.8155105579643,-13.8155105579643,-13.8155105579643,-13.8155105579643,-2.10960468858796,0,0,1,0,0,0,-1.24918902638004,0.555532370209678,0.154561905223017,0.146825397568725,-0.256867572377515,NA,NA,NA,NA,NA,NA,NA,NA,NA,NA,NA,NA,NA,NA,NA,NA,NA,0,0,0,0,0,0,0,0,0,0,0,0,0,0,0,0,6592998,12.19880964
"TCD","1994",1044,4,"Bangui-2 Agreement","288","Chad: Government","87, 448","Government of Chad, CSNPD",1994-08-11,2000-08-02,"True",0,0,1,0,2,0,0,0,0,0,0,0," ",1,2183,1966-07-31,2023-11-17,2023-11-17,20928,1,1,3,"Chad","CHA",5,1,1,0,"Chad",483,-0.221094785971884,-0.28170532366392,-0.516551306920699,-0.555515114987339,-0.550021341661349,-0.348455537336411,-0.829492842032099,-0.788261245618169,-0.86531687060569,-0.874648035982367,0.98875143388538,-0.265620476113659,0.223284337288395,-0.125402356101509,0.414393500752711,1.6094379124341,-13.8155105579643,-13.8155105579643,-13.8155105579643,-13.8155105579643,-13.8155105579643,-13.8155105579643,-0.011312309701194,-13.8155105579643,-13.8155105579643,-13.8155105579643,-13.8155105579643,-13.8155105579643,-1.49930926460955,-13.8155105579643,-0.880939271671648,0,0,1,0,0,0,-1.24918902638004,0.555532370209678,0.154561905223017,0.146825397568725,-0.256867572377515,NA,NA,NA,NA,NA,NA,NA,NA,NA,NA,NA,NA,NA,NA,NA,NA,NA,0,0,0,0,0,0,0,0,0,0,0,0,0,0,0,0,6592998,12.19880964
"TCD","1995",1117,4,"The Dougia Accord","288","Chad: Government","87, 446","Government of Chad, MDD",1995-11-22,NA,"",1,0,1,0,2,0,0,0,0,0,0,0," ",0,10222,1966-07-31,2023-11-17,2023-11-17,20928,1,1,3,"Chad","CHA",7,1,1,0,"Chad",483,-0.51155302489827,-0.281468453061773,-0.516576361727966,-0.560027832927659,-0.554530925223966,-0.255671518519023,-0.829492842032099,-0.788261245618169,-0.835224277887667,-0.874648035982367,0.960494421375915,-0.908537017337537,-0.944440763079443,-1.25120665925743,-1.93046728399434,1.94591014905531,-13.8155105579643,-13.8155105579643,-13.8155105579643,-13.8155105579643,-13.8155105579643,-13.8155105579643,-0.0403071048321257,-13.8155105579643,-13.8155105579643,-13.8155105579643,-13.8155105579643,-13.8155105579643,-13.8155105579643,-13.8155105579643,-13.8155105579643,0,0,1,0,0,0,-1.24918902638004,0.555532370209678,0.154561905223017,0.146825397568725,-0.256867572377515,NA,NA,NA,NA,NA,NA,NA,NA,NA,NA,NA,NA,NA,NA,NA,NA,NA,0,0,0,0,0,0,0,0,0,0,0,0,0,0,0,0,6888856,14.21634866
"TCD","1997",1045,4,"National reconciliation agreement","288","Chad: Government","455, 87, 450","CDR, Government of Chad, FNT",1997-10-03,NA,"",0,0,1,0,2,0,0,0,0,0,0,0," ",0,9541,1966-07-31,2023-11-17,2023-11-17,20928,1,1,3,"Chad","CHA",8,1,1,0,"Chad",483,-0.520520022986537,-0.280603617682979,-0.515584191360215,-0.528326333020975,-0.522851444081978,0.270104588112839,-0.666509613694033,-0.788261245618169,-0.781057610995226,-0.818295187560646,0.903980396356987,-0.73961498089421,-0.944440763079443,-0.62724711952785,-0.464929293527432,2.07944154167984,-13.8155105579643,-13.8155105579643,-13.8155105579643,-13.8155105579643,-13.8155105579643,-1.3089460316087,-0.100947604270905,-13.8155105579643,-13.8155105579643,-13.8155105579643,-13.8155105579643,-13.8155105579643,-13.8155105579643,-13.8155105579643,-13.8155105579643,0,0,1,0,0,0,-1.24918902638004,0.555532370209678,0.154561905223017,0.146825397568725,-0.256867572377515,NA,NA,NA,NA,NA,NA,NA,NA,NA,NA,NA,NA,NA,NA,NA,NA,NA,0,0,0,0,0,0,0,0,0,0,0,0,0,0,0,0,7450874,12.45518145
"TCD","1998",1046,4,"Donya agreement","288","Chad: Government","87, 451","Government of Chad, FARF",1998-05-07,NA,"",0,0,1,0,2,0,0,0,0,0,0,0," ",0,9325,1966-07-31,2023-11-17,2023-11-17,20928,1,1,3,"Chad","CHA",9,1,1,0,"Chad",483,-0.508561481706269,-0.279938733667809,-0.472945920354229,-0.609341244591408,-0.603810085498634,-0.286599524791486,-0.216900707933849,-0.670542727405505,-0.648650203035926,-0.657287049212871,0.87315456452848,-1.04897772144073,-0.278697623556333,-0.0768429207682717,-1.93046728399434,2.19722457733622,-13.8155105579643,-13.8155105579643,-13.8155105579643,-13.8155105579643,-13.8155105579643,-13.8155105579643,-0.13564268895321,-13.8155105579643,-13.8155105579643,-13.8155105579643,-13.8155105579643,-13.8155105579643,-13.8155105579643,-13.8155105579643,-13.8155105579643,0,0,1,0,0,0,-1.24918902638004,0.555532370209678,0.154561905223017,0.146825397568725,-0.256867572377515,NA,NA,NA,NA,NA,NA,NA,NA,NA,NA,NA,NA,NA,NA,NA,NA,NA,0,0,0,0,0,0,0,0,0,0,0,0,0,0,0,0,7709115,11.6316656
"TCD","1999",1118,4,"Reconciliation agreement","288","Chad: Government","87, 446","Government of Chad, MDD",1999-07-03,NA,"",1,0,1,0,2,0,0,0,0,0,0,0," ",0,8903,1966-07-31,2023-11-17,2023-11-17,20928,1,1,3,"Chad","CHA",10,1,1,0,"Chad",483,-0.513334977284321,-0.279875532581113,-0.399435115834565,-0.586687692670819,-0.581172267951205,-0.441239556153798,-0.216900707933849,-0.670542727405505,-0.648650203035926,-0.657287049212871,0.837191094061889,-0.575049363446875,-0.890552753208655,-0.715950416841427,-0.171821695434051,2.30258509299405,-13.8155105579643,-13.8155105579643,-13.8155105579643,-13.8155105579643,-13.8155105579643,-13.8155105579643,-0.17770292623337,-13.8155105579643,-13.8155105579643,-13.8155105579643,-13.8155105579643,-13.8155105579643,-13.8155105579643,-13.8155105579643,-13.8155105579643,0,0,1,0,0,0,-1.24918902638004,0.555532370209678,0.154561905223017,0.146825397568725,-0.256867572377515,NA,NA,NA,NA,NA,NA,NA,NA,NA,NA,NA,NA,NA,NA,NA,NA,NA,0,0,0,0,0,0,0,0,0,0,0,0,0,0,0,0,7981889,9.504021487
"TCD","2002",1049,4,"Tripoli 2 agreement","288","Chad: Government","111, 87, 452","Government of Libya, Government of Chad, MDJT",2002-01-07,2002-05-27,"True",0,0,1,0,2,1,0,1,0,0,0,0,"0",1,140,1966-07-31,2023-11-17,2023-11-17,20928,1,1,3,"Chad","CHA",11,1,1,0,"Chad",483,-0.535183926668755,-0.277431769223366,-0.349435742453706,-0.49825662376974,-0.492802620210122,-0.410311549881336,-0.239381153221858,-0.670542727405505,-0.654668721579531,-0.60093420079115,0.729300682662116,-0.920681749445986,-0.138177470678151,0.059152793830785,-1.05114448971419,2.39789527279837,-13.8155105579643,-13.8155105579643,-13.8155105579643,-13.8155105579643,-13.8155105579643,-13.8155105579643,-0.315669172941221,-13.8155105579643,-13.8155105579643,-13.8155105579643,-13.8155105579643,-13.8155105579643,-13.8155105579643,-2.82763145669288,-13.8155105579643,0,2,1,0,0,1,0.512873405260378,-1.02315187052394,-1.1290493091889,0.185036491690634,0.25150704031891,0,0,0,0,1,1,0,0,1,1,0,0,0,0,0,0,0,0,0,0,0,0,0,0,0,0,0,0,0,0,0,0,0,8838369,8.651860884
"TCD","2005",1274,4,"Yebibou agreement 2005","288","Chad: Government","87, 452","Government of Chad, MDJT",2005-08-18,NA,"",0,0,1,0,2,0,0,0,0,0,0,0," ",0,6665,1966-07-31,2023-11-17,2023-11-17,20928,1,1,3,"Chad","CHA",12,1,1,1,"Chad",483,-0.533182569010331,-0.266758021078197,0.86300145789833,-0.377223812471814,-0.371853874114165,-0.101031487156711,-0.24500126454386,-0.670542727405505,-0.654668721579531,-0.60093420079115,0.616272632624259,-1.08739566467848,-0.696306753914453,-0.598944847968298,0.12128590265933,2.484906649788,-13.8155105579643,-13.8155105579643,-0.147338898562558,-13.8155105579643,-13.8155105579643,-13.8155105579643,-0.484065827931668,-13.8155105579643,-13.8155105579643,-13.8155105579643,-13.8155105579643,-13.8155105579643,-13.8155105579643,-13.8155105579643,-2.10960468858796,0,0,1,0,0,0,-1.24918902638004,0.555532370209678,0.154561905223017,0.146825397568725,-0.256867572377515,NA,NA,NA,NA,NA,NA,NA,NA,NA,NA,NA,NA,NA,NA,NA,NA,NA,0,0,0,0,0,0,0,0,0,0,0,0,0,0,0,0,10005012,36.32059884
"TCD","2006",1338,4,"Tripoli accord","288","Chad: Government","87, 453","Government of Chad, FUCD",2006-12-24,NA,"",0,0,1,0,2,0,0,0,0,0,0,0," ",0,6172,1966-07-31,2023-11-17,2023-11-17,20928,1,1,3,"Chad","CHA",13,1,1,1,"Chad",483,-0.556273543023587,-0.265932237462224,0.919780662125481,-0.517072699824568,-0.511605627269718,-0.131959493429173,-0.239381153221858,-0.676738438890382,-0.654668721579531,-0.60093420079115,0.577740342838626,-0.819107693667067,-0.807078404788388,-0.681072575697848,1.00060869693947,2.56494935746154,-13.8155105579643,-13.8155105579643,-0.0836200480965802,-13.8155105579643,-13.8155105579643,-13.8155105579643,-0.548630745088721,-13.8155105579643,-13.8155105579643,-13.8155105579643,-13.8155105579643,-13.8155105579643,-13.8155105579643,-13.8155105579643,0.000608511758633764,0,0,1,0,0,0,-1.24918902638004,0.555532370209678,0.154561905223017,0.146825397568725,-0.256867572377515,NA,NA,NA,NA,NA,NA,NA,NA,NA,NA,NA,NA,NA,NA,NA,NA,NA,0,0,0,0,0,0,0,0,0,0,0,0,0,0,0,0,10365614,34.25991095
"TCD","2007",1499,4,"Accord de Paix le Gouverment de la Republique du Tchad et les Mouvements Ci-Apres: UFDD, RFC, CNT, UFDDF (""Sirte Agreement"")","288","Chad: Government","111, 112, 7050, 87, 456","Government of Libya, Government of Sudan, CEN-SAD, Government of Chad, UFDD",2007-10-25,2007-11-25,"True",1,0,1,0,1,1,0,1,0,0,0,0,"0",1,31,1966-07-31,2023-11-17,2023-11-17,20928,1,1,3,"Chad","CHA",14,1,1,1,"Chad",483,-0.519239840919042,-0.264548539700482,0.956230395736663,-0.456809507787241,-0.451384291959964,-0.379383543608873,-0.256241487187865,-0.682934150375259,-0.678742795753949,-0.608984607708538,0.534070414414908,-0.939359754994478,-0.723999666632937,-0.664871655266135,1.00060869693947,2.63905732961526,-13.8155105579643,-13.8155105579643,-0.0447563952419614,-13.8155105579643,-13.8155105579643,-13.8155105579643,-0.627227586514795,-13.8155105579643,-13.8155105579643,-13.8155105579643,-13.8155105579643,-13.8155105579643,-13.8155105579643,-13.8155105579643,0.000608511758633764,0,2,1,0,0,1,0.512873405260378,-1.02315187052394,-1.1290493091889,0.185036491690634,0.25150704031891,0,0,0,0,1,1,0,0,0,1,0,0,0,1,0,0,0,0,0,0,0,0,0,0,0,0,0,0,0,0,0,0,0,10722731,33.06052068
"TJK","1995",1144,3,"Protocol on the Fundamental Principles of Establishing Peace and National Accord in Tajikistan","395","Tajikistan: Government","131, 345","Government of Tajikistan, UTO",1995-08-17,1995-09-18,"True",0,0,0,0,1,1,0,1,1,0,0,0,"1, 8",1,32,1992-05-10,2023-11-17,2023-11-17,11513,1,1,3,"Tajikistan","TAJ",0,0,1,0,"Tajikistan",702,-0.513014454799464,-0.280329351338669,-0.513970661772258,-0.787216176768215,-0.781561471903528,-0.379383543608873,-0.851973287320108,-0.918371186800586,-0.829205759344063,-0.383573214021654,0.487831666672148,-0.594114895663377,-0.138177470678151,-0.08375278231732,-0.171821695434051,-13.8155105579643,-13.8155105579643,-13.8155105579643,-13.8155105579643,-13.8155105579643,-13.8155105579643,-13.8155105579643,-0.717784877980279,-13.8155105579643,-13.8155105579643,-13.8155105579643,-13.8155105579643,-13.8155105579643,-13.8155105579643,-13.8155105579643,-13.8155105579643,0,3,1,0,0,1,2.11488691401851,-1.94051599619352,0.829297424432305,-0.079991936643424,-0.11169941190523,0,0,0,0,0,0,0,1,0,1,0,0,0,1,0,0,0,0,0,0,0,0,0,0,0,0,0,0,0,0,0,0,0,5916173,0.827377198
"TJK","1996",1147,3,"Agreement between the President of the Republic of Tajikistan, E.S. Rakhmonov, and the leader of the United Tajik-Opposition, S.A. Huri, on the results of the meeting held in Moscow 23 December 1996","395","Tajikistan: Government","7052, 131, 345","United Nations, Government of Tajikistan, UTO",1996-12-23,NA,"",1,0,1,0,1,1,0,1,0,0,0,0,"0",0,9825,1992-05-10,2023-11-17,2023-11-17,11513,1,1,3,"Tajikistan","TAJ",1,1,1,0,"Tajikistan",702,-0.420391088163462,-0.281608131199917,-0.511234676818766,-0.729856415545946,-0.724241550786271,-0.317527531063948,-0.851973287320108,-0.912175475315709,-0.835224277887667,-0.399674027856431,0.415904725738966,-0.785611767744961,-0.798728777271718,-0.839722946780803,-1.93046728399434,0,-13.8155105579643,-13.8155105579643,-13.8155105579643,-13.8155105579643,-13.8155105579643,-13.8155105579643,-0.877299069616974,-13.8155105579643,-13.8155105579643,-13.8155105579643,-13.8155105579643,-13.8155105579643,-13.8155105579643,-13.8155105579643,-13.8155105579643,0,2,1,0,0,1,0.512873405260378,-1.02315187052394,-1.1290493091889,0.185036491690634,0.25150704031891,0,0,0,0,0,0,0,0,0,1,0,0,0,0,0,0,0,0,0,0,0,0,0,0,0,0,0,0,0,0,0,0,0,6035600,0.911480712
"TJK","1996",1539,3,"Protocol on the main functions and powers of the Commission on National Reconciliation","395","Tajikistan: Government","7052, 131, 345","United Nations, Government of Tajikistan, UTO",1996-12-23,NA,"",1,0,1,0,1,1,0,1,0,0,0,0,"0",0,9825,1992-05-10,2023-11-17,2023-11-17,11513,1,1,3,"Tajikistan","TAJ",1,1,1,0,"Tajikistan",702,-0.420391088163462,-0.281608131199917,-0.511234676818766,-0.729856415545946,-0.724241550786271,-0.379383543608873,-0.851973287320108,-0.912175475315709,-0.835224277887667,-0.399674027856431,0.415904725738966,-0.785611767744961,-0.798728777271718,-0.839722946780803,-1.93046728399434,0,-13.8155105579643,-13.8155105579643,-13.8155105579643,-13.8155105579643,-13.8155105579643,-13.8155105579643,-0.877299069616974,-13.8155105579643,-13.8155105579643,-13.8155105579643,-13.8155105579643,-13.8155105579643,-13.8155105579643,-13.8155105579643,-13.8155105579643,0,2,1,0,0,1,0.512873405260378,-1.02315187052394,-1.1290493091889,0.185036491690634,0.25150704031891,NA,NA,NA,NA,NA,NA,NA,NA,NA,NA,NA,NA,NA,NA,NA,NA,NA,0,0,0,0,0,0,0,0,0,0,0,0,0,0,0,0,6035600,0.911480712
"TJK","1997",1313,3,"Tehran Joint statement","395","Tajikistan: Government","7052, 131, 345","United Nations, Government of Tajikistan, UTO",1997-01-19,NA,"",0,0,1,0,1,0,0,0,0,0,0,0,"0",0,9798,1992-05-10,2023-11-17,2023-11-17,11513,1,1,3,"Tajikistan","TAJ",2,1,1,0,"Tajikistan",702,-0.480733261681701,-0.281362655226972,-0.50617360575095,-0.747119484817927,-0.741492629727784,-0.410311549881336,-0.80701239674409,-0.905979763830832,-0.781057610995226,-0.367472400186876,0.320858410934404,0.128582665035212,-0.146404629974477,-0.0528059732027191,0.414393500752711,0.693147180559945,-13.8155105579643,-13.8155105579643,-13.8155105579643,-13.8155105579643,-13.8155105579643,-13.8155105579643,-1.13675534059156,-13.8155105579643,-13.8155105579643,-13.8155105579643,-13.8155105579643,-2.05118327381352,-13.8155105579643,-13.8155105579643,-0.880939271671648,0,0,1,0,0,0,-1.24918902638004,0.555532370209678,0.154561905223017,0.146825397568725,-0.256867572377515,0,0,0,0,0,0,0,0,0,0,0,0,0,0,0,0,0,21,24,38.09524,2,0,0,0,0,42,48,76.19048,4,0,0,0,0,6117069,0.876321243
"TJK","1997",1119,3,"The Moscow Declaration - General agreement on the Establishment of Peace and National Accord in Tajikistan","395","Tajikistan: Government","7052, 131, 345","United Nations, Government of Tajikistan, UTO",1997-06-27,NA,"",1,0,1,1,1,1,0,0,0,0,0,0,"0",0,9639,1992-05-10,2023-11-17,2023-11-17,11513,1,1,3,"Tajikistan","TAJ",7,1,1,0,"Tajikistan",702,-0.480733261681701,-0.281362655226972,-0.50617360575095,-0.747119484817927,-0.741492629727784,-0.255671518519023,-0.80701239674409,-0.905979763830832,-0.781057610995226,-0.367472400186876,0.320858410934404,-0.401770878674737,-0.56564300852441,-0.0418305285634182,0.12128590265933,1.94591014905531,-13.8155105579643,-13.8155105579643,-13.8155105579643,-13.8155105579643,-13.8155105579643,-13.8155105579643,-1.13675534059156,-13.8155105579643,-13.8155105579643,-13.8155105579643,-13.8155105579643,-13.8155105579643,-13.8155105579643,-13.8155105579643,-2.10960468858796,0,1,1,0,0,0,-0.792627667841263,0.290616398249255,0.11722215235181,-0.225493012400956,0.345320234114759,0,0,0,0,1,0,0,0,0,0,0,0,1,0,0,0,0,21,24,38.09524,2,0,0,0,0,63,72,114.28572,6,0,0,0,0,6117069,0.876321243
"TJK","1997",1315,3,"Protocol on political issues","395","Tajikistan: Government","7052, 131, 345","United Nations, Government of Tajikistan, UTO",1997-05-18,NA,"",0,0,1,0,1,0,0,0,0,0,0,0,"0",0,9679,1992-05-10,2023-11-17,2023-11-17,11513,1,1,3,"Tajikistan","TAJ",5,1,1,0,"Tajikistan",702,-0.480733261681701,-0.281362655226972,-0.50617360575095,-0.747119484817927,-0.741492629727784,-0.410311549881336,-0.80701239674409,-0.905979763830832,-0.781057610995226,-0.367472400186876,0.320858410934404,0.462872821301379,-0.56564300852441,-0.0856076960056612,-1.63735968590096,1.6094379124341,-13.8155105579643,-13.8155105579643,-13.8155105579643,-13.8155105579643,-13.8155105579643,-13.8155105579643,-1.13675534059156,-13.8155105579643,-13.8155105579643,-13.8155105579643,-13.8155105579643,-0.770302946642766,-13.8155105579643,-13.8155105579643,-13.8155105579643,0,0,1,0,0,0,-1.24918902638004,0.555532370209678,0.154561905223017,0.146825397568725,-0.256867572377515,0,0,0,0,0,0,0,0,0,0,0,0,0,0,0,0,0,21,24,38.09524,2,0,0,0,0,84,96,152.38096,8,0,0,0,0,6117069,0.876321243
"TJK","1997",1312,3,"Statute of the Commission on National Reconciliation","395","Tajikistan: Government","7052, 131, 345","United Nations, Government of Tajikistan, UTO",1997-02-21,NA,"",0,0,1,0,1,1,0,1,0,0,0,0,"0",0,9765,1992-05-10,2023-11-17,2023-11-17,11513,1,1,3,"Tajikistan","TAJ",3,1,1,0,"Tajikistan",702,-0.480733261681701,-0.281362655226972,-0.50617360575095,-0.747119484817927,-0.741492629727784,-0.317527531063948,-0.80701239674409,-0.905979763830832,-0.781057610995226,-0.367472400186876,0.320858410934404,0.29859857045764,0.639290769105647,0.655283279803884,-0.758036891620813,1.09861228866811,-13.8155105579643,-13.8155105579643,-13.8155105579643,-13.8155105579643,-13.8155105579643,-13.8155105579643,-1.13675534059156,-13.8155105579643,-13.8155105579643,-13.8155105579643,-13.8155105579643,-1.20865518137129,-0.447395890378855,-0.422687648592767,-13.8155105579643,0,2,1,0,0,1,0.512873405260378,-1.02315187052394,-1.1290493091889,0.185036491690634,0.25150704031891,0,0,0,0,2,0,1,0,0,0,0,0,1,0,0,0,0,21,24,38.09524,2,0,0,0,0,126,144,228.57144,12,0,0,0,0,6117069,0.876321243
"TJK","1997",1318,3,"Protocol on military issues","395","Tajikistan: Government","7052, 131, 345","United Nations, Government of Tajikistan, UTO",1997-03-08,NA,"",1,0,0,1,1,0,0,1,0,0,1,0,"6",0,9750,1992-05-10,2023-11-17,2023-11-17,11513,1,1,3,"Tajikistan","TAJ",4,1,1,0,"Tajikistan",702,-0.480733261681701,-0.281362655226972,-0.50617360575095,-0.747119484817927,-0.741492629727784,-0.255671518519023,-0.80701239674409,-0.905979763830832,-0.781057610995226,-0.367472400186876,0.320858410934404,0.631319155160755,-0.502456364942946,-0.08375278231732,-1.05114448971419,1.38629436111989,-13.8155105579643,-13.8155105579643,-13.8155105579643,-13.8155105579643,-13.8155105579643,-13.8155105579643,-1.13675534059156,-13.8155105579643,-13.8155105579643,-13.8155105579643,-13.8155105579643,-0.459943751663121,-13.8155105579643,-13.8155105579643,-13.8155105579643,0,1,1,0,0,1,0.0563120467215981,-0.758235898563517,-1.09170955631769,0.557354901660314,-0.350680766173364,0,0,0,0,0,0,0,0,1,0,0,0,0,0,0,0,0,21,24,38.09524,2,0,0,0,0,105,120,190.4762,10,0,0,0,0,6117069,0.876321243
"TJK","1997",1317,3,"Protocol on the guarantees of implementation of the General Agreement on Establishment of Peace and National Accord in Tajikistan","395","Tajikistan: Government","130, 131, 345","Government of Afghanistan, Government of Tajikistan, UTO",1997-05-28,NA,"",1,0,1,0,1,0,0,1,0,0,0,0,"0",0,9669,1992-05-10,2023-11-17,2023-11-17,11513,1,1,3,"Tajikistan","TAJ",6,1,1,0,"Tajikistan",702,-0.480733261681701,-0.281362655226972,-0.50617360575095,-0.747119484817927,-0.741492629727784,-0.348455537336411,-0.80701239674409,-0.905979763830832,-0.781057610995226,-0.367472400186876,0.320858410934404,1.09368619819688,-0.532259208315002,-0.190698536993243,-1.93046728399434,1.79175946922805,-13.8155105579643,-13.8155105579643,-13.8155105579643,-13.8155105579643,-13.8155105579643,-13.8155105579643,-1.13675534059156,-13.8155105579643,-13.8155105579643,-13.8155105579643,-13.8155105579643,0.0895538239111081,-13.8155105579643,-13.8155105579643,-13.8155105579643,0,1,1,0,0,1,0.0563120467215981,-0.758235898563517,-1.09170955631769,0.557354901660314,-0.350680766173364,0,0,0,0,0,0,0,0,0,1,0,0,0,0,0,0,0,21,24,38.09524,2,0,0,0,0,21,24,38.09524,2,0,0,0,0,6117069,0.876321243
"UGA","1985",1387,4,"Nairobi Peace Agreement","314","Uganda: Government","91, 90, 481","Government of Kenya, Government of Uganda, NRA",1985-12-17,1986-01-13,"True",0,0,1,1,1,1,0,0,1,0,1,0,"1, 6",1,27,1971-01-29,2023-11-17,2023-11-17,19285,1,1,4,"Uganda","UGA",0,0,0,0,"Uganda",500,-0.0415792999886365,-0.276964831693821,0.239577721572464,-0.352960982113768,-0.347607895878388,-0.0391754746117858,-0.795772174100085,-0.813044091557677,-0.925502056041736,-0.303069144847766,1.2456333657896,0.846413689853535,-0.0828022433162117,-0.0528059732027191,-1.63735968590096,-13.8155105579643,-13.8155105579643,-13.8155105579643,-1.4288773988149,-13.8155105579643,-13.8155105579643,-13.8155105579643,0.219644128100533,-13.8155105579643,-13.8155105579643,-13.8155105579643,-13.8155105579643,-0.166747043796314,-13.8155105579643,-13.8155105579643,-13.8155105579643,0,2,0,1,0,1,0.809385840916867,-0.626747727420328,2.07556888597301,-0.490521440735014,-0.0178862181093805,NA,NA,NA,NA,NA,NA,NA,NA,NA,NA,NA,NA,NA,NA,NA,NA,NA,0,0,0,0,0,0,0,0,0,0,0,0,0,0,0,0,15038915,8.932812064
"UGA","1988",1388,4,"Gulu Peace Accord (Pece Peace Agreement)","314","Uganda: Government","90, 484","Government of Uganda, UPDA",1988-06-03,NA,"",0,0,1,0,2,1,0,1,0,0,0,0,"0",0,12950,1971-01-29,2023-11-17,2023-11-17,19285,1,1,4,"Uganda","UGA",1,1,0,0,"Uganda",500,-0.583577098266394,-0.276964831693821,-0.000437310116892749,-0.132626088083189,-0.127426038839752,-0.379383543608873,-1.0823978515222,-0.397931422070916,-0.317631683137675,-0.2789179240956,1.08893538732803,0.29859857045764,0.466520037256509,0.0926594742317894,0.12128590265933,0,-13.8155105579643,-13.8155105579643,-13.8155105579643,-13.8155105579643,-13.8155105579643,-13.8155105579643,0.0852005100767617,-13.8155105579643,-13.8155105579643,-13.8155105579643,-13.8155105579643,-1.20865518137129,-0.762454307298816,-2.37882407317562,-2.10960468858796,0,2,0,1,0,1,0.512873405260378,-1.02315187052394,-1.1290493091889,0.185036491690634,0.25150704031891,NA,NA,NA,NA,NA,NA,NA,NA,NA,NA,NA,NA,NA,NA,NA,NA,NA,0,0,0,0,0,0,0,0,0,0,0,0,0,0,0,0,16489323,8.157097092
"UGA","2002",1145,4,"Yumbe Peace Agreement","314","Uganda: Government","90, 491","Government of Uganda, UNRF II",2002-12-24,NA,"",1,0,1,0,2,1,1,1,0,1,0,0,"0",0,7633,1971-01-29,2023-11-17,2023-11-17,19285,1,1,4,"Uganda","UGA",2,1,1,0,"Uganda",500,-0.548397847681381,-0.24361505042031,0.571809476886592,0.317406730562387,0.322294202584931,-0.131959493429173,-0.289962155119879,0.110116919689001,0.115701652001853,0.0914007941042825,0.274619663191645,-0.274014702264537,0.840856531578568,0.744560161369391,-0.171821695434051,0.693147180559945,-13.8155105579643,-13.8155105579643,-0.55894942545269,-1.14757126581413,-1.13229047795848,-13.8155105579643,-1.29236818154167,-13.8155105579643,-2.20621257141098,-2.15674036656246,-2.39250111232911,-13.8155105579643,-0.173334226215079,-0.294961622373494,-13.8155105579643,0,3,0,1,0,1,2.82050096247064,1.01011472453394,-2.25192341140455,-2.43756949517657,-0.997317569667489,0,0,0,0,1,1,0,0,0,1,0,0,0,1,0,0,0,0,0,0,0,0,0,0,0,0,0,0,0,0,0,0,0,25545090,14.24812016
"UGA","2007",1367,4,"Agreement on Comprehensive Solutions between the Government of the Republic of Uganda and Lord’s Resistance Army/Movement","314","Uganda: Government","1129, 90, 488","Republic of South Sudan, Government of Uganda, LRA",2007-05-02,2008-09-11,"True",0,0,1,0,2,1,0,1,0,0,0,0,"2, 5, 8",1,498,1971-01-29,2023-11-17,2023-11-17,19285,1,1,4,"Uganda","UGA",3,1,1,1,"Uganda",500,-0.584817215023282,-0.213797757285168,0.630212232624607,1.10917854171775,1.11351607644226,-0.0701034808842483,0.0528646355222614,0.351749667599205,0.332368319571617,0.260459339369446,-0.267401213126262,0.0989175678580623,1.57451208900121,1.31181056680374,2.173039089313,1.09861228866811,-13.8155105579643,-13.8155105579643,-0.46169863914502,0.103619688843672,0.107522645367917,-13.8155105579643,-13.8155105579643,-2.94002067932134,-1.04483552797968,-1.10151152869092,-1.34530851684507,-2.31346842358971,0.453945439523246,0.271408295039248,0.776126689751707,0,2,0,1,0,1,0.512873405260378,-1.02315187052394,-1.1290493091889,0.185036491690634,0.25150704031891,0,0,0,0,3,1,0,1,0,1,0,0,0,1,0,0,0,0,0,0,0,0,0,0,0,0,0,0,0,0,0,0,0,29629804,16.16407964
"UGA","2007",1368,4,"Agreement on Accountability and Reconciliation between the Government of the Republic of Uganda and the Lords Resistance Army/Movement","314","Uganda: Government","1129, 91, 92, 90, 488","Republic of South Sudan, Government of Kenya, Government of Tanzania, Government of Uganda, LRA",2007-06-29,2008-09-11,"True",0,0,1,0,2,1,0,0,0,0,0,0,"0",1,440,1971-01-29,2023-11-17,2023-11-17,19285,1,1,4,"Uganda","UGA",4,1,1,1,"Uganda",500,-0.584817215023282,-0.213797757285168,0.630212232624607,1.10917854171775,1.11351607644226,-0.131959493429173,0.0528646355222614,0.351749667599205,0.332368319571617,0.260459339369446,-0.267401213126262,0.0989175678580623,1.57451208900121,1.31181056680374,2.173039089313,1.38629436111989,-13.8155105579643,-13.8155105579643,-0.46169863914502,0.103619688843672,0.107522645367917,-13.8155105579643,-13.8155105579643,-2.94002067932134,-1.04483552797968,-1.10151152869092,-1.34530851684507,-2.31346842358971,0.453945439523246,0.271408295039248,0.776126689751707,0,1,0,1,0,0,-0.792627667841263,0.290616398249255,0.11722215235181,-0.225493012400956,0.345320234114759,0,0,0,0,0,0,0,0,0,1,0,0,0,0,0,0,0,0,0,0,0,0,0,0,0,0,0,0,0,0,0,0,0,29629804,16.16407964
"UGA","2008",1377,4,"Annex to the accountability and reconciliation protocol","314","Uganda: Government","1129, 91, 92, 67, 7053, 3, 89, 100, 102, 90, 488","Republic of South Sudan, Government of Kenya, Government of Tanzania, Government of Norway, European Union, Government of United States of America, Government of DR Congo (Zaire), Government of Mozambique, Government of South Africa, Government of Uganda, LRA",2008-02-19,2008-09-11,"True",0,0,1,0,2,0,0,0,0,0,0,0,"0",1,205,1971-01-29,2023-11-17,2023-11-17,19285,1,1,4,"Uganda","UGA",5,1,1,1,"Uganda",500,-0.611130584732513,-0.205706942356982,0.295359744470413,0.929255448546772,0.933717951624942,-0.224743512246561,0.0472445242002591,0.351749667599205,0.326349801028012,0.260459339369446,-0.352172250654655,0.128582665035212,1.53110874665289,1.33311920417378,2.173039089313,1.6094379124341,-13.8155105579643,-13.8155105579643,-1.21956119281424,-0.073371606440989,-0.0685808653464157,-13.8155105579643,-13.8155105579643,-3.05241852169975,-1.04483552797968,-1.11978546359004,-1.34530851684507,-2.05118327381352,0.425992143972052,0.287521462685061,0.776126689751707,0,0,0,1,0,0,-1.24918902638004,0.555532370209678,0.154561905223017,0.146825397568725,-0.256867572377515,0,0,0,0,0,0,0,0,0,1,0,0,0,0,0,0,0,0,0,0,0,0,0,0,0,0,0,0,0,0,0,0,0,30509862,16.4379946
"UGA","2008",1378,4,"Implementation protocol to the Agreement on Comprehensive Solutions","314","Uganda: Government","1129, 91, 7052, 89, 92, 102, 67, 7053, 4, 3, 90, 488","Republic of South Sudan, Government of Kenya, United Nations, Government of DR Congo (Zaire), Government of Tanzania, Government of South Africa, Government of Norway, European Union, Government of Canada, Government of United States of America, Government of Uganda, LRA",2008-02-22,2008-09-11,"True",1,0,1,0,2,1,1,1,0,1,0,1,"3, 7, 8",1,202,1971-01-29,2023-11-17,2023-11-17,19285,1,1,4,"Uganda","UGA",6,1,1,1,"Uganda",500,-0.611130584732513,-0.205706942356982,0.295359744470413,0.929255448546772,0.933717951624942,-0.224743512246561,0.0472445242002591,0.351749667599205,0.326349801028012,0.260459339369446,-0.352172250654655,0.128582665035212,1.53110874665289,1.33311920417378,2.173039089313,1.79175946922805,-13.8155105579643,-13.8155105579643,-1.21956119281424,-0.073371606440989,-0.0685808653464157,-13.8155105579643,-13.8155105579643,-3.05241852169975,-1.04483552797968,-1.11978546359004,-1.34530851684507,-2.05118327381352,0.425992143972052,0.287521462685061,0.776126689751707,0,3,0,1,0,1,2.82050096247064,1.01011472453394,-2.25192341140455,-2.43756949517657,-0.997317569667489,0,0,0,1,1,1,0,1,0,0,0,0,0,0,0,0,0,0,0,0,0,0,0,0,0,0,0,0,0,0,0,0,0,30509862,16.4379946
"UGA","2008",1379,4,"Agreement on a Permanent ceasefire","314","Uganda: Government","4, 89, 7053, 67, 3, 7052, 102, 1129, 91, 92, 90, 488","Government of Canada, Government of DR Congo (Zaire), European Union, Government of Norway, Government of United States of America, United Nations, Government of South Africa, Republic of South Sudan, Government of Kenya, Government of Tanzania, Government of Uganda, LRA",2008-02-23,2008-09-11,"True",0,0,0,0,2,1,0,0,0,0,0,0,"0",1,201,1971-01-29,2023-11-17,2023-11-17,19285,1,1,4,"Uganda","UGA",7,1,1,1,"Uganda",500,-0.611130584732513,-0.205706942356982,0.295359744470413,0.929255448546772,0.933717951624942,-0.193815505974098,0.0472445242002591,0.351749667599205,0.326349801028012,0.260459339369446,-0.352172250654655,0.128582665035212,1.53110874665289,1.33311920417378,2.173039089313,1.94591014905531,-13.8155105579643,-13.8155105579643,-1.21956119281424,-0.073371606440989,-0.0685808653464157,-13.8155105579643,-13.8155105579643,-3.05241852169975,-1.04483552797968,-1.11978546359004,-1.34530851684507,-2.05118327381352,0.425992143972052,0.287521462685061,0.776126689751707,0,1,0,1,0,0,-0.792627667841263,0.290616398249255,0.11722215235181,-0.225493012400956,0.345320234114759,0,0,0,0,0,0,0,0,1,1,0,0,0,0,0,0,0,0,0,0,0,0,0,0,0,0,0,0,0,0,0,0,0,30509862,16.4379946
"UGA","2008",1380,4,"Agreement on Disarmament, Demobilisation and Reintegration","314","Uganda: Government","1129, 7052, 89, 91, 92, 102, 67, 7053, 4, 3, 90, 488","Republic of South Sudan, United Nations, Government of DR Congo (Zaire), Government of Kenya, Government of Tanzania, Government of South Africa, Government of Norway, European Union, Government of Canada, Government of United States of America, Government of Uganda, LRA",2008-02-28,2008-09-11,"True",1,0,0,0,2,1,0,1,1,1,0,0,"1, 2",1,196,1971-01-29,2023-11-17,2023-11-17,19285,1,1,4,"Uganda","UGA",8,1,1,1,"Uganda",500,-0.611130584732513,-0.205706942356982,0.295359744470413,0.929255448546772,0.933717951624942,-0.193815505974098,0.0472445242002591,0.351749667599205,0.326349801028012,0.260459339369446,-0.352172250654655,0.128582665035212,1.53110874665289,1.33311920417378,2.173039089313,2.07944154167984,-13.8155105579643,-13.8155105579643,-1.21956119281424,-0.073371606440989,-0.0685808653464157,-13.8155105579643,-13.8155105579643,-3.05241852169975,-1.04483552797968,-1.11978546359004,-1.34530851684507,-2.05118327381352,0.425992143972052,0.287521462685061,0.776126689751707,0,3,0,1,0,1,2.11488691401851,-1.94051599619352,0.829297424432305,-0.079991936643424,-0.11169941190523,0,0,0,0,1,1,0,0,0,1,0,0,0,0,0,0,0,0,0,0,0,0,0,0,0,0,0,0,0,0,0,0,0,30509862,16.4379946
"UGA","2008",1381,4,"Agreement on Implementation and Monitoring Mechanisms","314","Uganda: Government","1129, 7052, 89, 91, 92, 102, 67, 7053, 4, 3, 90, 488","Republic of South Sudan, United Nations, Government of DR Congo (Zaire), Government of Kenya, Government of Tanzania, Government of South Africa, Government of Norway, European Union, Government of Canada, Government of United States of America, Government of Uganda, LRA",2008-02-29,2008-09-11,"True",0,0,0,0,2,0,0,0,0,0,0,0,"0",1,195,1971-01-29,2023-11-17,2023-11-17,19285,1,1,4,"Uganda","UGA",9,1,1,1,"Uganda",500,-0.611130584732513,-0.205706942356982,0.295359744470413,0.929255448546772,0.933717951624942,-0.193815505974098,0.0472445242002591,0.351749667599205,0.326349801028012,0.260459339369446,-0.352172250654655,0.128582665035212,1.53110874665289,1.33311920417378,2.173039089313,2.19722457733622,-13.8155105579643,-13.8155105579643,-1.21956119281424,-0.073371606440989,-0.0685808653464157,-13.8155105579643,-13.8155105579643,-3.05241852169975,-1.04483552797968,-1.11978546359004,-1.34530851684507,-2.05118327381352,0.425992143972052,0.287521462685061,0.776126689751707,0,0,0,1,0,0,-1.24918902638004,0.555532370209678,0.154561905223017,0.146825397568725,-0.256867572377515,0,0,0,0,0,0,0,0,0,1,0,0,0,0,0,0,0,0,0,0,0,0,0,0,0,0,0,0,0,0,0,0,0,30509862,16.4379946
"UKR","2014",1536,1,"Protocol on the results of consultations of the Trilateral Contact Group with respect to the joint steps aimed at the implementation of the Peace Plan of the President of Ukraine, P. Poroshenko,and the initiatives of the President of Russia, V. Putin","13246","Ukraine: Donetsk","7078, 57, 61, 5840","OSCE, Government of Russia (Soviet Union), Government of Ukraine, DPR",2014-09-05,2014-11-03,"True",0,1,1,0,1,0,0,0,0,0,0,0,"0",1,59,2014-04-13,2014-09-15,2023-11-17,155,2,1,4,"Ukraine","UKR",0,0,1,1,"Ukraine",369,-0.172159778745081,0.362115383743372,-0.501012315454068,0.609112112757286,0.61379697631683,-0.441239556153798,0.468752873350431,0.0357683818704766,0.380516467920454,0.791786195917103,-1.54667323400928,-0.265620476113659,0.223284337288395,0.52531459046542,0.707501098846092,-13.8155105579643,-13.8155105579643,-1.01579237832047,-13.8155105579643,-0.4957529350178,-0.488091062978675,-13.8155105579643,-13.8155105579643,-0.757679571902051,-3.33069096379128,-0.966225822931118,-0.233463878262149,-13.8155105579643,-1.49930926460955,-0.643757975916957,-0.346016096326597,0,0,0,1,0,0,-1.24918902638004,0.555532370209678,0.154561905223017,0.146825397568725,-0.256867572377515,0,0,0,0,1,1,0,0,1,0,0,0,0,0,0,0,0,0,0,0,0,0,0,0,0,0,0,0,0,0,0,0,0,45272155,3.608320933
"UKR","2015",1537,1,"Package of measures for the Implementation of the Minsk agreements","13306","Ukraine: Novorossiya","7078, 57, 61, 5914","OSCE, Government of Russia (Soviet Union), Government of Ukraine, United Armed Forces of Novorossiya",2015-02-12,NA,"",0,1,1,0,1,1,0,0,0,0,0,0,"0",0,3200,2014-04-08,2023-11-17,2023-11-17,3510,1,1,4,"Ukraine","UKR",0,0,1,1,"Ukraine",369,-0.0123144523980121,0.324785008128734,-0.500736712574137,0.865075944666763,0.869583024607174,-0.379383543608873,0.457512650706427,0.097725496719247,0.735609061993123,0.775685382082325,-1.55437969196641,-0.303114725323931,0.184327881472304,0.453455362454732,0.707501098846092,-13.8155105579643,-13.8155105579643,-1.12459182899901,-13.8155105579643,-0.144937978601599,-0.139741464286586,-13.8155105579643,-13.8155105579643,-0.781950742831539,-2.32559278448926,-0.307056467141986,-0.254008276471017,-13.8155105579643,-1.69103914266491,-0.790858443257654,-0.346016096326597,0,1,0,1,0,0,-0.792627667841263,0.290616398249255,0.11722215235181,-0.225493012400956,0.345320234114759,0,0,0,0,1,1,0,0,1,0,0,0,1,0,2,1,0,0,0,0,0,0,0,0,0,0,0,0,0,0,0,0,0,45154036,2.599115406
"YEM","1979",1425,2,"Kuwait agreement","320","South Yemen - Yemen (North Yemen)","124, 123","Government of South Yemen, Government of Yemen (North Yemen)",1979-03-30,NA,"",0,0,0,0,1,1,0,0,0,0,0,0,"0",0,16303,1972-02-21,2023-11-17,2023-11-17,18897,1,0,2,"Yemen ","YEM",0,0,0,0,"Yemen, Rep.",678,-0.59688450500377,-0.282902574346901,-0.440109089950864,0.149705067062552,0.154709018856669,-0.131959493429173,-1.3184425270463,-0.887392629376201,-0.979668722934177,-1.04370658124753,2.04710499333077,-1.14701521377175,-0.918113797015723,-1.40316519572849,-0.758036891620813,-13.8155105579643,-13.8155105579643,-13.8155105579643,-13.8155105579643,-1.89908814001615,-1.86620922409359,-13.8155105579643,0.716426596683178,-13.8155105579643,-13.8155105579643,-13.8155105579643,-13.8155105579643,-13.8155105579643,-13.8155105579643,-13.8155105579643,-13.8155105579643,0,1,0,0,1,0,-0.792627667841263,0.290616398249255,0.11722215235181,-0.225493012400956,0.345320234114759,NA,NA,NA,NA,NA,NA,NA,NA,NA,NA,NA,NA,NA,NA,NA,NA,NA,0,0,0,0,0,0,0,0,0,0,0,0,0,0,0,0,8899922,NA
"YEM","1990",1534,2,"Agreement Establishing a Union between the State of the Yemen
Arab Republic and the State of the People's Democratic Republic of
Yemen","320","South Yemen - Yemen (North Yemen)","124, 123","Government of South Yemen, Government of Yemen (North Yemen)",1990-04-22,NA,"",0,0,0,0,1,0,0,0,0,0,0,0,"0",0,12262,1972-02-21,2023-11-17,2023-11-17,18897,1,0,2,"Yemen ","YEM",1,1,1,0,"Yemen, Rep.",679,-0.62549304464921,-0.25466624255149,-0.502355253123548,-0.110377633309307,-0.105193037072572,-0.410311549881336,-0.53724705328798,-0.559019920677718,-0.377816868573721,-0.769992746056313,0.516088679181613,-0.73961498089421,-0.512513992839618,-0.545560413978547,-0.758036891620813,0,-13.8155105579643,-13.8155105579643,-13.8155105579643,-13.8155105579643,-13.8155105579643,-13.8155105579643,-0.661476669387525,-13.8155105579643,-13.8155105579643,-13.8155105579643,-13.8155105579643,-13.8155105579643,-13.8155105579643,-13.8155105579643,-13.8155105579643,0,0,0,0,1,0,-1.24918902638004,0.555532370209678,0.154561905223017,0.146825397568725,-0.256867572377515,0,0,0,0,0,0,0,0,0,0,0,0,0,0,0,0,0,0,0,0,0,0,0,0,0,0,0,0,0,0,0,0,0,13375121,29.77270284
"YEM","2014",1535,2,"The Peace and National Partnership Agreement","230","Yemen (North Yemen): Government","2369, 123, 1091","Southern Movement, Government of Yemen (North Yemen), Ansarallah",2014-09-21,2015-01-21,"True",0,0,0,0,2,1,0,0,0,1,0,0,"0",1,122,1948-03-15,2023-11-17,2023-11-17,27640,2,1,4,"Yemen ","YEM",0,0,1,1,"Yemen, Rep.",679,-0.620498235926852,-0.24361505042031,0.773931618066221,0.372628249012901,0.377477366079861,-0.286599524791486,-0.0426772569517778,-0.503258517313825,-0.239390942070816,-0.665337456130259,-0.596210085963665,-1.08825556508343,-0.528019062091994,-0.0856076960056612,-0.171821695434051,-13.8155105579643,-13.8155105579643,-13.8155105579643,-0.256271758047043,-0.987174007765556,-0.974244669494917,-13.8155105579643,-13.8155105579643,-13.8155105579643,-13.8155105579643,-13.8155105579643,-13.8155105579643,-13.8155105579643,-13.8155105579643,-13.8155105579643,-13.8155105579643,0,1,0,1,0,0,-0.792627667841263,0.290616398249255,0.11722215235181,-0.225493012400956,0.345320234114759,0,0,0,0,2,1,1,1,0,1,0,0,0,0,1,0,0,0,0,0,0,0,0,0,0,0,0,0,0,0,0,0,0,27753304,11.03472733
"ZAF","1978",1389,4,"Western Contact Group (WCG) Settlement Proposal","298","South Africa: Namibia","4, 33, 37, 28, 3, 102, 461","Government of Canada, Government of France, Government of Germany, Government of United Kingdom, Government of United States of America, Government of South Africa, SWAPO",1978-07-12,1978-09-20,"True",0,0,1,0,1,0,0,0,0,0,0,0,"0",1,70,1966-12-31,2023-11-17,2023-11-17,20775,1,1,3,"South Africa","SAF",0,0,0,0,"South Africa",560,-0.618176355783571,-0.271627991459066,1.29696074167556,-0.600664703075103,NA,-0.193815505974098,-0.896934177896127,-0.695325573345013,-0.58846501759988,-1.26911797493442,0.16416043247283,0.214203596632805,-0.339331905601243,-0.205869347544142,-0.464929293527432,-13.8155105579643,-13.8155105579643,-13.8155105579643,0.260023636314569,-13.8155105579643,NA,-13.8155105579643,-1.80691108254396,-13.8155105579643,-13.8155105579643,-13.8155105579643,-13.8155105579643,-1.54082833010663,-13.8155105579643,-13.8155105579643,-13.8155105579643,0,0,1,0,0,0,-1.24918902638004,0.555532370209678,0.154561905223017,0.146825397568725,-0.256867572377515,NA,NA,NA,NA,NA,NA,NA,NA,NA,NA,NA,NA,NA,NA,NA,NA,NA,0,0,0,0,0,0,0,0,0,0,0,0,0,0,0,0,27943445,4.730803367
"ZAF","1990",1393,4,"Groote Schuur Minute","345","South Africa: Government","102, 513","Government of South Africa, ANC",1990-05-04,NA,"",0,0,0,0,1,0,0,0,0,0,0,0,"0",0,12250,1981-08-07,2023-11-17,2023-11-17,15442,1,0,3,"South Africa","SAF",0,0,1,0,"South Africa",560,-0.597302328957245,0.0775538636837348,4.69576561043975,0.90926898473632,NA,-0.410311549881336,-0.548487275931984,-0.397931422070916,0.0675535036530165,-1.1403114642562,-0.534558422306652,-1.14701521377175,-0.65648958461732,-0.466889703545295,-1.05114448971419,-13.8155105579643,-13.8155105579643,-2.5567825687601,1.54666116868211,-0.0951143157769841,NA,-13.8155105579643,-13.8155105579643,-13.8155105579643,-13.8155105579643,-2.6948353483708,-13.8155105579643,-13.8155105579643,-13.8155105579643,-13.8155105579643,-13.8155105579643,0,0,1,0,0,0,-1.24918902638004,0.555532370209678,0.154561905223017,0.146825397568725,-0.256867572377515,0,0,0,0,0,0,0,0,0,0,0,0,0,0,0,0,0,0,0,0,0,0,0,0,0,0,0,0,0,0,0,0,0,39877570,5.697561987
"ZAF","1990",1394,4,"Pretoria Minute","345","South Africa: Government","102, 513","Government of South Africa, ANC",1990-08-06,NA,"",0,0,0,0,1,0,0,0,0,0,0,0,"0",0,12156,1981-08-07,2023-11-17,2023-11-17,15442,1,0,3,"South Africa","SAF",1,1,1,0,"South Africa",560,-0.597302328957245,0.0775538636837348,4.69576561043975,1.75693764036886,NA,-0.379383543608873,-0.548487275931984,-0.397931422070916,0.0675535036530165,-1.1403114642562,-0.534558422306652,-0.662014939324364,0.223284337288395,0.268841283078894,1.29371629503285,0,-13.8155105579643,-2.5567825687601,1.54666116868211,0.563572316468587,NA,-13.8155105579643,-13.8155105579643,-13.8155105579643,-13.8155105579643,-2.6948353483708,-13.8155105579643,-13.8155105579643,-1.49930926460955,-1.31363409924299,0.257518925543661,0,0,1,0,0,0,-1.24918902638004,0.555532370209678,0.154561905223017,0.146825397568725,-0.256867572377515,0,0,0,0,0,0,0,0,0,0,0,0,0,0,0,0,0,0,0,0,0,0,0,0,0,0,0,0,0,0,0,0,0,39877570,5.697561987
"ZAF","1991",1395,4,"CODESA Declaration of Intent","345","South Africa: Government","102, 513","Government of South Africa, ANC",1991-12-20,NA,"",0,0,0,0,1,1,0,0,0,0,0,0,"0",0,11655,1981-08-07,2023-11-17,2023-11-17,15442,1,0,3,"South Africa","SAF",2,1,1,0,"South Africa",560,-0.604124878992063,0.0860844680671228,-0.515579180398762,-0.669041772186974,NA,-0.410311549881336,-0.374263824949913,-0.329778595737268,0.145794244719876,-1.09200902275186,-0.560246615497074,-0.401770878674737,-0.173965677369992,-0.229488725667588,0.12128590265933,0.693147180559945,-13.8155105579643,-2.4524262779315,-13.8155105579643,-13.8155105579643,NA,-13.8155105579643,-13.8155105579643,-13.8155105579643,-13.8155105579643,-1.92555893398727,-13.8155105579643,-13.8155105579643,-13.8155105579643,-13.8155105579643,-2.10960468858796,0,1,1,0,0,0,-0.792627667841263,0.290616398249255,0.11722215235181,-0.225493012400956,0.345320234114759,0,0,0,0,1,1,0,0,0,1,0,0,0,0,0,0,0,0,0,0,0,0,0,0,0,0,0,0,0,0,0,0,0,40910959,5.448659005
"ZAF","1992",1396,4,"Record of Understanding","345","South Africa: Government","102, 513","Government of South Africa, ANC",1992-09-26,NA,"",0,0,0,0,1,0,0,0,0,0,0,0,"0",0,11374,1981-08-07,2023-11-17,2023-11-17,15442,1,0,3,"South Africa","SAF",3,1,1,0,"South Africa",560,-0.607871939469798,0.0864338635893491,4.00895321172985,4.72691788105338,NA,-0.379383543608873,-0.374263824949913,-0.329778595737268,0.157831281807085,-1.09200902275186,-0.575659531411327,-1.14701521377175,-0.598899331329926,-0.658346965803143,0.707501098846092,1.09861228866811,-13.8155105579643,-2.44837574026888,1.38853016278405,1.55327337934232,NA,-13.8155105579643,-13.8155105579643,-13.8155105579643,-13.8155105579643,-1.84622865316296,-13.8155105579643,-13.8155105579643,-13.8155105579643,-13.8155105579643,-0.346016096326597,0,0,1,0,0,0,-1.24918902638004,0.555532370209678,0.154561905223017,0.146825397568725,-0.256867572377515,0,0,0,0,0,0,0,0,0,1,0,0,0,0,0,0,0,0,0,0,0,0,0,0,0,0,0,0,0,0,0,0,0,41760755,4.456785231
"ZAF","1993",1397,4,"Interim Constitution","345","South Africa: Government","102, 513","Government of South Africa, ANC",1993-11-18,NA,"",0,0,1,0,1,1,0,0,0,0,1,0,"6",0,10956,1981-08-07,2023-11-17,2023-11-17,15442,1,0,3,"South Africa","SAF",4,1,1,0,"South Africa",560,-0.608165751747584,0.100065924367824,0.735662905447498,-0.418986028833376,-0.413587083885568,1.75464888919104,-0.31806271172989,-0.267821480888498,0.236072022873944,-1.07590820891709,-0.583365989368454,-0.594114895663377,0.264954164236248,0.0926594742317894,-1.05114448971419,1.38629436111989,-13.8155105579643,-2.30192606652147,-0.306983274074231,-13.8155105579643,-13.8155105579643,0.56226877376352,-13.8155105579643,-13.8155105579643,-13.8155105579643,-1.44361833884572,-13.8155105579643,-13.8155105579643,-1.32819843310234,-2.37882407317562,-13.8155105579643,0,1,1,0,0,0,-0.792627667841263,0.290616398249255,0.11722215235181,-0.225493012400956,0.345320234114759,1,1,0,1,2,1,0,0,0,0,1,1,0,0,3,0,0,25,32,42.66667,0,0,1,0,0,25,32,42.66667,0,0,1,0,0,42525440,4.453499643
"ZWE","1975",1402,4,"Declaration of intent","318","Zimbabwe (Rhodesia): Government","101, 492","Government of Zimbabwe (Rhodesia), ZAPU",1975-12-01,1976-03-19,"True",0,0,0,0,2,0,0,0,0,0,0,0,"0",1,109,1967-09-05,2023-11-17,2023-11-17,20527,2,1,3,"Zimbabwe ","ZIM",0,0,0,0,"Zimbabwe",552,-0.597418709145199,-0.284343083040053,0.175246998435215,-0.866464259666646,-0.86075451182623,-0.410311549881336,-0.745191172202065,-0.515649940283579,-0.86531687060569,-1.15641227809097,0.102508768815816,0.214203596632805,-0.339331905601243,-0.261629810495557,-0.171821695434051,-13.8155105579643,-13.8155105579643,-13.8155105579643,-1.74155888054527,-13.8155105579643,-13.8155105579643,-13.8155105579643,-2.27780693464022,-13.8155105579643,-13.8155105579643,-13.8155105579643,-13.8155105579643,-1.54082833010663,-13.8155105579643,-13.8155105579643,-13.8155105579643,0,0,1,0,0,0,-1.24918902638004,0.555532370209678,0.154561905223017,0.146825397568725,-0.256867572377515,NA,NA,NA,NA,NA,NA,NA,NA,NA,NA,NA,NA,NA,NA,NA,NA,NA,0,0,0,0,0,0,0,0,0,0,0,0,0,0,0,0,6097083,3.388334545
"ZWE","1979",1399,4,"Lancaster House Agreement","318","Zimbabwe (Rhodesia): Government","28, 101, 494","Government of United Kingdom, Government of Zimbabwe (Rhodesia), PF",1979-12-21,NA,"",1,0,1,0,1,1,0,0,1,0,0,0,"1, 8, 9",0,16037,1967-09-05,2023-11-17,2023-11-17,20527,2,1,3,"Zimbabwe ","ZIM",1,1,0,0,"Zimbabwe",552,-0.248430775037564,-0.200342166816098,1.12740483898082,-0.846354018348805,-0.840658238386025,1.2907287951041,-0.902554289218129,-0.552824209192841,-0.895409463323713,-1.17251309192575,0.0793893949444367,-0.123497401036741,-0.339331905601243,-0.293230500355608,0.12128590265933,0,-13.8155105579643,-13.8155105579643,0.1199183888158,-13.8155105579643,-13.8155105579643,0.255207016290245,-2.53339048458116,-13.8155105579643,-13.8155105579643,-13.8155105579643,-13.8155105579643,-13.8155105579643,-13.8155105579643,-13.8155105579643,-2.10960468858796,0,2,1,0,0,1,0.809385840916867,-0.626747727420328,2.07556888597301,-0.490521440735014,-0.0178862181093805,NA,NA,NA,NA,NA,NA,NA,NA,NA,NA,NA,NA,NA,NA,NA,NA,NA,0,0,0,0,0,0,0,0,0,0,0,0,0,0,0,0,6655833,5.004753109
