year,ccode,corruption_percentile,ROL_percentile,ROL_estimate,voiceaccount_sources
1996,AFG,4.301075459,1.507537723,-1.788075447,4
1996,ALB,19.35483932,28.64321518,-0.6844818,5
1996,DZA,33.33333206,12.56281376,-1.218194842,6
1996,ASM,,,,
1996,AND,87.09677124,86.43215942,1.158362508,3
1996,AGO,9.677419662,3.5175879,-1.630469322,6
1996,AIA,,,,
1996,ATG,80.10752869,82.91457367,1.050844908,3
1996,ARG,53.76343918,54.27135849,0.075552642,8
1996,ARM,38.17204285,37.68844223,-0.469098508,4
1996,ABW,,,,
1996,AUS,93.54838562,96.48241425,1.713399053,7
1996,AUT,92.47312164,97.48743439,1.808153033,7
1996,AZE,2.688172102,13.06532669,-1.201161504,5
1996,BHS,83.87096405,85.92964935,1.146361232,4
1996,BHR,63.97849274,50.75376892,-0.010116266,5
1996,BGD,17.74193573,20.10050201,-0.934023738,6
1996,BRB,90.86021423,82.4120636,1.046772957,4
1996,BLR,42.47311783,24.12060356,-0.798983991,4
1996,BEL,88.70967865,89.94974518,1.366946697,7
1996,BLZ,56.45161438,54.77386856,0.084681548,3
1996,BEN,34.94623566,53.26633072,0.052315507,4
1996,BMU,87.09677124,87.43718719,1.210201263,1
1996,BTN,81.18279266,49.74874496,-0.031503625,4
1996,BOL,25.2688179,42.71356964,-0.261528313,7
1996,BIH,48.92473221,43.21607971,-0.241686642,4
1996,BWA,77.4193573,66.83416748,0.584521055,6
1996,BRA,56.98924637,44.22110367,-0.223502204,8
1996,BRN,71.50537872,77.38693237,0.816034913,4
1996,BGR,44.62365723,39.69849396,-0.344958007,6
1996,BFA,60.21505356,20.6030159,-0.933221638,5
1996,BDI,30.64516068,7.537688255,-1.416120291,4
1996,CPV,83.33333588,81.9095459,1.044188142,3
1996,KHM,16.12903214,13.56783962,-1.194368839,5
1996,CMR,3.763440847,7.0351758,-1.441894889,6
1996,CAN,96.23655701,94.9748764,1.647254705,7
1996,CYM,87.09677124,90.95477295,1.459768295,1
1996,CAF,11.2903223,15.57788944,-1.152381301,4
1996,TCD,3.225806475,11.55778885,-1.256111383,4
1996,CHL,90.32257843,85.42713928,1.113738179,8
1996,CHN,48.38709641,33.66834259,-0.545589983,7
1996,COL,36.55913925,25.6281414,-0.75183779,8
1996,COM,16.66666603,21.60803986,-0.878604293,4
1996,COD,0,1.005025148,-1.87656343,4
1996,COG,23.11828041,17.58794022,-1.04381001,5
1996,COK,,,,
1996,CRI,75.26881409,68.34170532,0.618176877,7
1996,CIV,49.4623642,25.12562752,-0.78543514,6
1996,HRV,32.79570007,31.15577888,-0.634232163,5
1996,CUB,63.44086075,16.08040237,-1.136810899,6
1996,CYP,87.63440704,78.39196014,0.857321024,6
1996,CZE,74.73118591,79.89949799,0.915322721,7
1996,DNK,100,97.98995209,1.820808649,7
1996,DJI,29.03225899,18.59296417,-0.971613765,4
1996,DMA,80.10752869,77.88945007,0.84241569,3
1996,DOM,41.39785004,34.67336655,-0.522590637,6
1996,ECU,30.10752678,38.19095612,-0.449707776,7
1996,EGY,38.70967865,51.75879288,0.001262441,6
1996,SLV,21.50537682,22.11055183,-0.870225966,7
1996,GNQ,6.451612949,10.05025101,-1.283217788,5
1996,ERI,72.04301453,29.64824104,-0.655131698,4
1996,EST,69.89247131,66.33165741,0.574426711,5
1996,SWZ,58.60214996,37.18592834,-0.474024802,4
1996,ETH,18.81720352,19.09547806,-0.965788543,6
1996,FJI,73.65591431,61.80904388,0.323474795,4
1996,FIN,99.4623642,98.99497223,1.907921553,7
1996,FRA,84.94623566,91.95980072,1.483683348,7
1996,GUF,80.10752869,81.40703583,0.96063441,1
1996,GAB,13.97849464,30.65326691,-0.65305227,6
1996,GMB,43.54838562,52.26130676,0.0169813,5
1996,GEO,1.075268865,11.05527592,-1.25632596,4
1996,DEU,94.08602142,93.96984863,1.609529257,7
1996,GHA,46.23656082,43.7185936,-0.23357825,6
1996,GRC,64.51612854,83.41708374,1.05352366,7
1996,GRL,,,,
1996,GRD,80.10752869,62.81407166,0.425557196,3
1996,GUM,,,,
1996,GTM,23.65591431,16.58291435,-1.126488209,7
1996,GIN,18.27956963,6.532663345,-1.447080135,5
1996,GNB,8.064516068,2.512562752,-1.67290616,5
1996,GUY,52.68817139,44.72361755,-0.203850329,5
1996,HTI,9.139784813,8.040201187,-1.387390733,5
1996,HND,14.51612949,21.10552788,-0.929349244,7
1996,HKG,89.78494263,69.84924316,0.750565767,5
1996,HUN,74.19355011,79.39698792,0.910500646,7
1996,ISL,93.01074982,93.46733856,1.60150218,6
1996,IND,43.01075363,61.30653381,0.313456208,7
1996,IDN,22.04301071,36.18090439,-0.48987031,7
1996,IRN,37.63440704,19.59799004,-0.94033891,6
1996,IRQ,0.537634432,5.025125504,-1.563011527,6
1996,IRL,91.93548584,92.96482086,1.501040101,7
1996,ISR,88.17204285,88.44220734,1.278926015,7
1996,ITA,67.20429993,84.42211151,1.056424022,7
1996,JAM,61.82795715,40.20100403,-0.335017145,6
1996,JPN,84.40859985,89.44723511,1.347828865,7
1996,JEY,,,,
1996,JOR,55.37634277,60.80401993,0.276932895,6
1996,KAZ,12.36559105,14.0703516,-1.186537743,5
1996,KEN,10.75268841,18.09045219,-1.021580696,6
1996,KIR,,76.8844223,0.809140563,2
1996,PRK,4.838709831,15.07537651,-1.154060125,5
1996,KOR,65.59140015,71.35678101,0.798747361,7
1996,XKX,,,,1
1996,KWT,70.43010712,67.33668518,0.598828971,6
1996,KGZ,17.20430183,27.63819122,-0.725473285,4
1996,LAO,28.49462318,17.08542633,-1.047949672,4
1996,LVA,50,56.78392029,0.133667782,5
1996,LBN,31.18279648,42.21105576,-0.282953978,5
1996,LSO,59.67741776,55.77889633,0.098356642,4
1996,LBR,2.150537729,0.502512574,-1.927978277,5
1996,LBY,20.43010712,14.57286453,-1.183470845,6
1996,LIE,87.09677124,91.45728302,1.467703342,3
1996,LTU,68.27957153,63.31658173,0.449879706,5
1996,LUX,94.62365723,95.97989655,1.709999084,5
1996,MAC,69.35483551,58.7939682,0.211933628,1
1996,MDG,44.08602142,38.69346619,-0.403521746,5
1996,MWI,47.31182861,39.19598007,-0.376664609,6
1996,MYS,66.12903595,63.81909561,0.521090984,7
1996,MDV,46.77419281,52.76382065,0.01748983,4
1996,MLI,25.8064518,41.70854187,-0.296910822,5
1996,MLT,71.50537872,83.91960144,1.053969502,4
1996,MHL,,45.22613144,-0.202153459,2
1996,MTQ,80.10752869,87.43718719,1.210201263,1
1996,MRT,34.40860367,35.6783905,-0.503623307,4
1996,MUS,58.06451797,78.89447021,0.895846069,4
1996,MEX,36.02150726,27.13567924,-0.726646364,8
1996,FSM,,76.8844223,0.809140563,2
1996,MDA,39.78494644,47.73869324,-0.121130094,5
1996,MCO,,76.8844223,0.809140563,2
1996,MNG,60.75268936,58.29145813,0.201410368,5
1996,MNE,,,,
1996,MAR,53.22580719,59.29648209,0.221231312,6
1996,MOZ,40.86021423,23.61808968,-0.805689931,6
1996,MMR,1.612903237,4.020100594,-1.580613971,6
1996,NAM,76.8817215,59.79899597,0.251412272,6
1996,NRU,,76.8844223,0.809140563,2
1996,NPL,31.72043037,51.25628281,-0.006175261,4
1996,NLD,96.77419281,95.47738647,1.695256948,7
1996,ANT,,,,
1996,NZL,97.84946442,98.49246216,1.858393788,7
1996,NIC,33.87096786,35.17588043,-0.515926838,7
1996,NER,20.96774101,30.15075302,-0.655014396,5
1996,NGA,8.602150917,9.547739029,-1.289722919,6
1996,NIU,,,,
1996,MKD,32.25806427,40.70351791,-0.307622254,5
1996,NOR,98.38710022,99.49748993,1.923315287,7
1996,OMN,67.74193573,65.32662964,0.550159752,6
1996,PAK,7.526881695,31.65829086,-0.625289619,6
1996,PLW,,76.8844223,0.809140563,2
1996,PAN,50.5376358,46.73366928,-0.166979954,7
1996,PNG,40.32258224,32.16080475,-0.616937637,6
1996,PRY,10.21505356,29.14572906,-0.663562596,7
1996,PER,41.93548203,28.1407032,-0.696724594,7
1996,PHL,45.69892502,53.7688446,0.074511446,7
1996,POL,75.80644989,70.85427094,0.767495036,7
1996,PRT,89.24731445,88.94472504,1.286294818,7
1996,PRI,69.35483551,81.40703583,0.96063441,2
1996,QAT,54.83871078,49.24623108,-0.035593808,6
1996,REU,,,,
1996,ROU,39.24731064,50.25125504,-0.021942498,6
1996,RUS,15.05376339,24.62311554,-0.794187605,7
1996,RWA,26.88171959,5.527637959,-1.502152324,4
1996,WSM,56.45161438,80.40200806,0.947909057,3
1996,SMR,,76.8844223,0.809140563,2
1996,STP,66.66666412,60.30150604,0.268791258,4
1996,SAU,51.07526779,56.2814064,0.114562631,6
1996,SEN,52.1505394,46.2311554,-0.181543231,6
1996,SRB,11.82795715,10.55276394,-1.262493134,6
1996,SYC,72.5806427,67.83919525,0.599600136,4
1996,SLE,26.34408569,8.542713165,-1.381991386,5
1996,SGP,97.31182861,87.93969727,1.239345193,7
1996,SVK,62.90322495,57.28643036,0.159563527,6
1996,SVN,81.72042847,84.92462158,1.068722963,5
1996,SLB,65.05376434,69.34673309,0.739518106,3
1996,SOM,5.376344204,0,-2.144657373,4
1996,ZAF,76.34408569,55.27638245,0.087929197,7
1996,SSD,,,,
1996,ESP,82.79570007,90.45226288,1.435085535,7
1996,LKA,54.30107498,57.78894424,0.161260232,6
1996,KNA,,76.8844223,0.809140563,2
1996,LCA,,76.8844223,0.809140563,2
1996,VCT,,76.8844223,0.809140563,2
1996,SDN,6.989247322,2.010050297,-1.708835721,6
1996,SUR,61.29032135,48.24120712,-0.080992602,5
1996,SWE,98.92472839,96.98492432,1.795861244,7
1996,CHE,95.6989212,100,1.931551933,7
1996,SYR,19.89247322,33.1658287,-0.546156049,6
1996,TWN,73.1182785,70.35176086,0.7597,7
1996,TJK,5.913978577,3.015075445,-1.648157358,4
1996,TZA,29.56989288,45.72864151,-0.186238185,6
1996,THA,45.16128922,64.82411957,0.539628804,7
1996,TLS,,4.522613049,-1.568575501,1
1996,TGO,24.1935482,26.63316536,-0.73124963,5
1996,TON,,76.8844223,0.809140563,2
1996,TTO,80.64516449,64.3216095,0.534295142,6
1996,TUN,35.48387146,41.2060318,-0.30340305,6
1996,TUR,51.61290359,47.23617935,-0.13879478,7
1996,TKM,15.59139824,6.03015089,-1.487391114,4
1996,TUV,,76.8844223,0.809140563,2
1996,UGA,27.95698929,32.66331482,-0.580390334,6
1996,UKR,13.44085979,22.61306572,-0.823546648,5
1996,ARE,57.52688217,68.84422302,0.688413978,5
1996,GBR,95.16129303,94.4723587,1.62873435,7
1996,USA,91.39785004,92.46231079,1.500218987,7
1996,URY,82.25806427,65.82914734,0.561770856,7
1996,UZB,12.9032259,12.06030178,-1.239178658,4
1996,VUT,62.36559296,62.31155777,0.323560953,3
1996,VEN,22.58064461,26.13065338,-0.750197589,8
1996,VNM,37.09677505,36.68341827,-0.482426614,6
1996,VIR,,,,
1996,PSE,59.13978577,48.74371719,-0.039659597,3
1996,YEM,27.41935539,9.045226097,-1.379763603,6
1996,ZMB,24.7311821,34.17085266,-0.531715393,6
1996,ZWE,47.8494606,23.1155777,-0.814238489,6
1998,AFG,8.021389961,2,-1.734886765,4
1998,ALB,18.18181801,19.5,-0.929671705,5
1998,DZA,22.99465179,11.5,-1.198362112,6
1998,ASM,,,,
1998,AND,89.30480957,85.5,1.177253962,3
1998,AGO,7.486630917,5.5,-1.527338624,6
1998,AIA,,,,
1998,ATG,80.74866486,84,1.053563118,3
1998,ARG,50.26737976,50.5,-0.038881578,8
1998,ARM,21.92513275,40,-0.380856782,5
1998,ABW,,,,
1998,AUS,92.5133667,96.5,1.756802797,7
1998,AUT,93.04812622,97.5,1.803287983,7
1998,AZE,3.743315458,15,-1.121610641,6
1998,BHS,85.56150055,89,1.258561134,4
1998,BHR,62.03208542,63,0.35234648,5
1998,BGD,28.87700462,19,-0.935864508,6
1998,BRB,90.90908813,87.5,1.232990623,4
1998,BLR,47.59358215,22,-0.891576588,5
1998,BEL,87.16577911,87,1.218205571,7
1998,BLZ,54.54545593,48.5,-0.106160082,3
1998,BEN,33.68983841,54,0.050550632,4
1998,BMU,89.30480957,86.5,1.209021807,1
1998,BTN,81.28342438,53,0.038308375,4
1998,BOL,40.64171219,44,-0.22726056,7
1998,BIH,42.24599075,30.5,-0.671884239,4
1998,BWA,78.07486725,68.5,0.631555796,6
1998,BRA,56.1497345,45,-0.202992082,8
1998,BRN,64.70587921,65,0.531829596,4
1998,BGR,50.80213928,44.5,-0.222114488,6
1998,BFA,57.75400925,20.5,-0.912859261,5
1998,BDI,32.62031937,8.5,-1.37878561,4
1998,CPV,83.95722198,69.5,0.672074854,3
1998,KHM,19.25133705,13,-1.17863512,5
1998,CMR,3.208556175,14.5,-1.138637066,6
1998,CAN,95.18716431,94.5,1.714995384,7
1998,CYM,89.30480957,91.5,1.460960031,1
1998,CAF,11.76470566,13.5,-1.166547298,4
1998,TCD,1.604278088,12,-1.190580368,4
1998,CHL,86.09626007,84.5,1.097601771,8
1998,CHN,45.98930359,36,-0.476805359,7
1998,COL,36.36363602,31,-0.662920475,8
1998,COM,20.32085609,23,-0.881385922,4
1998,COD,1.069518685,0.5,-1.918398976,4
1998,COG,5.882352829,3,-1.618808627,5
1998,COK,,,,
1998,CRI,77.00534821,69,0.633012652,7
1998,CIV,37.96791458,20,-0.922914207,6
1998,HRV,35.29411697,39,-0.406373352,6
1998,CUB,64.17111969,16.5,-1.045863271,6
1998,CYP,81.8181839,80.5,0.945576549,6
1998,CZE,70.05347443,74.5,0.866274714,7
1998,DNK,99.46524048,98,1.837266684,7
1998,DJI,32.08555984,21,-0.909501016,4
1998,DMA,80.74866486,74,0.843007863,3
1998,DOM,29.41176414,33.5,-0.576960266,6
1998,ECU,28.3422451,34,-0.539550304,7
1998,EGY,39.03743362,47.5,-0.126968279,6
1998,SLV,25.6684494,29,-0.690760374,7
1998,GNQ,6.951871872,9,-1.352814674,5
1998,ERI,69.5187149,32.5,-0.63481617,4
1998,EST,73.26203156,66,0.592054188,6
1998,SWZ,56.6844902,31.5,-0.662509441,4
1998,ETH,24.59893036,21.5,-0.908676982,6
1998,FJI,74.3315506,62.5,0.343518049,4
1998,FIN,100,100,1.952075005,7
1998,FRA,89.83956909,91,1.364515781,7
1998,GUF,80.74866486,81.5,0.957083583,1
1998,GAB,17.64705849,41,-0.370705366,6
1998,GMB,44.91978455,51.5,-0.002620436,5
1998,GEO,19.78609657,11,-1.218148708,4
1998,DEU,94.65240479,93.5,1.621989489,7
1998,GHA,47.05882263,37.5,-0.439805567,6
1998,GRC,76.47058868,71.5,0.77567035,7
1998,GRL,,,,
1998,GRD,80.74866486,63.5,0.421897411,3
1998,GUM,,,,
1998,GTM,26.20320892,17,-1.041270375,7
1998,GIN,14.43850231,8,-1.391768932,5
1998,GNB,12.29946518,1,-1.880132079,4
1998,GUY,46.52406311,41.5,-0.367153853,5
1998,HTI,9.090909004,6.5,-1.425189376,5
1998,HND,16.57753944,22.5,-0.885578394,7
1998,HKG,86.63101959,82.5,0.984140694,5
1998,HUN,75.40106964,73.5,0.813627005,7
1998,ISL,94.11764526,94,1.659660578,6
1998,IND,49.73262024,62,0.335014313,7
1998,IDN,10.69518757,27.5,-0.750535488,7
1998,IRN,40.10695267,29.5,-0.683586836,6
1998,IRQ,0.534759343,4,-1.548183203,6
1998,IRL,91.44384766,93,1.591489792,7
1998,ISR,83.42246246,83,0.993849754,7
1998,ITA,68.44919586,73,0.801862299,7
1998,JAM,59.89304733,43,-0.248288304,6
1998,JPN,82.35294342,90.5,1.348525167,7
1998,JEY,,,,
1998,JOR,59.35828781,61,0.300132543,6
1998,KAZ,13.90374374,16,-1.113345981,6
1998,KEN,9.625668526,17.5,-1.028106928,6
1998,KIR,,80,0.876508176,2
1998,PRK,5.347593784,14,-1.153196096,5
1998,KOR,63.10160446,72,0.778700531,7
1998,XKX,,,,1
1998,KWT,71.12299347,67,0.608353674,6
1998,KGZ,16.04277992,25,-0.795788229,4
1998,LAO,31.55080223,18,-0.992841363,4
1998,LVA,60.42780685,59,0.236508295,6
1998,LBN,39.57219315,38.5,-0.41389513,5
1998,LSO,52.94117737,56.5,0.167446434,3
1998,LBR,0,1.5,-1.802050948,5
1998,LBY,24.06417084,15.5,-1.118726015,6
1998,LIE,89.30480957,92,1.47467351,3
1998,LTU,63.63636398,65.5,0.552288771,6
1998,LUX,93.58288574,97,1.763727546,5
1998,MAC,67.37967682,58.5,0.201268852,1
1998,MDG,35.8288765,40.5,-0.37104407,5
1998,MWI,49.19786072,38,-0.42472738,6
1998,MYS,65.77539825,60.5,0.28235504,7
1998,MDV,48.12834167,45.5,-0.17673704,4
1998,MLI,25.13368988,43.5,-0.227835923,5
1998,MLT,70.58823395,89.5,1.26121223,4
1998,MHL,,46.5,-0.161209628,2
1998,MTQ,80.74866486,86.5,1.209021807,1
1998,MRT,36.89839554,37,-0.457131624,4
1998,MUS,60.96256638,83.5,1.017152309,4
1998,MEX,43.8502655,35,-0.532132268,8
1998,FSM,,80,0.876508176,2
1998,MDA,42.78075027,49.5,-0.063543558,6
1998,MCO,,80,0.876508176,2
1998,MNG,58.82352829,59.5,0.242999539,5
1998,MNE,68.98395538,26,-0.79322499,1
1998,MAR,58.28876877,55.5,0.129340261,6
1998,MOZ,43.3155098,24.5,-0.832234144,6
1998,MMR,2.139037371,4.5,-1.534330487,6
1998,NAM,75.93582916,58,0.178116381,6
1998,NRU,,80,0.876508176,2
1998,NPL,34.75935745,52,0.009221238,4
1998,NLD,97.32620239,95.5,1.742527723,7
1998,ANT,,,,
1998,NZL,97.86096191,98.5,1.850499153,7
1998,NIC,20.85561562,33,-0.605091035,7
1998,NER,14.97326183,30,-0.683503091,5
1998,NGA,10.16042805,12.5,-1.189121246,6
1998,NIU,,,,
1998,MKD,34.22459793,42,-0.331668794,5
1998,NOR,98.39572144,99.5,1.949824214,7
1998,OMN,74.86631012,64,0.4239721,6
1998,PAK,13.36898422,25.5,-0.793338299,6
1998,PLW,,80,0.876508176,2
1998,PAN,51.87165833,47,-0.130363435,7
1998,PNG,31.01604271,35.5,-0.518381953,6
1998,PRY,2.673796892,24,-0.834110796,7
1998,PER,41.17647171,28,-0.738637686,7
1998,PHL,44.38502502,52.5,0.027259612,7
1998,POL,77.54010773,72.5,0.798767924,7
1998,PRT,85.02674103,88.5,1.242640018,7
1998,PRI,67.37967682,81.5,0.957083583,2
1998,QAT,67.91443634,57.5,0.172034457,6
1998,REU,,,,
1998,ROU,33.15507889,48,-0.110562637,6
1998,RUS,21.39037514,23.5,-0.855796993,7
1998,RWA,29.94652367,6,-1.460957766,4
1998,WSM,54.54545593,82,0.959765494,3
1998,SMR,,80,0.876508176,2
1998,STP,66.31015778,60,0.26272431,4
1998,SAU,48.6631012,53.5,0.046700627,6
1998,SEN,52.40641785,55,0.068834841,6
1998,SRB,6.41711235,10,-1.264376521,6
1998,SYC,71.65775299,68,0.620563447,4
1998,SLE,30.48128319,9.5,-1.314346433,4
1998,SGP,96.79144287,88,1.237705231,7
1998,SVK,57.21924973,57,0.168831423,6
1998,SVN,84.49198151,85,1.177163124,6
1998,SLB,65.24063873,70.5,0.7313869,3
1998,SOM,8.556149483,0,-2.136153221,4
1998,ZAF,72.72727203,56,0.157686293,7
1998,SSD,,,,
1998,ESP,90.37432861,90,1.30619204,7
1998,LKA,53.47593689,54.5,0.064277157,6
1998,KNA,,80,0.876508176,2
1998,LCA,,80,0.876508176,2
1998,VCT,,80,0.876508176,2
1998,SDN,12.8342247,2.5,-1.670088053,6
1998,SUR,62.56684494,51,-0.004134504,5
1998,SWE,98.93048096,96,1.751435757,7
1998,CHE,95.72192383,99,1.927548409,7
1998,SYR,23.52941132,34.5,-0.537084103,6
1998,TWN,72.19251251,71,0.741965652,7
1998,TJK,4.812834263,5,-1.533623457,4
1998,TZA,27.80748749,46,-0.16628775,6
1998,THA,51.3368988,64.5,0.509335399,7
1998,TLS,,3.5,-1.568880916,1
1998,TGO,27.27272797,27,-0.75963217,5
1998,TON,,80,0.876508176,2
1998,TTO,73.79679108,66.5,0.59451288,6
1998,TUN,41.71123123,42.5,-0.319455385,6
1998,TUR,45.45454407,49,-0.099510565,7
1998,TKM,15.50802135,7,-1.410501361,4
1998,TUV,,80,0.876508176,2
1998,UGA,18.71657753,32,-0.646357477,6
1998,UKR,4.278074741,18.5,-0.982280314,6
1998,ARE,55.61497498,70,0.716092944,5
1998,GBR,96.25668335,95,1.733099103,7
1998,USA,91.97860718,92.5,1.566960216,7
1998,URY,82.88770294,67.5,0.617432356,7
1998,UZB,11.22994614,10.5,-1.25742805,4
1998,VUT,61.4973259,61.5,0.333779961,3
1998,VEN,22.45989227,28.5,-0.706548154,8
1998,VNM,38.5026741,39.5,-0.402721375,6
1998,VIR,,,,
1998,PSE,55.08021545,50,-0.051891938,3
1998,YEM,17.11229897,7.5,-1.392270207,6
1998,ZMB,26.73796844,36.5,-0.468716353,6
1998,ZWE,37.43315506,26.5,-0.774310112,6
2000,AFG,4.787233829,1.49253726,-1.780660748,4
2000,ALB,23.93617058,18.9054718,-1.020667672,6
2000,DZA,16.48936081,11.44278622,-1.245844364,7
2000,ASM,,,,
2000,AND,88.29787445,87.56218719,1.286165476,3
2000,AGO,8.510638237,2.48756218,-1.601501703,7
2000,AIA,,,,
2000,ATG,81.38298035,84.57711792,1.034903526,3
2000,ARG,52.12765884,43.28358078,-0.214404494,9
2000,ARM,25,36.31840897,-0.501016259,6
2000,ABW,,,,
2000,AUS,93.61701965,95.02487183,1.722066879,8
2000,AUT,92.55319214,98.00994873,1.81233263,8
2000,AZE,4.255319118,14.42786026,-1.145636201,7
2000,BHS,86.17021179,88.55721283,1.290822387,4
2000,BHR,66.48936462,60.19900513,0.280279636,5
2000,BGD,6.914893627,20.89552307,-0.991129994,7
2000,BRB,90.95744324,90.04975128,1.396225691,4
2000,BLR,38.82978821,15.42288589,-1.100583553,6
2000,BEL,90.42552948,89.05472565,1.313934088,8
2000,BLZ,56.38298035,54.22885513,0.098326825,3
2000,BEN,31.38297844,46.26865768,-0.181523725,5
2000,BMU,88.29787445,86.06964874,1.230997324,1
2000,BTN,71.27659607,55.22388077,0.130426154,4
2000,BOL,40.42553329,39.80099487,-0.368222207,8
2000,BIH,35.10638428,32.83581924,-0.602258623,5
2000,BWA,78.19149017,67.16417694,0.577083766,7
2000,BRA,57.97872162,42.28855896,-0.244871855,9
2000,BRN,65.42552948,64.17910767,0.517945468,4
2000,BGR,51.06383133,48.25870514,-0.123777077,8
2000,BFA,60.10638428,29.35323334,-0.732384086,6
2000,BDI,26.06382942,2.98507452,-1.568517089,5
2000,CPV,84.04255676,69.65174103,0.638421953,4
2000,KHM,18.0851059,16.41790962,-1.08395493,5
2000,CMR,2.127659559,12.4378109,-1.192747235,7
2000,CAN,95.21276855,94.02985382,1.665486097,8
2000,CYM,88.29787445,91.54228973,1.491396904,1
2000,CAF,7.978723526,6.965174198,-1.375956655,5
2000,TCD,2.659574509,14.92537308,-1.130994678,5
2000,CHL,91.48936462,86.56716156,1.260923386,9
2000,CHN,49.46808624,35.32338333,-0.516117156,8
2000,COL,42.55319214,22.88557243,-0.92503792,9
2000,COM,18.61702156,12.93532372,-1.168427587,5
2000,COD,0.53191489,0.99502486,-1.820564389,5
2000,COG,19.68085098,8.45771122,-1.348498344,6
2000,COK,,,,
2000,CRI,74.46808624,64.67662048,0.537079811,8
2000,CIV,28.72340393,10.9452734,-1.247669816,7
2000,HRV,57.44680786,50.74626923,-0.029868536,7
2000,CUB,65.95744324,18.40796089,-1.049848676,6
2000,CYP,83.51063538,84.0796051,1.016058803,6
2000,CZE,60.63829803,68.65671539,0.607116282,8
2000,DNK,99.46808624,97.51243591,1.808733463,8
2000,DJI,34.04255295,24.8756218,-0.88296622,5
2000,DMA,81.38298035,71.6417923,0.803646386,3
2000,DOM,32.44680786,31.3432827,-0.676537395,6
2000,ECU,27.65957451,31.84079552,-0.666360259,8
2000,EGY,39.36170197,49.75124359,-0.051582698,8
2000,SLV,29.78723335,26.86567116,-0.803453267,8
2000,GNQ,6.382978916,8.955224037,-1.3358922,6
2000,ERI,69.14893341,27.86069679,-0.795131266,5
2000,EST,77.65957642,68.15920258,0.594717026,7
2000,SWZ,55.31914902,30.34825897,-0.715451121,5
2000,ETH,22.34042549,21.8905468,-0.983719409,7
2000,FJI,72.34042358,41.79104614,-0.276727378,4
2000,FIN,100,100,1.953407645,8
2000,FRA,88.82978821,91.04477692,1.432307482,8
2000,GUF,81.38298035,82.58706665,0.970597625,1
2000,GAB,35.63829803,45.27363205,-0.182711691,7
2000,GMB,45.21276474,47.76119232,-0.145569503,6
2000,GEO,13.82978725,22.38805962,-0.938497543,5
2000,DEU,93.0851059,93.532341,1.609418869,8
2000,GHA,53.19149017,52.23880768,0.078732707,7
2000,GRC,72.87233734,80.09950256,0.861044526,8
2000,GRL,,,,
2000,GRD,81.38298035,61.69154358,0.341131985,3
2000,GUM,,,,
2000,GTM,25.53191566,24.37810898,-0.8857916,8
2000,GIN,13.29787254,5.4726367,-1.389179468,6
2000,GNB,21.27659607,9.452735901,-1.319461226,6
2000,GUY,42.02127838,38.30845642,-0.423614681,5
2000,HTI,7.446808338,3.98009944,-1.455036402,5
2000,HND,17.55319214,19.90049744,-0.998041213,8
2000,HKG,85.63829803,71.14427948,0.796505094,6
2000,HUN,75.53191376,73.13433075,0.832505941,8
2000,ISL,98.40425873,96.51741028,1.796794534,7
2000,IND,43.61701965,62.1890564,0.348079592,8
2000,IDN,21.80850983,30.84577179,-0.696610868,8
2000,IRN,44.14893723,34.82587051,-0.519492507,6
2000,IRQ,0,4.975124359,-1.393393517,6
2000,IRL,89.89361572,92.53731537,1.539682627,8
2000,ISR,82.97872162,83.58209229,1.001001835,8
2000,ITA,75,73.63184357,0.838105559,8
2000,JAM,59.04255295,36.81592178,-0.481999129,7
2000,JPN,85.10638428,88.05970001,1.289759159,8
2000,JEY,,,,
2000,JOR,58.51063919,62.6865654,0.358365744,7
2000,KAZ,9.574467659,13.9303484,-1.150914669,8
2000,KEN,10.10638332,23.38308525,-0.921858788,7
2000,KIR,,79.60198975,0.839712262,2
2000,PRK,3.723404169,17.41293526,-1.066339135,5
2000,KOR,63.29787064,72.63681793,0.83033973,8
2000,XKX,67.55319214,51.24378204,-0.023830879,3
2000,KWT,70.74468231,65.67163849,0.55249095,6
2000,KGZ,15.95744705,23.88059616,-0.906720698,5
2000,LAO,31.9148941,17.91044807,-1.057200789,4
2000,LVA,56.9148941,56.2189064,0.14890109,7
2000,LBN,41.48936081,46.7661705,-0.16597046,5
2000,LSO,52.6595726,53.2338295,0.098110527,5
2000,LBR,11.70212746,0.49751243,-1.880869508,6
2000,LBY,24.46808434,20.39801025,-0.997799516,7
2000,LIE,88.29787445,92.03980255,1.497418046,3
2000,LTU,67.02127838,58.70646667,0.218402535,7
2000,LUX,94.14893341,98.50746155,1.815313816,6
2000,MAC,68.0851059,57.21393204,0.18939881,1
2000,MDG,40.95744705,44.27860641,-0.193513155,6
2000,MWI,48.93616867,34.3283577,-0.527763844,7
2000,MYS,63.82978821,57.71144104,0.195348084,8
2000,MDV,47.3404274,59.20397949,0.253678381,4
2000,MLI,23.40425491,42.78606796,-0.241970614,6
2000,MLT,81.9148941,89.55223846,1.364152908,4
2000,MHL,,79.60198975,0.839712262,2
2000,MTQ,81.38298035,86.06964874,1.230997324,1
2000,MRT,39.89361572,38.80596924,-0.405623823,5
2000,MUS,61.70212936,81.0945282,0.944507837,6
2000,MEX,54.78723526,37.8109436,-0.426509559,9
2000,FSM,,79.60198975,0.839712262,2
2000,MDA,34.57446671,37.3134346,-0.468696684,7
2000,MCO,,79.60198975,0.839712262,2
2000,MNG,46.27659607,51.74129486,0.000508486,5
2000,MNE,51.59574509,61.19403076,0.316736132,2
2000,MAR,47.87234116,53.73134232,0.098202221,7
2000,MOZ,37.23404312,27.36318398,-0.802073956,7
2000,MMR,1.595744729,4.477612019,-1.42889154,6
2000,NAM,76.59574127,54.72636795,0.120125674,7
2000,NRU,,79.60198975,0.839712262,2
2000,NPL,36.70212936,43.7810936,-0.210961655,4
2000,NLD,96.80850983,95.52238464,1.74453032,8
2000,ANT,,,,
2000,NZL,97.87233734,96.01989746,1.795413971,8
2000,NIC,20.7446804,26.36815834,-0.862790763,8
2000,NER,19.14893532,28.35820961,-0.765444338,6
2000,NGA,3.191489458,13.43283558,-1.160920024,8
2000,NIU,,,,
2000,MKD,33.51063919,33.33333206,-0.596572578,6
2000,NOR,96.27659607,99.00497437,1.830875516,8
2000,OMN,76.06382751,65.17412567,0.537889302,6
2000,PAK,22.87234116,19.40298462,-1.000389218,6
2000,PLW,,79.60198975,0.839712262,2
2000,PAN,45.74468231,44.77611923,-0.187658608,8
2000,PNG,28.19149017,28.85572052,-0.758837521,6
2000,PRY,1.06382978,21.39303398,-0.989421189,8
2000,PER,43.0851059,29.85074615,-0.718046725,8
2000,PHL,37.76595688,39.30348206,-0.388529211,8
2000,POL,73.40425873,69.15422821,0.633313119,8
2000,PRT,84.57447052,85.07462311,1.200192928,8
2000,PRI,81.38298035,82.58706665,0.970597625,2
2000,QAT,69.6808548,63.68159103,0.488340974,6
2000,REU,,,,
2000,ROU,38.29787064,45.77114487,-0.181834966,8
2000,RUS,20.21276665,16.91542244,-1.083695054,9
2000,RWA,30.85106468,7.462686539,-1.370818377,5
2000,WSM,56.38298035,83.08457947,0.978470504,3
2000,SMR,,79.60198975,0.839712262,2
2000,STP,64.89361572,58.20895386,0.207037777,5
2000,SAU,50.53191376,47.26368332,-0.165411279,6
2000,SEN,53.72340393,52.73631668,0.079988182,7
2000,SRB,9.042552948,10.44776154,-1.277987123,7
2000,SYC,71.80850983,70.64676666,0.72542876,5
2000,SLE,30.31914902,9.950248718,-1.2887429,5
2000,SGP,97.34042358,87.06467438,1.272660255,8
2000,SVK,62.23404312,60.69651794,0.299946576,7
2000,SVN,77.12766266,81.59204102,0.967030942,8
2000,SLB,61.17021179,66.66666412,0.571376622,3
2000,SOM,5.851063728,0,-2.190433979,5
2000,ZAF,70.21276855,55.72139359,0.148772299,9
2000,SSD,,,,
2000,ESP,89.36170197,90.5472641,1.407501459,8
2000,LKA,50,56.71641922,0.159529582,7
2000,KNA,,79.60198975,0.839712262,2
2000,LCA,,79.60198975,0.839712262,2
2000,VCT,,79.60198975,0.839712262,2
2000,SDN,14.89361668,1.99004972,-1.631618261,7
2000,SUR,68.61701965,50.24875641,-0.038425419,5
2000,SWE,98.93617249,97.0149231,1.800186872,8
2000,CHE,94.6808548,99.50248718,1.94582057,8
2000,SYR,15.42553234,35.82089615,-0.506055653,6
2000,TWN,73.93617249,72.13930511,0.812561929,8
2000,TJK,5.319149017,6.467661858,-1.381689906,5
2000,TZA,27.12765884,40.79602051,-0.337012172,7
2000,THA,48.40425491,67.66168976,0.579018056,8
2000,TLS,,59.70149231,0.274133086,3
2000,TGO,29.2553196,32.33831024,-0.649043918,6
2000,TON,,79.60198975,0.839712262,2
2000,TTO,64.36170197,63.18407822,0.413654536,7
2000,TUN,44.68085098,41.29353333,-0.280462772,7
2000,TUR,46.80850983,49.25373077,-0.070946209,8
2000,TKM,12.76595783,7.960198879,-1.369858265,4
2000,TUV,,79.60198975,0.839712262,2
2000,UGA,14.36170197,25.37313461,-0.866051257,7
2000,UKR,11.17021275,15.92039776,-1.093720078,8
2000,ARE,59.57446671,70.14925385,0.655752897,5
2000,GBR,95.74468231,94.52736664,1.667143583,8
2000,USA,92.02127838,93.03482819,1.564632893,8
2000,URY,82.44680786,66.16915131,0.556891263,8
2000,UZB,12.23404217,11.94029808,-1.200798869,5
2000,VUT,62.76595688,80.59701538,0.897578895,3
2000,VEN,32.97872162,25.87064743,-0.865234494,9
2000,VNM,36.17021179,40.29850769,-0.345562547,7
2000,VIR,,,,
2000,PSE,54.25531769,48.75621796,-0.096575677,3
2000,YEM,17.02127647,3.482587099,-1.457241654,6
2000,ZMB,26.59574509,33.83084488,-0.5328269,7
2000,ZWE,10.63829803,5.97014904,-1.381908417,8
2002,AFG,4.761904716,1.99004972,-1.673473239,6
2002,ALB,24.33862495,26.86567116,-0.762321413,7
2002,DZA,22.7513237,33.83084488,-0.636733174,9
2002,ASM,,,,
2002,AND,87.83068848,86.06964874,1.223840594,3
2002,AGO,7.936507702,2.48756218,-1.633343816,9
2002,AIA,,,,
2002,ATG,80.42327881,83.08457947,1.034552217,3
2002,ARG,41.79894257,27.36318398,-0.761098087,11
2002,ARM,28.04232788,38.80596924,-0.438531369,7
2002,ABW,,,,
2002,AUS,92.06349182,95.52238464,1.767046571,9
2002,AUT,93.65079498,97.51243591,1.85791266,9
2002,AZE,6.349206448,18.9054718,-0.964197218,9
2002,BHS,89.41799164,90.04975128,1.400981069,4
2002,BHR,77.77777863,65.67163849,0.545502603,8
2002,BGD,1.587301612,17.41293526,-0.991601229,9
2002,BRB,91.0052948,92.03980255,1.493938923,4
2002,BLR,33.86243439,10.44776154,-1.250310659,8
2002,BEL,89.94709015,89.05472565,1.344935656,9
2002,BLZ,54.4973526,52.23880768,-0.045510951,3
2002,BEN,26.98412704,45.27363205,-0.260578573,7
2002,BMU,87.83068848,85.07462311,1.209135413,1
2002,BTN,70.89946747,56.2189064,0.069401726,5
2002,BOL,22.22222137,40.29850769,-0.378112555,10
2002,BIH,43.38624191,32.83581924,-0.656005681,8
2002,BWA,74.6031723,66.66666412,0.559019983,10
2002,BRA,58.73015976,43.7810936,-0.266611308,11
2002,BRN,66.13756561,64.67662048,0.480448902,5
2002,BGR,51.32275009,51.24378204,-0.056049991,10
2002,BFA,59.7883606,25.87064743,-0.799848557,8
2002,BDI,29.10052872,6.467661858,-1.398002028,7
2002,CPV,71.95767212,58.70646667,0.267433614,7
2002,KHM,17.46031761,12.4378109,-1.162861705,7
2002,CMR,5.82010603,9.452735901,-1.265375614,9
2002,CAN,94.17989349,94.52736664,1.661396027,9
2002,CYM,87.83068848,90.5472641,1.469418406,1
2002,CAF,18.51851845,19.90049744,-0.955280721,7
2002,TCD,3.703703642,14.42786026,-1.109009862,7
2002,CHL,90.47618866,87.06467438,1.257240057,11
2002,CHN,35.97883606,37.8109436,-0.517029762,10
2002,COL,46.56084824,28.35820961,-0.749073088,11
2002,COM,32.27513123,29.35323334,-0.744692981,6
2002,COD,1.058201075,0.49751243,-1.767720342,8
2002,COG,16.40211678,8.955224037,-1.290985346,7
2002,COK,,,,
2002,CRI,70.37036896,66.16915131,0.554997206,10
2002,CIV,26.45502663,7.462686539,-1.329227209,9
2002,HRV,62.43386078,48.25870514,-0.144792929,10
2002,CUB,69.31217194,11.94029808,-1.173974276,8
2002,CYP,83.59788513,82.08955383,0.989593506,6
2002,CZE,67.72486877,78.10945129,0.859825134,10
2002,DNK,99.47090149,99.00497437,1.882340789,9
2002,DJI,34.3915329,20.39801025,-0.939510047,6
2002,DMA,80.42327881,71.6417923,0.809390962,3
2002,DOM,39.68254089,30.84577179,-0.705224693,8
2002,ECU,23.80952454,27.86069679,-0.756515443,10
2002,EGY,41.26984024,53.73134232,-0.011468072,10
2002,SLV,25.92592621,35.32338333,-0.566521049,10
2002,GNQ,5.291005135,10.9452734,-1.244333625,7
2002,ERI,60.31745911,29.85074615,-0.734666824,7
2002,EST,76.19047546,71.14427948,0.791837811,9
2002,SWZ,55.55555725,26.36815834,-0.782026052,6
2002,ETH,31.21693039,19.40298462,-0.959304392,9
2002,FJI,73.54497528,54.22885513,0.006907965,4
2002,FIN,100,99.50248718,1.903888941,9
2002,FRA,84.12698364,85.57213593,1.212872624,9
2002,GUF,80.42327881,81.59204102,0.948852479,1
2002,GAB,37.56613922,45.77114487,-0.249034658,8
2002,GMB,48.67724991,47.26368332,-0.180294082,7
2002,GEO,4.232804298,15.42288589,-1.084056258,6
2002,DEU,93.12169647,93.532341,1.634389877,9
2002,GHA,43.91534424,54.72636795,0.023213815,10
2002,GRC,69.84127045,70.14925385,0.723845243,9
2002,GRL,,,,
2002,GRD,80.42327881,61.69154358,0.359068334,3
2002,GUM,,,,
2002,GTM,33.33333206,17.91044807,-0.990891993,10
2002,GIN,28.5714283,16.41790962,-1.080204725,8
2002,GNB,11.64021206,14.92537308,-1.107601404,7
2002,GUY,47.08994675,36.81592178,-0.517882884,5
2002,HTI,0,1.49253726,-1.713909388,8
2002,HND,15.8730154,22.38805962,-0.879591942,9
2002,HKG,91.53439331,88.05970001,1.265542507,7
2002,HUN,73.01587677,79.10447693,0.868621826,10
2002,ISL,97.35449982,98.00994873,1.859159708,8
2002,IND,36.50793839,53.2338295,-0.017395871,10
2002,IDN,8.465608597,21.39303398,-0.91026473,10
2002,IRN,49.73545074,25.37313461,-0.821777701,8
2002,IRQ,2.116402149,3.98009944,-1.512783527,8
2002,IRL,88.8888855,93.03482819,1.59532547,9
2002,ISR,84.65608215,83.58209229,1.069823146,9
2002,ITA,72.48677063,70.64676666,0.740141988,9
2002,JAM,38.09523773,42.28855896,-0.344297826,8
2002,JPN,81.48148346,84.0796051,1.148551702,9
2002,JEY,,,,
2002,JOR,55.02645493,55.72139359,0.061608892,9
2002,KAZ,8.994709015,11.44278622,-1.202426076,9
2002,KEN,16.93121719,18.40796089,-0.966853559,10
2002,KIR,,77.61193848,0.833945811,2
2002,PRK,13.75661373,8.45771122,-1.315216064,7
2002,KOR,71.42857361,80.59701538,0.920009971,10
2002,XKX,68.25396729,50.74626923,-0.062605441,3
2002,KWT,82.53968048,67.16417694,0.591441989,8
2002,KGZ,10.05290985,23.38308525,-0.853914261,7
2002,LAO,32.80423355,9.950248718,-1.25275147,6
2002,LVA,57.1428566,60.69651794,0.310219884,8
2002,LBN,42.32804108,43.28358078,-0.278718442,9
2002,LSO,50.79365158,56.71641922,0.082418576,6
2002,LBR,12.6984129,2.98507452,-1.631252885,8
2002,LBY,21.69312096,13.43283558,-1.143618464,9
2002,LIE,87.83068848,91.54228973,1.484874725,3
2002,LTU,61.90476227,63.18407822,0.397895068,8
2002,LUX,95.23809814,98.50746155,1.870569706,5
2002,MAC,54.4973526,69.15422821,0.688569546,1
2002,MDG,56.61375809,46.26865768,-0.209681615,8
2002,MWI,14.81481457,39.30348206,-0.390916765,10
2002,MYS,64.02116394,62.6865654,0.393110812,10
2002,MDV,52.38095093,50.24875641,-0.069341622,4
2002,MLI,30.68782997,44.77611923,-0.26400432,9
2002,MLT,77.24868011,91.04477692,1.474942684,4
2002,MHL,,77.61193848,0.833945811,2
2002,MTQ,80.42327881,85.07462311,1.209135413,1
2002,MRT,52.91005325,38.30845642,-0.486519575,6
2002,MUS,66.66666412,82.58706665,1.000080705,8
2002,MEX,47.61904907,40.79602051,-0.349208415,11
2002,FSM,,77.61193848,0.833945811,2
2002,MDA,17.98941803,34.3283577,-0.626159787,8
2002,MCO,,77.61193848,0.833945811,2
2002,MNG,57.67195892,58.20895386,0.240923017,7
2002,MNE,51.85185242,59.20397949,0.274070203,2
2002,MAR,48.14814758,51.74129486,-0.049010798,10
2002,MOZ,38.62434006,30.34825897,-0.732186139,10
2002,MMR,3.174603224,0.99502486,-1.716236353,8
2002,NAM,59.25925827,59.70149231,0.279029697,11
2002,NRU,,77.61193848,0.833945811,2
2002,NPL,40.2116394,37.3134346,-0.517511368,6
2002,NLD,96.29629517,95.02487183,1.707259417,9
2002,ANT,,,,
2002,NZL,98.41269684,96.01989746,1.791151166,8
2002,NIC,39.15343857,32.33831024,-0.677636325,9
2002,NER,15.34391499,33.33333206,-0.646826029,8
2002,NGA,0.529100537,4.477612019,-1.495899796,11
2002,NIU,,,,
2002,MKD,25.39682579,34.82587051,-0.576304018,7
2002,NOR,96.82539368,97.0149231,1.848752975,9
2002,OMN,80.95237732,64.17910767,0.450584829,7
2002,PAK,20.1058197,20.89552307,-0.931637406,8
2002,PLW,,77.61193848,0.833945811,2
2002,PAN,44.97354507,49.25373077,-0.08833684,9
2002,PNG,21.16402054,28.85572052,-0.747169495,7
2002,PRY,2.645502567,13.9303484,-1.123306632,10
2002,PER,46.03174591,36.31840897,-0.557922065,10
2002,PHL,37.0370369,39.80099487,-0.386543155,10
2002,POL,68.7830658,67.66168976,0.670436203,10
2002,PRT,85.18518829,88.55721283,1.307514071,9
2002,PRI,87.83068848,81.59204102,0.948852479,2
2002,QAT,75.13227844,65.17412567,0.52409327,7
2002,REU,,,,
2002,ROU,40.74074173,44.27860641,-0.265604585,10
2002,RUS,20.63492012,22.88557243,-0.874504149,11
2002,RWA,31.74603081,16.91542244,-1.071291208,7
2002,WSM,54.4973526,87.56218719,1.259713531,3
2002,SMR,,77.61193848,0.833945811,2
2002,STP,63.49206161,46.7661705,-0.199828878,5
2002,SAU,60.84656143,52.73631668,-0.017828591,9
2002,SEN,64.55026245,57.21393204,0.089251734,10
2002,SRB,23.28042412,21.8905468,-0.903619349,9
2002,SYC,75.66137695,68.65671539,0.675584912,6
2002,SLE,27.51322746,6.965174198,-1.344338536,8
2002,SGP,98.94179535,89.55223846,1.377238035,9
2002,SVK,56.08465576,60.19900513,0.285690129,9
2002,SVN,76.71957397,79.60198975,0.883090198,10
2002,SLB,61.37565994,57.71144104,0.140795693,3
2002,SOM,13.22751331,0,-1.937135339,6
2002,ZAF,67.19577026,55.22388077,0.027391721,12
2002,SSD,,,,
2002,ESP,88.35978699,86.56716156,1.228931546,9
2002,LKA,50.26454926,61.19403076,0.338851631,9
2002,KNA,,77.61193848,0.833945811,2
2002,LCA,,77.61193848,0.833945811,2
2002,VCT,,77.61193848,0.833945811,2
2002,SDN,12.16931248,7.960198879,-1.320370078,9
2002,SUR,65.07936859,48.75621796,-0.127914935,5
2002,SWE,97.88359833,96.51741028,1.842468262,9
2002,CHE,95.76719666,100,1.918213367,9
2002,SYR,42.8571434,35.82089615,-0.560230851,8
2002,TWN,74.07407379,78.60696411,0.862484455,10
2002,TJK,6.878306866,15.92039776,-1.083540678,7
2002,TZA,24.86772537,42.78606796,-0.341501385,10
2002,THA,44.44444275,62.1890564,0.386922985,10
2002,TLS,49.20634842,24.37810898,-0.837535024,4
2002,TGO,30.15872955,24.8756218,-0.830014586,8
2002,TON,,77.61193848,0.833945811,2
2002,TTO,58.20105743,63.68159103,0.435027242,7
2002,TUN,65.6084671,47.76119232,-0.166766956,10
2002,TUR,34.92063522,49.75124359,-0.082183205,10
2002,TKM,11.11111069,5.97014904,-1.423979998,6
2002,TUV,,77.61193848,0.833945811,2
2002,UGA,14.28571415,31.3432827,-0.69790113,10
2002,UKR,9.523809433,23.88059616,-0.843995512,10
2002,ARE,83.06878662,69.65174103,0.702703297,6
2002,GBR,94.708992,94.02985382,1.651892304,9
2002,USA,92.59259033,92.53731537,1.516905546,9
2002,URY,82.01058197,68.15920258,0.674292743,10
2002,UZB,19.57671928,5.4726367,-1.440067172,8
2002,VUT,62.9629631,80.09950256,0.895070076,3
2002,VEN,10.58201027,12.93532372,-1.159012079,11
2002,VNM,35.44973373,31.84079552,-0.679001629,9
2002,VIR,,,,
2002,PSE,45.5026474,41.79104614,-0.348653823,4
2002,YEM,19.04761887,4.975124359,-1.473910689,8
2002,ZMB,29.62962914,41.29353333,-0.349135816,10
2002,ZWE,7.407407284,3.482587099,-1.596318245,11
2003,AFG,4.761904716,2.98507452,-1.5582937,5
2003,ALB,22.7513237,28.35820961,-0.716323495,8
2003,DZA,29.62962914,33.33333206,-0.605380774,10
2003,ASM,,,,
2003,AND,88.35978699,84.0796051,1.055983305,3
2003,AGO,5.291005135,5.97014904,-1.482855916,10
2003,AIA,,,,
2003,ATG,79.36508179,83.58209229,1.037949681,3
2003,ARG,40.2116394,26.36815834,-0.777115822,11
2003,ARM,31.74603081,44.27860641,-0.302864641,8
2003,ABW,,,,
2003,AUS,93.65079498,96.01989746,1.842772126,9
2003,AUT,94.708992,96.51741028,1.847917438,9
2003,AZE,10.58201027,22.38805962,-0.884644747,9
2003,BHS,89.94709015,90.04975128,1.418727994,4
2003,BHR,69.31217194,68.15920258,0.593708754,8
2003,BGD,0.529100537,14.42786026,-1.151943922,9
2003,BRB,91.0052948,91.04477692,1.519153237,4
2003,BLR,37.56613922,15.92039776,-1.072918296,8
2003,BEL,89.41799164,89.05472565,1.33109653,9
2003,BLZ,56.08465576,58.20895386,0.190566957,3
2003,BEN,35.97883606,40.79602051,-0.425706029,7
2003,BMU,88.35978699,86.56716156,1.228445053,1
2003,BTN,82.01058197,56.71641922,0.136125684,5
2003,BOL,23.28042412,39.80099487,-0.46946907,10
2003,BIH,47.08994675,31.3432827,-0.616845548,8
2003,BWA,85.18518829,69.15422821,0.670592189,11
2003,BRA,59.7883606,42.78606796,-0.367893666,11
2003,BRN,66.13756561,67.16417694,0.564721584,4
2003,BGR,56.61375809,48.25870514,-0.171991765,10
2003,BFA,55.02645493,30.84577179,-0.624177575,8
2003,BDI,21.69312096,5.4726367,-1.484030128,7
2003,CPV,70.37036896,60.19900513,0.256376088,7
2003,KHM,14.28571415,13.43283558,-1.155108333,8
2003,CMR,14.81481457,12.93532372,-1.163299561,10
2003,CAN,94.17989349,94.52736664,1.697056532,9
2003,CYM,88.35978699,86.56716156,1.228445053,1
2003,CAF,12.16931248,6.467661858,-1.433038116,7
2003,TCD,2.645502567,4.477612019,-1.51830554,8
2003,CHL,83.59788513,85.07462311,1.177210808,11
2003,CHN,43.91534424,35.32338333,-0.553043842,10
2003,COL,50.79365158,27.86069679,-0.739117563,11
2003,COM,30.15872955,27.36318398,-0.751481771,6
2003,COD,1.058201075,0.49751243,-1.850252748,8
2003,COG,9.523809433,8.955224037,-1.267970681,7
2003,COK,,,,
2003,CRI,72.48677063,65.67163849,0.526866555,10
2003,CIV,13.22751331,7.462686539,-1.358520508,9
2003,HRV,63.49206161,51.24378204,-0.045993946,10
2003,CUB,62.43386078,11.44278622,-1.22319901,8
2003,CYP,84.65608215,81.59204102,0.938781798,7
2003,CZE,71.42857361,79.60198975,0.873709798,10
2003,DNK,99.47090149,99.50248718,1.920511007,9
2003,DJI,32.27513123,22.88557243,-0.879082382,6
2003,DMA,79.36508179,72.63681793,0.804431558,3
2003,DOM,28.5714283,29.85074615,-0.640382707,9
2003,ECU,29.10052872,25.87064743,-0.780572593,10
2003,EGY,38.09523773,51.74129486,-0.002354469,10
2003,SLV,41.79894257,37.8109436,-0.51685524,10
2003,GNQ,5.82010603,10.44776154,-1.2268852,7
2003,ERI,58.73015976,25.37313461,-0.817993104,7
2003,EST,80.95237732,71.14427948,0.770817876,10
2003,SWZ,58.20105743,32.33831024,-0.613890231,6
2003,ETH,25.92592621,23.88059616,-0.834280729,10
2003,FJI,65.07936859,52.73631668,0.009974545,5
2003,FIN,100,100,1.958634257,9
2003,FRA,85.7142868,89.55223846,1.333288908,9
2003,GUF,79.36508179,83.08457947,0.965852797,1
2003,GAB,36.50793839,41.29353333,-0.406030953,8
2003,GMB,51.85185242,57.71144104,0.163011163,8
2003,GEO,31.21693039,20.89552307,-0.912254095,7
2003,DEU,93.12169647,93.532341,1.637584686,9
2003,GHA,46.03174591,52.23880768,0.007860686,11
2003,GRC,68.7830658,71.6417923,0.789709985,9
2003,GRL,,,,
2003,GRD,79.36508179,62.6865654,0.33739537,3
2003,GUM,,,,
2003,GTM,27.51322746,14.92537308,-1.100940704,11
2003,GIN,20.1058197,13.9303484,-1.154066205,8
2003,GNB,8.994709015,10.9452734,-1.226374745,7
2003,GUY,44.97354507,34.3283577,-0.575900853,5
2003,HTI,0,0.99502486,-1.737163544,9
2003,HND,15.8730154,19.40298462,-0.936451733,10
2003,HKG,92.59259033,91.54228973,1.536875725,7
2003,HUN,74.07407379,73.13433075,0.805350184,10
2003,ISL,98.41269684,99.00497437,1.918754578,8
2003,IND,40.74074173,56.2189064,0.120161645,10
2003,IDN,15.34391499,23.38308525,-0.859100699,11
2003,IRN,46.56084824,29.35323334,-0.680515766,8
2003,IRQ,6.349206448,1.99004972,-1.644622922,7
2003,IRL,90.47618866,90.5472641,1.482466817,9
2003,ISR,81.48148346,80.09950256,0.910984516,9
2003,ITA,70.89946747,69.65174103,0.688429892,9
2003,JAM,41.26984024,38.80596924,-0.5007236,9
2003,JPN,84.12698364,84.57711792,1.16399014,9
2003,JEY,,,,
2003,JOR,67.72486877,61.69154358,0.324614763,11
2003,KAZ,11.64021206,15.42288589,-1.096897006,9
2003,KEN,16.93121719,19.90049744,-0.923378527,12
2003,KIR,,78.60696411,0.83328414,2
2003,PRK,3.703703642,12.4378109,-1.167234182,7
2003,KOR,73.01587677,72.13930511,0.80029881,10
2003,XKX,38.62434006,24.37810898,-0.833982408,3
2003,KWT,74.6031723,66.66666412,0.548373997,7
2003,KGZ,11.11111069,26.86567116,-0.760160029,7
2003,LAO,22.22222137,6.965174198,-1.380210757,6
2003,LVA,62.9629631,67.66168976,0.58185941,9
2003,LBN,34.3915329,43.28358078,-0.346831739,8
2003,LSO,52.38095093,54.72636795,0.084663391,7
2003,LBR,7.936507702,3.98009944,-1.533646107,8
2003,LBY,20.63492012,21.39303398,-0.907567978,9
2003,LIE,88.35978699,88.05970001,1.271467805,3
2003,LTU,68.25396729,64.67662048,0.485247016,9
2003,LUX,91.53439331,95.52238464,1.827028513,6
2003,MAC,79.36508179,86.56716156,1.228445053,1
2003,MDG,50.26454926,44.77611923,-0.246573523,9
2003,MWI,26.45502663,46.7661705,-0.180311486,11
2003,MYS,67.19577026,63.68159103,0.466075152,11
2003,MDV,57.1428566,54.22885513,0.079446733,5
2003,MLI,26.98412704,53.2338295,0.030082576,10
2003,MLT,80.42327881,92.53731537,1.539959669,5
2003,MHL,,78.60696411,0.83328414,2
2003,MTQ,79.36508179,83.08457947,0.965852797,1
2003,MRT,57.67195892,31.84079552,-0.616726696,6
2003,MUS,61.37565994,81.0945282,0.924558163,9
2003,MEX,48.67724991,42.28855896,-0.377902716,11
2003,FSM,,78.60696411,0.83328414,2
2003,MDA,21.16402054,36.81592178,-0.539445102,9
2003,MCO,,78.60696411,0.83328414,2
2003,MNG,49.20634842,61.19403076,0.298580945,7
2003,MNE,42.32804108,47.26368332,-0.175401419,3
2003,MAR,45.5026474,49.25373077,-0.112911001,11
2003,MOZ,32.80423355,28.85572052,-0.701580405,11
2003,MMR,1.587301612,1.49253726,-1.703699946,8
2003,NAM,60.84656143,60.69651794,0.288175642,11
2003,NRU,,78.60696411,0.83328414,2
2003,NPL,34.92063522,32.83581924,-0.61063081,7
2003,NLD,95.76719666,95.02487183,1.709473133,9
2003,ANT,,,,
2003,NZL,98.94179535,97.0149231,1.848329544,9
2003,NIC,37.0370369,34.82587051,-0.56024915,11
2003,NER,17.98941803,37.3134346,-0.522455037,8
2003,NGA,4.232804298,4.975124359,-1.512510061,12
2003,NIU,,,,
2003,MKD,30.68782997,38.30845642,-0.50677222,9
2003,NOR,96.29629517,97.51243591,1.881104231,9
2003,OMN,73.54497528,64.17910767,0.466124862,7
2003,PAK,24.33862495,20.39801025,-0.920624614,10
2003,PLW,,78.60696411,0.83328414,2
2003,PAN,43.38624191,48.75621796,-0.140504897,10
2003,PNG,23.80952454,18.9054718,-0.945253909,7
2003,PRY,3.174603224,16.91542244,-1.052339792,10
2003,PER,53.43915176,33.83084488,-0.588656902,10
2003,PHL,33.86243439,35.82089615,-0.550385237,10
2003,POL,69.84127045,65.17412567,0.510291219,10
2003,PRT,83.06878662,88.55721283,1.276252508,9
2003,PRI,88.35978699,70.14925385,0.703260601,2
2003,QAT,71.95767212,63.18407822,0.424307197,7
2003,REU,,,,
2003,ROU,42.8571434,45.77114487,-0.210054368,11
2003,RUS,25.39682579,17.91044807,-0.957668245,11
2003,RWA,35.44973373,17.41293526,-0.958221376,7
2003,WSM,56.08465576,88.05970001,1.271467805,3
2003,SMR,,78.60696411,0.83328414,2
2003,STP,54.4973526,45.27363205,-0.218190566,5
2003,SAU,52.91005325,55.72139359,0.108946495,8
2003,SEN,53.96825409,50.74626923,-0.052030485,11
2003,SRB,39.15343857,21.8905468,-0.904821992,10
2003,SYC,75.13227844,70.64676666,0.764780939,6
2003,SLE,19.57671928,11.94029808,-1.194705486,9
2003,SGP,97.88359833,92.03980255,1.53715086,10
2003,SVK,65.6084671,62.1890564,0.33178857,10
2003,SVN,79.8941803,79.10447693,0.849399567,10
2003,SLB,61.90476227,58.70646667,0.210127503,3
2003,SOM,2.116402149,0,-2.048284769,7
2003,ZAF,64.55026245,53.73134232,0.037599266,12
2003,SSD,,,,
2003,ESP,88.8888855,87.06467438,1.247760773,9
2003,LKA,47.61904907,59.70149231,0.244941875,10
2003,KNA,,78.60696411,0.83328414,2
2003,LCA,,78.60696411,0.83328414,2
2003,VCT,,78.60696411,0.83328414,2
2003,SDN,7.407407284,3.482587099,-1.556952,9
2003,SUR,66.66666412,50.24875641,-0.052874338,5
2003,SWE,97.35449982,98.00994873,1.886711001,9
2003,CHE,96.82539368,98.50746155,1.89939785,9
2003,SYR,24.86772537,39.30348206,-0.483061969,8
2003,TWN,75.66137695,82.08955383,0.947547615,10
2003,TJK,8.465608597,16.41790962,-1.066578031,7
2003,TZA,28.04232788,43.7810936,-0.308773816,11
2003,THA,51.32275009,57.21393204,0.153711155,10
2003,TLS,48.14814758,40.29850769,-0.429828256,6
2003,TGO,19.04761887,18.40796089,-0.955924153,8
2003,TON,,47.76119232,-0.174448386,2
2003,TTO,59.25925827,59.20397949,0.234208837,8
2003,TUN,60.31745911,46.26865768,-0.190574974,10
2003,TUR,49.73545074,55.22388077,0.103039585,10
2003,TKM,12.6984129,8.45771122,-1.318964601,6
2003,TUV,,78.60696411,0.83328414,2
2003,UGA,17.46031761,36.31840897,-0.540637612,12
2003,UKR,16.40211678,24.8756218,-0.823217571,10
2003,ARE,76.19047546,66.16915131,0.544806302,7
2003,GBR,95.23809814,94.02985382,1.667399526,9
2003,USA,92.06349182,93.03482819,1.554449558,9
2003,URY,82.53968048,68.65671539,0.656516373,10
2003,UZB,18.51851845,9.950248718,-1.246617198,8
2003,VUT,64.02116394,80.59701538,0.911131322,3
2003,VEN,10.05290985,7.960198879,-1.336354256,12
2003,VNM,39.68254089,30.34825897,-0.636823535,10
2003,VIR,,,,
2003,PSE,44.44444275,49.75124359,-0.107248865,4
2003,YEM,13.75661373,9.452735901,-1.26041019,9
2003,ZMB,33.33333206,41.79104614,-0.381814122,11
2003,ZWE,6.878306866,2.48756218,-1.60702157,12
2004,AFG,6.403940678,2.403846264,-1.693925261,7
2004,ALB,27.58620644,29.32692337,-0.701032341,9
2004,DZA,29.06403923,34.13461685,-0.616287351,13
2004,ASM,76.84729004,74.5192337,0.83959645,1
2004,AND,84.2364502,87.5,1.194324493,3
2004,AGO,5.911330223,5.288461685,-1.520916343,12
2004,AIA,78.32512665,86.05769348,1.143317938,1
2004,ATG,78.81773376,78.36538696,0.908433735,4
2004,ARG,39.90147781,25.48077011,-0.767380178,12
2004,ARM,28.5714283,38.46154022,-0.481950611,9
2004,ABW,85.22167206,80.7692337,0.915526807,1
2004,AUS,96.55172729,95.67308044,1.795392394,9
2004,AUT,97.04433441,96.15384674,1.816664338,9
2004,AZE,10.34482765,19.71153831,-0.900518477,10
2004,BHS,91.62561798,90.38461304,1.38215363,4
2004,BHR,69.950737,69.2307663,0.696617663,10
2004,BGD,0.985221684,14.90384579,-1.122482061,11
2004,BRB,91.13300323,91.34615326,1.424127698,5
2004,BLR,25.61576271,12.5,-1.188538194,8
2004,BEL,90.14778137,88.94230652,1.311229825,9
2004,BLZ,53.69458008,50.48077011,-0.052921403,4
2004,BEN,33.99014664,39.42307663,-0.476601571,8
2004,BMU,88.17733765,84.61538696,1.092697859,1
2004,BTN,80.78817749,58.65384674,0.223591417,7
2004,BOL,24.63054276,33.17307663,-0.626744568,13
2004,BIH,43.84236526,37.5,-0.490674227,10
2004,BWA,79.80295563,67.78845978,0.562500656,12
2004,BRA,54.67980194,41.34615326,-0.400920123,12
2004,BRN,68.96551514,61.05769348,0.370861232,4
2004,BGR,57.1428566,49.51922989,-0.118167765,10
2004,BFA,51.23152542,36.53845978,-0.535743415,10
2004,BDI,16.74876785,5.769230843,-1.479950547,8
2004,CPV,66.00984955,60.57692337,0.341849148,8
2004,KHM,14.28571415,10.57692337,-1.214471936,9
2004,CMR,11.82266045,13.46153831,-1.173222542,10
2004,CAN,92.1182251,94.71154022,1.68714726,9
2004,CYM,86.69950867,86.05769348,1.143317938,1
2004,CAF,1.970443368,4.326922894,-1.562012315,8
2004,TCD,2.955665112,7.692307472,-1.333033085,9
2004,CHL,87.68473053,86.53845978,1.16569674,12
2004,CHN,33.49753571,35.57692337,-0.585468709,12
2004,COL,52.21674728,29.80769157,-0.695200145,14
2004,COM,22.1674881,16.82692337,-1.016921878,7
2004,COD,3.448275805,1.923076868,-1.718435168,10
2004,COG,15.27093601,12.01923084,-1.190250158,8
2004,COK,,,,
2004,CRI,63.05418777,64.42308044,0.502903223,12
2004,CIV,9.852216721,6.730769157,-1.424531221,10
2004,HRV,61.08374405,54.80769348,0.041216489,11
2004,CUB,60.59113312,15.38461494,-1.107119799,9
2004,CYP,79.31034851,78.84615326,0.908674181,8
2004,CZE,68.47290802,70.19230652,0.758330762,10
2004,DNK,99.50739288,99.03845978,1.930523992,9
2004,DJI,39.40886688,25,-0.772796214,7
2004,DMA,74.87684631,69.71154022,0.7200284,4
2004,DOM,32.01970291,30.76922989,-0.680870891,12
2004,ECU,27.0935955,25.96153831,-0.76489985,13
2004,EGY,32.51231384,52.88461685,0.013317895,13
2004,SLV,35.96059036,37.01922989,-0.490908056,12
2004,GNQ,5.418719292,11.53846169,-1.196568251,8
2004,ERI,51.72413635,18.26922989,-0.933583379,9
2004,EST,82.75862122,76.92308044,0.883017778,10
2004,SWZ,49.26108551,22.11538506,-0.800742328,8
2004,ETH,26.10837364,20.19230843,-0.893445909,12
2004,FJI,63.54679871,56.73077011,0.06838835,5
2004,FIN,100,99.5192337,1.939888597,9
2004,FRA,88.66995239,91.82691956,1.425192833,9
2004,GUF,76.84729004,66.34615326,0.535874784,1
2004,GAB,23.15270996,37.98077011,-0.48354283,9
2004,GMB,34.9753685,42.30769348,-0.389444947,9
2004,GEO,37.43842316,27.88461494,-0.749769986,9
2004,DEU,93.59606171,93.75,1.620204449,9
2004,GHA,47.29064178,48.55769348,-0.126287416,12
2004,GRC,70.44335175,77.40384674,0.899134219,9
2004,GRL,,,,
2004,GRD,74.87684631,59.13461685,0.280416071,5
2004,GUM,67.48768616,82.69230652,0.991457164,1
2004,GTM,30.04926109,16.34615326,-1.062098503,13
2004,GIN,20.6896553,8.17307663,-1.302322268,9
2004,GNB,7.881773472,11.05769253,-1.1984483,8
2004,GUY,40.88669968,33.65384674,-0.619943142,6
2004,HTI,2.46305418,1.442307711,-1.729329109,9
2004,HND,18.71921158,21.63461494,-0.850290716,13
2004,HKG,94.08866882,92.78845978,1.567833304,7
2004,HUN,73.89162445,75,0.846134841,10
2004,ISL,98.02955627,98.55769348,1.906124234,8
2004,IND,37.93103409,55.76922989,0.053356059,11
2004,IDN,17.73398972,28.84615326,-0.732880175,12
2004,IRN,42.8571434,31.73077011,-0.673581481,11
2004,IRQ,1.477832556,0.480769217,-1.824270368,8
2004,IRL,87.19211578,92.30769348,1.510679841,9
2004,ISR,81.77339935,75.4807663,0.848270535,9
2004,ITA,66.50246429,68.2692337,0.590003908,9
2004,JAM,41.37931061,40.38461685,-0.412029088,10
2004,JPN,85.7142868,88.46154022,1.249472499,9
2004,JEY,,,,
2004,JOR,64.03940582,59.61538315,0.297468901,13
2004,KAZ,12.31527138,14.42307663,-1.126467347,10
2004,KEN,20.19704437,20.67307663,-0.864229918,13
2004,KIR,71.42857361,68.75,0.604025424,3
2004,PRK,4.433497429,8.653845787,-1.275382996,9
2004,KOR,67.98029327,79.32691956,0.909604073,10
2004,XKX,45.32019806,22.59615326,-0.795212448,3
2004,KWT,75.36946106,64.90384674,0.507475495,8
2004,KGZ,12.80788136,23.07692337,-0.793166995,8
2004,LAO,11.33004951,9.134614944,-1.259657979,8
2004,LVA,59.60591125,66.82691956,0.538846016,9
2004,LBN,31.52709389,45.67307663,-0.201959789,10
2004,LSO,53.20196915,49.03845978,-0.12588723,8
2004,LBR,6.896551609,3.846153736,-1.563163638,9
2004,LBY,19.70443344,19.23077011,-0.910640359,11
2004,LIE,89.65517426,84.13461304,1.080844164,3
2004,LTU,66.99507141,67.30769348,0.560759306,9
2004,LUX,93.10344696,96.63461304,1.844977856,6
2004,MAC,90.64039612,89.90384674,1.371109247,1
2004,MDG,44.3349762,43.75,-0.274371654,10
2004,MWI,25.12315178,48.07692337,-0.130423248,12
2004,MYS,64.53202057,62.98077011,0.458940268,12
2004,MDV,46.79803085,43.26922989,-0.298393637,6
2004,MLI,29.55665016,46.15384674,-0.194137424,11
2004,MLT,77.8325119,89.42308044,1.313317418,5
2004,MHL,,74.03845978,0.826330423,2
2004,MTQ,80.29556274,81.25,0.966147006,1
2004,MRT,42.36453247,26.92307663,-0.757936656,8
2004,MUS,59.11330032,77.88461304,0.899706066,10
2004,MEX,41.87192154,40.86538315,-0.40991047,13
2004,FSM,65.02462769,83.17308044,1.012554407,3
2004,MDA,14.77832508,42.78845978,-0.36706993,10
2004,MCO,,74.03845978,0.826330423,2
2004,MNG,47.78325272,57.69230652,0.17883037,8
2004,MNE,36.45320129,45.19230652,-0.215662122,3
2004,MAR,48.76847458,50.96154022,-0.049032051,13
2004,MOZ,30.54187202,31.25,-0.680054009,13
2004,MMR,0.492610842,0.961538434,-1.736289382,9
2004,NAM,58.62068939,51.44230652,-0.022537267,12
2004,NRU,,74.03845978,0.826330423,2
2004,NPL,18.22660065,27.40384674,-0.753035843,9
2004,NLD,95.56650543,95.19230652,1.738020301,9
2004,ANT,72.41379547,80.7692337,0.915526807,1
2004,NZL,99.01477814,97.11538696,1.848830819,9
2004,NIC,38.42364502,24.03846169,-0.788531184,13
2004,NER,21.18226624,32.21154022,-0.649457633,9
2004,NGA,4.92610836,6.25,-1.439663053,13
2004,NIU,,,,
2004,MKD,34.48275757,46.63461685,-0.192752615,10
2004,NOR,95.07389069,100,1.9619627,9
2004,OMN,73.39901733,65.86538696,0.51106745,7
2004,PAK,10.83743858,17.30769157,-0.994449377,11
2004,PLW,,74.03845978,0.826330423,2
2004,PAN,45.81280899,50,-0.107689194,12
2004,PNG,15.76354694,26.44230843,-0.762719393,8
2004,PRY,3.940886736,17.78846169,-0.981866181,12
2004,PER,38.91625595,36.05769348,-0.545422077,12
2004,PHL,28.07881737,32.69230652,-0.628952265,12
2004,POL,58.12807846,61.53845978,0.416306943,10
2004,PRT,84.72906494,87.9807663,1.233051419,9
2004,PRI,86.69950867,71.15384674,0.788976133,2
2004,QAT,70.93595886,60.09615326,0.338918656,8
2004,REU,82.26600647,83.65384674,1.067387581,1
2004,ROU,44.82758713,47.11538315,-0.186782703,12
2004,RUS,23.64532089,18.75,-0.915175259,11
2004,RWA,40.39408875,21.15384674,-0.851733506,9
2004,WSM,49.75369644,82.21154022,0.989858389,3
2004,SMR,,74.03845978,0.826330423,2
2004,STP,36.94581223,44.71154022,-0.231533602,6
2004,SAU,46.30541992,52.40384674,0.012112825,9
2004,SEN,56.15763474,53.84615326,0.020185215,11
2004,SRB,35.46797943,28.36538506,-0.738363147,10
2004,SYC,71.92118073,65.38461304,0.510814488,8
2004,SLE,21.67487717,13.94230747,-1.150321126,10
2004,SGP,98.52217102,94.2307663,1.638096452,10
2004,SVK,65.51724243,63.94230652,0.464085937,10
2004,SVN,83.25122833,79.80769348,0.913738012,10
2004,SLB,54.18719101,23.55769157,-0.789211392,4
2004,SOM,0,0,-2.288663864,8
2004,ZAF,69.45812988,51.92307663,0.004516266,13
2004,SSD,,,,
2004,ESP,89.16255951,85.09615326,1.128972054,9
2004,LKA,50.73891449,58.17307663,0.21113658,11
2004,KNA,60.09852219,76.44230652,0.866565824,4
2004,LCA,62.56157684,71.63461304,0.803764105,4
2004,VCT,62.56157684,76.44230652,0.866565824,4
2004,SDN,9.359605789,4.807692528,-1.531639934,10
2004,SUR,61.57635498,47.59615326,-0.179757029,6
2004,SWE,97.53694916,97.59615326,1.872562289,9
2004,CHE,96.05911255,98.07691956,1.886195421,9
2004,SYR,22.66009903,39.90384674,-0.476456583,11
2004,TWN,77.33990479,81.7307663,0.984944701,10
2004,TJK,7.38916254,12.98076916,-1.183137178,8
2004,TZA,33.00492477,41.82692337,-0.389665663,12
2004,THA,48.27586365,56.25,0.062387291,12
2004,TLS,43.34975433,35.09615326,-0.592411339,7
2004,TGO,19.21182251,15.86538506,-1.10269165,9
2004,TON,57.63546753,53.36538315,0.014129568,4
2004,TTO,55.6650238,54.32692337,0.036098801,9
2004,TUN,56.65024567,55.28845978,0.046694163,13
2004,TUR,50.24630356,57.21154022,0.084699281,12
2004,TKM,8.374383926,3.365384579,-1.628067613,6
2004,TUV,76.84729004,70.67308044,0.762897849,3
2004,UGA,24.13793182,30.28846169,-0.693985939,13
2004,UKR,16.25615692,24.51922989,-0.775088072,10
2004,ARE,83.74384308,62.01922989,0.433262318,9
2004,GBR,94.58128357,93.2692337,1.607600212,9
2004,USA,92.61083984,90.86538696,1.418304443,9
2004,URY,81.28078461,62.5,0.456370503,11
2004,UZB,13.79310322,7.211538315,-1.336809754,8
2004,VUT,52.70935822,63.46154022,0.460913152,4
2004,VEN,17.24137878,9.615385056,-1.256648779,13
2004,VNM,26.60098457,34.61538315,-0.604071081,11
2004,VIR,72.90640259,87.0192337,1.193938255,1
2004,PSE,55.17241287,44.23077011,-0.269434273,6
2004,YEM,13.30049229,10.09615421,-1.233476639,11
2004,ZMB,31.03448296,38.94230652,-0.479586214,13
2004,ZWE,8.866994858,2.884615421,-1.688897371,13
2005,AFG,1.463414669,2.392344475,-1.662965536,8
2005,ALB,22.92682838,28.7081337,-0.763833165,11
2005,DZA,40.97560883,27.27272797,-0.773644507,14
2005,ASM,77.56097412,84.68899536,1.109415412,1
2005,AND,88.29268646,81.8181839,0.966194272,3
2005,AGO,6.341463566,6.220095634,-1.464794993,12
2005,AIA,88.29268646,93.30143738,1.633369088,1
2005,ATG,73.65853882,69.37799072,0.659244239,4
2005,ARG,43.4146347,34.44976044,-0.557991087,13
2005,ARM,29.75609779,40.66985703,-0.388776749,10
2005,ABW,88.29268646,77.99043274,0.847438395,1
2005,AUS,95.60975647,95.21530914,1.71280241,9
2005,AUT,95.12194824,97.60765839,1.847249508,9
2005,AZE,15.60975647,26.79425812,-0.792612433,12
2005,BHS,89.26829529,89.95215607,1.366913676,4
2005,BHR,66.82926941,68.89952087,0.597055912,10
2005,BGD,2.926829338,17.70335007,-0.978551865,12
2005,BRB,90.73170471,89.47368622,1.334750891,5
2005,BLR,26.8292675,11.96172237,-1.155784011,8
2005,BEL,90.24390411,88.51674652,1.257640839,9
2005,BLZ,51.21951294,51.19617081,-0.048588708,4
2005,BEN,20.48780441,35.40670013,-0.534019768,11
2005,BMU,88.29268646,77.99043274,0.847438395,1
2005,BTN,79.02439117,59.33014297,0.332806766,8
2005,BOL,24.39024353,28.22966576,-0.765424848,14
2005,BIH,49.26829147,36.36363602,-0.519786179,10
2005,BWA,82.92682648,66.02870941,0.541108727,14
2005,BRA,51.70731735,38.75598145,-0.475531459,13
2005,BRN,61.46341324,57.89473724,0.23348026,4
2005,BGR,56.5853653,49.76076508,-0.108557619,11
2005,BFA,53.658535,38.2775116,-0.500521123,12
2005,BDI,18.04878044,13.39712906,-1.128466725,9
2005,CPV,71.21951294,59.80861282,0.374146014,8
2005,KHM,10.24390221,10.04784679,-1.241782188,10
2005,CMR,11.21951199,11.00478458,-1.190440297,13
2005,CAN,93.65853882,93.77990723,1.6501472,9
2005,CYM,88.29268646,77.99043274,0.847438395,1
2005,CAF,7.804878235,6.698564529,-1.451329947,9
2005,TCD,0.975609779,4.78468895,-1.503738165,11
2005,CHL,91.21951294,87.08133698,1.210211039,12
2005,CHN,32.19512177,32.05741501,-0.650172889,12
2005,COL,52.19512177,33.01435471,-0.633081853,15
2005,COM,19.51219559,16.26794243,-1.044190645,7
2005,COD,1.951219559,3.82775116,-1.544528484,11
2005,COG,15.1219511,5.74162674,-1.471203566,11
2005,COK,70.73170471,86.12440491,1.123326659,
2005,CRI,65.36585236,63.63636398,0.49726367,13
2005,CIV,9.268292427,4.306220055,-1.539367676,11
2005,HRV,58.53658676,55.02392197,0.083347566,12
2005,CUB,62.92683029,14.83253574,-1.086534739,9
2005,CYP,79.51219177,79.42583466,0.877258122,8
2005,CZE,68.78048706,78.46890259,0.857741058,11
2005,DNK,99.02439117,99.0430603,1.936109066,9
2005,DJI,27.80487823,19.61722565,-0.954747617,8
2005,DMA,74.63414764,69.85646057,0.677165985,4
2005,DOM,28.29268265,31.10047913,-0.685749292,12
2005,ECU,25.36585426,24.88038254,-0.821377993,14
2005,EGY,36.09756088,54.06698608,-0.001223235,14
2005,SLV,38.53658676,37.79904175,-0.505208492,13
2005,GNQ,2.439024448,10.52631569,-1.238877058,9
2005,ERI,47.31707382,18.18181801,-0.975512564,10
2005,EST,80.97560883,80.38277435,0.903708637,10
2005,SWZ,48.29268265,22.48803902,-0.879012823,8
2005,ETH,23.4146347,21.05263138,-0.938896775,13
2005,FJI,49.75609589,55.98086166,0.103356399,5
2005,FIN,100,100,1.950941563,9
2005,FRA,89.75609589,90.43061829,1.407830477,10
2005,GUF,77.56097412,77.99043274,0.847438395,1
2005,GAB,31.21951294,40.19138718,-0.396706045,9
2005,GMB,28.78048706,39.23445129,-0.456847787,10
2005,GEO,50.24390411,30.62200928,-0.695962608,10
2005,DEU,94.14633942,94.25836945,1.652198195,9
2005,GHA,43.90243912,48.80382919,-0.134525463,14
2005,GRC,64.87805176,73.20574188,0.784953773,9
2005,GRL,,,,
2005,GRD,74.63414764,60.28708267,0.378238171,4
2005,GUM,77.56097412,84.68899536,1.109415412,1
2005,GTM,29.26829338,15.78947353,-1.048306942,14
2005,GIN,14.14634132,7.177033424,-1.423453331,10
2005,GNB,12.68292713,9.090909004,-1.259566665,8
2005,GUY,35.12195206,31.57894707,-0.663847804,8
2005,HTI,3.414634228,1.91387558,-1.663088679,9
2005,HND,22.43902397,27.75119591,-0.77110076,14
2005,HKG,93.17073059,92.82296753,1.60160768,7
2005,HUN,72.19512177,75.11961365,0.838809192,10
2005,ISL,99.51219177,99.52153015,1.939324021,8
2005,IND,44.87804794,56.93779755,0.133130163,12
2005,IDN,18.53658485,26.31579018,-0.797872186,13
2005,IRN,40.48780441,22.96650696,-0.865804315,11
2005,IRQ,4.390244007,1.435406685,-1.716897011,9
2005,IRL,92.19512177,92.34449768,1.584284186,9
2005,ISR,78.53658295,73.68421173,0.807715952,9
2005,ITA,67.80487823,64.59329987,0.509243011,9
2005,JAM,46.341465,39.71291733,-0.410603523,10
2005,JPN,83.9024353,88.03827667,1.224396586,9
2005,JEY,,,,
2005,JOR,63.4146347,58.37320709,0.29918322,14
2005,KAZ,16.5853653,20.09569359,-0.953236163,12
2005,KEN,17.07317162,22.00956917,-0.880881011,15
2005,KIR,62.43902588,70.81340027,0.750548363,3
2005,PRK,8.292682648,12.91866016,-1.141587377,9
2005,KOR,71.70731354,82.29665375,0.974222898,11
2005,XKX,38.04878235,24.4019146,-0.821679115,4
2005,KWT,69.75609589,65.55023956,0.527741909,10
2005,KGZ,8.780488014,13.87559795,-1.123240829,9
2005,LAO,6.829268456,11.48325348,-1.173480153,8
2005,LVA,65.85366058,66.98564911,0.565877914,9
2005,LBN,37.56097412,45.45454407,-0.232234254,10
2005,LSO,57.56097412,46.41148376,-0.189165324,8
2005,LBR,10.73170757,8.133971214,-1.319937825,9
2005,LBY,17.56097603,17.22488022,-0.980864763,11
2005,LIE,88.29268646,81.8181839,0.966194272,3
2005,LTU,64.39024353,67.94258118,0.577139497,9
2005,LUX,92.68292999,96.65071869,1.818800569,6
2005,MAC,70.24390411,70.33493042,0.720198452,1
2005,MDG,55.12195206,41.62679291,-0.352792233,12
2005,MWI,27.31707382,49.28229523,-0.123802178,15
2005,MYS,59.51219559,61.7224884,0.433445394,12
2005,MDV,41.46341324,55.50239182,0.09036915,6
2005,MLI,39.02439117,47.36841965,-0.140042946,12
2005,MLT,78.04878235,90.90908813,1.415869355,5
2005,MHL,47.80487823,64.11483002,0.498723,2
2005,MTQ,77.56097412,77.99043274,0.847438395,1
2005,MRT,36.5853653,29.18660355,-0.725180209,10
2005,MUS,60.97560883,80.8612442,0.941242993,10
2005,MEX,45.85365677,41.14832687,-0.382989526,14
2005,FSM,53.17073059,86.60286713,1.133569241,3
2005,MDA,30.24390221,42.10526276,-0.351528734,11
2005,MCO,,72.72727203,0.776517034,2
2005,MNG,33.658535,45.93301392,-0.218004078,10
2005,MNE,45.36585236,47.8468895,-0.138817459,4
2005,MAR,41.95121765,44.97607803,-0.269636899,14
2005,MOZ,37.07316971,32.53588486,-0.633744419,14
2005,MMR,0.48780489,0.95693779,-1.735870838,9
2005,NAM,59.02439117,50.71770477,-0.066113971,14
2005,NRU,,72.72727203,0.776517034,2
2005,NPL,23.90243912,23.92344475,-0.825216174,10
2005,NLD,96.0975647,95.69377899,1.752622843,9
2005,ANT,88.29268646,77.99043274,0.847438395,1
2005,NZL,98.53658295,97.12918854,1.846398473,10
2005,NIC,32.68292618,33.49282455,-0.614661515,14
2005,NER,26.34146309,29.66507149,-0.721390843,10
2005,NGA,11.70731735,7.655502319,-1.35421598,15
2005,NIU,,,,
2005,MKD,40,44.01913834,-0.297171354,10
2005,NOR,96.5853653,98.56459045,1.912481785,10
2005,OMN,67.31707001,58.85167313,0.306262553,8
2005,PAK,14.63414669,21.53110123,-0.890321434,12
2005,PLW,,72.72727203,0.776517034,2
2005,PAN,42.92683029,50.23923492,-0.101316899,12
2005,PNG,13.17073154,16.74641228,-1.01297164,9
2005,PRY,4.878048897,19.1387558,-0.963428319,12
2005,PER,44.39024353,30.14354134,-0.700787902,13
2005,PHL,30.73170662,43.06220245,-0.333545029,13
2005,POL,61.95121765,62.67942429,0.470091373,11
2005,PRT,81.46341705,87.55980682,1.224315524,9
2005,PRI,88.29268646,68.42105103,0.585461497,2
2005,QAT,72.68292999,67.46411133,0.576530278,9
2005,REU,77.56097412,84.68899536,1.109415412,1
2005,ROU,48.78048706,46.88995361,-0.154217437,13
2005,RUS,21.46341515,18.66028786,-0.963954508,12
2005,RWA,31.70731735,23.44497681,-0.862899542,10
2005,WSM,60.48780441,85.16746521,1.11041069,3
2005,SMR,,72.72727203,0.776517034,2
2005,STP,35.60975647,35.88516617,-0.533665299,6
2005,SAU,54.14634323,52.1531105,-0.022657473,9
2005,SEN,55.60975647,54.54545593,0.009816418,12
2005,SRB,42.43902588,20.57416344,-0.948700786,10
2005,SYC,66.34146118,61.24401855,0.401306272,8
2005,SLE,13.65853691,12.44019127,-1.151015639,11
2005,SGP,98.04878235,94.73683929,1.695873618,10
2005,SVK,68.29268646,63.15789413,0.490570605,10
2005,SVN,80,79.9043045,0.883541584,11
2005,SLB,58.04878235,25.35885239,-0.814222395,4
2005,SOM,0,0,-2.219452381,9
2005,ZAF,69.26829529,52.63158035,-0.011951254,16
2005,SSD,,,,
2005,ESP,88.78048706,85.64593506,1.117549539,9
2005,LKA,46.82926941,57.4162674,0.158469424,12
2005,KNA,83.4146347,78.94736481,0.871094525,4
2005,LCA,84.39024353,74.64115143,0.826629877,4
2005,VCT,82.43902588,74.64115143,0.826629877,4
2005,SDN,3.902439117,2.87081337,-1.649950027,11
2005,SUR,60,48.32535934,-0.13585934,6
2005,SWE,97.56097412,96.17224884,1.797751307,10
2005,CHE,97.07317352,98.08612061,1.901669383,9
2005,SYR,20.97560883,33.97129059,-0.594401121,11
2005,TWN,73.17073059,82.77511597,1.01513648,10
2005,TJK,12.19512177,14.35406685,-1.100242376,9
2005,TZA,33.17073059,44.49760818,-0.286303788,15
2005,THA,50.73170853,53.58851624,-0.007557075,12
2005,TLS,34.63414764,37.32057571,-0.50909394,8
2005,TGO,20,15.31100464,-1.064425945,10
2005,TON,5.365853786,66.50717926,0.559429646,4
2005,TTO,57.07316971,53.11004639,-0.007824289,9
2005,TUN,54.63414764,51.67464066,-0.036268614,13
2005,TUR,56.09756088,56.45933151,0.117468551,13
2005,TKM,5.853658676,3.349282265,-1.611423492,7
2005,TUV,53.17073059,88.99521637,1.261578798,3
2005,UGA,21.95121956,34.92823029,-0.542147875,15
2005,UKR,24.87804794,25.83732033,-0.804544687,10
2005,ARE,80.48780823,60.76554871,0.389575779,9
2005,GBR,94.63414764,91.86602783,1.55816102,10
2005,USA,91.70731354,91.38755798,1.528270125,10
2005,URY,81.95121765,62.20095825,0.458849579,11
2005,UZB,9.756097794,5.263157845,-1.478708982,8
2005,VUT,63.90243912,65.07176971,0.517324984,4
2005,VEN,16.09756088,9.569377899,-1.258513927,13
2005,VNM,25.85365868,43.54066849,-0.317553699,12
2005,VIR,77.56097412,84.68899536,1.109415412,1
2005,PSE,39.51219559,42.5837326,-0.343224317,6
2005,YEM,19.02439117,8.612440109,-1.267335534,11
2005,ZMB,34.14634323,36.84210587,-0.517538428,14
2005,ZWE,7.317073345,0.478468895,-1.834908366,14
2006,AFG,1.951219559,0.478468895,-1.879004836,9
2006,ALB,22.92682838,28.22966576,-0.703135848,13
2006,DZA,35.12195206,25.83732033,-0.775204539,15
2006,ASM,64.87805176,85.16746521,1.069221497,1
2006,AND,88.29268646,74.16268158,0.85568583,3
2006,AGO,7.804878235,8.133971214,-1.31127274,14
2006,AIA,88.29268646,92.34449768,1.586802006,1
2006,ATG,83.4146347,78.46890259,0.921211839,4
2006,ARG,43.4146347,34.44976044,-0.577015638,16
2006,ARM,29.75609779,35.88516617,-0.544567347,13
2006,ABW,88.29268646,72.72727203,0.810431302,1
2006,AUS,95.12194824,94.25836945,1.756738544,10
2006,AUT,94.63414764,98.56459045,1.899768829,10
2006,AZE,12.68292713,21.53110123,-0.885929227,14
2006,BHS,90.24390411,85.64593506,1.075713396,4
2006,BHR,60.48780441,61.24401855,0.370951921,10
2006,BGD,2.926829338,20.57416344,-0.907564044,14
2006,BRB,89.75609589,89.47368622,1.225232124,6
2006,BLR,36.5853653,8.612440109,-1.303660631,10
2006,BEL,88.78048706,88.99521637,1.2245996,10
2006,BLZ,44.39024353,54.06698608,0.023866652,5
2006,BEN,34.14634323,37.32057571,-0.531569779,15
2006,BMU,88.29268646,72.72727203,0.810431302,1
2006,BTN,77.56097412,58.85167313,0.21245949,9
2006,BOL,39.51219559,23.92344475,-0.853729308,16
2006,BIH,45.85365677,39.71291733,-0.496493608,11
2006,BWA,79.02439117,64.59329987,0.513664186,16
2006,BRA,53.17073059,43.06220245,-0.402620196,17
2006,BRN,61.95121765,55.98086166,0.115104832,4
2006,BGR,53.658535,51.19617081,-0.108846173,15
2006,BFA,44.87804794,42.10526276,-0.433823466,16
2006,BDI,12.19512177,18.18181801,-0.98323828,12
2006,CPV,77.07317352,68.89952087,0.640256405,9
2006,KHM,7.317073345,10.04784679,-1.238224626,12
2006,CMR,13.65853691,11.48325348,-1.16298461,15
2006,CAN,95.60975647,96.65071869,1.801083326,12
2006,CYM,88.29268646,85.16746521,1.069221497,1
2006,CAF,8.292682648,3.349282265,-1.544903755,10
2006,TCD,5.365853786,2.87081337,-1.552998543,14
2006,CHL,91.21951294,88.03827667,1.181291223,15
2006,CHN,37.07316971,28.7081337,-0.699893415,13
2006,COL,52.19512177,39.23445129,-0.508387923,17
2006,COM,28.29268265,18.66028786,-0.977074742,8
2006,COD,0.975609779,2.392344475,-1.621696711,12
2006,COG,11.70731735,9.090909004,-1.266345739,11
2006,COK,72.68292999,78.94736481,0.942248106,
2006,CRI,70.24390411,62.67942429,0.389714092,14
2006,CIV,8.780488014,4.306220055,-1.462903976,12
2006,HRV,58.04878235,52.1531105,-0.048246041,14
2006,CUB,62.92683029,26.31579018,-0.7638188,11
2006,CYP,82.43902588,86.60286713,1.09397459,9
2006,CZE,67.80487823,74.64115143,0.862385094,13
2006,DNK,100,100,1.983498931,10
2006,DJI,30.24390221,21.05263138,-0.886092663,9
2006,DMA,73.65853882,69.85646057,0.740866184,4
2006,DOM,27.80487823,33.97129059,-0.584695756,14
2006,ECU,24.39024353,15.31100464,-1.031002641,15
2006,EGY,26.34146309,46.88995361,-0.27896744,16
2006,SLV,42.92683029,29.66507149,-0.691741586,14
2006,GNQ,4.878048897,13.39712906,-1.093562722,9
2006,ERI,42.43902588,11.00478458,-1.180051565,11
2006,EST,81.46341705,87.55980682,1.129732013,12
2006,SWZ,55.60975647,33.49282455,-0.598636866,9
2006,ETH,30.73170662,30.62200928,-0.667515755,16
2006,FJI,60,54.54545593,0.051683944,6
2006,FIN,99.51219177,99.0430603,1.959513426,10
2006,FRA,91.70731354,90.43061829,1.462172866,12
2006,GUF,76.5853653,72.72727203,0.810431302,1
2006,GAB,14.63414669,26.79425812,-0.75450623,10
2006,GMB,26.8292675,44.49760818,-0.37112534,11
2006,GEO,58.53658676,40.66985703,-0.461667329,13
2006,DEU,93.17073059,95.21530914,1.770086169,11
2006,GHA,56.09756088,55.02392197,0.056496635,16
2006,GRC,68.78048706,75.11961365,0.863401473,11
2006,GRL,,,,
2006,GRD,74.14633942,59.33014297,0.259322912,4
2006,GUM,76.5853653,85.16746521,1.069221497,1
2006,GTM,21.46341515,12.91866016,-1.097761035,17
2006,GIN,11.21951199,5.263157845,-1.420995474,11
2006,GNB,13.17073154,9.569377899,-1.256101966,9
2006,GUY,34.63414764,34.92823029,-0.564467251,10
2006,HTI,6.341463566,5.74162674,-1.412974358,12
2006,HND,21.95121956,17.22488022,-0.988683164,15
2006,HKG,93.65853882,90.90908813,1.539627671,9
2006,HUN,73.17073059,79.9043045,0.976617098,12
2006,ISL,97.56097412,98.08612061,1.88209331,9
2006,IND,47.31707382,57.4162674,0.178989619,15
2006,IDN,20.48780441,29.18660355,-0.694450855,16
2006,IRN,38.04878235,16.26794243,-0.994356155,13
2006,IRQ,1.463414669,1.435406685,-1.680826664,9
2006,IRL,92.19512177,93.77990723,1.708898306,11
2006,ISR,80,77.03349304,0.891168356,12
2006,ITA,71.21951294,61.7224884,0.379006386,11
2006,JAM,46.341465,43.54066849,-0.396132678,12
2006,JPN,89.26829529,89.95215607,1.351525664,11
2006,JEY,,,,
2006,JOR,64.39024353,60.28708267,0.303705812,16
2006,KAZ,18.04878044,12.44019127,-1.102119327,14
2006,KEN,19.51219559,22.48803902,-0.882364631,18
2006,KIR,59.02439117,76.55502319,0.885014534,3
2006,PRK,2.439024448,6.698564529,-1.393410683,9
2006,KOR,65.36585236,73.68421173,0.83795172,13
2006,XKX,37.56097412,22.96650696,-0.858364582,5
2006,KWT,70.73170471,65.55023956,0.529348493,12
2006,KGZ,6.829268456,7.655502319,-1.317292809,12
2006,LAO,5.853658676,15.78947353,-1.014828324,10
2006,LVA,68.29268646,66.98564911,0.61689353,10
2006,LBN,17.56097603,33.01435471,-0.601163983,13
2006,LSO,57.07316971,47.36841965,-0.236582726,10
2006,LBR,27.31707382,22.00956917,-0.883909762,11
2006,LBY,14.14634132,13.87559795,-1.080170631,11
2006,LIE,88.29268646,82.77511597,1.059530973,3
2006,LTU,59.51219559,69.37799072,0.706575036,11
2006,LUX,94.14633942,93.30143738,1.686774373,7
2006,MAC,66.82926941,63.15789413,0.434603959,1
2006,MDG,51.70731735,41.14832687,-0.448409081,15
2006,MWI,36.09756088,48.80382919,-0.222235888,16
2006,MYS,62.43902588,63.63636398,0.449109823,14
2006,MDV,32.68292618,52.63158035,-0.034912698,6
2006,MLI,38.53658676,46.41148376,-0.287434399,15
2006,MLT,80.48780823,91.38755798,1.555626631,6
2006,MHL,31.21951294,68.42105103,0.627963364,2
2006,MTQ,76.5853653,72.72727203,0.810431302,1
2006,MRT,25.85365868,25.35885239,-0.79064399,14
2006,MUS,63.90243912,73.20574188,0.830360055,11
2006,MEX,43.90243912,40.19138718,-0.472546279,17
2006,FSM,54.63414764,88.51674652,1.183637261,3
2006,MDA,31.70731735,38.2775116,-0.517649949,12
2006,MCO,,81.8181839,0.984307051,2
2006,MNG,33.658535,45.93301392,-0.316718906,11
2006,MNE,40.97560883,49.76076508,-0.212690175,9
2006,MAR,39.02439117,45.45454407,-0.318183392,16
2006,MOZ,32.19512177,31.57894707,-0.619978487,17
2006,MMR,0.48780489,3.82775116,-1.535485148,9
2006,NAM,61.46341324,58.37320709,0.196435556,14
2006,NRU,,81.8181839,0.984307051,2
2006,NPL,28.78048706,31.10047913,-0.621390879,13
2006,NLD,96.0975647,94.73683929,1.769746184,10
2006,ANT,88.29268646,72.72727203,0.810431302,1
2006,NZL,99.02439117,96.17224884,1.794790864,12
2006,NIC,29.26829338,27.27272797,-0.752042234,16
2006,NER,20.97560883,32.53588486,-0.601572275,13
2006,NGA,10.73170757,14.35406685,-1.075395942,18
2006,NIU,,,,
2006,MKD,40.48780441,36.36363602,-0.537630379,11
2006,NOR,97.07317352,99.52153015,1.965772152,12
2006,OMN,67.31707001,59.80861282,0.286412954,8
2006,PAK,22.43902397,23.44497681,-0.857247531,15
2006,PLW,,81.8181839,0.984307051,2
2006,PAN,41.95121765,50.23923492,-0.155252963,13
2006,PNG,10.24390221,24.4019146,-0.834696293,9
2006,PRY,9.756097794,19.1387558,-0.971096039,14
2006,PER,48.78048706,27.75119591,-0.704654872,16
2006,PHL,20,42.5837326,-0.406893373,16
2006,POL,63.4146347,62.20095825,0.382761627,13
2006,PRT,80.97560883,79.42583466,0.97526747,11
2006,PRI,71.70731354,65.07176971,0.51868993,3
2006,QAT,78.53658295,67.94258118,0.624771059,10
2006,REU,76.5853653,85.16746521,1.069221497,1
2006,ROU,49.26829147,50.71770477,-0.134708419,16
2006,RUS,19.02439117,17.70335007,-0.987496436,15
2006,RWA,49.75609589,30.14354134,-0.675532937,12
2006,WSM,65.85366058,82.29665375,0.987025738,3
2006,SMR,,81.8181839,0.984307051,2
2006,STP,47.80487823,38.75598145,-0.510794938,7
2006,SAU,50.73170853,53.58851624,0.011266703,11
2006,SEN,41.46341324,49.28229523,-0.22130622,15
2006,SRB,46.82926941,36.84210587,-0.536948502,12
2006,SYC,66.34146118,56.45933151,0.171267152,8
2006,SLE,16.5853653,16.74641228,-0.992507756,14
2006,SGP,98.04878235,91.86602783,1.573898673,12
2006,SVK,69.26829529,64.11483002,0.488393605,11
2006,SVN,81.95121765,77.51196289,0.89984107,12
2006,SLB,50.24390411,32.05741501,-0.603670895,4
2006,SOM,0,0,-2.350462914,9
2006,ZAF,69.75609589,57.89473724,0.181309819,19
2006,SSD,,,,
2006,ESP,84.87805176,87.08133698,1.119876862,11
2006,LKA,51.21951294,56.93779755,0.177752674,14
2006,KNA,83.4146347,78.46890259,0.921211839,4
2006,LCA,84.39024353,76.07655334,0.873946965,4
2006,VCT,79.51219177,76.07655334,0.873946965,4
2006,SDN,9.268292427,7.177033424,-1.376057744,12
2006,SUR,55.12195206,48.32535934,-0.226305485,8
2006,SWE,98.53658295,97.60765839,1.851176381,12
2006,CHE,96.5853653,97.12918854,1.803771615,10
2006,SYR,18.53658485,20.09569359,-0.930595398,12
2006,TWN,72.19512177,70.33493042,0.773827016,12
2006,TJK,16.09756088,10.52631569,-1.182174087,12
2006,TZA,48.29268265,41.62679291,-0.444665194,17
2006,THA,40,51.67464066,-0.069355071,14
2006,TLS,33.17073059,11.96172237,-1.110409856,9
2006,TGO,15.60975647,19.61722565,-0.9487499,12
2006,TON,3.902439117,67.46411133,0.619174004,4
2006,TTO,52.68292618,47.8468895,-0.226843059,10
2006,TUN,56.5853653,55.50239182,0.112958908,14
2006,TUR,57.56097412,53.11004639,-0.003374322,15
2006,TKM,3.414634228,1.91387558,-1.641041875,7
2006,TUV,54.63414764,86.12440491,1.079418302,3
2006,UGA,23.90243912,44.97607803,-0.325426668,18
2006,UKR,24.87804794,24.88038254,-0.821370304,12
2006,ARE,78.04878235,60.76554871,0.311535925,9
2006,GBR,92.68292999,95.69377899,1.772394538,12
2006,USA,90.73170471,92.82296753,1.592660189,14
2006,URY,83.9024353,66.02870941,0.551547348,13
2006,UZB,17.07317162,4.78468895,-1.453594685,9
2006,VUT,60.97560883,66.50717926,0.567534447,4
2006,VEN,15.1219511,6.220095634,-1.409444451,16
2006,VNM,25.36585426,37.79904175,-0.518898845,15
2006,VIR,76.5853653,85.16746521,1.069221497,1
2006,PSE,45.36585236,44.01913834,-0.391614825,8
2006,YEM,23.4146347,14.83253574,-1.039284348,14
2006,ZMB,35.60975647,35.40670013,-0.549666524,16
2006,ZWE,4.390244007,0.95693779,-1.751685381,17
2007,AFG,0.970873773,0.478468895,-1.852560043,10
2007,ALB,28.64077759,30.14354134,-0.661545992,13
2007,DZA,33.0097084,23.92344475,-0.791886449,16
2007,ASM,66.01941681,84.68899536,1.090919852,1
2007,AND,88.34951782,87.08133698,1.168245077,3
2007,AGO,5.339805603,6.220095634,-1.375133514,13
2007,AIA,88.34951782,92.82296753,1.619831324,1
2007,ATG,84.46601868,79.9043045,0.893503189,4
2007,ARG,44.17475891,33.97129059,-0.601472259,16
2007,ARM,26.21359253,37.79904175,-0.496518046,13
2007,ABW,88.34951782,75.11961365,0.826464057,1
2007,AUS,95.63106537,94.25836945,1.743887424,10
2007,AUT,96.11650848,99.52153015,1.941825628,10
2007,AZE,11.1650486,21.53110123,-0.88002038,14
2007,BHS,89.32038879,88.03827667,1.251347661,4
2007,BHR,61.16504669,66.02870941,0.521369874,10
2007,BGD,13.5922327,23.44497681,-0.827155948,15
2007,BRB,91.26213837,88.51674652,1.313636422,6
2007,BLR,34.46601868,11.48325348,-1.165873528,10
2007,BEL,90.29125977,88.99521637,1.315387249,10
2007,BLZ,48.05825424,53.11004639,-0.044806231,6
2007,BEN,37.86407852,36.84210587,-0.513145149,15
2007,BMU,88.34951782,75.11961365,0.826464057,1
2007,BTN,78.1553421,61.24401855,0.36783278,9
2007,BOL,39.80582428,22.96650696,-0.832326353,16
2007,BIH,43.68931961,38.75598145,-0.46990642,13
2007,BWA,79.61164856,66.50717926,0.54485631,16
2007,BRA,54.85437012,42.10526276,-0.409779429,17
2007,BRN,62.13592148,62.20095825,0.401655525,4
2007,BGR,50.97087479,52.63158035,-0.057684425,15
2007,BFA,47.57281494,42.5837326,-0.395825952,16
2007,BDI,9.223300934,12.91866016,-1.078666925,13
2007,CPV,77.66990662,69.37799072,0.610765517,9
2007,KHM,10.67961121,11.96172237,-1.145186782,13
2007,CMR,16.01941681,11.00478458,-1.185816526,16
2007,CAN,95.14562988,96.17224884,1.797100186,13
2007,CYM,88.34951782,84.68899536,1.090919852,1
2007,CAF,8.252427101,2.392344475,-1.573918343,11
2007,TCD,3.398058176,4.306220055,-1.543281198,14
2007,CHL,89.80582428,87.55980682,1.195187569,15
2007,CHN,32.52427292,34.44976044,-0.597397745,15
2007,COL,49.02912521,41.14832687,-0.432980388,18
2007,COM,29.12621307,13.87559795,-1.039637446,8
2007,COD,3.883495092,1.91387558,-1.614736915,14
2007,COG,10.19417477,10.04784679,-1.22322464,11
2007,COK,82.03883362,64.11483002,0.502082825,
2007,CRI,71.8446579,59.80861282,0.354344755,15
2007,CIV,12.13592243,4.78468895,-1.471718073,11
2007,HRV,58.25242615,54.54545593,0.038477756,14
2007,CUB,65.04854584,29.66507149,-0.690431654,11
2007,CYP,82.5242691,85.16746521,1.105589747,9
2007,CZE,66.99028778,78.94736481,0.878743947,13
2007,DNK,100,100,1.995170474,10
2007,DJI,35.43689346,25.35885239,-0.771052897,9
2007,DMA,74.27184296,70.81340027,0.701219738,4
2007,DOM,24.27184486,32.05741501,-0.625862598,15
2007,ECU,26.69902992,14.35406685,-1.032861471,16
2007,EGY,27.18446541,47.8468895,-0.246213481,16
2007,SLV,38.83495331,27.27272797,-0.722936034,14
2007,GNQ,7.281553268,16.74641228,-0.98628068,9
2007,ERI,39.32038879,8.612440109,-1.275266886,11
2007,EST,78.64077759,85.64593506,1.122275472,12
2007,SWZ,56.31068039,29.18660355,-0.694624126,9
2007,ETH,30.58252335,30.62200928,-0.659463108,16
2007,FJI,59.70873642,32.53588486,-0.621160269,7
2007,FIN,99.51456451,98.56459045,1.89684999,10
2007,FRA,91.74757385,90.43061829,1.456374407,13
2007,GUF,76.69902802,66.98564911,0.562008321,1
2007,GAB,9.708738327,27.75119591,-0.706393182,11
2007,GMB,28.15534019,45.93301392,-0.330507666,11
2007,GEO,53.39805984,44.97607803,-0.344459146,13
2007,DEU,92.23300934,95.21530914,1.755590677,12
2007,GHA,57.76699066,55.02392197,0.039233431,16
2007,GRC,62.62136078,76.55502319,0.859287739,11
2007,GRL,,,,
2007,GRD,70.87378693,57.89473724,0.191248715,4
2007,GUM,76.69902802,84.68899536,1.090919852,1
2007,GTM,24.75728226,12.44019127,-1.121048689,17
2007,GIN,5.825242519,5.263157845,-1.452069283,11
2007,GNB,8.737864494,7.177033424,-1.325372577,9
2007,GUY,33.49514389,40.66985703,-0.457055211,11
2007,HTI,6.310679436,6.698564529,-1.349949956,12
2007,HND,22.81553459,20.09569359,-0.928942919,15
2007,HKG,93.68932343,90.90908813,1.510004997,9
2007,HUN,73.30097198,80.38277435,0.941449285,12
2007,ISL,97.57281494,97.12918854,1.827796102,9
2007,IND,41.26213455,56.45933151,0.096898161,15
2007,IDN,31.06796074,28.7081337,-0.698989928,16
2007,IRN,34.95145798,15.31100464,-1.027451873,13
2007,IRQ,1.941747546,0.95693779,-1.838028312,9
2007,IRL,93.20388031,93.77990723,1.728221416,11
2007,ISR,77.1844635,72.72727203,0.816402733,12
2007,ITA,67.4757309,63.63636398,0.467548192,12
2007,JAM,46.60194016,44.49760818,-0.350273311,12
2007,JPN,85.43688965,89.47368622,1.319830894,12
2007,JEY,,,,
2007,JOR,64.07766724,60.28708267,0.363159925,17
2007,KAZ,17.96116447,14.83253574,-1.031902909,15
2007,KEN,18.44660187,17.22488022,-0.971304595,18
2007,KIR,60.19417572,72.24880219,0.810023129,3
2007,PRK,1.45631063,9.090909004,-1.260287404,9
2007,KOR,72.8155365,82.77511597,1.010549784,13
2007,XKX,27.6699028,25.83732033,-0.757999122,6
2007,KWT,69.90291595,68.42105103,0.593082547,12
2007,KGZ,4.854369164,7.655502319,-1.321947098,13
2007,LAO,6.796116352,18.66028786,-0.956503332,10
2007,LVA,68.44660187,71.29186249,0.715804815,11
2007,LBN,18.93203926,31.10047913,-0.656928778,14
2007,LSO,55.3398056,46.88995361,-0.312398791,11
2007,LBR,37.37863922,20.57416344,-0.906182289,13
2007,LBY,14.56310654,19.1387558,-0.955795527,12
2007,LIE,83.49514771,89.95215607,1.394881964,3
2007,LTU,58.73786545,69.85646057,0.685900152,12
2007,LUX,94.17475891,94.73683929,1.747909904,7
2007,MAC,71.35922241,58.85167313,0.309399664,1
2007,MDG,51.94174576,43.06220245,-0.389401674,15
2007,MWI,35.92232895,50.23923492,-0.166308999,16
2007,MYS,60.67961121,60.76554871,0.366876483,15
2007,MDV,19.90291214,51.67464066,-0.131116077,6
2007,MLI,38.34951401,49.28229523,-0.182401553,15
2007,MLT,81.06796265,92.34449768,1.612925768,6
2007,MHL,20.87378693,77.03349304,0.873276591,2
2007,MTQ,76.69902802,75.11961365,0.826464057,1
2007,MRT,33.98058319,28.22966576,-0.702090204,14
2007,MUS,69.41747284,76.07655334,0.851229131,11
2007,MEX,45.63106918,35.88516617,-0.542932212,17
2007,FSM,50.48543549,86.60286713,1.158916712,3
2007,MDA,29.61165047,37.32057571,-0.506612957,13
2007,MCO,,78.46890259,0.87686491,2
2007,MNG,32.03883362,45.45454407,-0.340681046,12
2007,MNE,42.71844482,48.80382919,-0.194273695,10
2007,MAR,42.23300934,46.41148376,-0.32965067,16
2007,MOZ,36.89320374,33.49282455,-0.609173477,17
2007,MMR,0.485436887,3.82775116,-1.549232721,9
2007,NAM,66.50485229,57.4162674,0.16077818,15
2007,NRU,44.6601944,64.59329987,0.502608538,2
2007,NPL,23.30097008,34.92823029,-0.588803828,13
2007,NLD,97.08737946,95.69377899,1.769875288,10
2007,ANT,88.34951782,75.11961365,0.826464057,1
2007,NZL,99.02912903,96.65071869,1.826816559,12
2007,NIC,25.24271774,24.4019146,-0.788387358,16
2007,NER,25.72815514,33.01435471,-0.613011897,14
2007,NGA,13.10679626,13.39712906,-1.06105268,18
2007,NIU,,,,
2007,MKD,41.74757385,41.62679291,-0.421303213,12
2007,NOR,94.6601944,99.0430603,1.928292036,12
2007,OMN,68.93203735,61.7224884,0.401494563,9
2007,PAK,21.84465981,21.05263138,-0.887544632,15
2007,PLW,,78.46890259,0.87686491,2
2007,PAN,46.11650467,49.76076508,-0.174098477,13
2007,PNG,11.65048504,22.00956917,-0.861481845,9
2007,PRY,7.766990185,18.18181801,-0.964514315,14
2007,PER,49.51456451,26.31579018,-0.751626134,17
2007,PHL,23.78640747,39.71291733,-0.463091701,16
2007,POL,63.59223175,62.67942429,0.40907228,13
2007,PRT,81.55339813,82.29665375,1.003112078,11
2007,PRI,70.38835144,67.46411133,0.575748801,4
2007,QAT,73.78640747,65.55023956,0.519775093,10
2007,REU,76.69902802,84.68899536,1.090919852,1
2007,ROU,51.45631027,52.1531105,-0.105703734,16
2007,RUS,16.5048542,15.78947353,-1.007557988,15
2007,RWA,57.28155518,35.40670013,-0.579642594,13
2007,WSM,65.53398132,81.33971405,0.95132494,3
2007,SMR,,78.46890259,0.87686491,2
2007,STP,48.54368973,40.19138718,-0.457398832,8
2007,SAU,52.42718506,55.50239182,0.067988209,13
2007,SEN,36.40776825,48.32535934,-0.239804193,17
2007,SRB,45.14562988,39.23445129,-0.464271188,13
2007,SYC,67.96116638,59.33014297,0.312711805,8
2007,SLE,19.41747665,16.26794243,-0.994199395,14
2007,SGP,98.05825043,91.38755798,1.595723987,12
2007,SVK,64.56311035,63.15789413,0.428628772,11
2007,SVN,80.58252716,80.8612442,0.945623457,12
2007,SLB,43.20388412,24.88038254,-0.78153491,5
2007,SOM,0,0,-2.419229984,9
2007,ZAF,61.65048599,54.06698608,0.000255581,19
2007,SSD,,,,
2007,ESP,83.00971222,86.12440491,1.153809786,12
2007,LKA,52.91262054,56.93779755,0.131876916,15
2007,KNA,84.46601868,79.9043045,0.893503189,4
2007,LCA,84.95145416,75.5980835,0.84882313,4
2007,VCT,79.12621307,70.33493042,0.695627749,4
2007,SDN,4.368932247,5.74162674,-1.424864531,14
2007,SUR,56.79611588,47.36841965,-0.246702716,8
2007,SWE,98.54368591,98.08612061,1.891827822,12
2007,CHE,96.60194397,97.60765839,1.827945709,10
2007,SYR,16.9902916,22.48803902,-0.834666193,13
2007,TWN,72.33009338,71.77033234,0.776760578,12
2007,TJK,15.04854393,8.133971214,-1.296047091,12
2007,TZA,47.08737946,43.54066849,-0.378879935,17
2007,THA,40.29126358,51.19617081,-0.137440488,16
2007,TLS,30.09708786,10.52631569,-1.20347333,10
2007,TGO,17.47572899,19.61722565,-0.930305898,12
2007,TON,14.0776701,65.07176971,0.503692031,4
2007,TTO,55.82524109,50.71770477,-0.151492447,11
2007,TUN,54.36893082,55.98086166,0.080828972,14
2007,TUR,59.22330093,53.58851624,-0.035805915,15
2007,TKM,2.427184582,3.349282265,-1.565951347,8
2007,TUV,50.48543549,81.8181839,0.991006613,3
2007,UGA,20.38834953,44.01913834,-0.357663184,18
2007,UKR,21.35922241,26.79425812,-0.746359885,15
2007,ARE,80.09708405,58.37320709,0.274766088,9
2007,GBR,92.71844482,93.30143738,1.720192194,12
2007,USA,90.77669525,91.86602783,1.611145735,14
2007,URY,88.83495331,68.89952087,0.600704789,13
2007,UZB,15.53398037,9.569377899,-1.224704981,9
2007,VUT,63.10679626,67.94258118,0.590501487,5
2007,VEN,12.62135887,2.87081337,-1.570480943,17
2007,VNM,31.55339813,38.2775116,-0.490206182,15
2007,VIR,76.69902802,75.11961365,0.826464057,1
2007,PSE,53.88349533,31.57894707,-0.625909269,8
2007,YEM,22.3300972,17.70335007,-0.969070315,15
2007,ZMB,40.77669907,36.36363602,-0.529506207,16
2007,ZWE,2.91262126,1.435406685,-1.808640599,17
2008,AFG,0.485436887,0.480769217,-1.903307557,10
2008,ALB,33.98058319,34.13461685,-0.600079298,13
2008,DZA,33.49514389,24.51922989,-0.767772257,16
2008,ASM,65.53398132,85.09615326,1.117979527,1
2008,AND,87.37863922,87.0192337,1.186387658,3
2008,AGO,4.368932247,7.211538315,-1.378563881,14
2008,AIA,87.37863922,92.78845978,1.659485817,1
2008,ATG,87.37863922,80.7692337,0.937939405,3
2008,ARG,39.80582428,27.88461494,-0.699731648,16
2008,ARM,28.15534019,44.23077011,-0.337751359,13
2008,ABW,87.37863922,76.44230652,0.847226143,1
2008,AUS,96.11650848,95.19230652,1.759083509,10
2008,AUT,93.68932343,98.55769348,1.910698891,10
2008,AZE,10.67961121,22.11538506,-0.836160481,14
2008,BHS,89.32038879,86.53845978,1.185666084,4
2008,BHR,62.62136078,65.38461304,0.525411844,10
2008,BGD,15.04854393,25.48077011,-0.752373576,15
2008,BRB,90.29125977,88.46154022,1.298601985,5
2008,BLR,34.46601868,13.94230747,-1.068890095,11
2008,BEL,90.77669525,89.42308044,1.335205793,10
2008,BLZ,47.08737946,50.96154022,-0.133091673,7
2008,BEN,36.89320374,36.53845978,-0.530703068,15
2008,BMU,87.37863922,76.44230652,0.847226143,1
2008,BTN,78.64077759,61.53845978,0.421698183,9
2008,BOL,35.92232895,17.30769157,-0.978549302,16
2008,BIH,42.23300934,40.86538315,-0.407430083,13
2008,BWA,81.06796265,69.2307663,0.610460937,16
2008,BRA,57.76699066,46.63461685,-0.28804478,17
2008,BRN,71.35922241,63.94230652,0.457919598,5
2008,BGR,48.54368973,51.92307663,-0.121088021,15
2008,BFA,46.11650467,43.75,-0.344681531,17
2008,BDI,13.10679626,15.38461494,-1.038100004,13
2008,CPV,78.1553421,67.30769348,0.57134515,9
2008,KHM,5.339805603,11.05769253,-1.155679584,14
2008,CMR,15.53398037,12.5,-1.10583663,16
2008,CAN,95.63106537,96.15384674,1.796393037,13
2008,CYM,77.1844635,85.09615326,1.117979527,1
2008,CAF,11.65048504,5.769230843,-1.431870461,10
2008,TCD,1.45631063,2.403846264,-1.625773191,14
2008,CHL,88.34951782,87.9807663,1.210357308,15
2008,CHN,36.40776825,37.98077011,-0.479174674,15
2008,COL,49.51456451,42.30769348,-0.381235987,18
2008,COM,24.27184486,13.46153831,-1.069913983,8
2008,COD,4.854369164,2.884615421,-1.573676467,14
2008,COG,8.737864494,9.615385056,-1.193442583,11
2008,COK,,,,
2008,CRI,71.8446579,62.98077011,0.453689337,15
2008,CIV,12.62135887,5.288461685,-1.43818152,13
2008,HRV,56.31068039,55.76922989,0.025006728,13
2008,CUB,64.56311035,23.07692337,-0.827655673,10
2008,CYP,83.98058319,87.5,1.206638575,9
2008,CZE,66.01941681,78.36538696,0.900237203,13
2008,DNK,100,99.5192337,1.954056263,10
2008,DJI,46.60194016,31.25,-0.656676888,10
2008,DMA,74.27184296,71.15384674,0.6933887,3
2008,DOM,26.69902992,29.32692337,-0.682735622,15
2008,ECU,31.06796074,12.98076916,-1.105306387,16
2008,EGY,25.24271774,51.44230652,-0.129783601,16
2008,SLV,41.26213455,28.36538506,-0.694341421,14
2008,GNQ,8.252427101,21.63461494,-0.87139225,9
2008,ERI,42.71844482,7.692307472,-1.308455467,11
2008,EST,80.09708405,85.57691956,1.155439734,12
2008,SWZ,58.25242615,36.05769348,-0.531721473,9
2008,ETH,30.09708786,26.92307663,-0.706700683,16
2008,FJI,59.70873642,35.09615326,-0.574613035,7
2008,FIN,99.02912903,98.07691956,1.910381198,10
2008,FRA,91.26213837,90.86538696,1.496273756,13
2008,GUF,77.1844635,67.78845978,0.576472938,1
2008,GAB,10.19417477,32.69230652,-0.62444061,11
2008,GMB,27.6699028,39.90384674,-0.425357461,11
2008,GEO,53.88349533,47.59615326,-0.26294446,13
2008,DEU,93.20388031,94.2307663,1.734026194,12
2008,GHA,55.82524109,53.36538315,-0.062382013,17
2008,GRC,61.65048599,77.40384674,0.853603005,11
2008,GRL,,,,
2008,GRD,66.99028778,58.17307663,0.127722353,4
2008,GUM,77.1844635,85.09615326,1.117979527,1
2008,GTM,29.61165047,11.53846169,-1.122285604,17
2008,GIN,6.796116352,3.846153736,-1.540276289,12
2008,GNB,7.766990185,6.25,-1.406033039,9
2008,GUY,34.95145798,34.61538315,-0.580651641,11
2008,HTI,6.310679436,8.653845787,-1.285773396,12
2008,HND,18.44660187,18.75,-0.971363068,15
2008,HKG,94.17475891,90.38461304,1.478216887,9
2008,HUN,69.90291595,80.28845978,0.913386524,13
2008,ISL,99.51456451,97.59615326,1.853190541,9
2008,IND,43.68931961,57.21154022,0.09585046,15
2008,IDN,32.52427292,30.28846169,-0.673782587,16
2008,IRN,26.21359253,17.78846169,-0.978463948,13
2008,IRQ,2.427184582,1.442307711,-1.768174291,11
2008,IRL,92.71844482,93.75,1.704128385,11
2008,ISR,77.66990662,74.03845978,0.837563396,12
2008,ITA,64.07766724,62.5,0.447921455,12
2008,JAM,44.17475891,46.15384674,-0.297387421,12
2008,JPN,88.83495331,88.94230652,1.308669209,12
2008,JEY,,,,
2008,JOR,67.4757309,60.09615326,0.397879958,17
2008,KAZ,16.01941681,19.71153831,-0.926385999,16
2008,KEN,14.0776701,16.34615326,-0.999996305,18
2008,KIR,58.73786545,60.57692337,0.399890423,3
2008,PRK,1.941747546,9.134614944,-1.235351801,9
2008,KOR,68.93203735,77.88461304,0.860504568,13
2008,XKX,32.03883362,32.21154022,-0.627310276,6
2008,KWT,68.44660187,68.2692337,0.58051306,12
2008,KGZ,5.825242519,6.730769157,-1.382913947,13
2008,LAO,7.281553268,21.15384674,-0.874180317,10
2008,LVA,63.10679626,73.07691956,0.777326226,11
2008,LBN,20.38834953,33.65384674,-0.606169164,14
2008,LSO,59.22330093,48.07692337,-0.24636732,11
2008,LBR,22.81553459,12.01923084,-1.105971694,15
2008,LBY,17.96116447,23.55769157,-0.823480368,12
2008,LIE,83.00971222,89.90384674,1.420503497,3
2008,LTU,60.67961121,70.67308044,0.684017599,13
2008,LUX,95.14562988,95.67308044,1.78934145,8
2008,MAC,69.41747284,63.46154022,0.457685977,1
2008,MDG,49.02912521,39.42307663,-0.455655754,15
2008,MWI,38.34951401,52.40384674,-0.117958434,17
2008,MYS,54.85437012,58.65384674,0.247283861,15
2008,MDV,21.35922241,50,-0.171761319,6
2008,MLI,35.43689346,45.67307663,-0.319483638,15
2008,MLT,80.58252716,91.82691956,1.613659978,6
2008,MHL,25.72815514,73.55769348,0.790415227,2
2008,MTQ,77.1844635,76.44230652,0.847226143,1
2008,MRT,23.30097008,10.57692337,-1.160151958,14
2008,MUS,70.38835144,81.25,0.938418508,11
2008,MEX,45.63106918,28.84615326,-0.68928355,17
2008,FSM,51.45631027,64.42308044,0.50698024,3
2008,MDA,33.0097084,40.38461685,-0.424041241,13
2008,MCO,,79.32691956,0.901979089,2
2008,MNG,30.58252335,44.71154022,-0.33484903,12
2008,MNE,50,52.88461685,-0.088904634,11
2008,MAR,40.29126358,41.82692337,-0.385672748,17
2008,MOZ,37.86407852,33.17307663,-0.616658092,17
2008,MMR,0.970873773,3.365384579,-1.542073727,9
2008,NAM,73.78640747,62.01922989,0.437859297,14
2008,NRU,45.14562988,59.61538315,0.365038484,2
2008,NPL,21.84465981,30.76922989,-0.669306338,13
2008,NLD,96.60194397,94.71154022,1.74962914,10
2008,ANT,87.37863922,71.63461304,0.720139503,1
2008,NZL,98.54368591,97.11538696,1.850659728,12
2008,NIC,24.75728226,24.03846169,-0.808183551,16
2008,NER,27.18446541,29.80769157,-0.680911064,14
2008,NGA,18.93203926,14.90384579,-1.038304806,18
2008,NIU,,,,
2008,MKD,51.94174576,45.19230652,-0.320377529,13
2008,NOR,94.6601944,100,1.95778656,12
2008,OMN,72.33009338,68.75,0.586111426,10
2008,PAK,19.41747665,18.26922989,-0.972613692,15
2008,PLW,45.14562988,72.11538696,0.771132886,2
2008,PAN,54.36893082,49.51922989,-0.203979909,13
2008,PNG,9.708738327,20.19230843,-0.916235209,9
2008,PRY,16.5048542,20.67307663,-0.910835207,14
2008,PER,52.42718506,25.96153831,-0.730335593,18
2008,PHL,23.78640747,35.57692337,-0.55022186,16
2008,POL,70.87378693,66.82691956,0.550622165,14
2008,PRT,81.55339813,83.65384674,1.011244416,11
2008,PRI,67.96116638,66.34615326,0.53743279,4
2008,QAT,79.12621307,70.19230652,0.670135021,10
2008,REU,77.1844635,76.44230652,0.847226143,1
2008,ROU,52.91262054,53.84615326,-0.01557025,15
2008,RUS,12.13592243,15.86538506,-1.011455894,15
2008,RWA,60.19417572,38.46154022,-0.472401887,13
2008,WSM,63.59223175,76.92308044,0.851571798,3
2008,SMR,,79.32691956,0.901979089,2
2008,STP,48.05825424,37.01922989,-0.494799554,8
2008,SAU,57.28155518,56.25,0.068728328,13
2008,SEN,37.37863922,47.11538315,-0.280423701,17
2008,SRB,47.57281494,37.5,-0.491749674,13
2008,SYC,73.30097198,59.13461685,0.360625088,7
2008,SLE,16.9902916,19.23077011,-0.944533825,14
2008,SGP,98.05825043,91.34615326,1.594892859,12
2008,SVK,65.04854584,65.86538696,0.527956009,11
2008,SVN,79.61164856,83.17308044,1.007849693,12
2008,SLB,43.20388412,31.73077011,-0.63335222,5
2008,SOM,0,0,-2.590877056,9
2008,ZAF,62.13592148,54.80769348,0.005417761,18
2008,SSD,,,,
2008,ESP,83.49514771,86.05769348,1.183748126,12
2008,LKA,50.48543549,54.32692337,-0.000771665,15
2008,KNA,87.37863922,81.7307663,0.952271879,3
2008,LCA,87.86407471,79.80769348,0.912249744,3
2008,VCT,82.5242691,82.21154022,0.965724766,3
2008,SDN,2.91262126,4.807692528,-1.445023775,14
2008,SUR,56.79611588,48.55769348,-0.234130025,9
2008,SWE,97.57281494,99.03845978,1.91915679,12
2008,CHE,97.08737946,96.63461304,1.804707885,10
2008,SYR,13.5922327,26.44230843,-0.721992612,13
2008,TWN,72.8155365,72.59615326,0.776667714,12
2008,TJK,9.223300934,8.17307663,-1.295549631,12
2008,TZA,40.77669907,42.78845978,-0.355245709,17
2008,THA,38.83495331,50.48077011,-0.159740418,16
2008,TLS,31.55339813,14.42307663,-1.050704479,10
2008,TGO,17.47572899,22.59615326,-0.833383977,12
2008,TON,29.12621307,57.69230652,0.106922202,4
2008,TTO,55.3398056,49.03845978,-0.225084588,10
2008,TUN,53.39805984,56.73077011,0.079568602,15
2008,TUR,61.16504669,55.28845978,0.022844687,16
2008,TKM,3.398058176,4.326922894,-1.459977388,8
2008,TUV,51.45631027,82.69230652,0.977942824,3
2008,UGA,20.87378693,43.26922989,-0.34488222,18
2008,UKR,19.90291214,27.40384674,-0.703015566,15
2008,ARE,82.03883362,61.05769348,0.417219996,9
2008,GBR,92.23300934,93.2692337,1.696649432,12
2008,USA,91.74757385,92.30769348,1.628714204,14
2008,URY,89.80582428,69.71154022,0.613664508,12
2008,UZB,14.56310654,10.09615421,-1.17363584,9
2008,VUT,66.50485229,64.90384674,0.509779751,5
2008,VEN,11.1650486,1.923076868,-1.635781407,17
2008,VNM,28.64077759,38.94230652,-0.464453906,15
2008,VIR,77.1844635,76.44230652,0.847226143,1
2008,PSE,39.32038879,25,-0.758877277,8
2008,YEM,22.3300972,16.82692337,-0.984243035,15
2008,ZMB,41.74757385,41.34615326,-0.404740959,16
2008,ZWE,3.883495092,0.961538434,-1.791505337,17
2009,AFG,0.95693779,0.473933637,-1.876118779,10
2009,ALB,34.92823029,37.91469193,-0.494370162,13
2009,DZA,30.62200928,23.22274971,-0.825566888,16
2009,ASM,68.42105103,85.30805969,1.125054717,1
2009,AND,87.55980682,87.67772675,1.21778512,3
2009,AGO,2.87081337,9.478672981,-1.236289263,16
2009,AIA,87.55980682,89.09952545,1.393182516,1
2009,ATG,87.55980682,81.04265594,0.972667456,3
2009,ARG,40.19138718,30.33175278,-0.694468081,18
2009,ARM,30.14354134,40.75829315,-0.468710691,13
2009,ABW,83.25358582,89.57346344,1.426206708,2
2009,AUS,96.17224884,94.78672791,1.733008742,11
2009,AUT,92.82296753,96.20853424,1.777442694,11
2009,AZE,9.090909004,20.37914658,-0.879176021,15
2009,BHS,88.99521637,72.98577881,0.790569603,5
2009,BHR,63.63636398,64.45497894,0.51149267,11
2009,BGD,14.83253574,26.06635094,-0.784571469,15
2009,BRB,89.95215607,82.46445465,1.007878065,6
2009,BLR,33.97129059,15.63981056,-1.026430488,11
2009,BEL,90.90908813,88.62559509,1.377148151,11
2009,BLZ,59.33014297,45.0236969,-0.323144495,7
2009,BEN,29.66507149,31.27962112,-0.65431422,14
2009,BMU,87.55980682,76.30331421,0.856926978,1
2009,BTN,79.42583466,60.1895752,0.219097927,9
2009,BOL,29.18660355,13.74407578,-1.1139189,16
2009,BIH,43.06220245,44.54976273,-0.360137552,13
2009,BWA,78.94736481,67.29857635,0.586034954,16
2009,BRA,56.45933151,51.18483353,-0.103854693,18
2009,BRN,79.9043045,72.03791809,0.782543302,7
2009,BGR,50.71770477,54.02843475,-0.040312354,15
2009,BFA,44.97607803,48.81516647,-0.204172462,17
2009,BDI,11.48325348,11.37440777,-1.159935355,13
2009,CPV,77.51196289,64.9289093,0.532929718,9
2009,KHM,9.569377899,13.27014256,-1.123961687,14
2009,CMR,17.70335007,12.79620838,-1.130954266,16
2009,CAN,96.65071869,96.6824646,1.796726704,13
2009,CYM,83.25358582,77.25118256,0.890962958,2
2009,CAF,18.18181801,7.109004974,-1.323868155,12
2009,TCD,2.392344475,3.791469097,-1.526721835,14
2009,CHL,88.03827667,86.7298584,1.194090486,16
2009,CHN,36.84210587,41.23222733,-0.463213772,15
2009,COL,45.45454407,43.12796021,-0.367777586,18
2009,COM,21.53110123,11.84834099,-1.157972217,9
2009,COD,1.91387558,1.895734549,-1.644039631,15
2009,COG,8.133971214,9.952606201,-1.220139623,13
2009,COK,33.49282455,27.48815155,-0.781322837,1
2009,CRI,73.20574188,66.35070801,0.5788095,15
2009,CIV,11.96172237,9.004739761,-1.25304389,15
2009,HRV,55.98086166,55.45023727,0.043875948,13
2009,CUB,66.50717926,28.90995216,-0.712426066,10
2009,CYP,77.99043274,87.20378876,1.206133962,10
2009,CZE,68.89952087,80.56871796,0.956217825,13
2009,DNK,100,98.57820129,1.917127132,11
2009,DJI,44.01913834,29.85782051,-0.697536051,10
2009,DMA,74.64115143,70.1421814,0.741603673,3
2009,DOM,22.00956917,24.17061615,-0.809174061,15
2009,ECU,24.88038254,10.42654037,-1.205040216,17
2009,EGY,38.75598145,52.60663605,-0.083344996,17
2009,SLV,50.23923492,26.54028511,-0.783321619,15
2009,GNQ,7.177033424,17.53554535,-0.98819977,9
2009,ERI,37.79904175,7.582938194,-1.314685941,11
2009,EST,80.38277435,84.36019135,1.124658585,12
2009,SWZ,58.37320709,38.86256027,-0.480329961,9
2009,ETH,25.83732033,22.74881554,-0.832281888,16
2009,FJI,53.11004639,21.32701492,-0.865079582,8
2009,FIN,98.56459045,100,1.962568879,11
2009,FRA,90.43061829,90.0473938,1.445757031,13
2009,GUF,83.25358582,85.78199005,1.155470014,2
2009,GAB,13.39712906,37.44075775,-0.503719747,11
2009,GMB,34.44976044,36.4928894,-0.519139886,11
2009,GEO,54.54545593,49.28910065,-0.199315324,13
2009,DEU,93.30143738,92.89099884,1.648672223,12
2009,GHA,58.85167313,53.55450058,-0.042356919,18
2009,GRC,59.80861282,68.2464447,0.646844327,11
2009,GRL,84.21052551,93.83885956,1.716114283,1
2009,GRD,69.85646057,59.24170685,0.157519296,4
2009,GUM,77.03349304,85.30805969,1.125054717,1
2009,GTM,36.36363602,17.06161118,-1.013138294,16
2009,GIN,12.44019127,2.843601942,-1.5522995,12
2009,GNB,7.655502319,4.739336491,-1.347027421,9
2009,GUY,35.88516617,35.54502487,-0.555844963,11
2009,HTI,12.91866016,5.687203884,-1.334303737,13
2009,HND,20.09569359,19.9052124,-0.895501971,16
2009,HKG,94.25836945,90.99526215,1.488869309,9
2009,HUN,69.37799072,71.5639801,0.771155953,13
2009,ISL,95.69377899,93.3649292,1.706915379,9
2009,IND,39.23445129,54.9763031,0.017980825,15
2009,IDN,20.57416344,32.70142365,-0.611935318,16
2009,IRN,23.92344475,14.69194317,-1.053678393,12
2009,IRQ,3.82775116,1.421800971,-1.700715303,13
2009,IRL,93.77990723,95.26066589,1.743099332,11
2009,ISR,74.16268158,73.93364716,0.83513397,11
2009,ITA,64.11483002,62.55924225,0.399145484,13
2009,JAM,47.8468895,42.65402985,-0.401666194,12
2009,JPN,89.47368622,88.1516571,1.28708303,12
2009,JEY,,,,
2009,JOR,62.67942429,59.71564102,0.216567948,17
2009,KAZ,19.1387558,28.4360199,-0.723441064,15
2009,KEN,15.78947353,16.587677,-1.022645473,18
2009,KIR,54.06698608,58.76777267,0.142270759,4
2009,PRK,4.78468895,5.213270187,-1.344023705,9
2009,KOR,71.77033234,81.99052429,0.994238853,14
2009,XKX,32.53588486,33.64928818,-0.593889713,8
2009,KWT,66.98564911,66.824646,0.580420554,12
2009,KGZ,4.306220055,6.161137581,-1.329753757,13
2009,LAO,5.74162674,15.16587639,-1.049798012,11
2009,LVA,64.59329987,72.51184845,0.789916635,12
2009,LBN,21.05263138,32.22748947,-0.614996731,15
2009,LSO,63.15789413,47.86729813,-0.221786112,11
2009,LBR,32.05741501,16.11374474,-1.025160193,16
2009,LBY,8.612440109,18.00947952,-0.943409562,13
2009,LIE,92.34449768,92.41706085,1.611284494,4
2009,LTU,65.07176971,69.66824341,0.722068608,13
2009,LUX,94.73683929,97.63033295,1.819683671,9
2009,MAC,62.20095825,69.19431305,0.706063688,2
2009,MDG,46.88995361,27.96208572,-0.732627451,15
2009,MWI,41.14832687,50.71089935,-0.11745359,17
2009,MYS,55.50239182,62.08530807,0.373885453,15
2009,MDV,28.7081337,49.76303482,-0.151592925,6
2009,MLI,27.75119591,44.07582855,-0.363101393,16
2009,MLT,73.68421173,90.52132416,1.473655939,9
2009,MHL,27.27272797,61.6113739,0.33556205,3
2009,MTQ,77.03349304,76.30331421,0.856926978,1
2009,MRT,31.57894707,23.69668198,-0.814965606,14
2009,MUS,70.81340027,77.72512054,0.897427082,11
2009,MEX,44.49760818,35.0710907,-0.562868834,18
2009,FSM,52.1531105,61.13743973,0.328725517,3
2009,MDA,26.79425812,41.7061615,-0.434595019,12
2009,MCO,,80.0947876,0.943857253,2
2009,MNG,24.4019146,46.44549942,-0.263375491,14
2009,MNE,51.19617081,54.50236893,-0.016553286,11
2009,MAR,43.54066849,46.91942978,-0.262815058,17
2009,MOZ,40.66985703,33.175354,-0.600408316,18
2009,MMR,0.478468895,3.317535639,-1.535036683,9
2009,NAM,66.02870941,60.66350555,0.252103716,16
2009,NRU,42.10526276,63.98104095,0.473168194,2
2009,NPL,26.31579018,20.85308075,-0.867817461,14
2009,NLD,97.60765839,97.15639496,1.807020068,11
2009,ANT,77.03349304,74.40758514,0.841042519,1
2009,NZL,99.52153015,99.05213165,1.922674894,12
2009,NIC,25.35885239,25.11848259,-0.786913633,17
2009,NER,31.10047913,38.3886261,-0.491859823,14
2009,NGA,16.74641228,12.32227516,-1.156107783,18
2009,NIU,33.49282455,27.48815155,-0.781322837,1
2009,MKD,53.58851624,45.97156525,-0.291893154,13
2009,NOR,95.21530914,98.10426331,1.873499155,12
2009,OMN,67.46411133,65.87677765,0.549425185,11
2009,PAK,13.87559795,22.27488136,-0.838977218,15
2009,PLW,42.10526276,73.4597168,0.805255592,2
2009,PAN,47.36841965,52.13270187,-0.097268507,14
2009,PNG,6.220095634,18.95734596,-0.912058353,10
2009,PRY,22.96650696,21.80094719,-0.857977033,15
2009,PER,45.93301392,31.7535553,-0.624266803,18
2009,PHL,23.44497681,34.59715652,-0.574997306,16
2009,POL,70.33493042,67.77251434,0.645846784,14
2009,PRT,81.8181839,83.412323,1.058413267,12
2009,PRI,71.29186249,71.09004974,0.761055648,5
2009,QAT,91.38755798,78.1990509,0.902352452,14
2009,REU,77.03349304,76.30331421,0.856926978,1
2009,ROU,48.80382919,56.87203979,0.053940374,15
2009,RUS,11.00478458,24.64455032,-0.80649823,15
2009,RWA,60.76554871,36.96682358,-0.504221857,14
2009,WSM,61.7224884,68.72038269,0.668311,4
2009,SMR,,80.0947876,0.943857253,2
2009,STP,52.63158035,29.38388634,-0.698571324,7
2009,SAU,57.89473724,55.92417145,0.045110777,14
2009,SEN,37.32057571,43.60189438,-0.367224395,16
2009,SRB,48.32535934,40.28435898,-0.474458635,14
2009,SYC,72.24880219,57.81990433,0.117766954,8
2009,SLE,18.66028786,18.48341179,-0.914634764,14
2009,SGP,98.08612061,91.4691925,1.558843374,12
2009,SVK,65.55023956,65.40284729,0.534014344,14
2009,SVN,80.8612442,83.88625336,1.0689044,13
2009,SLB,49.28229523,30.80568695,-0.675235212,5
2009,SOM,0,0,-2.45029664,10
2009,ZAF,61.24401855,57.34597015,0.072423071,19
2009,SSD,,,,
2009,ESP,81.33971405,86.25592041,1.156002283,13
2009,LKA,42.5837326,51.6587677,-0.101635471,15
2009,KNA,87.55980682,81.5165863,0.99384594,3
2009,LCA,88.51674652,76.7772522,0.890109956,3
2009,VCT,83.73205566,78.67298889,0.91862005,3
2009,SDN,10.52631569,8.530805588,-1.270070553,14
2009,SUR,49.76076508,50.23696518,-0.124648117,9
2009,SWE,99.0430603,99.52606964,1.958281636,12
2009,CHE,97.12918854,95.73459625,1.743140936,11
2009,SYR,16.26794243,34.12322235,-0.579241037,14
2009,TWN,72.72727203,79.14691925,0.93605876,12
2009,TJK,6.698564529,8.056872368,-1.272465706,12
2009,TZA,39.71291733,39.33649445,-0.48013407,18
2009,THA,46.41148376,47.39336395,-0.260052651,16
2009,TLS,22.48803902,10.90047359,-1.202965498,11
2009,TGO,17.22488022,19.43128014,-0.896127939,12
2009,TON,28.22966576,53.08057022,-0.070649169,4
2009,TTO,57.4162674,48.3412323,-0.207649529,10
2009,TUN,56.93779755,58.2938385,0.119992301,15
2009,TUR,60.28708267,56.39810562,0.04890855,16
2009,TKM,1.435406685,4.265402794,-1.453704476,8
2009,TUV,52.1531105,82.93838501,1.016330481,3
2009,UGA,19.61722565,42.18009567,-0.411506861,18
2009,UKR,15.31100464,25.59241676,-0.786728382,15
2009,ARE,78.46890259,63.03317642,0.39927873,11
2009,GBR,91.86602783,94.31279755,1.731597781,12
2009,USA,85.16746521,91.94313049,1.591320157,14
2009,URY,84.68899536,70.61611176,0.755774736,14
2009,UZB,5.263157845,6.635071278,-1.326195478,10
2009,VUT,67.94258118,63.5071106,0.408267707,5
2009,VEN,10.04784679,2.369668245,-1.625952482,18
2009,VNM,35.40670013,36.01895905,-0.531529665,15
2009,VIR,77.03349304,76.30331421,0.856926978,1
2009,PSE,55.02392197,45.49763107,-0.314800739,8
2009,YEM,14.35406685,14.21800995,-1.093294859,15
2009,ZMB,38.2775116,39.8104248,-0.479686052,17
2009,ZWE,3.349282265,0.947867274,-1.870020509,17
2010,AFG,0.952380955,0.473933637,-1.87005806,10
2010,ALB,37.1428566,42.65402985,-0.385760486,14
2010,DZA,34.76190567,25.11848259,-0.816793382,16
2010,ASM,67.61904907,84.8341217,1.1112082,1
2010,AND,88.09523773,86.7298584,1.197924614,3
2010,AGO,3.809523821,8.056872368,-1.272953272,17
2010,AIA,88.09523773,88.62559509,1.375304103,1
2010,ATG,88.09523773,80.0947876,0.952869892,3
2010,ARG,44.76190567,32.70142365,-0.598094225,18
2010,ARM,27.61904716,37.91469193,-0.48135832,13
2010,ABW,83.33333588,89.57346344,1.416113615,2
2010,AUS,95.23809814,94.78672791,1.757718325,11
2010,AUT,91.90476227,96.6824646,1.801202655,11
2010,AZE,6.666666508,21.32701492,-0.891145051,15
2010,BHS,88.57142639,69.19431305,0.716390431,5
2010,BHR,62.38095093,63.5071106,0.42974022,11
2010,BGD,14.76190472,26.06635094,-0.801013291,15
2010,BRB,90.47618866,83.412323,1.074538469,6
2010,BLR,30.95238113,14.21800995,-1.072440624,11
2010,BEL,90,90.0473938,1.417852521,11
2010,BLZ,56.66666794,46.44549942,-0.281174034,7
2010,BEN,29.52380943,30.33175278,-0.673685908,14
2010,BMU,88.09523773,84.8341217,1.1112082,1
2010,BTN,79.52381134,60.66350555,0.161859259,9
2010,BOL,40,14.69194317,-1.029790163,17
2010,BIH,46.19047546,44.07582855,-0.355648875,13
2010,BWA,80.95237732,67.77251434,0.596930504,16
2010,BRA,60.47618866,55.45023727,0.056414437,18
2010,BRN,77.61904907,72.51184845,0.77304095,7
2010,BGR,51.90476227,51.6587677,-0.097061358,15
2010,BFA,44.2857132,49.76303482,-0.194905058,17
2010,BDI,11.4285717,10.42654037,-1.205401063,12
2010,CPV,78.09523773,64.9289093,0.463277847,10
2010,KHM,6.190476418,12.32227516,-1.123091936,14
2010,CMR,14.28571415,13.27014256,-1.079244137,16
2010,CAN,96.19047546,96.20853424,1.798590422,13
2010,CYM,83.33333588,78.67298889,0.894479394,2
2010,CAF,18.09523773,7.582938194,-1.311998963,12
2010,TCD,2.380952358,3.317535639,-1.513559818,14
2010,CHL,89.52381134,87.67772675,1.225415707,16
2010,CHN,33.80952454,38.86256027,-0.472601861,15
2010,COL,41.42856979,46.91942978,-0.27138561,18
2010,COM,22.38095284,13.74407578,-1.076230526,9
2010,COD,1.428571463,2.369668245,-1.62714994,15
2010,COG,12.38095284,9.478672981,-1.218047857,13
2010,COK,50.95238113,20.37914658,-0.915988088,1
2010,CRI,72.85713959,65.40284729,0.53576088,14
2010,CIV,10.95238113,9.004739761,-1.236002564,15
2010,HRV,58.57143021,56.87203979,0.080469035,13
2010,CUB,66.19047546,28.90995216,-0.722509027,10
2010,CYP,80,87.20378876,1.209607244,10
2010,CZE,69.04762268,79.62084961,0.93091917,14
2010,DNK,100,99.05213165,1.898441792,11
2010,DJI,42.8571434,27.01421738,-0.752101779,10
2010,DMA,74.2857132,70.1421814,0.717768133,3
2010,DOM,20.95238113,23.22274971,-0.855494201,15
2010,ECU,26.19047546,11.84834099,-1.143229127,17
2010,EGY,32.38095093,50.23696518,-0.17486386,17
2010,SLV,49.52381134,22.74881554,-0.865749896,15
2010,GNQ,7.142857075,15.63981056,-1.010709286,10
2010,ERI,35.23809433,6.161137581,-1.353037119,11
2010,EST,80.47618866,85.30805969,1.153129935,12
2010,SWZ,56.19047546,39.33649445,-0.470664561,10
2010,ETH,28.09523773,25.59241676,-0.807519138,16
2010,FJI,53.33333206,27.48815155,-0.744324744,8
2010,FIN,98.09523773,100,1.961252689,11
2010,FRA,90.95237732,90.52132416,1.499731541,12
2010,GUF,83.33333588,86.25592041,1.170872331,2
2010,GAB,20,39.8104248,-0.461410344,11
2010,GMB,32.8571434,34.12322235,-0.570687115,11
2010,GEO,57.61904907,48.81516647,-0.20598498,13
2010,DEU,93.33333588,92.89099884,1.637504697,12
2010,GHA,58.09523773,54.02843475,-0.033293352,18
2010,GRC,55.7142868,66.824646,0.583895683,12
2010,GRL,84.2857132,93.83885956,1.72867775,1
2010,GRD,70.95237732,58.76777267,0.118389398,4
2010,GUM,77.14286041,84.8341217,1.1112082,1
2010,GTM,36.19047546,18.95734596,-0.944123864,17
2010,GIN,7.619047642,3.791469097,-1.485632777,12
2010,GNB,11.90476227,7.109004974,-1.336950183,9
2010,GUY,34.2857132,38.3886261,-0.477120876,11
2010,HTI,10,5.213270187,-1.38317585,13
2010,HND,20.47619057,22.27488136,-0.875314057,16
2010,HKG,94.76190186,90.99526215,1.53603065,9
2010,HUN,65.7142868,72.03791809,0.772669375,13
2010,ISL,94.2857132,93.3649292,1.706615806,10
2010,IND,39.04761887,53.55450058,-0.035810821,15
2010,IDN,21.90476227,30.80568695,-0.6560449,16
2010,IRN,17.61904716,15.16587639,-1.026664257,13
2010,IRQ,3.333333254,1.421800971,-1.707236767,13
2010,IRL,92.85713959,95.26066589,1.760813236,11
2010,ISR,73.80952454,79.14691925,0.909712017,11
2010,ITA,64.2857132,63.98104095,0.454773188,14
2010,JAM,48.09523773,40.75829315,-0.432371795,12
2010,JPN,91.42857361,88.1516571,1.319658637,12
2010,JEY,,,,
2010,JOR,60,59.71564102,0.146154016,17
2010,KAZ,16.66666603,29.38388634,-0.695639729,15
2010,KEN,19.52380943,18.00947952,-0.953961968,18
2010,KIR,55.23809433,56.39810562,0.061862402,4
2010,PRK,5.238095284,5.687203884,-1.382789493,9
2010,KOR,70,82.46445465,1.00820756,14
2010,XKX,31.90476227,32.22748947,-0.609969199,9
2010,KWT,64.76190186,67.29857635,0.585773587,12
2010,KGZ,10.47619057,8.530805588,-1.269457459,13
2010,LAO,9.047618866,16.587677,-0.974354088,11
2010,LVA,63.33333206,71.09004974,0.75860405,11
2010,LBN,19.04761887,31.7535553,-0.644749224,16
2010,LSO,62.8571434,45.97156525,-0.290129393,11
2010,LBR,33.33333206,17.06161118,-0.973339379,16
2010,LBY,5.714285851,16.11374474,-1.009421706,13
2010,LIE,93.80952454,91.4691925,1.616719484,4
2010,LTU,68.57142639,72.98577881,0.77632606,13
2010,LUX,95.7142868,97.63033295,1.844100356,9
2010,MAC,69.52381134,69.66824341,0.71714294,2
2010,MDG,42.38095093,21.80094719,-0.878425717,16
2010,MWI,38.57143021,50.71089935,-0.137619033,17
2010,MYS,60.95238113,62.55924225,0.39389044,16
2010,MDV,36.66666794,45.0236969,-0.319186181,6
2010,MLI,28.5714283,40.28435898,-0.447257936,17
2010,MLT,74.76190186,89.09952545,1.410112262,9
2010,MHL,25.23809433,63.03317642,0.404105574,3
2010,MTQ,77.14286041,75.82938385,0.847112179,1
2010,MRT,25.7142849,20.85308075,-0.897638857,14
2010,MUS,71.42857361,78.1990509,0.887274206,11
2010,MEX,40.47618866,35.54502487,-0.552031338,18
2010,FSM,49.04761887,59.24170685,0.142505497,3
2010,MDA,29.04761887,43.60189438,-0.35761109,13
2010,MCO,,77.25118256,0.882354259,2
2010,MNG,24.76190567,43.12796021,-0.364841193,14
2010,MNE,50,52.60663605,-0.063613631,11
2010,MAR,52.38095093,47.86729813,-0.213534176,17
2010,MOZ,40.95238113,36.96682358,-0.48764661,17
2010,MMR,0.476190478,2.843601942,-1.551294684,9
2010,NAM,66.66666412,61.13743973,0.214178309,16
2010,NRU,57.1428566,64.45497894,0.458726168,2
2010,NPL,27.1428566,17.53554535,-0.959066808,14
2010,NLD,97.61904907,97.15639496,1.811732054,11
2010,ANT,77.14286041,75.82938385,0.847112179,1
2010,NZL,99.52381134,98.10426331,1.861887574,12
2010,NIC,23.80952454,24.17061615,-0.837366939,17
2010,NER,30,36.01895905,-0.499165297,14
2010,NGA,15.23809528,11.37440777,-1.158836246,18
2010,NIU,39.52381134,27.96208572,-0.740260482,1
2010,MKD,54.76190567,45.49763107,-0.302208334,13
2010,NOR,97.14286041,98.57820129,1.88987577,12
2010,OMN,67.14286041,65.87677765,0.53682369,11
2010,PAK,13.80952358,28.4360199,-0.737805545,15
2010,PLW,38.09523773,70.61611176,0.74797523,2
2010,PAN,43.80952454,52.13270187,-0.080293067,14
2010,PNG,15.71428585,19.9052124,-0.93251121,10
2010,PRY,26.66666603,24.64455032,-0.830411494,15
2010,PER,50.47618866,34.59715652,-0.566099524,18
2010,PHL,22.8571434,35.0710907,-0.553793609,16
2010,POL,71.90476227,68.72038269,0.712359011,14
2010,PRT,81.42857361,82.93838501,1.025784135,12
2010,PRI,70.47618866,71.5639801,0.760903239,5
2010,QAT,89.04762268,73.93364716,0.845954716,14
2010,REU,77.14286041,75.82938385,0.847112179,1
2010,ROU,45.23809433,58.2938385,0.106409565,15
2010,RUS,13.33333302,26.54028511,-0.79579109,15
2010,RWA,68.09523773,44.54976273,-0.330831766,15
2010,WSM,61.90476227,68.2464447,0.679114759,5
2010,SMR,,77.25118256,0.882354259,2
2010,STP,51.42856979,29.85782051,-0.683138371,8
2010,SAU,59.52381134,60.1895752,0.149531841,14
2010,SEN,30.47619057,41.7061615,-0.397503406,17
2010,SRB,47.1428566,41.23222733,-0.430014491,14
2010,SYC,72.38095093,55.92417145,0.059988741,8
2010,SLE,23.33333397,18.48341179,-0.9471398,14
2010,SGP,98.57142639,91.94313049,1.618847609,12
2010,SVK,63.80952454,66.35070801,0.563034415,14
2010,SVN,79.04762268,81.5165863,1.001982331,13
2010,SLB,45.7142868,31.27962112,-0.647864223,5
2010,SOM,0,0,-2.40626359,11
2010,ZAF,61.42856979,57.34597015,0.097749457,19
2010,SSD,21.4285717,,,
2010,ESP,83.80952454,85.78199005,1.156788111,12
2010,LKA,41.90476227,51.18483353,-0.118414134,14
2010,KNA,88.09523773,80.56871796,0.976546347,3
2010,LCA,85.23809814,76.30331421,0.852938831,3
2010,VCT,81.90476227,77.72512054,0.883622527,3
2010,SDN,8.571428299,6.635071278,-1.337230921,14
2010,SUR,46.66666794,53.08057022,-0.05776104,10
2010,SWE,99.04762268,99.52606964,1.930308819,12
2010,CHE,96.66666412,94.31279755,1.74979496,11
2010,SYR,12.85714245,33.175354,-0.593127608,14
2010,TWN,73.33333588,81.99052429,1.007011652,12
2010,TJK,4.761904716,9.952606201,-1.212895751,11
2010,TZA,35.7142868,37.44075775,-0.486346453,18
2010,THA,43.33333206,47.39336395,-0.233622625,15
2010,TLS,24.2857151,10.90047359,-1.18515873,10
2010,TGO,17.1428566,19.43128014,-0.935580134,13
2010,TON,47.61904907,57.81990433,0.099881336,5
2010,TTO,52.8571434,49.28910065,-0.198580101,11
2010,TUN,53.80952454,54.50236893,0.038853329,15
2010,TUR,59.04761887,54.9763031,0.049980123,16
2010,TKM,1.90476191,4.265402794,-1.473316193,8
2010,TUV,49.04761887,81.04265594,0.992874682,3
2010,UGA,18.5714283,42.18009567,-0.39686957,18
2010,UKR,16.19047546,23.69668198,-0.844159186,15
2010,ARE,78.57142639,62.08530807,0.317414135,11
2010,GBR,92.38095093,95.73459625,1.774692535,12
2010,USA,84.76190186,92.41706085,1.631022215,14
2010,URY,85.7142868,73.4597168,0.786790609,14
2010,UZB,4.285714149,4.739336491,-1.416641831,10
2010,VUT,65.23809814,61.6113739,0.264050841,4
2010,VEN,8.095237732,1.895734549,-1.669150472,18
2010,VNM,31.4285717,33.64928818,-0.581304908,15
2010,VIR,77.14286041,75.82938385,0.847112179,1
2010,PSE,54.2857132,48.3412323,-0.209301576,8
2010,YEM,9.523809433,12.79620838,-1.092339396,15
2010,ZMB,37.61904907,36.4928894,-0.496428072,17
2010,ZWE,2.857142925,0.947867274,-1.837631822,17
2011,AFG,0.473933637,0.469483554,-1.922500134,10
2011,ALB,24.64455032,41.31455231,-0.442926466,15
2011,DZA,34.59715652,23.47417831,-0.845334828,16
2011,ASM,66.824646,84.97652435,1.090952396,1
2011,AND,87.20378876,89.20188141,1.399273753,3
2011,AGO,3.317535639,8.92018795,-1.277053237,17
2011,AIA,87.20378876,88.73239136,1.35215795,1
2011,ATG,87.20378876,78.40375519,0.942094743,3
2011,ARG,43.60189438,33.33333206,-0.563123286,19
2011,ARM,27.48815155,41.78403854,-0.437706411,13
2011,ABW,82.93838501,88.26290894,1.322458386,2
2011,AUS,96.20853424,95.77465057,1.733153701,12
2011,AUT,89.57346344,96.71361542,1.79896307,12
2011,AZE,9.478672981,17.8403759,-0.938726485,15
2011,BHS,89.09952545,68.07511902,0.61066407,5
2011,BHR,63.5071106,62.4413147,0.346452385,10
2011,BGD,13.74407578,28.16901398,-0.733335555,16
2011,BRB,92.89099884,83.56807709,1.074076295,6
2011,BLR,31.7535553,13.14554024,-1.112897038,10
2011,BEL,90.52132416,90.14084625,1.434848905,12
2011,BLZ,48.3412323,39.4366188,-0.469881326,8
2011,BEN,33.175354,30.51643181,-0.658945084,15
2011,BMU,87.20378876,84.97652435,1.090952396,1
2011,BTN,77.25118256,61.50234604,0.205665544,9
2011,BOL,34.12322235,16.90140915,-0.98403579,18
2011,BIH,46.44549942,45.07042313,-0.331778318,12
2011,BWA,79.62084961,67.6056366,0.601400375,16
2011,BRA,63.03317642,56.80751038,0.045141723,19
2011,BRN,76.7772522,75.58685303,0.842867792,7
2011,BGR,50.23696518,51.17370987,-0.141564161,16
2011,BFA,43.12796021,44.6009407,-0.350398898,18
2011,BDI,8.530805588,12.20657253,-1.153804302,13
2011,CPV,78.67298889,65.25821686,0.506770432,10
2011,KHM,5.213270187,14.55399036,-1.050488114,14
2011,CMR,11.37440777,13.61502361,-1.080898523,18
2011,CAN,95.26066589,94.36619568,1.727119923,14
2011,CYM,88.62559509,76.05633545,0.876532793,2
2011,CAF,18.00947952,7.042253494,-1.305445433,12
2011,TCD,3.791469097,2.816901445,-1.484594107,14
2011,CHL,90.0473938,86.85446167,1.263338566,16
2011,CHN,36.96682358,40.84506989,-0.453809977,16
2011,COL,47.39336395,49.29577637,-0.217361465,19
2011,COM,22.74881554,15.02347374,-1.046474814,9
2011,COD,1.421800971,1.877934217,-1.625537157,15
2011,COG,12.32227516,10.32863808,-1.2075212,13
2011,COK,52.13270187,22.06572723,-0.88477248,1
2011,CRI,72.03791809,63.38028336,0.443259001,13
2011,CIV,16.587677,8.450704575,-1.282681704,16
2011,HRV,58.2938385,58.21596146,0.109395981,14
2011,CUB,64.45497894,29.57746506,-0.693881631,10
2011,CYP,77.72512054,83.09859467,1.065313101,10
2011,CZE,68.72038269,81.22065735,1.017497182,15
2011,DNK,100,99.53051758,1.919791341,11
2011,DJI,41.7061615,23.94366264,-0.821726501,10
2011,DMA,73.4597168,69.01408386,0.687728584,3
2011,DOM,21.32701492,24.88262939,-0.808169067,16
2011,ECU,28.90995216,12.67605591,-1.144285321,16
2011,EGY,30.33175278,38.96713638,-0.483893096,18
2011,SLV,51.18483353,26.29108047,-0.751709402,16
2011,GNQ,8.056872368,15.96244144,-1.008374453,10
2011,ERI,29.85782051,6.103286266,-1.361762047,11
2011,EST,80.56871796,85.9154892,1.175814986,13
2011,SWZ,53.55450058,35.6807518,-0.533692062,11
2011,ETH,27.01421738,27.23004723,-0.741804361,17
2011,FJI,60.1895752,29.10798073,-0.711457431,8
2011,FIN,99.05213165,100,1.939538002,11
2011,FRA,90.99526215,89.67136383,1.429734826,13
2011,GUF,82.93838501,86.38497925,1.191717625,2
2011,GAB,19.9052124,43.19248962,-0.403134197,11
2011,GMB,37.44075775,33.8028183,-0.558868945,11
2011,GEO,61.13743973,51.64319229,-0.119617037,13
2011,DEU,93.3649292,92.01877594,1.618219256,14
2011,GHA,56.39810562,54.46009445,-0.003144076,19
2011,GRC,55.45023727,65.72769928,0.533327162,12
2011,GRL,84.36019135,95.30516052,1.733143568,1
2011,GRD,70.1421814,60.09389496,0.172344387,4
2011,GUM,75.82938385,84.97652435,1.090952396,1
2011,GTM,36.01895905,15.49295807,-1.031414747,18
2011,GIN,12.79620838,3.755868435,-1.448172688,13
2011,GNB,10.90047359,6.572770119,-1.323492527,9
2011,GUY,31.27962112,37.5586853,-0.510029078,11
2011,HTI,6.161137581,5.164319038,-1.418013215,14
2011,HND,21.80094719,20.18779373,-0.905360878,16
2011,HKG,94.31279755,90.61032867,1.545700312,10
2011,HUN,67.77251434,71.83098602,0.756602585,13
2011,ISL,94.78672791,93.42723083,1.688566923,10
2011,IND,35.54502487,52.58216095,-0.08629714,16
2011,IDN,23.69668198,31.92488289,-0.599643946,17
2011,IRN,20.37914658,17.37089157,-0.967787087,13
2011,IRQ,4.739336491,2.347417831,-1.556286812,12
2011,IRL,91.94313049,96.244133,1.746468544,12
2011,ISR,76.30331421,80.75117493,1.005322695,11
2011,ITA,65.87677765,64.31925201,0.483442843,15
2011,JAM,53.08057022,43.66197205,-0.371135145,13
2011,JPN,91.4691925,87.79342651,1.303699255,12
2011,JEY,84.36019135,95.30516052,1.733143568,1
2011,JOR,59.71564102,61.03286362,0.200583994,17
2011,KAZ,17.53554535,30.98591614,-0.641633809,15
2011,KEN,18.48341179,19.24882698,-0.91299665,19
2011,KIR,60.66350555,58.68544769,0.121154495,4
2011,PRK,4.265402794,5.633802891,-1.385836244,9
2011,KOR,71.09004974,81.69013977,1.025590301,15
2011,XKX,32.22748947,36.15023422,-0.519360542,9
2011,KWT,59.24170685,66.1971817,0.542900205,11
2011,KGZ,6.635071278,10.79812241,-1.196112633,13
2011,LAO,9.952606201,16.43192482,-1.002358794,11
2011,LVA,65.40284729,70.89202118,0.74016881,11
2011,LBN,19.43128014,31.45539856,-0.634227335,17
2011,LSO,62.55924225,47.41783905,-0.270240843,11
2011,LBR,26.06635094,18.30985832,-0.937408507,17
2011,LBY,7.582938194,14.08450699,-1.078314066,11
2011,LIE,93.83885956,91.54929352,1.610260248,4
2011,LTU,67.29857635,72.30046844,0.76803118,12
2011,LUX,98.10426331,97.65258026,1.823530078,9
2011,MAC,69.66824341,68.54460144,0.686168373,2
2011,MDG,38.86256027,20.65727615,-0.894967437,16
2011,MWI,41.23222733,50.70422363,-0.165708616,17
2011,MYS,57.81990433,62.91079712,0.402631521,17
2011,MDV,35.0710907,34.74178314,-0.542268932,6
2011,MLI,28.4360199,38.49765396,-0.500218213,17
2011,MLT,72.98577881,87.32394409,1.27858007,9
2011,MHL,48.81516647,60.5633812,0.172931656,3
2011,MTQ,75.82938385,75.11737061,0.829746902,1
2011,MRT,29.38388634,18.77934265,-0.929718733,14
2011,MUS,70.61611176,76.99530792,0.935304999,13
2011,MEX,39.33649445,34.27230072,-0.549887717,19
2011,FSM,45.49763107,53.52112579,-0.049869217,3
2011,MDA,30.80568695,45.53990555,-0.327680469,13
2011,MCO,,77.93427277,0.939608097,2
2011,MNG,25.11848259,48.35680771,-0.262269258,14
2011,MNE,52.60663605,53.05164337,-0.058861792,10
2011,MAR,40.28435898,46.94835663,-0.275484473,18
2011,MOZ,38.3886261,32.86384964,-0.579845726,17
2011,MMR,0.947867274,4.225352287,-1.439666033,11
2011,NAM,64.9289093,59.62441254,0.163114116,16
2011,NRU,55.92417145,66.66666412,0.555818677,2
2011,NPL,23.22274971,21.59624481,-0.89161092,14
2011,NLD,96.6824646,97.18309784,1.812573433,12
2011,ANT,75.82938385,75.11737061,0.829746902,1
2011,NZL,99.52606964,98.59155273,1.89464736,13
2011,NIC,24.17061615,28.63849831,-0.725575924,17
2011,NER,27.96208572,42.72300339,-0.407697648,15
2011,NGA,10.42654037,11.73708916,-1.17883873,19
2011,NIU,40.75829315,27.69952965,-0.738909006,1
2011,MKD,54.9763031,47.88732529,-0.269508898,11
2011,NOR,97.63033295,98.12206268,1.864178061,13
2011,OMN,62.08530807,63.84976578,0.461840659,10
2011,PAK,15.16587639,19.7183094,-0.906628191,16
2011,PLW,36.4928894,76.52581787,0.887741566,2
2011,PAN,44.07582855,56.33802795,0.025878649,14
2011,PNG,16.11374474,24.41314507,-0.810600579,10
2011,PRY,25.59241676,25.35211182,-0.800011337,15
2011,PER,51.6587677,32.39436722,-0.580825686,19
2011,PHL,26.54028511,38.02816772,-0.50638926,17
2011,POL,71.5639801,72.76995087,0.794908702,15
2011,PRT,81.5165863,80.2816925,0.996393919,12
2011,PRI,69.19431305,69.95304871,0.726528645,5
2011,QAT,80.0947876,71.3615036,0.750734091,13
2011,REU,75.82938385,75.11737061,0.829746902,1
2011,ROU,45.97156525,57.74647903,0.104707606,16
2011,RUS,15.63981056,26.7605629,-0.747264206,16
2011,RWA,68.2464447,46.47887421,-0.304123908,15
2011,WSM,61.6113739,69.48356628,0.726216853,5
2011,SMR,,77.93427277,0.939608097,2
2011,STP,54.02843475,30.04694748,-0.669470012,8
2011,SAU,47.86729813,57.27699661,0.046536326,12
2011,SEN,37.91469193,40.37558746,-0.456045747,18
2011,SRB,49.28910065,46.00938797,-0.325049341,14
2011,SYC,72.51184845,54.92957687,-0.001035369,8
2011,SLE,20.85308075,22.53521156,-0.862535298,16
2011,SGP,97.15639496,92.95774841,1.660753489,13
2011,SVK,63.98104095,67.13614655,0.597754776,14
2011,SVN,79.14691925,82.62910461,1.0452075,12
2011,SLB,45.0236969,36.61971664,-0.518693209,5
2011,SOM,0,0,-2.338278532,11
2011,ZAF,57.34597015,59.15493011,0.129662588,20
2011,SSD,14.21800995,9.389671326,-1.273476243,6
2011,ESP,83.412323,85.44600677,1.1693784,13
2011,LKA,42.65402985,52.11267471,-0.117064774,14
2011,KNA,87.20378876,79.34272003,0.979530811,3
2011,LCA,88.1516571,73.23943329,0.826713979,3
2011,VCT,81.99052429,78.87323761,0.966215849,3
2011,SDN,9.004739761,7.51173687,-1.30141592,13
2011,SUR,49.76303482,53.99061203,-0.047765844,10
2011,SWE,98.57820129,99.06103516,1.91803658,13
2011,CHE,95.73459625,93.89671326,1.722141981,11
2011,SYR,13.27014256,25.82159615,-0.778770328,14
2011,TWN,78.1990509,82.15962219,1.02658236,12
2011,TJK,7.109004974,9.859154701,-1.232399344,13
2011,TZA,33.64928818,37.08920288,-0.514893711,18
2011,THA,44.54976273,48.82629013,-0.229752526,16
2011,TLS,22.27488136,11.26760578,-1.186765313,10
2011,TGO,17.06161118,21.12676048,-0.893909216,14
2011,TON,46.91942978,55.3990593,0.010710749,5
2011,TTO,54.50236893,50.23474121,-0.179331794,11
2011,TUN,56.87203979,49.76525879,-0.192856058,17
2011,TUR,58.76777267,55.86854553,0.015457718,17
2011,TKM,1.895734549,4.694835663,-1.433294535,8
2011,TUV,50.71089935,79.81221008,0.993217349,3
2011,UGA,18.95734596,44.13145447,-0.35968861,19
2011,UKR,14.69194317,23.00469398,-0.851141274,16
2011,ARE,81.04265594,64.78873444,0.498547107,12
2011,GBR,92.41706085,92.48826599,1.658743739,13
2011,USA,84.8341217,91.0798111,1.590986013,15
2011,URY,87.67772675,70.42253876,0.731594443,14
2011,UZB,2.843601942,3.286385059,-1.452401876,11
2011,VUT,66.35070801,61.97183228,0.298266947,4
2011,VEN,11.84834099,1.408450723,-1.686401486,19
2011,VNM,32.70142365,35.21126938,-0.541880786,16
2011,VIR,75.82938385,75.11737061,0.829746902,1
2011,PSE,39.8104248,42.25352097,-0.436717898,8
2011,YEM,5.687203884,7.981220722,-1.29189229,16
2011,ZMB,42.18009567,39.90610504,-0.456424236,17
2011,ZWE,2.369668245,0.938967109,-1.793949366,18
2012,AFG,1.421800971,1.408450723,-1.651893139,11
2012,ALB,25.11848259,39.90610504,-0.519839764,16
2012,DZA,36.01895905,24.88262939,-0.812617719,16
2012,ASM,65.87677765,85.44600677,1.09636724,1
2012,AND,87.20378876,89.20188141,1.401187778,4
2012,AGO,4.739336491,7.51173687,-1.304776907,16
2012,AIA,87.20378876,88.73239136,1.357940316,1
2012,ATG,87.20378876,78.40375519,0.945719004,3
2012,ARG,40.28435898,32.39436722,-0.623034239,19
2012,ARM,33.175354,42.25352097,-0.418281972,14
2012,ABW,82.46445465,87.32394409,1.309788346,2
2012,AUS,95.73459625,95.77465057,1.759779572,12
2012,AUT,89.57346344,97.65258026,1.857123733,12
2012,AZE,11.84834099,21.59624481,-0.879532695,15
2012,BHS,87.67772675,68.54460144,0.614439547,5
2012,BHR,67.77251434,60.5633812,0.253650159,10
2012,BGD,20.85308075,18.77934265,-0.936167359,16
2012,BRB,92.41706085,82.15962219,1.025717378,6
2012,BLR,39.8104248,19.7183094,-0.923038542,12
2012,BEL,91.4691925,90.14084625,1.448809624,12
2012,BLZ,57.81990433,41.31455231,-0.435866833,7
2012,BEN,20.37914658,34.74178314,-0.574936271,15
2012,BMU,87.20378876,85.44600677,1.09636724,1
2012,BTN,79.14691925,61.03286362,0.260953724,9
2012,BOL,27.48815155,15.96244144,-1.018764019,18
2012,BIH,46.91942978,49.76525879,-0.197178289,15
2012,BWA,78.1990509,67.6056366,0.594521701,17
2012,BRA,56.39810562,52.58216095,-0.076932795,18
2012,BRN,71.09004974,72.30046844,0.787489593,7
2012,BGR,48.81516647,51.64319229,-0.115051359,16
2012,BFA,38.3886261,41.78403854,-0.4258551,19
2012,BDI,0.947867274,13.14554024,-1.083929777,14
2012,CPV,77.25118256,65.25821686,0.514070094,10
2012,KHM,13.27014256,16.43192482,-0.98134619,14
2012,CMR,7.109004974,15.49295807,-1.042930365,18
2012,CAN,95.26066589,95.30516052,1.756421208,14
2012,CYM,88.1516571,76.05633545,0.890999794,2
2012,CAF,16.587677,3.755868435,-1.438803792,12
2012,TCD,2.369668245,3.286385059,-1.463904142,14
2012,CHL,90.99526215,86.85446167,1.287656784,16
2012,CHN,41.23222733,35.6807518,-0.545384467,16
2012,COL,42.18009567,45.53990555,-0.325919122,19
2012,COM,24.64455032,14.08450699,-1.078929543,9
2012,COD,2.843601942,0.938967109,-1.662914276,15
2012,COG,9.952606201,10.79812241,-1.142050862,13
2012,COK,50.71089935,18.30985832,-0.938864112,1
2012,CRI,72.03791809,66.1971817,0.528911471,14
2012,CIV,21.80094719,12.67605591,-1.094172716,17
2012,HRV,58.2938385,59.15493011,0.145079002,15
2012,CUB,63.98104095,29.57746506,-0.708632588,11
2012,CYP,84.8341217,84.03755951,1.093559384,10
2012,CZE,66.35070801,81.22065735,1.022601604,15
2012,DNK,100,98.12206268,1.875066876,12
2012,DJI,39.33649445,25.82159615,-0.803623497,10
2012,DMA,73.4597168,69.95304871,0.699136794,3
2012,DOM,19.43128014,29.10798073,-0.716865838,16
2012,ECU,36.96682358,14.55399036,-1.063925147,17
2012,EGY,33.64928818,37.08920288,-0.536399841,19
2012,SLV,42.65402985,28.63849831,-0.728603363,17
2012,GNQ,9.478672981,15.02347374,-1.049776435,10
2012,ERI,25.59241676,4.225352287,-1.425428391,11
2012,EST,81.5165863,85.9154892,1.150941491,13
2012,SWZ,51.18483353,37.5586853,-0.535372555,12
2012,ETH,32.22748947,30.51643181,-0.677317858,17
2012,FJI,63.03317642,30.98591614,-0.67112577,8
2012,FIN,98.10426331,99.53051758,1.944033504,12
2012,FRA,90.52132416,89.67136383,1.436932445,13
2012,GUF,82.46445465,86.38497925,1.154876947,2
2012,GAB,29.85782051,42.72300339,-0.414806485,13
2012,GMB,30.80568695,32.86384964,-0.59986788,11
2012,GEO,68.72038269,55.3990593,-0.006217348,15
2012,DEU,94.31279755,92.01877594,1.669232011,14
2012,GHA,54.9763031,55.86854553,0.016669463,19
2012,GRC,52.60663605,63.84976578,0.388231575,13
2012,GRL,84.36019135,93.42723083,1.712427616,1
2012,GRD,69.66824341,60.09389496,0.186642453,4
2012,GUM,76.30331421,85.44600677,1.09636724,1
2012,GTM,28.90995216,13.61502361,-1.083919644,18
2012,GIN,14.69194317,5.164319038,-1.399059772,15
2012,GNB,5.687203884,2.816901445,-1.542393088,9
2012,GUY,26.54028511,40.37558746,-0.518265724,12
2012,HTI,9.004739761,7.042253494,-1.332100272,14
2012,HND,18.00947952,9.859154701,-1.146425009,16
2012,HKG,93.3649292,90.61032867,1.573567033,10
2012,HUN,65.40284729,68.07511902,0.611102879,14
2012,ISL,94.78672791,92.48826599,1.67797339,11
2012,IND,36.4928894,53.05164337,-0.062880747,16
2012,IDN,28.4360199,33.8028183,-0.58356905,17
2012,IRN,23.22274971,20.18779373,-0.918653786,13
2012,IRQ,8.530805588,2.347417831,-1.570040822,13
2012,IRL,90.0473938,94.36619568,1.727203608,12
2012,ISR,77.72512054,77.93427277,0.928755701,11
2012,ITA,62.08530807,64.31925201,0.425940156,15
2012,JAM,48.3412323,44.6009407,-0.346987486,14
2012,JPN,91.94313049,88.26290894,1.351365805,12
2012,JEY,84.36019135,93.42723083,1.712427616,1
2012,JOR,60.1895752,62.4413147,0.350899756,18
2012,KAZ,18.95734596,26.7605629,-0.772899032,16
2012,KEN,12.79620838,23.94366264,-0.831432939,19
2012,KIR,59.24170685,59.62441254,0.182903424,4
2012,PRK,6.161137581,6.572770119,-1.354029894,9
2012,KOR,70.1421814,79.81221008,0.984835565,14
2012,XKX,30.33175278,38.96713638,-0.526741982,9
2012,KWT,52.13270187,62.91079712,0.362745106,11
2012,KGZ,11.37440777,11.73708916,-1.13484776,13
2012,LAO,15.63981056,23.00469398,-0.856835246,11
2012,LVA,64.45497894,71.83098602,0.779922068,11
2012,LBN,19.9052124,30.04694748,-0.700235009,16
2012,LSO,60.66350555,47.41783905,-0.269323468,12
2012,LBR,32.70142365,20.65727615,-0.888212502,19
2012,LBY,3.317535639,16.90140915,-0.980967283,13
2012,LIE,93.83885956,91.0798111,1.594992995,5
2012,LTU,68.2464447,75.58685303,0.844753981,12
2012,LUX,96.6824646,96.244133,1.791685104,9
2012,MAC,69.19431305,69.48356628,0.647356212,2
2012,MDG,29.38388634,19.24882698,-0.927833796,17
2012,MWI,38.86256027,48.82629013,-0.240807325,18
2012,MYS,63.5071106,63.38028336,0.379769444,17
2012,MDV,27.96208572,36.15023422,-0.544501007,6
2012,MLI,22.27488136,31.45539856,-0.66488874,17
2012,MLT,78.67298889,87.79342651,1.338508248,9
2012,MHL,51.6587677,58.21596146,0.106395051,3
2012,MTQ,76.30331421,75.11737061,0.834794283,1
2012,MRT,23.69668198,17.8403759,-0.939481437,14
2012,MUS,64.9289093,81.69013977,1.02395618,13
2012,MEX,37.91469193,38.02816772,-0.535180092,19
2012,FSM,55.45023727,56.33802795,0.032678116,3
2012,MDA,31.7535553,46.00938797,-0.323007405,14
2012,MCO,,77.46479034,0.926880658,2
2012,MNG,35.0710907,43.19248962,-0.367212653,15
2012,MNE,54.50236893,53.99061203,-0.058480583,10
2012,MAR,37.44075775,46.47887421,-0.292328745,19
2012,MOZ,34.59715652,33.33333206,-0.598753095,17
2012,MMR,13.74407578,6.103286266,-1.356775403,12
2012,NAM,66.824646,61.50234604,0.30407232,15
2012,NRU,58.76777267,70.89202118,0.726925969,2
2012,NPL,22.74881554,27.69952965,-0.737359285,14
2012,NLD,96.20853424,97.18309784,1.852681756,12
2012,ANT,76.30331421,75.11737061,0.834794283,1
2012,NZL,99.52606964,98.59155273,1.883210063,13
2012,NIC,24.17061615,28.16901398,-0.733911514,18
2012,NER,31.27962112,31.92488289,-0.663967431,15
2012,NGA,10.90047359,11.26760578,-1.138828754,19
2012,NIU,40.75829315,26.29108047,-0.787815869,1
2012,MKD,55.92417145,47.88732529,-0.251570195,12
2012,NOR,98.57820129,100,1.951031089,13
2012,OMN,62.55924225,65.72769928,0.518843412,10
2012,PAK,14.21800995,21.12676048,-0.883420169,16
2012,PLW,41.7061615,76.52581787,0.898058653,2
2012,PAN,44.07582855,49.29577637,-0.222083896,15
2012,PNG,18.48341179,23.47417831,-0.832595944,10
2012,PRY,21.32701492,25.35211182,-0.81082052,15
2012,PER,43.12796021,34.27230072,-0.581970215,19
2012,PHL,34.12322235,39.4366188,-0.522410274,17
2012,POL,72.98577881,73.23943329,0.817868531,15
2012,PRT,79.62084961,82.62910461,1.036111951,13
2012,PRI,70.61611176,72.76995087,0.793113589,5
2012,QAT,81.04265594,78.87323761,0.952364326,13
2012,REU,76.30331421,75.11737061,0.834794283,1
2012,ROU,44.54976273,57.74647903,0.092900537,16
2012,RUS,15.16587639,22.53521156,-0.857621253,16
2012,RWA,71.5639801,48.35680771,-0.25050208,15
2012,WSM,61.13743973,71.3615036,0.737992704,5
2012,SMR,,77.46479034,0.926880658,2
2012,STP,54.02843475,27.23004723,-0.74639219,8
2012,SAU,56.87203979,58.68544769,0.144349769,13
2012,SEN,49.28910065,46.94835663,-0.281967074,18
2012,SRB,45.49763107,45.07042313,-0.332835764,15
2012,SYC,72.51184845,56.80751038,0.058190312,9
2012,SLE,17.53554535,22.06572723,-0.867620051,19
2012,SGP,97.15639496,93.89671326,1.724078059,13
2012,SVK,59.71564102,64.78873444,0.485911757,13
2012,SVN,76.7772522,80.75117493,1.009067059,14
2012,SLB,45.0236969,38.49765396,-0.528098583,5
2012,SOM,0,0,-2.418204069,12
2012,ZAF,53.08057022,57.27699661,0.084444158,20
2012,SSD,5.213270187,4.694835663,-1.416702867,9
2012,ESP,83.412323,83.09859467,1.037798285,13
2012,LKA,50.23696518,52.11267471,-0.114084356,15
2012,KNA,87.20378876,79.34272003,0.972676516,3
2012,LCA,80.56871796,70.42253876,0.720896304,4
2012,VCT,80.0947876,80.2816925,0.987828314,3
2012,SDN,0.473933637,8.92018795,-1.243647814,13
2012,SUR,46.44549942,53.52112579,-0.06157472,11
2012,SWE,99.05213165,99.06103516,1.928277612,13
2012,CHE,97.63033295,96.71361542,1.81180203,11
2012,SYR,10.42654037,12.20657253,-1.128444195,13
2012,TWN,73.93364716,83.56807709,1.043939829,12
2012,TJK,6.635071278,9.389671326,-1.207619905,13
2012,TZA,26.06635094,36.61971664,-0.537633419,19
2012,THA,43.60189438,50.23474121,-0.172369108,16
2012,TLS,27.01421738,10.32863808,-1.143766642,10
2012,TGO,16.11374474,17.37089157,-0.948060036,14
2012,TON,47.39336395,54.92957687,-0.023023434,5
2012,TTO,53.55450058,50.70422363,-0.166715115,12
2012,TUN,57.34597015,51.17370987,-0.163849369,17
2012,TUR,61.6113739,54.46009445,-0.036608554,17
2012,TKM,3.791469097,5.633802891,-1.380708814,9
2012,TUV,45.97156525,67.13614655,0.559754252,3
2012,UGA,17.06161118,44.13145447,-0.35627982,19
2012,UKR,12.32227516,24.41314507,-0.817339003,16
2012,ARE,82.93838501,66.66666412,0.534359634,11
2012,GBR,92.89099884,94.8356781,1.729413867,13
2012,USA,89.09952545,91.54929352,1.620341778,15
2012,URY,88.62559509,69.01408386,0.614688694,15
2012,UZB,4.265402794,7.981220722,-1.299275875,12
2012,VUT,67.29857635,61.97183228,0.335755438,4
2012,VEN,8.056872368,0.469483554,-1.71477735,19
2012,VNM,35.54502487,35.21126938,-0.554923773,16
2012,VIR,76.30331421,75.11737061,0.834794283,1
2012,PSE,49.76303482,40.84506989,-0.445701063,8
2012,YEM,7.582938194,8.450704575,-1.277677536,15
2012,ZMB,47.86729813,43.66197205,-0.360225439,18
2012,ZWE,1.895734549,1.877934217,-1.630184054,19
2013,AFG,0.947867274,1.877934217,-1.609111547,12
2013,ALB,24.17061615,38.96713638,-0.518606007,15
2013,DZA,39.33649445,30.98591614,-0.693158984,16
2013,ASM,65.87677765,85.44600677,1.101331592,1
2013,AND,86.7298584,88.73239136,1.401491046,4
2013,AGO,4.739336491,7.51173687,-1.290795803,17
2013,AIA,86.7298584,88.26290894,1.360453248,1
2013,ATG,86.7298584,73.70892334,0.831776917,3
2013,ARG,40.75829315,32.39436722,-0.656233191,18
2013,ARM,36.01895905,45.07042313,-0.340971231,13
2013,ABW,82.46445465,87.32394409,1.292504787,2
2013,AUS,93.83885956,95.77465057,1.77010262,12
2013,AUT,90.52132416,97.65258026,1.834038258,12
2013,AZE,16.587677,26.29108047,-0.756104469,14
2013,BHS,88.62559509,69.95304871,0.632410944,5
2013,BHR,68.2464447,61.50234604,0.32640186,10
2013,BGD,21.32701492,20.65727615,-0.871759772,15
2013,BRB,91.4691925,83.56807709,1.039596438,6
2013,BLR,42.18009567,20.18779373,-0.881984413,12
2013,BEL,90.99526215,90.14084625,1.456789732,12
2013,BLZ,58.76777267,41.78403854,-0.451345652,8
2013,BEN,24.64455032,34.74178314,-0.567833364,16
2013,BMU,86.7298584,85.44600677,1.101331592,1
2013,BTN,79.14691925,60.5633812,0.317648262,11
2013,BOL,35.0710907,15.02347374,-1.05081141,17
2013,BIH,50.71089935,51.64319229,-0.139309406,14
2013,BWA,77.72512054,65.72769928,0.49451527,18
2013,BRA,54.9763031,52.58216095,-0.091847032,18
2013,BRN,72.51184845,68.07511902,0.589224994,7
2013,BGR,45.97156525,50.70422363,-0.147228062,15
2013,BFA,36.4928894,37.08920288,-0.526613951,19
2013,BDI,1.895734549,14.08450699,-1.076438308,15
2013,CPV,77.25118256,66.1971817,0.551252127,11
2013,KHM,12.79620838,15.96244144,-1.007445931,14
2013,CMR,9.952606201,14.55399036,-1.058035612,18
2013,CAN,95.26066589,95.30516052,1.747499347,13
2013,CYM,89.09952545,76.52581787,0.895805478,2
2013,CAF,12.32227516,0.469483554,-1.808942914,13
2013,TCD,3.317535639,5.164319038,-1.397757053,15
2013,CHL,90.0473938,86.85446167,1.255251408,16
2013,CHN,45.0236969,37.5586853,-0.525990129,15
2013,COL,40.28435898,42.72300339,-0.387949467,18
2013,COM,26.54028511,17.37089157,-0.954957306,10
2013,COD,4.265402794,2.816901445,-1.584831834,16
2013,COG,10.42654037,12.20657253,-1.12112391,14
2013,COK,51.6587677,18.30985832,-0.933752656,1
2013,CRI,70.61611176,66.66666412,0.563845575,14
2013,CIV,25.59241676,19.24882698,-0.914480269,18
2013,HRV,61.13743973,58.21596146,0.178020224,15
2013,CUB,61.6113739,30.51643181,-0.699207544,11
2013,CYP,84.36019135,82.62910461,1.030020833,10
2013,CZE,65.40284729,81.69013977,1.023850799,14
2013,DNK,100,98.59155273,1.902293801,12
2013,DJI,35.54502487,24.88262939,-0.774326742,11
2013,DMA,73.93364716,71.3615036,0.720964015,3
2013,DOM,20.37914658,36.15023422,-0.535113275,16
2013,ECU,37.44075775,21.12676048,-0.870148361,17
2013,EGY,33.64928818,27.69952965,-0.735893428,19
2013,SLV,45.49763107,33.8028183,-0.636897326,17
2013,GNQ,5.213270187,11.73708916,-1.168726563,11
2013,ERI,20.85308075,4.225352287,-1.431260705,12
2013,EST,82.93838501,86.38497925,1.191487908,13
2013,SWZ,51.18483353,40.37558746,-0.492828667,13
2013,ETH,37.91469193,32.86384964,-0.649538219,17
2013,FJI,63.03317642,28.63849831,-0.72579509,8
2013,FIN,98.10426331,99.53051758,1.955659628,12
2013,FRA,87.67772675,89.20188141,1.40233779,13
2013,GUF,82.46445465,85.9154892,1.12272346,2
2013,GAB,32.22748947,38.49765396,-0.522406638,14
2013,GMB,27.48815155,33.33333206,-0.64948678,12
2013,GEO,69.19431305,54.92957687,0.00495237,14
2013,DEU,94.31279755,92.01877594,1.642112851,13
2013,GHA,55.45023727,57.27699661,0.15427576,19
2013,GRC,55.92417145,64.78873444,0.467147976,13
2013,GRL,83.88625336,93.42723083,1.689050317,1
2013,GRD,68.72038269,59.15493011,0.199680164,4
2013,GUM,76.7772522,85.44600677,1.101331592,1
2013,GTM,31.7535553,13.61502361,-1.093928218,17
2013,GIN,13.74407578,5.633802891,-1.383079529,16
2013,GNB,3.791469097,1.408450723,-1.611724138,10
2013,GUY,29.85782051,38.02816772,-0.524389088,12
2013,HTI,11.84834099,7.042253494,-1.300454021,14
2013,HND,18.00947952,11.26760578,-1.172824979,16
2013,HKG,91.94313049,91.0798111,1.565820932,10
2013,HUN,64.9289093,67.6056366,0.582987368,13
2013,ISL,95.73459625,92.48826599,1.653921008,11
2013,IND,36.96682358,53.52112579,-0.045691311,15
2013,IDN,29.38388634,36.61971664,-0.533191502,16
2013,IRN,28.4360199,16.43192482,-0.996962249,13
2013,IRQ,5.687203884,3.286385059,-1.563913703,13
2013,IRL,92.41706085,94.8356781,1.70915544,11
2013,ISR,78.1990509,80.2816925,0.971638501,11
2013,ITA,60.1895752,63.84976578,0.436367184,14
2013,JAM,47.39336395,45.53990555,-0.31927675,14
2013,JPN,92.89099884,89.67136383,1.436062217,12
2013,JEY,83.88625336,93.42723083,1.689050317,1
2013,JOR,59.71564102,63.38028336,0.375538468,17
2013,KAZ,18.95734596,29.57746506,-0.716203809,15
2013,KEN,14.69194317,30.04694748,-0.714889407,19
2013,KIR,57.81990433,59.62441254,0.229458466,4
2013,PRK,6.635071278,6.103286266,-1.382066011,9
2013,KOR,71.09004974,78.40375519,0.945151508,14
2013,XKX,31.27962112,35.6807518,-0.542661846,8
2013,KWT,52.60663605,62.4413147,0.360852838,11
2013,KGZ,11.37440777,13.14554024,-1.114896059,13
2013,LAO,18.48341179,23.94366264,-0.803554475,12
2013,LVA,66.824646,72.30046844,0.762004912,12
2013,LBN,19.43128014,28.16901398,-0.731645644,16
2013,LSO,63.98104095,49.29577637,-0.203317836,13
2013,LBR,27.01421738,19.7183094,-0.881992996,19
2013,LBY,1.421800971,8.92018795,-1.260800362,14
2013,LIE,94.78672791,91.54929352,1.577415586,5
2013,LTU,67.77251434,73.23943329,0.829977274,12
2013,LUX,97.15639496,96.71361542,1.807661772,9
2013,MAC,70.1421814,70.42253876,0.638162911,2
2013,MDG,23.22274971,18.77934265,-0.920528054,18
2013,MWI,32.70142365,50.23474121,-0.162497178,18
2013,MYS,67.29857635,61.97183228,0.341402948,16
2013,MDV,25.11848259,26.7605629,-0.748006761,7
2013,MLI,22.27488136,27.23004723,-0.747100413,18
2013,MLT,80.56871796,87.79342651,1.325734019,9
2013,MHL,58.2938385,60.09389496,0.244046077,2
2013,MTQ,76.7772522,76.05633545,0.842209876,1
2013,MRT,21.80094719,15.49295807,-1.008838177,15
2013,MUS,63.5071106,79.81221008,0.966420889,14
2013,MEX,34.59715652,35.21126938,-0.549149871,18
2013,FSM,53.55450058,55.86854553,0.120530084,3
2013,MDA,23.69668198,43.19248962,-0.36957255,13
2013,MCO,,77.93427277,0.929197848,2
2013,MNG,38.86256027,43.66197205,-0.362178117,14
2013,MNE,48.3412323,53.99061203,-0.034214381,10
2013,MAR,41.7061615,44.6009407,-0.34456414,19
2013,MOZ,34.12322235,23.47417831,-0.81991297,18
2013,MMR,16.11374474,9.389671326,-1.243450284,14
2013,NAM,66.35070801,61.03286362,0.318986148,16
2013,NRU,30.80568695,69.48356628,0.617867887,2
2013,NPL,28.90995216,29.10798073,-0.718928397,14
2013,NLD,96.20853424,97.18309784,1.825339913,12
2013,ANT,76.7772522,76.05633545,0.842209876,1
2013,NZL,99.52606964,98.12206268,1.870151043,13
2013,NIC,26.06635094,31.45539856,-0.674381673,17
2013,NER,33.175354,31.92488289,-0.666100204,16
2013,NGA,9.478672981,12.67605591,-1.120073915,19
2013,NIU,41.23222733,24.41314507,-0.789133787,1
2013,MKD,56.39810562,48.35680771,-0.230700821,12
2013,NOR,99.05213165,100,1.970936894,13
2013,OMN,62.08530807,65.25821686,0.486907274,10
2013,PAK,17.06161118,22.06572723,-0.855993092,15
2013,PLW,30.80568695,76.99530792,0.897257924,2
2013,PAN,43.60189438,47.41783905,-0.253400028,15
2013,PNG,17.53554535,17.8403759,-0.942069948,10
2013,PRY,14.21800995,25.82159615,-0.766909003,15
2013,PER,39.8104248,34.27230072,-0.574129939,18
2013,PHL,44.07582855,41.31455231,-0.468730181,16
2013,POL,72.98577881,74.17840576,0.839548349,14
2013,PRT,78.67298889,83.09859467,1.038563251,13
2013,PRI,69.66824341,70.89202118,0.667774379,5
2013,QAT,81.5165863,78.87323761,0.95217073,13
2013,REU,76.7772522,76.05633545,0.842209876,1
2013,ROU,47.86729813,58.68544769,0.190192178,15
2013,RUS,15.63981056,23.00469398,-0.82155776,15
2013,RWA,72.03791809,51.17370987,-0.146716297,16
2013,WSM,62.55924225,71.83098602,0.753769517,5
2013,SMR,,77.93427277,0.929197848,2
2013,STP,54.02843475,25.35211182,-0.770315468,9
2013,SAU,57.34597015,56.80751038,0.152995586,13
2013,SEN,53.08057022,47.88732529,-0.236131489,19
2013,SRB,46.44549942,46.00938797,-0.298619896,14
2013,SYC,71.5639801,57.74647903,0.167196572,10
2013,SLE,19.9052124,21.59624481,-0.867795408,19
2013,SGP,96.6824646,94.36619568,1.69718194,13
2013,SVK,59.24170685,64.31925201,0.463612854,13
2013,SVN,74.40758514,81.22065735,0.994327009,14
2013,SLB,42.65402985,39.90610504,-0.512893558,5
2013,SOM,0,0,-2.406163454,12
2013,ZAF,54.50236893,56.33802795,0.13549374,20
2013,SSD,2.843601942,3.755868435,-1.535627604,10
2013,ESP,79.62084961,82.15962219,1.02529192,13
2013,LKA,52.13270187,46.47887421,-0.265588671,15
2013,KNA,86.7298584,80.75117493,0.972780228,3
2013,LCA,81.04265594,72.76995087,0.771275342,4
2013,VCT,80.0947876,79.34272003,0.963633358,3
2013,SDN,0.473933637,7.981220722,-1.283145666,14
2013,SUR,48.81516647,53.05164337,-0.048841041,11
2013,SWE,98.57820129,99.06103516,1.950551629,13
2013,CHE,97.63033295,96.244133,1.796086431,11
2013,SYR,8.530805588,4.694835663,-1.406198382,13
2013,TWN,73.4597168,84.03755951,1.043584466,12
2013,TJK,7.109004974,8.450704575,-1.263131618,11
2013,TZA,22.74881554,40.84506989,-0.477214456,19
2013,THA,44.54976273,52.11267471,-0.139015213,16
2013,TLS,27.96208572,10.32863808,-1.212670445,10
2013,TGO,15.16587639,16.90140915,-0.984186471,15
2013,TON,49.28910065,55.3990593,0.0174511,5
2013,TTO,50.23696518,48.82629013,-0.204375163,12
2013,TUN,56.87203979,49.76525879,-0.178690434,19
2013,TUR,60.66350555,54.46009445,-0.004461078,16
2013,TKM,7.582938194,6.572770119,-1.361538053,9
2013,TUV,43.12796021,68.54460144,0.591498137,3
2013,UGA,13.27014256,44.13145447,-0.346435457,19
2013,UKR,10.90047359,22.53521156,-0.844641566,15
2013,ARE,87.20378876,69.01408386,0.613574982,11
2013,GBR,93.3649292,93.89671326,1.689435244,13
2013,USA,88.1516571,90.61032867,1.549293876,14
2013,URY,89.57346344,67.13614655,0.576835692,15
2013,UZB,8.056872368,9.859154701,-1.235225201,12
2013,VUT,64.45497894,62.91079712,0.366945237,4
2013,VEN,6.161137581,0.938967109,-1.785813451,18
2013,VNM,38.3886261,39.4366188,-0.51548928,15
2013,VIR,76.7772522,76.05633545,0.842209876,1
2013,PSE,49.76303482,42.25352097,-0.400905102,7
2013,YEM,9.004739761,10.79812241,-1.186562181,14
2013,ZMB,46.91942978,46.94835663,-0.261999786,19
2013,ZWE,2.369668245,2.347417831,-1.5872612,19
2014,AFG,5.288461685,4.326922894,-1.437044501,10
2014,ALB,34.13461685,43.75,-0.310979843,12
2014,DZA,31.25,22.59615326,-0.804205596,13
2014,ASM,87.0192337,87.9807663,1.407080054,
2014,AND,87.0192337,90.38461304,1.638325453,2
2014,AGO,3.846153736,11.53846169,-1.074789524,13
2014,AIA,87.0192337,60.09615326,0.019607974,
2014,ATG,72.11538696,49.51922989,-0.175930172,1
2014,ARG,35.57692337,19.71153831,-0.866434515,15
2014,ARM,35.09615326,38.46154022,-0.417796254,11
2014,ABW,81.7307663,81.7307663,1.036310434,1
2014,AUS,95.19230652,96.15384674,1.918719649,10
2014,AUT,90.86538696,96.63461304,1.938500404,10
2014,AZE,14.90384579,28.36538506,-0.696949005,12
2014,BHS,88.94230652,75.4807663,0.664432347,4
2014,BHR,62.98077011,66.82691956,0.413401127,7
2014,BGD,18.75,24.03846169,-0.782509089,12
2014,BRB,82.69230652,83.17308044,1.080372453,5
2014,BLR,51.44230652,21.15384674,-0.815033615,10
2014,BEL,91.34615326,88.94230652,1.548629999,10
2014,BLZ,52.88461685,21.63461494,-0.814310551,6
2014,BEN,29.80769157,36.05769348,-0.485179126,12
2014,BMU,87.0192337,60.09615326,0.019607974,
2014,BTN,88.46154022,67.30769348,0.417663902,8
2014,BOL,30.28846169,12.01923084,-1.058175683,14
2014,BIH,48.07692337,51.92307663,-0.13222298,11
2014,BWA,76.92308044,71.63461304,0.539543569,14
2014,BRA,44.23077011,57.69230652,-0.052719016,15
2014,BRN,69.71154022,68.75,0.472058415,4
2014,BGR,47.59615326,54.32692337,-0.081918642,13
2014,BFA,38.94230652,33.65384674,-0.545646906,15
2014,BDI,8.17307663,14.90384579,-0.970426798,12
2014,CPV,79.80769348,75,0.66221118,9
2014,KHM,11.53846169,15.86538506,-0.954109788,11
2014,CMR,10.09615421,18.26922989,-0.89759171,15
2014,CAN,94.71154022,95.19230652,1.886384726,11
2014,CYM,81.7307663,73.07691956,0.586509824,1
2014,CAF,11.05769253,1.442307711,-1.706067681,10
2014,TCD,6.25,9.615385056,-1.150422812,12
2014,CHL,90.38461304,86.53845978,1.34896946,14
2014,CHN,46.15384674,40.38461685,-0.396166623,12
2014,COL,42.78845978,45.67307663,-0.251975983,15
2014,COM,33.65384674,17.78846169,-0.898310542,8
2014,COD,6.730769157,2.884615421,-1.462760568,12
2014,COG,9.134614944,10.57692337,-1.119276404,11
2014,COK,,,,
2014,CRI,75,72.59615326,0.583418787,13
2014,CIV,42.30769348,33.17307663,-0.592921734,14
2014,HRV,62.01922989,63.46154022,0.218247041,13
2014,CUB,59.13461685,29.80769157,-0.65520066,9
2014,CYP,82.21154022,82.69230652,1.074913144,8
2014,CZE,67.30769348,84.61538696,1.138921142,12
2014,DNK,100,99.5192337,2.10087657,10
2014,DJI,32.69230652,18.75,-0.875662029,8
2014,DMA,74.03845978,72.11538696,0.550097764,1
2014,DOM,22.59615326,41.34615326,-0.38400799,13
2014,ECU,27.40384674,14.42307663,-0.97051096,13
2014,EGY,34.61538315,27.88461494,-0.698362648,15
2014,SLV,43.26922989,37.01922989,-0.469058067,14
2014,GNQ,2.403846264,7.211538315,-1.317287445,7
2014,ERI,19.71153831,2.403846264,-1.567002535,7
2014,EST,87.9807663,87.0192337,1.369988799,11
2014,SWZ,50,44.23077011,-0.310973823,10
2014,ETH,40.86538315,37.5,-0.468450874,13
2014,FJI,65.86538696,35.09615326,-0.514017463,6
2014,FIN,98.55769348,100,2.124782085,10
2014,FRA,87.5,88.46154022,1.453593969,11
2014,GUF,81.7307663,82.21154022,1.063984513,1
2014,GAB,28.84615326,36.53845978,-0.472979218,10
2014,GMB,28.36538506,28.84615326,-0.696619987,9
2014,GEO,77.40384674,63.94230652,0.224652022,12
2014,DEU,93.75,93.75,1.850373387,11
2014,GHA,52.40384674,61.05769348,0.063672259,15
2014,GRC,53.36538315,66.34615326,0.373847544,10
2014,GRL,84.13461304,91.82691956,1.734398961,1
2014,GRD,64.42308044,50.96154022,-0.137727961,1
2014,GUM,87.0192337,87.9807663,1.407080054,
2014,GTM,25.96153831,15.38461494,-0.956078649,14
2014,GIN,13.46153831,5.288461685,-1.367539644,13
2014,GNB,1.923076868,6.730769157,-1.338504314,8
2014,GUY,26.92307663,31.73077011,-0.61473,9
2014,HTI,8.653845787,8.653845787,-1.180394053,11
2014,HND,24.03846169,16.34615326,-0.942938149,14
2014,HKG,91.82691956,94.2307663,1.85651195,9
2014,HUN,61.05769348,70.67308044,0.509287119,12
2014,ISL,94.2307663,90.86538696,1.704725385,9
2014,IND,39.90384674,55.76922989,-0.068644837,13
2014,IDN,32.21154022,44.71154022,-0.310617834,13
2014,IRN,30.76922989,12.98076916,-1.052705526,10
2014,IRQ,5.769230843,3.365384579,-1.448244214,10
2014,IRL,92.78845978,92.78845978,1.760694742,9
2014,ISR,78.84615326,83.65384674,1.105474949,9
2014,ITA,56.73077011,67.78845978,0.422377765,11
2014,JAM,46.63461685,47.11538315,-0.236792937,12
2014,JPN,92.30769348,89.42308044,1.598023415,10
2014,JEY,84.13461304,91.82691956,1.734398961,1
2014,JOR,60.57692337,68.2692337,0.467406094,13
2014,KAZ,23.55769157,32.21154022,-0.609330893,13
2014,KEN,16.34615326,38.94230652,-0.411822498,15
2014,KIR,63.46154022,53.36538315,-0.105000816,2
2014,PRK,7.211538315,1.923076868,-1.619468331,6
2014,KOR,69.2307663,81.25,1.006099105,12
2014,XKX,36.53845978,37.98077011,-0.464199781,7
2014,KWT,50.96154022,60.57692337,0.023226205,9
2014,KGZ,12.5,16.82692337,-0.935829699,11
2014,LAO,20.67307663,25.48077011,-0.756003857,9
2014,LVA,66.82691956,77.88461304,0.870828807,10
2014,LBN,13.94230747,26.92307663,-0.720965028,13
2014,LSO,61.53845978,48.55769348,-0.209582657,11
2014,LBR,24.51922989,23.07692337,-0.803596199,14
2014,LBY,2.884615421,4.807692528,-1.389462471,11
2014,LIE,97.11538696,92.30769348,1.73981142,3
2014,LTU,70.19230652,78.84615326,0.937443316,10
2014,LUX,96.63461304,95.67308044,1.902147532,7
2014,MAC,77.88461304,79.80769348,0.950151205,1
2014,MDG,21.63461494,26.44230843,-0.736539125,14
2014,MWI,25,45.19230652,-0.288721323,14
2014,MYS,66.34615326,71.15384674,0.524190724,12
2014,MDV,44.71154022,34.61538315,-0.520292759,4
2014,MLI,26.44230843,31.25,-0.635085225,14
2014,MLT,78.36538696,86.05769348,1.191220164,7
2014,MHL,56.25,49.03845978,-0.200024933,1
2014,MTQ,87.0192337,60.09615326,0.019607974,
2014,MRT,16.82692337,19.23077011,-0.873080671,11
2014,MUS,64.90384674,79.32691956,0.94889307,12
2014,MEX,22.11538506,39.42307663,-0.406367481,15
2014,FSM,76.44230652,46.63461685,-0.244236752,1
2014,MDA,21.15384674,46.15384674,-0.244262472,11
2014,MCO,,,,1
2014,MNG,38.46154022,43.26922989,-0.330959737,11
2014,MNE,54.80769348,58.17307663,0.014262914,8
2014,MAR,47.11538315,52.40384674,-0.130764112,15
2014,MOZ,29.32692337,22.11538506,-0.808949351,15
2014,MMR,20.19230843,8.17307663,-1.194209933,11
2014,NAM,62.5,62.98077011,0.206357837,13
2014,NRU,37.98077011,13.94230747,-1.005572319,1
2014,NPL,33.17307663,30.76922989,-0.649084508,11
2014,NLD,95.67308044,97.11538696,1.973513007,10
2014,ANT,,,,
2014,NZL,99.5192337,98.55769348,2.004160881,11
2014,NIC,19.23077011,27.40384674,-0.714282215,14
2014,NER,27.88461494,30.28846169,-0.650558889,13
2014,NGA,7.692307472,12.5,-1.055568933,16
2014,NIU,,,,
2014,MKD,55.28845978,57.21154022,-0.055596132,10
2014,NOR,99.03845978,99.03845978,2.024377823,11
2014,OMN,63.94230652,69.71154022,0.485294878,8
2014,PAK,23.07692337,25.96153831,-0.750930011,12
2014,PLW,37.98077011,65.86538696,0.275646389,1
2014,PAN,43.75,56.73077011,-0.064788446,12
2014,PNG,17.78846169,24.51922989,-0.774425447,8
2014,PRY,15.38461494,32.69230652,-0.604193926,12
2014,PER,31.73077011,34.13461685,-0.522220552,15
2014,PHL,41.34615326,42.30769348,-0.369280577,13
2014,POL,72.59615326,78.36538696,0.871664524,12
2014,PRT,79.32691956,84.13461304,1.119520068,11
2014,PRI,67.78845978,76.44230652,0.766151249,4
2014,QAT,80.28845978,77.40384674,0.86247611,11
2014,REU,72.11538696,85.09615326,1.175834894,
2014,ROU,51.92307663,64.90384674,0.242191851,13
2014,RUS,17.30769157,25,-0.772919178,13
2014,RWA,75.4807663,61.53845978,0.070237465,12
2014,WSM,65.38461304,76.92308044,0.797605693,2
2014,SMR,,,,1
2014,STP,57.21154022,23.55769157,-0.790833831,7
2014,SAU,59.61538315,62.01922989,0.132624105,10
2014,SEN,58.65384674,55.28845978,-0.075510599,15
2014,SRB,50.48077011,53.84615326,-0.094555423,12
2014,SYC,70.67308044,65.38461304,0.250029027,8
2014,SLE,15.86538506,17.30769157,-0.935593963,15
2014,SGP,96.15384674,93.2692337,1.820654988,11
2014,SVK,60.09615326,69.2307663,0.485101789,11
2014,SVN,74.5192337,80.7692337,0.999612212,12
2014,SLB,49.51922989,35.57692337,-0.490208209,3
2014,SOM,0,0,-2.355515003,9
2014,ZAF,54.32692337,62.5,0.155454814,16
2014,SSD,0.480769217,0.961538434,-1.850915551,8
2014,ESP,73.07691956,80.28845978,0.966522396,11
2014,LKA,45.67307663,50.48077011,-0.149271369,12
2014,KNA,58.17307663,29.32692337,-0.674128115,1
2014,LCA,68.75,74.03845978,0.626313031,2
2014,VCT,74.03845978,73.55769348,0.614199519,1
2014,SDN,3.365384579,9.134614944,-1.169579864,12
2014,SUR,40.38461685,51.44230652,-0.136010766,8
2014,SWE,97.59615326,97.59615326,1.9751724,11
2014,CHE,98.07691956,98.07691956,1.99034977,9
2014,SYR,1.442307711,5.769230843,-1.357715845,9
2014,TWN,75.96154022,85.57691956,1.185541272,10
2014,TJK,12.01923084,13.46153831,-1.011778951,10
2014,TZA,25.48077011,39.90384674,-0.400824994,15
2014,THA,37.01922989,48.07692337,-0.220252082,13
2014,TLS,36.05769348,11.05769253,-1.112548113,7
2014,TGO,18.26922989,20.19230843,-0.8583318,12
2014,TON,49.03845978,50,-0.160119161,2
2014,TTO,39.42307663,52.88461685,-0.106046513,10
2014,TUN,55.76922989,56.25,-0.068618946,15
2014,TUR,53.84615326,54.80769348,-0.075808413,13
2014,TKM,10.57692337,6.25,-1.344346046,7
2014,TUV,57.69230652,70.19230652,0.507215321,1
2014,UGA,12.98076916,40.86538315,-0.394620955,15
2014,UKR,14.42307663,20.67307663,-0.829405069,13
2014,ARE,83.17308044,74.5192337,0.651266217,9
2014,GBR,93.2692337,94.71154022,1.874803424,11
2014,USA,89.42308044,89.90384674,1.606930375,12
2014,URY,89.90384674,75.96154022,0.761916339,13
2014,UZB,9.615385056,10.09615421,-1.134198904,10
2014,VUT,68.2692337,64.42308044,0.230402738,2
2014,VEN,4.807692528,0.480769217,-1.909058452,15
2014,VNM,41.82692337,42.78845978,-0.360538632,12
2014,VIR,72.11538696,60.09615326,0.019607974,
2014,PSE,48.55769348,41.82692337,-0.383387715,5
2014,YEM,0.961538434,7.692307472,-1.195837498,10
2014,ZMB,45.19230652,47.59615326,-0.224575788,15
2014,ZWE,4.326922894,3.846153736,-1.441469073,14
2015,AFG,5.714285851,4.285714149,-1.515202641,10
2015,ALB,36.19047546,44.76190567,-0.318997443,12
2015,DZA,30.47619057,16.66666603,-0.94210124,12
2015,ASM,85.7142868,86.66666412,1.28536284,
2015,AND,85.7142868,90,1.512989044,2
2015,AGO,4.285714149,12.85714245,-1.030846119,11
2015,AIA,85.7142868,54.2857132,-0.080394201,
2015,ATG,72.38095093,70,0.553204715,2
2015,ARG,33.80952454,26.66666603,-0.748842359,15
2015,ARM,31.4285717,38.57143021,-0.463257581,11
2015,ABW,88.09523773,85.23809814,1.226623058,1
2015,AUS,94.76190186,94.76190186,1.790478706,10
2015,AUT,90.47618866,96.19047546,1.814850807,10
2015,AZE,16.66666603,28.09523773,-0.717284381,12
2015,BHS,81.90476227,70.95237732,0.569784105,5
2015,BHR,59.04761887,65.7142868,0.400236338,7
2015,BGD,21.90476227,25.23809433,-0.770436168,12
2015,BRB,90,81.90476227,1.063933611,5
2015,BLR,46.66666794,19.04761887,-0.878960729,10
2015,BEL,90.95237732,88.09523773,1.456469893,10
2015,BLZ,51.42856979,23.80952454,-0.793606222,7
2015,BEN,34.2857132,33.33333206,-0.554906368,13
2015,BMU,85.7142868,77.14286041,0.830110431,
2015,BTN,80.95237732,69.52381134,0.534968972,8
2015,BOL,26.66666603,10.47619057,-1.161920667,14
2015,BIH,42.38095093,45.7142868,-0.264293224,12
2015,BWA,76.66666412,68.09523773,0.483489394,15
2015,BRA,40.95238113,50.47618866,-0.187204733,15
2015,BRN,67.61904907,64.76190186,0.381170213,4
2015,BGR,45.23809433,51.42856979,-0.159006894,13
2015,BFA,47.61904907,34.2857132,-0.541016102,14
2015,BDI,8.095237732,10,-1.185967684,11
2015,CPV,79.04762268,70.47618866,0.56853348,9
2015,KHM,11.4285717,14.28571415,-0.996449172,11
2015,CMR,12.38095284,13.80952358,-0.998011053,15
2015,CAN,95.23809814,95.7142868,1.807273388,11
2015,CYM,80.47618866,75.7142868,0.783619344,1
2015,CAF,7.142857075,1.428571463,-1.710966468,9
2015,TCD,5.238095284,8.571428299,-1.210497618,12
2015,CHL,87.14286041,84.76190186,1.220056891,14
2015,CHN,47.1428566,40.95238113,-0.409359097,12
2015,COL,44.76190567,46.19047546,-0.246754706,15
2015,COM,25.23809433,21.4285717,-0.852633536,7
2015,COD,7.619047642,2.380952358,-1.600078106,12
2015,COG,9.523809433,11.4285717,-1.136449218,11
2015,COK,,,,
2015,CRI,74.2857132,69.04762268,0.492776275,13
2015,CIV,39.52381134,29.52380943,-0.651138127,14
2015,HRV,60.95238113,60.47618866,0.127141327,13
2015,CUB,58.09523773,27.61904716,-0.719569623,8
2015,CYP,79.52381134,80.95237732,1.010877728,8
2015,CZE,66.19047546,83.33333588,1.107018948,12
2015,DNK,98.57142639,99.52381134,2.015602112,10
2015,DJI,28.09523773,16.19047546,-0.944647133,7
2015,DMA,70.95237732,72.85713959,0.701884568,2
2015,DOM,20.47619057,34.76190567,-0.530484796,14
2015,ECU,29.04761887,15.23809528,-0.956348419,14
2015,EGY,32.8571434,30.95238113,-0.602962196,15
2015,SLV,41.42856979,30.47619057,-0.616285026,14
2015,GNQ,1.428571463,6.190476418,-1.335403919,7
2015,ERI,6.190476418,3.333333254,-1.52557373,8
2015,EST,88.57142639,87.14286041,1.300439954,11
2015,SWZ,50.47618866,44.2857132,-0.319038302,9
2015,ETH,39.04761887,35.23809433,-0.527424872,13
2015,FJI,64.76190186,42.8571434,-0.363319486,6
2015,FIN,99.52381134,100,2.053113937,10
2015,FRA,87.61904907,87.61904907,1.366789818,11
2015,GUF,80.47618866,85.7142868,1.260456562,1
2015,GAB,26.19047546,32.8571434,-0.564170301,11
2015,GMB,23.33333397,27.1428566,-0.745699286,9
2015,GEO,75.23809814,61.90476227,0.221943572,12
2015,DEU,93.33333588,93.33333588,1.759659886,11
2015,GHA,50.95238113,59.52381134,0.123623751,15
2015,GRC,53.80952454,62.8571434,0.252081782,10
2015,GRL,86.66666412,92.38095093,1.671263099,1
2015,GRD,68.09523773,60.95238113,0.175030604,3
2015,GUM,85.7142868,86.66666412,1.28536284,
2015,GTM,24.2857151,15.71428585,-0.953765869,14
2015,GIN,15.23809528,9.523809433,-1.187036753,13
2015,GNB,2.380952358,6.666666508,-1.312096477,8
2015,GUY,30,33.80952454,-0.541154861,9
2015,HTI,10,9.047618866,-1.196147084,11
2015,HND,33.33333206,17.1428566,-0.94206965,14
2015,HKG,91.90476227,95.23809814,1.790758491,8
2015,HUN,60,65.23809814,0.381605446,12
2015,ISL,95.7142868,90.95237732,1.633995533,9
2015,IND,42.8571434,55.23809433,-0.069937095,13
2015,IDN,36.66666794,39.52381134,-0.424311131,13
2015,IRN,30.95238113,17.61904716,-0.940731823,10
2015,IRQ,3.809523821,2.857142925,-1.561646819,10
2015,IRL,92.38095093,92.85713959,1.728686571,9
2015,ISR,78.57142639,84.2857132,1.131567359,9
2015,ITA,57.1428566,63.33333206,0.288587987,11
2015,JAM,48.57143021,49.52381134,-0.191106841,12
2015,JPN,91.42857361,88.57142639,1.485624194,10
2015,JEY,86.66666412,92.38095093,1.671263099,1
2015,JOR,62.38095093,66.66666412,0.415201694,12
2015,KAZ,20.95238113,36.19047546,-0.515773535,13
2015,KEN,14.28571415,36.66666794,-0.506872714,15
2015,KIR,62.8571434,52.8571434,-0.154481679,2
2015,PRK,9.047618866,1.90476191,-1.65658474,7
2015,KOR,64.2857132,79.04762268,0.902760029,12
2015,XKX,34.76190567,38.09523773,-0.478559107,7
2015,KWT,50,56.66666794,-0.020576319,8
2015,KGZ,10.95238113,13.33333302,-1.012969017,11
2015,LAO,17.1428566,22.38095284,-0.819004893,8
2015,LVA,65.23809814,75.23809814,0.766348302,10
2015,LBN,19.04761887,23.33333397,-0.80687654,12
2015,LSO,56.66666794,49.04761887,-0.194529787,10
2015,LBR,29.52380943,19.52380943,-0.87652719,15
2015,LBY,0.952380955,3.809523821,-1.521398187,9
2015,LIE,96.19047546,91.42857361,1.64631331,3
2015,LTU,70,80.47618866,0.97819221,10
2015,LUX,97.14286041,96.66666412,1.838808656,7
2015,MAC,68.57142639,78.57142639,0.891312778,1
2015,MDG,20,28.5714283,-0.704786956,14
2015,MWI,23.80952454,43.80952454,-0.329065323,14
2015,MYS,60.47618866,66.19047546,0.402314872,13
2015,MDV,38.57143021,32.38095093,-0.587077856,4
2015,MLI,27.61904716,26.19047546,-0.751449585,14
2015,MLT,77.61904907,82.85713959,1.106397867,7
2015,MHL,72.85713959,57.1428566,0.001735711,1
2015,MTQ,85.7142868,54.2857132,-0.080394201,
2015,MRT,17.61904716,18.09523773,-0.891843855,11
2015,MUS,61.42856979,77.61904907,0.843326032,12
2015,MEX,19.52380943,39.04761887,-0.454451054,15
2015,FSM,73.80952454,45.23809433,-0.283465952,1
2015,MDA,18.09523773,42.38095093,-0.371577144,10
2015,MCO,92.85713959,90,1.512989044,1
2015,MNG,37.1428566,41.90476227,-0.390086353,13
2015,MNE,52.8571434,56.19047546,-0.044898976,9
2015,MAR,48.09523773,50.95238113,-0.181169167,14
2015,MOZ,24.76190567,20.95238113,-0.868800402,14
2015,MMR,21.4285717,7.619047642,-1.258871198,11
2015,NAM,63.33333206,62.38095093,0.236736059,14
2015,NRU,67.14286041,31.4285717,-0.601677477,1
2015,NPL,32.38095093,29.04761887,-0.692901909,11
2015,NLD,94.2857132,97.14286041,1.907309413,10
2015,ANT,,,,
2015,NZL,100,98.09523773,1.965509534,11
2015,NIC,18.5714283,25.7142849,-0.755197108,15
2015,NER,28.5714283,31.90476227,-0.59308511,13
2015,NGA,12.85714245,14.76190472,-0.982365072,16
2015,NIU,,,,
2015,MKD,49.52381134,47.1428566,-0.237048775,10
2015,NOR,99.04762268,98.57142639,1.975319505,11
2015,OMN,61.90476227,64.2857132,0.352038741,8
2015,PAK,22.38095284,24.2857151,-0.776916742,12
2015,PLW,67.14286041,79.52381134,0.918242633,1
2015,PAN,41.90476227,53.33333206,-0.141504943,12
2015,PNG,16.19047546,20.47619057,-0.869617105,8
2015,PRY,14.76190472,30,-0.6443187,12
2015,PER,31.90476227,37.1428566,-0.49913317,15
2015,PHL,38.09523773,40,-0.417118788,13
2015,POL,74.76190186,76.19047546,0.803561628,12
2015,PRT,78.09523773,82.38095093,1.101606846,11
2015,PRI,58.57143021,73.33333588,0.71679008,3
2015,QAT,77.14286041,74.2857132,0.743875921,10
2015,REU,69.52381134,81.42857361,1.057736635,
2015,ROU,51.90476227,61.42856979,0.204612628,13
2015,RUS,15.71428585,22.8571434,-0.814797997,13
2015,RWA,70.47618866,58.57143021,0.038801968,11
2015,WSM,63.80952454,74.76190186,0.744271994,2
2015,SMR,85.7142868,90,1.512989044,1
2015,STP,55.23809433,24.76190567,-0.77481401,7
2015,SAU,56.19047546,59.04761887,0.096156746,9
2015,SEN,57.61904907,51.90476227,-0.15880163,15
2015,SRB,46.19047546,54.76190567,-0.07584653,12
2015,SYC,82.38095093,63.80952454,0.337751359,8
2015,SLE,22.8571434,18.5714283,-0.880601048,15
2015,SGP,96.66666412,94.2857132,1.778781414,11
2015,SVK,59.52381134,67.61904907,0.466433674,11
2015,SVN,75.7142868,80,0.945320547,12
2015,SLB,45.7142868,37.61904907,-0.489762008,3
2015,SOM,0.476190478,0,-2.315545559,10
2015,ZAF,54.76190567,57.61904907,0.016313421,16
2015,SSD,0,0.952380955,-1.894966125,9
2015,ESP,71.90476227,78.09523773,0.885937512,11
2015,LKA,43.33333206,58.09523773,0.031726025,12
2015,KNA,65.7142868,68.57142639,0.486391574,2
2015,LCA,71.42857361,72.38095093,0.698509932,3
2015,VCT,73.33333588,71.90476227,0.61697185,2
2015,SDN,3.333333254,8.095237732,-1.233177066,12
2015,SUR,49.04761887,48.57143021,-0.216468394,7
2015,SWE,98.09523773,99.04762268,1.990263104,11
2015,CHE,97.61904907,97.61904907,1.909451962,9
2015,SYR,1.90476191,4.761904716,-1.435190082,8
2015,TWN,76.19047546,83.80952454,1.131129622,10
2015,TJK,11.90476227,12.38095284,-1.074394703,10
2015,TZA,27.1428566,41.42856979,-0.395179778,15
2015,THA,35.23809433,50,-0.188147739,13
2015,TLS,35.7142868,11.90476227,-1.133237243,6
2015,TGO,25.7142849,21.90476227,-0.819108129,12
2015,TON,40,48.09523773,-0.218955487,3
2015,TTO,44.2857132,52.38095093,-0.155741572,11
2015,TUN,54.2857132,55.7142868,-0.046425268,15
2015,TUR,52.38095093,47.61904907,-0.232355148,13
2015,TKM,10.47619057,5.238095284,-1.41903162,7
2015,TUV,55.7142868,67.14286041,0.43604359,1
2015,UGA,13.33333302,40.47618866,-0.414675444,15
2015,UKR,13.80952358,20,-0.87250638,13
2015,ARE,81.42857361,71.42857361,0.614114046,9
2015,GBR,93.80952454,93.80952454,1.771035671,11
2015,USA,89.52381134,90.47618866,1.562773108,12
2015,URY,89.04762268,73.80952454,0.737417758,13
2015,UZB,8.571428299,10.95238113,-1.13810277,9
2015,VUT,53.33333206,60,0.124421708,3
2015,VEN,4.761904716,0.476190478,-2.052217722,15
2015,VNM,40.47618866,43.33333206,-0.356080949,11
2015,VIR,69.52381134,77.14286041,0.830110431,
2015,PSE,37.61904907,35.7142868,-0.526341379,5
2015,YEM,2.857142925,7.142857075,-1.288281918,9
2015,ZMB,43.80952454,46.66666794,-0.242752284,15
2015,ZWE,6.666666508,5.714285851,-1.338472843,15
2016,AFG,3.809523821,5.714285851,-1.520713925,10
2016,ALB,37.61904907,41.90476227,-0.32136485,12
2016,DZA,30,18.09523773,-0.917128682,12
2016,ASM,87.14286041,87.14286041,1.27953577,
2016,AND,87.14286041,90.95237732,1.513311863,2
2016,AGO,4.761904716,16.19047546,-1.0038656,11
2016,AIA,87.14286041,50.95238113,-0.123120472,
2016,ATG,71.90476227,68.57142639,0.473494411,3
2016,ARG,45.7142868,42.38095093,-0.320517689,15
2016,ARM,30.95238113,49.04761887,-0.160720766,11
2016,ABW,88.57142639,86.19047546,1.226442099,1
2016,AUS,93.33333588,94.76190186,1.716897726,11
2016,AUT,90.95237732,95.7142868,1.761596799,10
2016,AZE,19.52380943,31.90476227,-0.53890878,12
2016,BHS,80.95237732,58.57143021,0.234157801,4
2016,BHR,55.7142868,65.7142868,0.430590719,7
2016,BGD,18.5714283,27.61904716,-0.670857012,12
2016,BRB,87.61904907,75.23809814,0.763969719,5
2016,BLR,49.04761887,24.2857151,-0.765370846,10
2016,BEL,91.90476227,88.57142639,1.394306898,10
2016,BLZ,48.57143021,17.1428566,-0.970443428,6
2016,BEN,35.23809433,30,-0.625831366,13
2016,BMU,87.14286041,77.14286041,0.811983705,
2016,BTN,81.42857361,69.04762268,0.509927452,8
2016,BOL,24.2857151,9.523809433,-1.238175988,14
2016,BIH,37.1428566,47.1428566,-0.191816986,12
2016,BWA,79.52381134,63.33333206,0.379885048,14
2016,BRA,39.52381134,46.66666794,-0.201229781,15
2016,BRN,66.66666412,69.52381134,0.534906089,6
2016,BGR,47.61904907,49.52381134,-0.139942423,13
2016,BFA,52.38095093,35.7142868,-0.454765856,14
2016,BDI,10,6.666666508,-1.484841824,12
2016,CPV,78.09523773,59.52381134,0.285072565,9
2016,KHM,9.047618866,12.38095284,-1.080978751,10
2016,CMR,11.4285717,13.33333302,-1.058609724,15
2016,CAN,96.19047546,96.66666412,1.801364541,12
2016,CYM,66.19047546,75.7142868,0.764758408,1
2016,CAF,8.571428299,1.90476191,-1.850577712,10
2016,TCD,4.285714149,7.142857075,-1.406829596,12
2016,CHL,80.47618866,80,0.960226476,14
2016,CHN,47.1428566,41.42856979,-0.324869663,12
2016,COL,41.90476227,45.23809433,-0.265702873,15
2016,COM,27.61904716,13.80952358,-1.047331333,9
2016,COD,6.666666508,4.761904716,-1.64749825,12
2016,COG,10.47619057,10.95238113,-1.149629116,11
2016,COK,,,,
2016,CRI,73.33333588,66.19047546,0.43120721,13
2016,CIV,33.80952454,28.09523773,-0.662258983,15
2016,HRV,60.95238113,62.38095093,0.340458125,13
2016,CUB,60,34.76190567,-0.459497154,8
2016,CYP,76.66666412,74.76190186,0.693356812,8
2016,CZE,67.14286041,81.42857361,0.988416016,12
2016,DNK,99.52381134,97.61904907,1.883536696,10
2016,DJI,28.09523773,16.66666603,-1.000653863,7
2016,DMA,70.95237732,73.80952454,0.649003744,3
2016,DOM,22.8571434,37.1428566,-0.39485696,14
2016,ECU,28.5714283,29.52380943,-0.648918271,14
2016,EGY,32.38095093,34.2857132,-0.478956431,14
2016,SLV,33.33333206,24.76190567,-0.757565737,14
2016,GNQ,1.428571463,7.619047642,-1.392327547,7
2016,ERI,8.095237732,4.285714149,-1.662489295,9
2016,EST,88.09523773,85.7142868,1.192749023,11
2016,SWZ,48.09523773,38.57143021,-0.380347073,9
2016,ETH,40,33.33333206,-0.50812608,13
2016,FJI,64.2857132,51.90476227,-0.089848541,6
2016,FIN,99.04762268,100,2.008164883,10
2016,FRA,89.52381134,87.61904907,1.35174191,11
2016,GUF,80,86.66666412,1.271985888,1
2016,GAB,25.7142849,30.47619057,-0.611847818,11
2016,GMB,20,22.8571434,-0.79889518,9
2016,GEO,75.23809814,61.90476227,0.336223185,12
2016,DEU,93.80952454,91.90476227,1.583852768,11
2016,GHA,51.90476227,55.23809433,0.034714688,15
2016,GRC,53.33333206,57.61904907,0.112276845,10
2016,GRL,83.33333588,94.2857132,1.689954519,1
2016,GRD,67.61904907,72.38095093,0.618741393,4
2016,GUM,87.14286041,83.80952454,1.045759678,
2016,GTM,23.33333397,15.23809528,-1.031354308,14
2016,GIN,15.23809528,9.047618866,-1.243085742,12
2016,GNB,2.380952358,5.238095284,-1.537045121,8
2016,GUY,43.33333206,42.8571434,-0.313586026,8
2016,HTI,7.619047642,15.71428585,-1.013668776,10
2016,HND,29.04761887,11.4285717,-1.136575222,14
2016,HKG,91.42857361,93.33333588,1.684153914,8
2016,HUN,58.57143021,65.23809814,0.412847847,12
2016,ISL,95.23809814,89.52381134,1.483637214,9
2016,IND,43.80952454,52.38095093,-0.055489417,13
2016,IDN,38.09523773,40.95238113,-0.338147759,13
2016,IRN,26.66666603,25.7142849,-0.694988966,10
2016,IRQ,5.238095284,2.380952358,-1.767076015,10
2016,IRL,92.38095093,89.04762268,1.466296315,9
2016,ISR,83.80952454,82.38095093,1.040194869,9
2016,ITA,59.04761887,62.8571434,0.367524952,11
2016,JAM,49.52381134,48.57143021,-0.172127351,12
2016,JPN,90.47618866,88.09523773,1.38481319,11
2016,JEY,82.38095093,94.2857132,1.689954519,1
2016,JOR,61.90476227,59.04761887,0.246177837,12
2016,KAZ,21.90476227,32.38095093,-0.512927592,13
2016,KEN,16.66666603,35.23809433,-0.455839783,15
2016,KIR,62.8571434,60.47618866,0.298903853,2
2016,PRK,5.714285851,3.333333254,-1.674803257,7
2016,KOR,65.23809814,85.23809814,1.127510786,12
2016,XKX,40.47618866,39.52381134,-0.357277662,7
2016,KWT,46.19047546,53.80952454,0.007749114,8
2016,KGZ,12.38095284,14.28571415,-1.042680621,11
2016,LAO,14.28571415,20.95238113,-0.811310947,8
2016,LVA,64.76190186,79.04762268,0.928149939,10
2016,LBN,13.80952358,21.90476227,-0.809735656,12
2016,LSO,55.23809433,47.61904907,-0.186165527,12
2016,LBR,26.19047546,17.61904716,-0.966556847,14
2016,LBY,2.857142925,2.857142925,-1.696880937,9
2016,LIE,96.66666412,92.85713959,1.647177696,3
2016,LTU,72.85713959,81.90476227,0.99732703,10
2016,LUX,97.61904907,95.23809814,1.720872998,8
2016,MAC,77.14286041,78.09523773,0.821662128,1
2016,MDG,16.19047546,19.52380943,-0.832802236,15
2016,MWI,23.80952454,37.61904907,-0.394623488,14
2016,MYS,57.61904907,64.2857132,0.38782391,13
2016,MDV,31.4285717,38.09523773,-0.394261837,4
2016,MLI,29.52380943,23.33333397,-0.798813403,14
2016,MLT,73.80952454,80.95237732,0.967930019,7
2016,MHL,74.76190186,58.09523773,0.117478736,1
2016,MTQ,87.14286041,77.14286041,0.811983705,
2016,MRT,25.23809433,25.23809433,-0.745787799,11
2016,MUS,59.52381134,74.2857132,0.68738234,12
2016,MEX,20.47619057,30.95238113,-0.580000639,15
2016,FSM,74.76190186,53.33333206,-0.004067487,1
2016,MDA,14.76190472,32.8571434,-0.510394037,12
2016,MCO,92.85713959,90.95237732,1.513311863,1
2016,MNG,36.19047546,45.7142868,-0.226150915,13
2016,MNE,54.76190567,50,-0.133728698,9
2016,MAR,50.47618866,44.2857132,-0.273145229,13
2016,MOZ,17.1428566,12.85714245,-1.074712157,14
2016,MMR,31.90476227,18.5714283,-0.900859356,10
2016,NAM,62.38095093,67.61904907,0.457169265,14
2016,NRU,70,31.4285717,-0.548375607,1
2016,NPL,22.38095284,21.4285717,-0.810879767,11
2016,NLD,94.76190186,97.14286041,1.846506596,10
2016,ANT,,,,
2016,NZL,100,98.57142639,1.913917542,11
2016,NIC,18.09523773,28.5714283,-0.657136381,14
2016,NER,30.47619057,27.1428566,-0.685213208,13
2016,NGA,13.33333302,14.76190472,-1.037620068,16
2016,NIU,,,,
2016,MKD,46.66666794,40,-0.342697591,11
2016,NOR,98.57142639,99.52381134,1.995051384,11
2016,OMN,63.80952454,63.80952454,0.38286221,8
2016,PAK,17.61904716,20.47619057,-0.815582871,12
2016,PLW,70,79.52381134,0.933672845,1
2016,PAN,32.8571434,54.76190567,0.033874173,12
2016,PNG,15.71428585,23.80952454,-0.780686796,8
2016,PRY,24.76190567,26.19047546,-0.69051373,13
2016,PER,40.95238113,33.80952454,-0.495757699,15
2016,PHL,35.7142868,36.19047546,-0.430538148,13
2016,POL,75.7142868,71.42857361,0.593977213,12
2016,PRT,78.57142639,82.85713959,1.04298377,11
2016,PRI,56.66666794,73.33333588,0.629420042,2
2016,QAT,79.04762268,76.19047546,0.766114712,10
2016,REU,69.04762268,83.80952454,1.045759678,
2016,ROU,51.42856979,67.14286041,0.453534782,13
2016,RUS,21.4285717,19.04761887,-0.844158888,13
2016,RWA,70.47618866,56.66666794,0.096975163,11
2016,WSM,63.33333206,78.57142639,0.869581997,2
2016,SMR,87.14286041,90.95237732,1.513311863,1
2016,STP,54.2857132,26.66666603,-0.687102139,7
2016,SAU,61.42856979,61.42856979,0.314686716,10
2016,SEN,56.19047546,51.42856979,-0.122207463,15
2016,SRB,42.38095093,50.47618866,-0.126964137,12
2016,SYC,81.90476227,60,0.287313491,7
2016,SLE,20.95238113,22.38095284,-0.802384138,14
2016,SGP,97.14286041,96.19047546,1.785961628,11
2016,SVK,60.47618866,71.90476227,0.597371817,11
2016,SVN,76.19047546,84.2857132,1.050758123,12
2016,SLB,42.8571434,43.80952454,-0.30101788,3
2016,SOM,0.952380955,0,-2.316461563,11
2016,ZAF,57.1428566,55.7142868,0.045057837,16
2016,SSD,0,1.428571463,-1.976793885,10
2016,ESP,68.09523773,80.47618866,0.965485215,11
2016,LKA,44.2857132,57.1428566,0.107241459,13
2016,KNA,65.7142868,68.09523773,0.461238354,3
2016,LCA,71.42857361,70,0.548483729,4
2016,VCT,72.38095093,66.66666412,0.432498306,3
2016,SDN,3.333333254,8.571428299,-1.282137632,12
2016,SUR,44.76190567,48.09523773,-0.174920201,6
2016,SWE,98.09523773,99.04762268,1.952418804,11
2016,CHE,95.7142868,98.09523773,1.906831503,9
2016,SYR,1.90476191,0.952380955,-1.99247241,7
2016,TWN,77.61904907,84.76190186,1.107955456,10
2016,TJK,11.90476227,10.47619057,-1.165802956,10
2016,TZA,34.76190567,36.66666794,-0.394902527,15
2016,THA,39.04761887,52.8571434,-0.02816234,13
2016,TLS,34.2857132,10,-1.175579429,6
2016,TGO,27.1428566,29.04761887,-0.652705848,12
2016,TON,38.57143021,60.95238113,0.30263564,3
2016,TTO,45.23809433,46.19047546,-0.210172936,9
2016,TUN,52.8571434,54.2857132,0.021864053,15
2016,TUR,50,40.47618866,-0.341918141,13
2016,TKM,6.190476418,6.190476418,-1.48770535,7
2016,TUV,58.09523773,70.47618866,0.558649242,1
2016,UGA,12.85714245,44.76190567,-0.270433575,15
2016,UKR,19.04761887,20,-0.815906703,13
2016,ARE,82.85713959,77.61904907,0.819180787,9
2016,GBR,94.2857132,92.38095093,1.640457749,11
2016,USA,90,91.42857361,1.580512166,12
2016,URY,89.04762268,72.85713959,0.61939919,13
2016,UZB,10.95238113,11.90476227,-1.127667904,9
2016,VUT,53.80952454,64.76190186,0.402650177,3
2016,VEN,7.142857075,0.476190478,-2.266858339,15
2016,VNM,36.66666794,56.19047546,0.065185107,11
2016,VIR,69.04762268,70.95237732,0.578207672,
2016,PSE,50.95238113,39.04761887,-0.361717165,5
2016,YEM,0.476190478,3.809523821,-1.673383236,10
2016,ZMB,41.42856979,43.33333206,-0.31208849,14
2016,ZWE,9.523809433,8.095237732,-1.390663385,15
2017,AFG,3.809523821,5.238095284,-1.583736897,10
2017,ALB,40.47618866,38.57143021,-0.412762374,12
2017,DZA,31.90476227,18.09523773,-0.925527453,12
2017,ASM,93.80952454,86.66666412,1.294769168,
2017,AND,86.19047546,90.47618866,1.534928083,2
2017,AGO,5.714285851,14.76190472,-1.039731503,12
2017,AIA,86.19047546,49.52381134,-0.146183982,
2017,ATG,60.95238113,65.23809814,0.406978101,3
2017,ARG,44.2857132,45.7142868,-0.238357037,15
2017,ARM,30,46.19047546,-0.209941223,11
2017,ABW,87.61904907,87.14286041,1.294831514,1
2017,AUS,92.85713959,93.33333588,1.64458847,12
2017,AUT,90.47618866,97.14286041,1.799017429,11
2017,AZE,17.61904716,31.4285717,-0.584700108,12
2017,BHS,82.85713959,58.57143021,0.163212508,4
2017,BHR,50.47618866,65.7142868,0.41926384,6
2017,BGD,18.5714283,27.61904716,-0.681922019,12
2017,BRB,89.04762268,72.85713959,0.626516402,4
2017,BLR,47.1428566,19.52380943,-0.879581809,10
2017,BEL,89.52381134,87.61904907,1.319779158,11
2017,BLZ,44.76190567,15.71428585,-0.974695504,5
2017,BEN,33.80952454,29.52380943,-0.644662261,13
2017,BMU,86.19047546,77.14286041,0.814451456,
2017,BTN,90.95237732,73.33333588,0.63007921,7
2017,BOL,26.66666603,9.523809433,-1.244755507,13
2017,BIH,36.19047546,46.66666794,-0.20064795,12
2017,BWA,75.7142868,63.33333206,0.359771252,14
2017,BRA,35.7142868,42.8571434,-0.305652469,16
2017,BRN,73.33333588,72.38095093,0.617958605,6
2017,BGR,49.52381134,50.95238113,-0.124983504,14
2017,BFA,51.90476227,38.09523773,-0.414195448,14
2017,BDI,8.571428299,6.666666508,-1.41499579,11
2017,CPV,79.04762268,62.8571434,0.35612604,9
2017,KHM,9.047618866,13.33333302,-1.07539475,11
2017,CMR,10.95238113,14.28571415,-1.052671194,15
2017,CAN,95.7142868,96.19047546,1.762530088,12
2017,CYM,66.19047546,75.7142868,0.744137228,1
2017,CAF,11.4285717,2.380952358,-1.761831522,10
2017,TCD,4.761904716,8.571428299,-1.321412563,12
2017,CHL,81.42857361,80.47618866,0.979842782,14
2017,CHN,46.19047546,45.23809433,-0.256216943,12
2017,COL,42.38095093,39.52381134,-0.366342157,15
2017,COM,26.19047546,11.90476227,-1.107463121,9
2017,COD,5.238095284,3.809523821,-1.71502316,13
2017,COG,7.619047642,10.47619057,-1.161364198,11
2017,COK,,,,
2017,CRI,64.2857132,66.66666412,0.428042173,13
2017,CIV,36.66666794,29.04761887,-0.650523126,14
2017,HRV,56.66666794,61.42856979,0.308140725,14
2017,CUB,62.38095093,34.76190567,-0.451012492,8
2017,CYP,76.19047546,78.09523773,0.854259431,9
2017,CZE,69.04762268,82.85713959,1.087796569,13
2017,DNK,99.04762268,97.61904907,1.803556561,11
2017,DJI,28.5714283,17.61904716,-0.93407172,7
2017,DMA,71.90476227,74.2857132,0.66044718,3
2017,DOM,23.33333397,37.61904907,-0.43001011,14
2017,ECU,30.95238113,25.7142849,-0.718148053,14
2017,EGY,39.04761887,35.23809433,-0.4497509,15
2017,SLV,37.1428566,20.47619057,-0.872741163,14
2017,GNQ,0.952380955,8.095237732,-1.370825529,7
2017,ERI,10.47619057,4.761904716,-1.598842502,9
2017,EST,86.66666412,85.7142868,1.247594357,11
2017,SWZ,54.2857132,44.76190567,-0.276079923,9
2017,ETH,33.33333206,33.33333206,-0.471185684,13
2017,FJI,72.38095093,51.90476227,-0.081602976,6
2017,FIN,98.57142639,100,2.023436785,11
2017,FRA,87.14286041,88.57142639,1.39693749,12
2017,GUF,80.95237732,85.23809814,1.160632372,1
2017,GAB,19.52380943,25.23809433,-0.72467494,11
2017,GMB,29.52380943,34.2857132,-0.455021232,10
2017,GEO,76.66666412,60,0.262213171,12
2017,DEU,94.76190186,91.42857361,1.573621154,12
2017,GHA,46.66666794,57.61904907,0.108088382,15
2017,GRC,53.33333206,55.23809433,0.049084142,11
2017,GRL,83.33333588,94.76190186,1.688615322,1
2017,GRD,65.7142868,67.61904907,0.461015522,4
2017,GUM,86.19047546,86.66666412,1.294769168,
2017,GTM,22.8571434,12.85714245,-1.076287866,14
2017,GIN,14.28571415,9.047618866,-1.254833937,13
2017,GNB,1.90476191,6.190476418,-1.471865296,8
2017,GUY,37.61904907,43.80952454,-0.298891038,8
2017,HTI,10,12.38095284,-1.09687674,11
2017,HND,25.23809433,13.80952358,-1.062726617,14
2017,HKG,91.90476227,93.80952454,1.679865718,9
2017,HUN,57.61904907,69.04762268,0.535368443,13
2017,ISL,94.2857132,90.95237732,1.57001698,9
2017,IND,45.7142868,52.8571434,-0.029448533,13
2017,IDN,45.23809433,40,-0.350048095,13
2017,IRN,20.47619057,26.66666603,-0.701115072,10
2017,IRQ,6.190476418,2.857142925,-1.753336906,10
2017,IRL,91.42857361,88.09523773,1.379863262,9
2017,ISR,78.57142639,80.95237732,0.989848971,9
2017,ITA,60.47618866,62.38095093,0.319811523,12
2017,JAM,47.61904907,50,-0.133667439,10
2017,JPN,90,89.04762268,1.529440165,11
2017,JEY,82.38095093,94.76190186,1.688615322,1
2017,JOR,61.90476227,59.52381134,0.236002967,13
2017,KAZ,20,32.8571434,-0.487215579,14
2017,KEN,15.23809528,37.1428566,-0.430152923,15
2017,KIR,63.80952454,71.42857361,0.600542307,1
2017,PRK,4.285714149,3.333333254,-1.723759651,7
2017,KOR,64.76190186,84.76190186,1.130141139,13
2017,XKX,38.09523773,36.66666794,-0.435205966,7
2017,KWT,43.33333206,56.66666794,0.078640938,8
2017,KGZ,12.85714245,17.1428566,-0.947567046,12
2017,LAO,15.71428585,18.5714283,-0.90471828,8
2017,LVA,66.66666412,78.57142639,0.900340319,10
2017,LBN,14.76190472,21.90476227,-0.808564723,12
2017,LSO,55.23809433,43.33333206,-0.299606234,11
2017,LBR,27.61904716,16.19047546,-0.97061491,15
2017,LBY,3.333333254,4.285714149,-1.681530714,9
2017,LIE,97.14286041,92.38095093,1.633870602,3
2017,LTU,67.61904907,80,0.961101294,10
2017,LUX,96.19047546,95.23809814,1.69941771,8
2017,MAC,70.95237732,77.61904907,0.814666867,1
2017,MDG,13.33333302,20,-0.878510773,15
2017,MWI,28.09523773,39.04761887,-0.394216031,14
2017,MYS,55.7142868,63.80952454,0.386965662,13
2017,MDV,22.38095284,30,-0.63834554,4
2017,MLI,29.04761887,22.8571434,-0.793805599,14
2017,MLT,74.76190186,84.2857132,1.110819697,7
2017,MHL,77.61904907,60.95238113,0.28780067,1
2017,MTQ,86.19047546,77.14286041,0.814451456,
2017,MRT,24.2857151,30.47619057,-0.619425774,11
2017,MUS,60,74.76190186,0.668395758,12
2017,MEX,16.19047546,30.95238113,-0.585919917,16
2017,FSM,77.61904907,55.7142868,0.055400982,1
2017,MDA,21.4285717,35.7142868,-0.435822159,12
2017,MCO,93.80952454,90.47618866,1.534928083,1
2017,MNG,40.95238113,41.90476227,-0.316355377,13
2017,MNE,53.80952454,51.42856979,-0.109790176,9
2017,MAR,49.04761887,44.2857132,-0.278771549,14
2017,MOZ,19.04761887,15.23809528,-1.008332849,16
2017,MMR,32.38095093,16.66666603,-0.959706306,11
2017,NAM,62.8571434,60.47618866,0.276348203,13
2017,NRU,68.57142639,52.38095093,-0.063968852,1
2017,NPL,23.80952454,27.1428566,-0.694215536,12
2017,NLD,92.38095093,95.7142868,1.758017182,11
2017,ANT,,,,
2017,NZL,100,98.57142639,1.883379459,12
2017,NIC,18.09523773,28.5714283,-0.662410617,15
2017,NER,27.1428566,26.19047546,-0.70625025,13
2017,NGA,12.38095284,19.04761887,-0.889033139,15
2017,NIU,,,,
2017,MKD,43.80952454,42.38095093,-0.308716685,10
2017,NOR,99.52381134,99.52381134,1.980092645,11
2017,OMN,61.42856979,64.76190186,0.405473083,7
2017,PAK,21.90476227,23.80952454,-0.733362675,12
2017,PLW,68.57142639,79.52381134,0.955453455,1
2017,PAN,31.4285717,53.33333206,0.007294163,12
2017,PNG,17.1428566,21.4285717,-0.820549846,8
2017,PRY,24.76190567,28.09523773,-0.669473231,13
2017,PER,35.23809433,31.90476227,-0.52357316,15
2017,PHL,38.57143021,32.38095093,-0.499839574,13
2017,POL,74.2857132,64.2857132,0.399381787,13
2017,PRT,79.52381134,83.33333588,1.102251887,12
2017,PRI,59.04761887,70.95237732,0.593187332,2
2017,QAT,73.80952454,75.23809814,0.695322931,10
2017,REU,70,82.38095093,1.054610372,
2017,ROU,51.42856979,67.14286041,0.435917228,14
2017,RUS,16.66666603,20.95238113,-0.845057905,13
2017,RWA,71.42857361,58.09523773,0.116847567,12
2017,WSM,72.85713959,79.04762268,0.938193321,2
2017,SMR,86.19047546,90.47618866,1.534928083,1
2017,STP,59.52381134,24.76190567,-0.726939261,8
2017,SAU,63.33333206,56.19047546,0.075813301,11
2017,SEN,52.8571434,48.57143021,-0.169250667,15
2017,SRB,41.90476227,47.61904907,-0.179856867,12
2017,SYC,80,59.04761887,0.169449851,8
2017,SLE,32.8571434,22.38095284,-0.807308137,14
2017,SGP,97.61904907,96.66666412,1.784070969,11
2017,SVK,58.57143021,68.57142639,0.512414992,12
2017,SVN,78.09523773,81.42857361,0.991815984,12
2017,SLB,58.09523773,47.1428566,-0.190316245,2
2017,SOM,0.476190478,0,-2.263080597,11
2017,ZAF,52.38095093,49.04761887,-0.15508239,16
2017,SSD,0,1.428571463,-1.97194159,10
2017,ESP,67.14286041,81.90476227,1.023507476,12
2017,LKA,39.52381134,54.2857132,0.026702216,13
2017,KNA,65.23809814,68.09523773,0.496008605,3
2017,LCA,70.47618866,71.90476227,0.606637657,3
2017,VCT,75.23809814,66.19047546,0.425320804,3
2017,SDN,2.857142925,11.4285717,-1.125489712,12
2017,SUR,48.57143021,48.09523773,-0.173062906,6
2017,SWE,98.09523773,98.09523773,1.817896962,12
2017,CHE,96.66666412,99.04762268,1.888404846,9
2017,SYR,2.380952358,0.952380955,-2.096120119,6
2017,TWN,80.47618866,83.80952454,1.104358196,10
2017,TJK,8.095237732,7.619047642,-1.376902461,10
2017,TZA,40,33.80952454,-0.469080985,15
2017,THA,41.42856979,53.80952454,0.013658274,12
2017,TLS,34.76190567,10,-1.176247716,5
2017,TGO,25.7142849,24.2857151,-0.732762277,12
2017,TON,50,61.90476227,0.309286714,3
2017,TTO,42.8571434,50.47618866,-0.132191524,8
2017,TUN,50.95238113,57.1428566,0.093355641,15
2017,TUR,48.09523773,41.42856979,-0.318338752,12
2017,TKM,7.142857075,5.714285851,-1.479838133,7
2017,TUV,57.1428566,73.80952454,0.63725251,1
2017,UGA,13.80952358,40.95238113,-0.319819033,15
2017,UKR,20.95238113,23.33333397,-0.754658937,13
2017,ARE,81.90476227,76.19047546,0.767983139,9
2017,GBR,95.23809814,92.85713959,1.644319415,13
2017,USA,88.57142639,91.90476227,1.60738492,13
2017,URY,88.09523773,70,0.556687534,13
2017,UZB,11.90476227,10.95238113,-1.134913325,9
2017,VUT,56.19047546,69.52381134,0.544383764,3
2017,VEN,6.666666508,0.476190478,-2.258755684,16
2017,VNM,30.47619057,54.76190567,0.040491838,12
2017,VIR,70,70.47618866,0.5742926,
2017,PSE,54.76190567,36.19047546,-0.435592055,5
2017,YEM,1.428571463,1.90476191,-1.765303373,10
2017,ZMB,34.2857132,40.47618866,-0.33975932,14
2017,ZWE,9.523809433,7.142857075,-1.396203876,15
2018,AFG,4.761904716,4.285714149,-1.688586712,10
2018,ALB,33.33333206,37.1428566,-0.414187849,12
2018,DZA,28.5714283,21.90476227,-0.807303429,12
2018,ASM,93.33333588,87.14286041,1.296713471,
2018,AND,86.19047546,90.95237732,1.536625862,2
2018,AGO,10.95238113,16.66666603,-1.000932217,12
2018,AIA,86.19047546,50.47618866,-0.142761186,
2018,ATG,61.90476227,64.2857132,0.376565635,2
2018,ARG,53.80952454,46.66666794,-0.219662562,15
2018,ARM,40,48.09523773,-0.19733353,11
2018,ABW,87.14286041,86.19047546,1.259411931,1
2018,AUS,92.38095093,92.85713959,1.67455554,12
2018,AUT,90.95237732,98.57142639,1.853449583,11
2018,AZE,21.4285717,28.5714283,-0.619775176,12
2018,BHS,82.38095093,56.19047546,0.069533847,4
2018,BHR,50,65.23809814,0.383981407,6
2018,BGD,17.1428566,27.61904716,-0.649730861,12
2018,BRB,88.57142639,62.8571434,0.363926589,4
2018,BLR,50.95238113,19.04761887,-0.892303824,10
2018,BEL,89.52381134,87.61904907,1.33861649,11
2018,BLZ,50.47618866,20,-0.842277706,5
2018,BEN,41.42856979,26.19047546,-0.691577911,13
2018,BMU,86.19047546,77.14286041,0.816888571,
2018,BTN,91.42857361,70,0.548555255,5
2018,BOL,27.61904716,9.523809433,-1.211845517,13
2018,BIH,30.95238113,45.23809433,-0.225131854,12
2018,BWA,76.19047546,64.76190186,0.383702308,14
2018,BRA,38.09523773,42.8571434,-0.302387714,16
2018,BRN,78.57142639,72.38095093,0.59877342,6
2018,BGR,49.04761887,50.95238113,-0.105625674,14
2018,BFA,52.8571434,34.76190567,-0.458880723,14
2018,BDI,5.238095284,5.714285851,-1.513906837,11
2018,CPV,78.09523773,66.19047546,0.39301616,9
2018,KHM,8.571428299,11.4285717,-1.134575367,11
2018,CMR,11.4285717,12.38095284,-1.102895379,15
2018,CAN,93.80952454,94.76190186,1.715095401,12
2018,CYM,66.19047546,75.7142868,0.739916861,1
2018,CAF,10.47619057,3.333333254,-1.716630101,10
2018,TCD,7.142857075,7.142857075,-1.331208229,12
2018,CHL,80.95237732,79.04762268,0.939828157,14
2018,CHN,45.23809433,48.57143021,-0.186719537,12
2018,COL,43.33333206,39.04761887,-0.38366577,15
2018,COM,21.90476227,10,-1.142884612,9
2018,COD,3.809523821,2.380952358,-1.803210378,13
2018,COG,8.095237732,11.90476227,-1.134261727,11
2018,COK,,,,1
2018,CRI,67.14286041,68.09523773,0.467701107,13
2018,CIV,34.2857132,30.47619057,-0.602161288,14
2018,HRV,57.1428566,61.90476227,0.30137977,14
2018,CUB,59.04761887,34.2857132,-0.464358032,8
2018,CYP,72.38095093,75.23809814,0.721238017,9
2018,CZE,68.57142639,81.90476227,1.019899011,13
2018,DNK,99.52381134,96.66666412,1.773296595,11
2018,DJI,26.19047546,17.1428566,-0.950232685,8
2018,DMA,69.52381134,73.80952454,0.704500496,2
2018,DOM,22.38095284,40.47618866,-0.365889728,14
2018,ECU,29.52380943,27.1428566,-0.663210571,14
2018,EGY,34.76190567,43.33333206,-0.302149117,15
2018,SLV,32.38095093,17.61904716,-0.930241406,14
2018,GNQ,2.857142925,6.666666508,-1.424320102,8
2018,ERI,9.047618866,5.238095284,-1.620147109,9
2018,EST,90,85.7142868,1.203603506,11
2018,SWZ,46.66666794,44.2857132,-0.276786596,10
2018,ETH,36.66666794,35.7142868,-0.445004612,13
2018,FJI,75.7142868,58.57143021,0.176778913,6
2018,FIN,100,100,2.034647465,11
2018,FRA,87.61904907,88.09523773,1.396100879,12
2018,GUF,80.47618866,84.76190186,1.17256248,1
2018,GAB,20.95238113,24.2857151,-0.720236599,12
2018,GMB,37.1428566,35.23809433,-0.455911905,11
2018,GEO,76.66666412,60.95238113,0.270468593,12
2018,DEU,95.7142868,91.42857361,1.591349125,12
2018,GHA,51.42856979,55.23809433,0.051578201,15
2018,GRC,54.76190567,57.1428566,0.112756364,11
2018,GRL,83.33333588,94.2857132,1.701723337,1
2018,GRD,65.23809814,60.47618866,0.249573827,3
2018,GUM,86.19047546,87.14286041,1.296713471,1
2018,GTM,22.8571434,13.80952358,-1.075466394,14
2018,GIN,13.33333302,9.047618866,-1.230892658,13
2018,GNB,2.380952358,8.571428299,-1.26575613,9
2018,GUY,45.7142868,39.52381134,-0.383601844,7
2018,HTI,9.523809433,14.76190472,-1.061642289,10
2018,HND,29.04761887,15.23809528,-1.0571872,14
2018,HKG,91.90476227,95.23809814,1.72961247,9
2018,HUN,58.09523773,70.47618866,0.554466903,13
2018,ISL,94.2857132,93.33333588,1.679163933,9
2018,IND,47.61904907,53.33333206,-0.000957083,13
2018,IDN,44.2857132,41.90476227,-0.313785791,13
2018,IRN,15.71428585,25.23809433,-0.712358296,11
2018,IRQ,5.714285851,2.857142925,-1.800899744,10
2018,IRL,90.47618866,88.57142639,1.412387013,9
2018,ISR,77.61904907,79.52381134,0.960281312,9
2018,ITA,60.95238113,60,0.240896881,12
2018,JAM,47.1428566,47.1428566,-0.217798144,10
2018,JPN,89.04762268,89.52381134,1.494167566,11
2018,JEY,81.90476227,94.2857132,1.701723337,1
2018,JOR,58.57143021,59.52381134,0.231556088,13
2018,KAZ,37.61904907,33.33333206,-0.503434122,14
2018,KEN,20.47619057,36.66666794,-0.4276537,15
2018,KIR,64.76190186,71.90476227,0.576801479,1
2018,PRK,1.90476191,4.761904716,-1.64309454,7
2018,KOR,70.95237732,85.23809814,1.199627161,13
2018,XKX,33.80952454,38.57143021,-0.383673996,7
2018,KWT,43.80952454,59.04761887,0.185752928,8
2018,KGZ,16.19047546,18.09523773,-0.928147078,12
2018,LAO,15.23809528,19.52380943,-0.863172948,8
2018,LVA,62.38095093,78.09523773,0.923249125,10
2018,LBN,11.90476227,22.8571434,-0.782223165,12
2018,LSO,51.90476227,40,-0.366134912,11
2018,LBR,18.5714283,16.19047546,-1.001456499,15
2018,LBY,3.333333254,3.809523821,-1.690319538,9
2018,LIE,96.19047546,92.38095093,1.634831667,3
2018,LTU,66.66666412,78.57142639,0.923340857,10
2018,LUX,97.14286041,96.19047546,1.768349648,8
2018,MAC,74.76190186,80,0.971920669,1
2018,MDG,14.76190472,20.47619057,-0.836624086,14
2018,MWI,24.76190567,37.61904907,-0.405376077,14
2018,MYS,62.8571434,69.52381134,0.529128134,11
2018,MDV,18.09523773,32.38095093,-0.55726546,4
2018,MLI,26.66666603,21.4285717,-0.815356374,14
2018,MLT,70,81.42857361,1.019527435,7
2018,MHL,64.76190186,58.09523773,0.163996771,1
2018,MTQ,86.19047546,77.14286041,0.816888571,
2018,MRT,23.33333397,25.7142849,-0.707490385,11
2018,MUS,60,74.76190186,0.709945679,12
2018,MEX,16.66666603,28.09523773,-0.641823947,16
2018,FSM,74.2857132,54.76190567,0.035041142,1
2018,MDA,25.7142849,36.19047546,-0.433740765,12
2018,MCO,93.33333588,90.95237732,1.536625862,1
2018,MNG,39.52381134,43.80952454,-0.278373808,13
2018,MNE,56.19047546,54.2857132,0.00317245,9
2018,MAR,44.76190567,44.76190567,-0.248697802,14
2018,MOZ,23.80952454,14.28571415,-1.067342639,14
2018,MMR,30,15.71428585,-1.043103933,11
2018,NAM,63.33333206,62.38095093,0.329466939,13
2018,NRU,68.09523773,51.90476227,-0.062070485,2
2018,NPL,27.1428566,33.80952454,-0.491404861,12
2018,NLD,95.23809814,95.7142868,1.744731426,11
2018,ANT,,,,
2018,NZL,99.04762268,98.09523773,1.83372128,12
2018,NIC,14.28571415,13.33333302,-1.078683734,14
2018,NER,31.90476227,29.52380943,-0.605169058,13
2018,NGA,12.38095284,18.5714283,-0.917747617,15
2018,NIU,,,,1
2018,MKD,40.95238113,42.38095093,-0.307711989,10
2018,NOR,97.61904907,99.52381134,1.922187686,11
2018,OMN,60.47618866,67.14286041,0.436154455,7
2018,PAK,24.2857151,26.66666603,-0.68372798,12
2018,PLW,68.09523773,80.95237732,1.001824379,1
2018,PAN,30.47619057,50,-0.159152254,12
2018,PNG,20,23.33333397,-0.764962137,9
2018,PRY,19.04761887,30,-0.602721274,13
2018,PER,31.4285717,31.4285717,-0.566928744,15
2018,PHL,32.8571434,31.90476227,-0.564711273,13
2018,POL,73.33333588,63.80952454,0.376462787,13
2018,PRT,79.04762268,84.2857132,1.107582092,12
2018,PRI,56.66666794,70.95237732,0.556203604,1
2018,QAT,75.23809814,74.2857132,0.704719603,10
2018,REU,71.90476227,83.33333588,1.056800961,
2018,ROU,48.09523773,63.33333206,0.367517263,14
2018,RUS,19.52380943,20.95238113,-0.832453251,13
2018,RWA,69.04762268,56.66666794,0.109598584,12
2018,WSM,73.80952454,77.61904907,0.912800968,3
2018,SMR,86.19047546,90.95237732,1.536625862,1
2018,STP,59.52381134,24.76190567,-0.713534415,8
2018,SAU,63.80952454,57.61904907,0.117317118,11
2018,SEN,55.23809433,45.7142868,-0.223899484,15
2018,SRB,40.47618866,49.04761887,-0.170304462,12
2018,SYC,80,61.42856979,0.281118184,8
2018,SLE,35.7142868,22.38095284,-0.796907842,14
2018,SGP,98.57142639,97.61904907,1.802677035,11
2018,SVK,61.42856979,68.57142639,0.472636402,12
2018,SVN,79.52381134,82.38095093,1.024187922,12
2018,SLB,55.7142868,47.61904907,-0.20193398,3
2018,SOM,0,0,-2.298715591,11
2018,ZAF,52.38095093,46.19047546,-0.221448287,16
2018,SSD,0.476190478,1.428571463,-1.986111164,10
2018,ESP,72.85713959,80.47618866,0.978212118,12
2018,LKA,42.38095093,53.80952454,-0.00040862,12
2018,KNA,65.7142868,69.04762268,0.519412875,2
2018,LCA,70.47618866,73.33333588,0.631884336,2
2018,VCT,77.14286041,67.61904907,0.444380105,2
2018,SDN,6.190476418,10.47619057,-1.138877034,12
2018,SUR,46.19047546,51.42856979,-0.088033684,6
2018,SWE,98.09523773,97.14286041,1.783937216,12
2018,CHE,96.66666412,99.04762268,1.887877226,9
2018,SYR,1.428571463,0.952380955,-2.054050684,6
2018,TWN,81.42857361,83.80952454,1.07638669,10
2018,TJK,6.666666508,7.619047642,-1.303210497,10
2018,TZA,38.57143021,30.95238113,-0.572451293,15
2018,THA,39.04761887,52.8571434,-0.004077561,12
2018,TLS,36.19047546,10.95238113,-1.138637781,6
2018,TGO,25.23809433,29.04761887,-0.619138241,12
2018,TON,54.2857132,66.66666412,0.426162243,4
2018,TTO,41.90476227,49.52381134,-0.169320345,9
2018,TUN,53.33333206,55.7142868,0.053447079,15
2018,TUR,42.8571434,38.09523773,-0.390645027,12
2018,TKM,7.619047642,6.190476418,-1.464165211,7
2018,TUV,57.61904907,72.85713959,0.61495012,1
2018,UGA,13.80952358,41.42856979,-0.321435153,15
2018,UKR,17.61904716,23.80952454,-0.759869158,13
2018,ARE,82.85713959,76.19047546,0.77433306,9
2018,GBR,94.76190186,91.90476227,1.60294652,13
2018,USA,88.09523773,89.04762268,1.475686669,13
2018,URY,86.66666412,71.42857361,0.570794284,13
2018,UZB,12.85714245,12.85714245,-1.098129988,9
2018,VUT,49.52381134,65.7142868,0.391720504,3
2018,VEN,4.285714149,0.476190478,-2.265742064,15
2018,VNM,35.23809433,52.38095093,-0.035344757,12
2018,VIR,71.90476227,83.33333588,1.056800961,
2018,PSE,48.57143021,32.8571434,-0.503634155,5
2018,YEM,0.952380955,1.90476191,-1.80685091,9
2018,ZMB,28.09523773,40.95238113,-0.35820049,14
2018,ZWE,10,8.095237732,-1.292463303,15
2019,AFG,5.714285851,4.285714149,-1.741318822,10
2019,ALB,32.38095093,37.61904907,-0.425378829,11
2019,DZA,28.09523773,20.47619057,-0.86179626,10
2019,ASM,94.2857132,87.14286041,1.268459797,1
2019,AND,87.14286041,90.95237732,1.510484815,2
2019,AGO,13.80952358,15.23809528,-1.025190949,13
2019,AIA,87.14286041,60.95238113,0.300358981,
2019,ATG,61.90476227,62.38095093,0.363741606,2
2019,ARG,52.8571434,37.1428566,-0.427303702,14
2019,ARM,48.09523773,48.57143021,-0.177528098,10
2019,ABW,83.80952454,85.7142868,1.227761626,1
2019,AUS,94.76190186,93.33333588,1.694471836,11
2019,AUT,90.47618866,98.57142639,1.862250328,10
2019,AZE,22.8571434,28.09523773,-0.610212207,11
2019,BHS,82.38095093,54.2857132,0.046137974,4
2019,BHR,53.80952454,67.14286041,0.464157701,6
2019,BGD,16.19047546,27.1428566,-0.644387662,11
2019,BRB,83.33333588,61.42856979,0.324169725,4
2019,BLR,56.19047546,20.95238113,-0.858075738,10
2019,BEL,89.52381134,87.61904907,1.33622694,10
2019,BLZ,49.04761887,21.4285717,-0.855515778,5
2019,BEN,41.90476227,26.19047546,-0.677024126,12
2019,BMU,87.14286041,77.14286041,0.784409344,
2019,BTN,91.42857361,71.90476227,0.584862649,5
2019,BOL,25.7142849,10,-1.18922472,13
2019,BIH,29.04761887,46.19047546,-0.225027755,11
2019,BWA,74.2857132,64.76190186,0.434365034,13
2019,BRA,40,46.66666794,-0.224174306,15
2019,BRN,77.61904907,72.38095093,0.587054789,5
2019,BGR,49.52381134,52.38095093,-0.036942877,13
2019,BFA,48.57143021,35.23809433,-0.465154022,14
2019,BDI,4.761904716,5.714285851,-1.453600526,10
2019,CPV,79.04762268,65.7142868,0.452138633,8
2019,KHM,9.523809433,17.61904716,-0.954869926,10
2019,CMR,10.95238113,11.4285717,-1.143522501,14
2019,CAN,92.85713959,94.76190186,1.719728947,11
2019,CYM,66.19047546,75.7142868,0.733900785,1
2019,CAF,10.47619057,3.333333254,-1.764458179,10
2019,TCD,6.190476418,6.666666508,-1.314158916,11
2019,CHL,80.47618866,79.52381134,0.92345041,13
2019,CHN,43.80952454,44.76190567,-0.262363702,11
2019,COL,46.19047546,40,-0.391018122,14
2019,COM,14.28571415,10.95238113,-1.156975269,9
2019,COD,3.333333254,1.90476191,-1.814208746,12
2019,COG,5.238095284,12.38095284,-1.110405087,11
2019,COK,,,,1
2019,CRI,71.90476227,70,0.529437542,12
2019,CIV,31.90476227,27.61904716,-0.610560477,14
2019,HRV,58.09523773,61.90476227,0.348271519,13
2019,CUB,57.1428566,42.38095093,-0.341410756,8
2019,CYP,70.95237732,75.23809814,0.727045774,8
2019,CZE,69.04762268,81.90476227,1.017312288,12
2019,DNK,99.52381134,97.14286041,1.833646059,9
2019,DJI,20.47619057,18.09523773,-0.946248353,8
2019,DMA,67.61904907,74.76190186,0.717998266,2
2019,DOM,23.33333397,43.33333206,-0.321246088,13
2019,ECU,34.76190567,31.90476227,-0.542889178,13
2019,EGY,28.5714283,42.8571434,-0.333438784,12
2019,SLV,33.80952454,19.52380943,-0.865680158,13
2019,GNQ,2.857142925,8.095237732,-1.286557078,8
2019,ERI,7.142857075,5.238095284,-1.631714582,9
2019,EST,90.95237732,86.19047546,1.243151188,10
2019,SWZ,42.8571434,34.2857132,-0.479818255,9
2019,ETH,38.09523773,33.80952454,-0.484146088,13
2019,FJI,74.76190186,64.2857132,0.422631532,6
2019,FIN,98.57142639,100,2.012981415,10
2019,FRA,88.57142639,88.57142639,1.371217132,11
2019,GUF,79.52381134,84.2857132,1.13052702,1
2019,GAB,20,24.2857151,-0.75519371,12
2019,GMB,39.52381134,39.52381134,-0.407074153,11
2019,GEO,76.19047546,59.52381134,0.248666972,11
2019,DEU,95.23809814,92.38095093,1.581253052,11
2019,GHA,52.38095093,53.33333206,0.015498661,14
2019,GRC,56.66666794,57.61904907,0.157741681,10
2019,GRL,82.85713959,94.2857132,1.710528135,1
2019,GRD,63.33333206,58.09523773,0.187111259,3
2019,GUM,87.14286041,87.14286041,1.268459797,1
2019,GTM,19.04761887,12.85714245,-1.100035071,13
2019,GIN,18.5714283,9.047618866,-1.238390446,12
2019,GNB,4.285714149,7.619047642,-1.303054333,9
2019,GUY,50.47618866,36.66666794,-0.445426762,7
2019,HTI,8.571428299,16.66666603,-0.975454748,9
2019,HND,21.4285717,14.76190472,-1.04142189,13
2019,HKG,91.90476227,91.42857361,1.565521359,9
2019,HUN,57.61904907,68.57142639,0.498275101,12
2019,ISL,92.38095093,95.23809814,1.72634089,7
2019,IND,44.76190567,51.42856979,-0.06662368,12
2019,IDN,35.23809433,40.95238113,-0.346690059,12
2019,IRN,13.33333302,23.80952454,-0.770798504,10
2019,IRQ,8.095237732,2.857142925,-1.771152735,10
2019,IRL,90,88.09523773,1.347805619,8
2019,ISR,78.09523773,81.42857361,1.01208365,8
2019,ITA,61.42856979,60.47618866,0.273004681,11
2019,JAM,51.90476227,43.80952454,-0.310624003,10
2019,JPN,89.04762268,89.52381134,1.497002721,10
2019,JEY,80.95237732,94.2857132,1.710528135,1
2019,JOR,58.57143021,56.66666794,0.132585108,12
2019,KAZ,45.23809433,32.8571434,-0.509888172,13
2019,KEN,24.2857151,35.7142868,-0.464465976,14
2019,KIR,64.76190186,78.09523773,0.817287028,2
2019,PRK,1.90476191,4.761904716,-1.661251783,7
2019,KOR,75.23809814,84.76190186,1.156710029,12
2019,XKX,33.33333206,39.04761887,-0.409505546,7
2019,KWT,50,58.57143021,0.192158148,7
2019,KGZ,17.1428566,19.04761887,-0.913639009,11
2019,LAO,12.85714245,17.1428566,-0.968699157,7
2019,LVA,66.66666412,80,0.979363859,9
2019,LBN,11.90476227,21.90476227,-0.852389216,11
2019,LSO,51.42856979,38.09523773,-0.424627781,10
2019,LBR,17.61904716,16.19047546,-1.005297542,14
2019,LBY,2.380952358,3.809523821,-1.762513995,9
2019,LIE,96.19047546,92.85713959,1.636691809,3
2019,LTU,73.80952454,80.47618866,0.986618876,9
2019,LUX,97.61904907,96.19047546,1.750148296,7
2019,MAC,72.85713959,78.57142639,0.882088602,1
2019,MDG,14.76190472,15.71428585,-1.013272643,13
2019,MWI,25.23809433,41.90476227,-0.343976617,13
2019,MYS,60.95238113,67.61904907,0.491362244,11
2019,MDV,46.66666794,38.57143021,-0.411952257,4
2019,MLI,26.66666603,20,-0.864916384,13
2019,MLT,60.47618866,79.04762268,0.921010733,6
2019,MHL,64.76190186,66.66666412,0.458869159,2
2019,MTQ,87.14286041,70.47618866,0.542384148,
2019,MRT,21.90476227,28.5714283,-0.60823971,10
2019,MUS,60,73.80952454,0.696283937,11
2019,MEX,18.09523773,26.66666603,-0.658984363,15
2019,FSM,75.7142868,55.23809433,0.081636302,2
2019,MDA,30,36.19047546,-0.450450361,11
2019,MCO,94.2857132,90.95237732,1.510484815,1
2019,MNG,37.1428566,45.23809433,-0.257835925,12
2019,MNE,54.76190567,52.8571434,-0.006880668,8
2019,MAR,41.42856979,45.7142868,-0.236701235,13
2019,MOZ,22.38095284,14.28571415,-1.056031585,13
2019,MMR,29.52380943,13.80952358,-1.078514218,11
2019,NAM,62.8571434,62.8571434,0.364460111,12
2019,NRU,68.57142639,50,-0.134759158,2
2019,NPL,27.1428566,31.4285717,-0.553631186,11
2019,NLD,95.7142868,95.7142868,1.7351408,10
2019,ANT,,,,
2019,NZL,100,98.09523773,1.843664289,11
2019,NIC,15.71428585,9.523809433,-1.201523185,13
2019,NER,31.4285717,30.95238113,-0.558125436,13
2019,NGA,12.38095284,18.5714283,-0.938902915,14
2019,NIU,,,,1
2019,MKD,36.66666794,44.2857132,-0.305708945,10
2019,NOR,97.14286041,99.52381134,1.941097736,10
2019,OMN,65.7142868,69.52381134,0.527046025,7
2019,PAK,20.95238113,25.7142849,-0.688234627,11
2019,PLW,68.57142639,76.19047546,0.782942474,1
2019,PAN,30.47619057,47.61904907,-0.192042068,11
2019,PNG,16.66666603,22.8571434,-0.800446093,9
2019,PRY,19.52380943,30.47619057,-0.568127096,12
2019,PER,34.2857132,32.38095093,-0.520251691,14
2019,PHL,30.95238113,29.52380943,-0.57369107,12
2019,POL,71.42857361,63.33333206,0.390535206,12
2019,PRT,76.66666412,83.80952454,1.105702162,11
2019,PRI,55.23809433,70.95237732,0.558157504,1
2019,QAT,78.57142639,74.2857132,0.706691504,9
2019,REU,70.47618866,77.14286041,0.784409344,
2019,ROU,47.61904907,63.80952454,0.415537626,13
2019,RUS,23.80952454,23.33333397,-0.770942986,12
2019,RWA,67.14286041,54.76190567,0.063206613,11
2019,WSM,72.38095093,85.23809814,1.162507057,3
2019,SMR,87.14286041,90.95237732,1.510484815,1
2019,STP,59.04761887,25.23809433,-0.692302823,7
2019,SAU,62.38095093,57.1428566,0.144550726,10
2019,SEN,55.7142868,47.1428566,-0.215916842,14
2019,SRB,37.61904907,49.52381134,-0.143760264,11
2019,SYC,84.2857132,60,0.251167297,7
2019,SLE,36.19047546,22.38095284,-0.804334581,13
2019,SGP,99.04762268,97.61904907,1.837814331,10
2019,SVK,59.52381134,69.04762268,0.499799252,11
2019,SVN,80,82.85713959,1.084723592,11
2019,SLB,53.33333206,50.47618866,-0.109286606,3
2019,SOM,0.476190478,0,-2.380809069,10
2019,ZAF,54.2857132,48.09523773,-0.183931217,15
2019,SSD,0,1.428571463,-2.008500814,10
2019,ESP,73.33333588,80.95237732,0.990445971,11
2019,LKA,44.2857132,53.80952454,0.039557587,11
2019,KNA,63.80952454,65.23809814,0.436729878,2
2019,LCA,69.52381134,72.85713959,0.589768767,2
2019,VCT,77.14286041,66.19047546,0.457475066,2
2019,SDN,6.666666508,10.47619057,-1.176162958,12
2019,SUR,39.04761887,50.95238113,-0.083830982,6
2019,SWE,98.09523773,96.66666412,1.791921258,11
2019,CHE,96.66666412,99.04762268,1.863118887,8
2019,SYR,1.428571463,0.952380955,-2.087435246,6
2019,TWN,81.42857361,83.33333588,1.103475809,10
2019,TJK,9.047618866,8.571428299,-1.253252268,10
2019,TZA,38.57143021,30,-0.573558688,14
2019,THA,35.7142868,56.19047546,0.088566415,11
2019,TLS,40.47618866,11.90476227,-1.128437638,6
2019,TGO,26.19047546,29.04761887,-0.591685474,12
2019,TON,42.38095093,68.09523773,0.498170644,4
2019,TTO,47.1428566,49.04761887,-0.1701781,8
2019,TUN,50.95238113,55.7142868,0.086751573,14
2019,TUR,43.33333206,40.47618866,-0.347564906,12
2019,TKM,7.619047642,6.190476418,-1.409512997,7
2019,TUV,65.23809814,71.42857361,0.561684668,2
2019,UGA,11.4285717,41.42856979,-0.344945699,14
2019,UKR,24.76190567,24.76190567,-0.744596004,12
2019,ARE,81.90476227,77.61904907,0.80805707,8
2019,GBR,93.33333588,91.90476227,1.569445848,12
2019,USA,87.61904907,89.04762268,1.42403543,12
2019,URY,88.09523773,73.33333588,0.60366255,12
2019,UZB,15.23809528,13.33333302,-1.081380248,9
2019,VUT,45.7142868,59.04761887,0.210106045,4
2019,VEN,3.809523821,0.476190478,-2.259727001,14
2019,VNM,32.8571434,51.90476227,-0.050218094,11
2019,VIR,70.47618866,82.38095093,1.026434422,
2019,PSE,40.95238113,33.33333206,-0.504966557,5
2019,YEM,0.952380955,2.380952358,-1.790670753,8
2019,ZMB,27.61904716,34.76190567,-0.474514842,13
2019,ZWE,10,7.142857075,-1.303515315,14
2020,AFG,4.761904716,2.380952358,-1.831374288,9
2020,ALB,31.4285717,40,-0.376249194,10
2020,DZA,27.61904716,22.38095284,-0.800302982,9
2020,ASM,88.57142639,84.2857132,1.119430304,1
2020,AND,88.57142639,92.85713959,1.61627841,2
2020,AGO,18.5714283,18.09523773,-0.950999379,12
2020,AIA,73.80952454,63.33333206,0.374158055,
2020,ATG,60.95238113,64.2857132,0.407973528,2
2020,ARG,47.61904907,34.2857132,-0.487334788,13
2020,ARM,56.19047546,49.52381134,-0.125852257,9
2020,ABW,85.23809814,86.66666412,1.270262361,1
2020,AUS,93.80952454,91.90476227,1.614245057,10
2020,AUT,90.95237732,97.14286041,1.770163417,9
2020,AZE,15.23809528,24.2857151,-0.730720103,10
2020,BHS,82.85713959,54.2857132,0.023263842,4
2020,BHR,51.90476227,65.23809814,0.455399364,5
2020,BGD,17.1428566,31.4285717,-0.56792897,10
2020,BRB,84.76190186,60.47618866,0.296676338,4
2020,BLR,49.52381134,14.28571415,-1.082241893,9
2020,BEL,90,87.61904907,1.328004122,9
2020,BLZ,46.19047546,21.4285717,-0.825402975,5
2020,BEN,54.76190567,23.80952454,-0.764496326,11
2020,BMU,88.57142639,72.38095093,0.622582138,
2020,BTN,93.33333588,69.04762268,0.579251528,5
2020,BOL,22.38095284,9.523809433,-1.219215512,12
2020,BIH,28.5714283,42.38095093,-0.315116078,10
2020,BWA,71.42857361,63.80952454,0.382423937,13
2020,BRA,37.61904907,46.19047546,-0.23170203,14
2020,BRN,85.7142868,79.04762268,0.897616625,4
2020,BGR,44.2857132,49.04761887,-0.127281368,11
2020,BFA,50.47618866,35.7142868,-0.468150288,13
2020,BDI,3.809523821,6.666666508,-1.339616895,9
2020,CPV,79.52381134,64.76190186,0.433581084,8
2020,KHM,10.47619057,17.1428566,-0.963570416,8
2020,CMR,12.38095284,11.4285717,-1.168966174,13
2020,CAN,91.90476227,93.33333588,1.618298292,10
2020,CYM,64.76190186,75.23809814,0.727434754,1
2020,CAF,9.523809433,4.285714149,-1.751738191,8
2020,TCD,6.190476418,7.142857075,-1.33145833,10
2020,CHL,83.33333588,80,0.927434802,12
2020,CHN,52.8571434,51.42856979,-0.102287054,11
2020,COL,45.7142868,33.80952454,-0.492650598,13
2020,COM,10.95238113,8.571428299,-1.275882244,8
2020,COD,2.380952358,2.857142925,-1.822215557,11
2020,COG,5.238095284,12.38095284,-1.120401978,10
2020,COK,,,,1
2020,CRI,74.2857132,67.14286041,0.498481661,11
2020,CIV,32.38095093,27.61904716,-0.655076623,13
2020,HRV,59.52381134,59.04761887,0.236004218,11
2020,CUB,48.57143021,43.33333206,-0.287810236,7
2020,CYP,63.33333206,68.09523773,0.547705591,8
2020,CZE,69.04762268,82.85713959,1.019453645,11
2020,DNK,100,98.09523773,1.808279395,9
2020,DJI,25.23809433,15.23809528,-1.04289186,8
2020,DMA,69.52381134,75.7142868,0.790470541,2
2020,DOM,25.7142849,47.61904907,-0.173210472,12
2020,ECU,33.80952454,31.90476227,-0.541196287,12
2020,EGY,23.80952454,41.42856979,-0.319997311,11
2020,SLV,30.95238113,23.33333397,-0.775593698,12
2020,GNQ,4.285714149,11.90476227,-1.162327766,8
2020,ERI,8.571428299,5.238095284,-1.492109537,8
2020,EST,92.38095093,88.57142639,1.336464643,10
2020,SWZ,44.76190567,32.8571434,-0.501701951,9
2020,ETH,40.47618866,38.09523773,-0.405230105,12
2020,FJI,71.90476227,57.1428566,0.195874199,6
2020,FIN,99.52381134,100,2.020997286,9
2020,FRA,83.80952454,87.14286041,1.29722631,10
2020,GUF,80.47618866,85.7142868,1.160385847,1
2020,GAB,20.47619057,26.66666603,-0.681152165,11
2020,GMB,38.09523773,39.04761887,-0.39465192,11
2020,GEO,70.95237732,58.57143021,0.222179666,10
2020,DEU,95.23809814,90.95237732,1.519799232,10
2020,GHA,50,51.90476227,-0.079614252,13
2020,GRC,57.1428566,60,0.289413631,9
2020,GRL,81.42857361,94.2857132,1.701575994,1
2020,GRD,63.80952454,61.90476227,0.326836467,3
2020,GUM,88.57142639,84.2857132,1.119430304,1
2020,GTM,12.85714245,13.33333302,-1.099682927,12
2020,GIN,18.09523773,8.095237732,-1.302762151,11
2020,GNB,7.142857075,5.714285851,-1.399573922,9
2020,GUY,46.66666794,36.66666794,-0.434385359,7
2020,HTI,7.619047642,16.19047546,-1.03267777,8
2020,HND,17.61904716,16.66666603,-1.010110259,12
2020,HKG,92.85713959,91.42857361,1.550321102,8
2020,HUN,58.09523773,66.19047546,0.490737408,11
2020,ISL,94.76190186,96.19047546,1.751323938,7
2020,IND,45.23809433,52.38095093,-0.057718564,12
2020,IDN,36.66666794,40.47618866,-0.362381369,11
2020,IRN,14.28571415,19.52380943,-0.886475205,9
2020,IRQ,9.047618866,3.333333254,-1.798078537,9
2020,IRL,91.42857361,89.52381134,1.456939459,8
2020,ISR,68.09523773,80.47618866,0.936142623,7
2020,ITA,67.14286041,57.61904907,0.207708836,10
2020,JAM,53.80952454,45.7142868,-0.239620462,9
2020,JPN,90.47618866,90.47618866,1.473686934,9
2020,JEY,81.42857361,94.2857132,1.701575994,1
2020,JOR,57.61904907,56.66666794,0.18873316,11
2020,KAZ,40.95238113,36.19047546,-0.466539711,11
2020,KEN,20.95238113,30.47619057,-0.577875257,13
2020,KIR,66.19047546,82.38095093,1.009463787,2
2020,PRK,1.428571463,4.761904716,-1.608651996,7
2020,KOR,75.23809814,84.76190186,1.147331357,11
2020,XKX,35.7142868,38.57143021,-0.40494585,7
2020,KWT,52.38095093,61.42856979,0.308871776,6
2020,KGZ,13.33333302,17.61904716,-0.959660351,10
2020,LAO,14.76190472,20,-0.880950749,6
2020,LVA,74.76190186,79.52381134,0.922364891,9
2020,LBN,11.90476227,19.04761887,-0.905710816,10
2020,LSO,49.04761887,34.76190567,-0.487081766,10
2020,LBR,20,15.71428585,-1.035418153,14
2020,LBY,2.857142925,1.90476191,-1.880337238,8
2020,LIE,95.7142868,95.23809814,1.716376781,3
2020,LTU,78.57142639,80.95237732,0.950274825,9
2020,LUX,96.66666412,95.7142868,1.738464713,7
2020,MAC,77.61904907,76.19047546,0.812058628,1
2020,MDG,16.66666603,20.47619057,-0.879376113,12
2020,MWI,40,44.2857132,-0.278625727,13
2020,MYS,60.47618866,68.57142639,0.572214603,10
2020,MDV,43.33333206,42.8571434,-0.303693801,5
2020,MLI,24.2857151,18.5714283,-0.950111389,12
2020,MLT,62.8571434,78.09523773,0.88351953,6
2020,MHL,66.19047546,70,0.595379114,2
2020,MTQ,73.80952454,72.38095093,0.622582138,
2020,MRT,23.33333397,30,-0.605059206,9
2020,MUS,65.23809814,78.57142639,0.890954435,10
2020,MEX,19.52380943,29.04761887,-0.646558285,14
2020,FSM,80,56.19047546,0.188530937,2
2020,MDA,31.90476227,33.33333206,-0.501107097,9
2020,MCO,88.57142639,89.04762268,1.367854357,1
2020,MNG,34.2857132,44.76190567,-0.267986298,11
2020,MNE,54.2857132,52.8571434,-0.039458431,8
2020,MAR,38.57143021,47.1428566,-0.188088924,12
2020,MOZ,24.76190567,14.76190472,-1.061634064,12
2020,MMR,27.1428566,10.95238113,-1.194724917,10
2020,NAM,61.90476227,62.38095093,0.33342573,11
2020,NRU,70.47618866,50.95238113,-0.103149951,2
2020,NPL,29.04761887,32.38095093,-0.512035429,10
2020,NLD,96.19047546,94.76190186,1.708140492,9
2020,ANT,,,,
2020,NZL,98.57142639,99.04762268,1.838716984,10
2020,NIC,11.4285717,10,-1.19912231,12
2020,NER,28.09523773,30.95238113,-0.576169431,12
2020,NGA,13.80952358,20.95238113,-0.842660069,13
2020,NIU,,,,1
2020,MKD,34.76190567,50.47618866,-0.10571564,9
2020,NOR,97.61904907,99.52381134,1.931451201,9
2020,OMN,60,69.52381134,0.592665195,6
2020,PAK,21.90476227,24.76190567,-0.712482035,10
2020,PLW,70.47618866,74.76190186,0.685480654,1
2020,PAN,30,43.80952454,-0.285406232,10
2020,PNG,29.52380943,25.7142849,-0.711277246,9
2020,PRY,21.4285717,37.1428566,-0.428430766,11
2020,PER,32.8571434,39.52381134,-0.385730803,13
2020,PHL,33.33333206,28.09523773,-0.650772929,11
2020,POL,72.38095093,67.61904907,0.520833731,11
2020,PRT,76.66666412,85.23809814,1.155114055,10
2020,PRI,55.23809433,70.95237732,0.604394853,1
2020,QAT,77.14286041,81.42857361,0.978387594,8
2020,REU,73.80952454,72.38095093,0.622582138,
2020,ROU,51.42856979,62.8571434,0.368579715,11
2020,RUS,19.04761887,21.90476227,-0.805172265,11
2020,RWA,67.61904907,54.76190567,0.077767387,10
2020,WSM,76.19047546,82.38095093,1.009463787,3
2020,SMR,88.57142639,92.85713959,1.61627841,1
2020,STP,59.04761887,26.19047546,-0.705098152,7
2020,SAU,61.42856979,58.09523773,0.214917377,9
2020,SEN,55.7142868,41.90476227,-0.319043964,13
2020,SRB,37.1428566,50,-0.122738957,10
2020,SYC,89.52381134,59.52381134,0.238317847,7
2020,SLE,39.52381134,22.8571434,-0.793761194,13
2020,SGP,99.04762268,98.57142639,1.835626006,9
2020,SVK,64.2857132,73.80952454,0.654226005,10
2020,SVN,78.09523773,83.33333588,1.038197994,11
2020,SLB,58.57143021,53.33333206,-0.037756845,3
2020,SOM,1.90476191,0.476190478,-2.313533545,9
2020,ZAF,53.33333206,45.23809433,-0.240638092,14
2020,SSD,0,1.428571463,-1.970399737,8
2020,ESP,75.7142868,76.66666412,0.862033606,10
2020,LKA,43.80952454,53.80952454,-0.007581946,9
2020,KNA,62.38095093,65.7142868,0.483081073,2
2020,LCA,68.57142639,74.2857132,0.660261154,2
2020,VCT,79.04762268,70.47618866,0.596180677,2
2020,SDN,6.666666508,13.80952358,-1.088912487,11
2020,SUR,36.19047546,48.57143021,-0.132176608,6
2020,SWE,98.09523773,96.66666412,1.766856194,10
2020,CHE,97.14286041,97.61904907,1.778294921,7
2020,SYR,0.476190478,0.952380955,-2.087320328,6
2020,TWN,84.2857132,86.19047546,1.220242977,9
2020,TJK,8.095237732,9.047618866,-1.248422623,7
2020,TZA,39.04761887,29.52380943,-0.616245627,13
2020,THA,35.23809433,55.23809433,0.109724149,10
2020,TLS,42.8571434,10.47619057,-1.196821332,6
2020,TGO,26.66666603,27.1428566,-0.674063563,11
2020,TON,42.38095093,66.66666412,0.494029403,4
2020,TTO,48.09523773,48.09523773,-0.17109856,8
2020,TUN,50.95238113,55.7142868,0.142935649,13
2020,TUR,41.90476227,37.61904907,-0.420469642,11
2020,TKM,5.714285851,6.190476418,-1.399462342,5
2020,TUV,66.66666412,73.33333588,0.650380731,2
2020,UGA,16.19047546,40.95238113,-0.347207844,13
2020,UKR,22.8571434,25.23809433,-0.712013125,11
2020,ARE,82.38095093,77.61904907,0.876260638,7
2020,GBR,94.2857132,90,1.462932229,10
2020,USA,81.90476227,88.09523773,1.335382342,11
2020,URY,89.04762268,72.85713959,0.648838937,11
2020,UZB,15.71428585,12.85714245,-1.112733006,7
2020,VUT,47.1428566,60.95238113,0.297599733,4
2020,VEN,3.333333254,0,-2.333315134,13
2020,VNM,41.42856979,46.66666794,-0.18871294,10
2020,VIR,56.66666794,77.14286041,0.87100625,
2020,PSE,30.47619057,35.23809433,-0.474753052,5
2020,YEM,0.952380955,3.809523821,-1.776093245,8
2020,ZMB,26.19047546,28.5714283,-0.648182869,13
2020,ZWE,10,7.619047642,-1.329611182,13
2021,AFG,12.38095284,1.90476191,-1.87635684,9
2021,ALB,31.90476227,42.8571434,-0.280372351,10
2021,DZA,29.52380943,22.38095284,-0.832210958,10
2021,ASM,88.57142639,85.23809814,1.138901711,1
2021,AND,88.57142639,93.33333588,1.64212966,2
2021,AGO,29.04761887,17.1428566,-0.984480023,13
2021,AIA,73.33333588,63.33333206,0.384059697,
2021,ATG,60.95238113,60,0.303531021,2
2021,ARG,38.09523773,34.2857132,-0.476669818,12
2021,ARM,57.61904907,48.57143021,-0.119232148,9
2021,ABW,78.57142639,86.19047546,1.247303724,1
2021,AUS,94.76190186,92.38095093,1.639288187,10
2021,AUT,85.7142868,97.14286041,1.752518773,9
2021,AZE,21.4285717,30,-0.606355965,9
2021,BHS,83.80952454,54.76190567,0.070441306,4
2021,BHR,58.57143021,65.23809814,0.441886842,7
2021,BGD,18.09523773,28.5714283,-0.625113249,11
2021,BRB,84.76190186,61.90476227,0.341037989,4
2021,BLR,47.61904907,12.38095284,-1.121383548,9
2021,BEL,89.52381134,87.61904907,1.292380214,9
2021,BLZ,44.2857132,23.33333397,-0.8000862,4
2021,BEN,49.04761887,28.09523773,-0.629469573,12
2021,BMU,88.57142639,72.38095093,0.635673702,
2021,BTN,90.47618866,70,0.604691029,6
2021,BOL,20.47619057,11.4285717,-1.176882386,12
2021,BIH,28.09523773,41.42856979,-0.302860886,9
2021,BWA,74.76190186,66.19047546,0.454513997,13
2021,BRA,34.2857132,41.90476227,-0.300649881,13
2021,BRN,85.23809814,78.57142639,0.8612082,4
2021,BGR,48.09523773,52.38095093,-0.068356052,11
2021,BFA,50.47618866,35.23809433,-0.464600652,13
2021,BDI,2.857142925,8.095237732,-1.312593341,9
2021,CPV,82.38095093,60.95238113,0.331181914,8
2021,KHM,11.4285717,19.52380943,-0.919126272,8
2021,CMR,13.33333302,12.85714245,-1.117601871,13
2021,CAN,92.38095093,91.90476227,1.593748927,10
2021,CYM,66.19047546,75.23809814,0.741474807,1
2021,CAF,10.95238113,4.285714149,-1.688932657,8
2021,TCD,4.761904716,7.619047642,-1.341388702,10
2021,CHL,80.95237732,80.47618866,0.891350985,12
2021,CHN,56.19047546,52.8571434,0.010760916,10
2021,COL,42.38095093,34.76190567,-0.469918787,12
2021,COM,7.619047642,9.523809433,-1.256778717,7
2021,COD,4.285714149,3.809523821,-1.72392869,12
2021,COG,6.190476418,14.28571415,-1.098482132,11
2021,COK,,,,1
2021,CRI,66.66666412,63.80952454,0.424208134,11
2021,CIV,40.47618866,27.1428566,-0.661812484,13
2021,HRV,56.66666794,58.57143021,0.275992751,11
2021,CUB,54.2857132,37.61904907,-0.418762296,6
2021,CYP,63.33333206,70.95237732,0.60605073,9
2021,CZE,71.90476227,83.33333588,1.090659142,11
2021,DNK,100,99.04762268,1.89605689,9
2021,DJI,23.80952454,16.19047546,-1.02881515,8
2021,DMA,68.57142639,73.33333588,0.691172361,2
2021,DOM,30.95238113,49.04761887,-0.11531885,11
2021,ECU,30,40.95238113,-0.353610903,11
2021,EGY,26.66666603,43.80952454,-0.259292424,12
2021,SLV,32.8571434,21.4285717,-0.865895867,12
2021,GNQ,3.333333254,10.95238113,-1.201039076,8
2021,ERI,9.047618866,5.238095284,-1.581945896,8
2021,EST,90,88.09523773,1.389533639,10
2021,SWZ,27.1428566,30.95238113,-0.575594962,10
2021,ETH,37.61904907,29.04761887,-0.624359071,13
2021,FJI,65.7142868,59.04761887,0.29833591,5
2021,FIN,99.52381134,100,2.013481617,9
2021,FRA,89.04762268,87.14286041,1.260251999,10
2021,GUF,80.47618866,85.7142868,1.139945745,1
2021,GAB,20.95238113,24.76190567,-0.705375612,10
2021,GMB,40.95238113,38.57143021,-0.406059206,12
2021,GEO,74.2857132,55.7142868,0.144988313,9
2021,DEU,95.7142868,91.42857361,1.572336793,10
2021,GHA,50,50.47618866,-0.106361292,13
2021,GRC,59.52381134,60.47618866,0.321593732,9
2021,GRL,81.90476227,94.2857132,1.687229514,1
2021,GRD,67.14286041,67.14286041,0.489527076,2
2021,GUM,88.57142639,85.23809814,1.138901711,1
2021,GTM,11.90476227,13.33333302,-1.109790802,11
2021,GIN,17.1428566,11.90476227,-1.160717487,12
2021,GNB,7.142857075,6.190476418,-1.461930871,8
2021,GUY,48.57143021,38.09523773,-0.416192442,7
2021,HTI,5.238095284,9.047618866,-1.262203574,9
2021,HND,14.76190472,15.23809528,-1.087209821,12
2021,HKG,94.2857132,90,1.412281513,9
2021,HUN,55.23809433,67.61904907,0.506304801,11
2021,ISL,95.23809814,96.19047546,1.712641954,7
2021,IND,45.23809433,50,-0.108277,12
2021,IDN,36.66666794,44.2857132,-0.253610879,11
2021,IRN,13.80952358,17.61904716,-0.966126442,8
2021,IRQ,8.571428299,3.333333254,-1.748872519,8
2021,IRL,92.85713959,90.47618866,1.493408203,9
2021,ISR,80,81.42857361,0.906950951,7
2021,ITA,67.61904907,58.09523773,0.240628809,10
2021,JAM,52.38095093,46.19047546,-0.196268678,10
2021,JPN,90.95237732,90.95237732,1.540563464,9
2021,JEY,81.90476227,94.2857132,1.687229514,1
2021,JOR,55.7142868,56.66666794,0.182648703,11
2021,KAZ,47.1428566,33.33333206,-0.508473933,11
2021,KEN,26.19047546,37.1428566,-0.421999156,13
2021,KIR,61.90476227,79.52381134,0.884038448,2
2021,PRK,2.380952358,4.761904716,-1.634662986,6
2021,KOR,76.66666412,83.80952454,1.096293449,11
2021,XKX,43.80952454,42.38095093,-0.300333023,8
2021,KWT,51.90476227,57.61904907,0.240280911,6
2021,KGZ,12.85714245,13.80952358,-1.098847032,10
2021,LAO,15.23809528,26.66666603,-0.663793445,6
2021,LVA,76.19047546,81.90476227,0.950110793,10
2021,LBN,10.47619057,14.76190472,-1.091359019,9
2021,LSO,43.33333206,36.19047546,-0.42984879,11
2021,LBR,19.04761887,18.09523773,-0.942568839,14
2021,LBY,3.809523821,2.380952358,-1.803972363,8
2021,LIE,93.80952454,95.7142868,1.704547763,3
2021,LTU,79.52381134,82.85713959,1.074934721,10
2021,LUX,96.19047546,96.66666412,1.748023629,9
2021,MAC,79.04762268,76.19047546,0.780774713,1
2021,MDG,18.5714283,20.47619057,-0.885180354,12
2021,MWI,44.76190567,45.23809433,-0.249046683,13
2021,MYS,59.04761887,68.57142639,0.532973886,11
2021,MDV,41.42856979,46.66666794,-0.186269343,6
2021,MLI,20,19.04761887,-0.919275939,13
2021,MLT,62.8571434,77.14286041,0.836222589,8
2021,MHL,64.76190186,75.7142868,0.769646406,2
2021,MTQ,73.33333588,72.38095093,0.635673702,
2021,MRT,21.90476227,25.23809433,-0.686039746,10
2021,MUS,65.23809814,78.09523773,0.846016705,10
2021,MEX,17.61904716,22.8571434,-0.806147993,13
2021,FSM,69.52381134,68.09523773,0.519451082,2
2021,MDA,35.23809433,40.47618866,-0.357132047,9
2021,MCO,88.57142639,88.57142639,1.390515685,1
2021,MNG,33.33333206,44.76190567,-0.249986231,11
2021,MNE,52.8571434,51.42856979,-0.083548173,7
2021,MAR,38.57143021,45.7142868,-0.245559037,12
2021,MOZ,22.8571434,15.71428585,-1.041041493,14
2021,MMR,15.71428585,5.714285851,-1.467987776,9
2021,NAM,61.42856979,61.42856979,0.336586386,12
2021,NRU,71.42857361,51.90476227,-0.074264668,2
2021,NPL,32.38095093,33.80952454,-0.48886165,10
2021,NLD,97.14286041,94.76190186,1.698805094,9
2021,ANT,,,,
2021,NZL,99.04762268,98.09523773,1.781844497,10
2021,NIC,9.523809433,7.142857075,-1.365254283,11
2021,NER,31.4285717,36.66666794,-0.428103358,13
2021,NGA,14.28571415,20.95238113,-0.870013237,13
2021,NIU,,,,1
2021,MKD,41.90476227,50.95238113,-0.099911168,9
2021,NOR,98.09523773,99.52381134,1.908180594,9
2021,OMN,58.09523773,62.8571434,0.383883685,6
2021,PAK,23.33333397,27.61904716,-0.658457339,10
2021,PLW,71.42857361,74.2857132,0.714702249,1
2021,PAN,30.47619057,43.33333206,-0.2686961,10
2021,PNG,24.76190567,23.80952454,-0.751807809,9
2021,PRY,16.66666603,31.4285717,-0.575048804,11
2021,PER,28.5714283,32.38095093,-0.531429529,12
2021,PHL,33.80952454,26.19047546,-0.666893661,11
2021,POL,68.09523773,64.2857132,0.427254051,11
2021,PRT,77.14286041,84.2857132,1.106165409,10
2021,PRI,63.80952454,69.04762268,0.575343668,1
2021,QAT,78.09523773,80.95237732,0.905077398,8
2021,REU,73.33333588,72.38095093,0.635673702,
2021,ROU,51.42856979,62.38095093,0.381128639,11
2021,RUS,19.52380943,20,-0.885359228,10
2021,RWA,70,56.19047546,0.171731099,11
2021,WSM,70.47618866,79.52381134,0.884038448,3
2021,SMR,88.57142639,93.33333588,1.64212966,1
2021,STP,60.47618866,24.2857151,-0.727748752,7
2021,SAU,62.38095093,57.1428566,0.206341878,9
2021,SEN,57.1428566,39.04761887,-0.401197374,13
2021,SRB,35.7142868,49.52381134,-0.114918962,10
2021,SYC,91.90476227,59.52381134,0.303267598,6
2021,SLE,36.19047546,21.90476227,-0.839913309,13
2021,SGP,98.57142639,98.57142639,1.820004106,9
2021,SVK,60,72.85713959,0.679373205,11
2021,SVN,75.23809814,82.38095093,1.002724767,11
2021,SLB,49.52381134,40,-0.364999384,4
2021,SOM,0.952380955,0.476190478,-2.281856298,9
2021,ZAF,53.80952454,54.2857132,0.069079861,13
2021,SSD,0,1.428571463,-2.070810795,8
2021,ESP,75.7142868,77.61904907,0.843659341,10
2021,LKA,42.8571434,53.33333206,0.017869212,9
2021,KNA,64.2857132,66.66666412,0.45522669,2
2021,LCA,69.04762268,70.47618866,0.604782999,2
2021,VCT,77.61904907,69.52381134,0.579966903,2
2021,SDN,8.095237732,10,-1.219706416,12
2021,SUR,39.04761887,48.09523773,-0.125704721,6
2021,SWE,97.61904907,95.23809814,1.70026207,10
2021,CHE,96.66666412,97.61904907,1.768213391,7
2021,SYR,0.476190478,0.952380955,-2.082003117,7
2021,TWN,84.2857132,86.66666412,1.256270766,9
2021,TJK,6.666666508,10.47619057,-1.206926942,7
2021,TZA,40,31.90476227,-0.556608737,13
2021,THA,34.76190567,55.23809433,0.094890401,11
2021,TLS,50.95238113,16.66666603,-1.026326776,6
2021,TGO,27.61904716,30.47619057,-0.586597383,13
2021,TON,37.1428566,64.76190186,0.429098636,3
2021,TTO,46.19047546,47.61904907,-0.157717898,8
2021,TUN,46.66666794,53.80952454,0.065718137,13
2021,TUR,39.52381134,35.7142868,-0.432599366,10
2021,TKM,5.714285851,6.666666508,-1.458507538,5
2021,TUV,73.80952454,74.76190186,0.722857356,2
2021,UGA,16.19047546,39.52381134,-0.367464244,13
2021,UKR,24.2857151,25.7142849,-0.681360543,10
2021,ARE,83.33333588,76.66666412,0.799450576,8
2021,GBR,93.33333588,89.52381134,1.396580219,10
2021,USA,82.85713959,89.04762268,1.390642166,11
2021,URY,91.42857361,73.80952454,0.698169112,10
2021,UZB,22.38095284,18.5714283,-0.92204082,8
2021,VUT,53.33333206,65.7142868,0.447897673,4
2021,VEN,1.90476191,0,-2.299958467,12
2021,VNM,45.7142868,47.1428566,-0.171954915,10
2021,VIR,54.76190567,80,0.887287676,
2021,PSE,25.23809433,32.8571434,-0.511383533,5
2021,YEM,1.428571463,2.857142925,-1.802895427,7
2021,ZMB,25.7142849,29.52380943,-0.607837975,12
2021,ZWE,10,8.571428299,-1.277201533,13
2022,AFG,12.26415062,5.188679218,-1.658442259,9
2022,ALB,38.679245,47.16981125,-0.165779099,10
2022,DZA,28.30188751,22.64151001,-0.832472682,10
2022,ASM,88.679245,86.320755,1.221117854,1
2022,AND,88.679245,90.56604004,1.48544991,2
2022,AGO,30.6603775,16.03773499,-1.021904588,13
2022,AIA,88.679245,63.679245,0.428121924,
2022,ATG,63.20754623,61.79245377,0.391315579,2
2022,ARG,36.320755,34.90565872,-0.480682313,12
2022,ARM,56.13207626,46.22641373,-0.168567225,9
2022,ABW,77.83018494,87.26415253,1.278907537,1
2022,AUS,95.28302002,91.03773499,1.510085225,10
2022,AUT,84.90566254,95.75471497,1.705850244,9
2022,AZE,16.98113251,25.94339561,-0.624645591,9
2022,BHS,84.43395996,55.6603775,0.133635864,4
2022,BHR,59.43396378,65.09433746,0.438828617,7
2022,BGD,15.56603813,29.71698189,-0.60133934,11
2022,BRB,89.15093994,60.37735748,0.358760208,4
2022,BLR,31.60377312,11.79245281,-1.221556544,8
2022,BEL,89.62264252,88.20755005,1.348942399,9
2022,BLZ,48.11320877,24.52830124,-0.720759094,4
2022,BEN,50.47169876,28.77358437,-0.602389514,12
2022,BMU,88.679245,74.05660248,0.692453921,
2022,BTN,90.09433746,71.69811249,0.672034562,6
2022,BOL,20.75471687,9.433961868,-1.300902247,12
2022,BIH,25.94339561,41.50943375,-0.306685209,9
2022,BWA,74.05660248,66.03773499,0.467351377,13
2022,BRA,32.07546997,43.39622498,-0.257250935,13
2022,BRN,83.96226501,80.18868256,0.934209585,4
2022,BGR,50,49.52830124,-0.107211575,11
2022,BFA,51.88679123,28.30188751,-0.60767895,13
2022,BDI,4.245283127,9.905660629,-1.277139783,9
2022,CPV,81.13207245,60.84905624,0.36523217,8
2022,KHM,9.905660629,21.22641563,-0.866584659,8
2022,CMR,13.20754719,15.56603813,-1.045376182,13
2022,CAN,93.39622498,92.92453003,1.566220164,10
2022,CYM,66.50943756,74.52830505,0.721195281,1
2022,CAF,8.962264061,3.773584843,-1.701157451,8
2022,TCD,4.716980934,8.018867493,-1.372529984,10
2022,CHL,80.6603775,72.64151001,0.69040066,12
2022,CHN,55.18867874,52.83018875,-0.041443985,10
2022,COL,41.03773499,38.679245,-0.426875532,12
2022,COM,9.433961868,8.490566254,-1.313717961,8
2022,COD,3.301886797,4.245283127,-1.672433853,13
2022,COG,7.075471878,15.09433937,-1.089522958,11
2022,COK,57.07546997,32.07546997,-0.552327216,1
2022,CRI,66.98113251,64.62264252,0.43657729,11
2022,CIV,42.45283127,35.37735748,-0.479640156,13
2022,HRV,59.90565872,61.320755,0.368116319,11
2022,CUB,52.35848999,36.320755,-0.45963496,6
2022,CYP,66.03773499,68.86792755,0.570798516,9
2022,CZE,74.52830505,83.49056244,1.100805759,11
2022,DNK,100,99.52830505,1.900308132,9
2022,DJI,23.58490562,14.62264156,-1.102044463,8
2022,DMA,69.3396225,75.47169495,0.733293772,2
2022,DOM,37.26415253,50.47169876,-0.092175312,11
2022,ECU,29.71698189,26.88679314,-0.620224118,11
2022,EGY,26.41509438,42.45283127,-0.263772666,12
2022,SLV,27.83018875,24.05660439,-0.741353929,12
2022,GNQ,2.830188751,7.075471878,-1.406256437,8
2022,ERI,8.018867493,2.830188751,-1.771386266,8
2022,EST,91.03773499,89.62264252,1.426389098,10
2022,SWZ,26.88679314,29.24528313,-0.602303207,11
2022,ETH,36.79245377,26.41509438,-0.623456955,13
2022,FJI,64.62264252,59.43396378,0.321682155,5
2022,FIN,99.52830505,100,1.958372474,9
2022,FRA,85.37735748,85.37735748,1.182720423,10
2022,GUF,80.18868256,84.43395996,1.134706497,1
2022,GAB,16.03773499,22.16981125,-0.84057945,11
2022,GMB,46.22641373,37.26415253,-0.449605197,13
2022,GEO,72.16981506,56.60377502,0.169973269,9
2022,DEU,95.75471497,91.98113251,1.533154368,10
2022,GHA,52.83018875,51.41509247,-0.076319806,13
2022,GRC,56.60377502,59.90565872,0.32558471,9
2022,GRL,82.07546997,94.81131744,1.690608263,1
2022,GRD,67.45282745,67.92453003,0.554005027,2
2022,GUM,88.679245,86.320755,1.221117854,1
2022,GTM,11.320755,13.20754719,-1.127138257,11
2022,GIN,18.39622688,14.15094376,-1.102358937,12
2022,GNB,11.79245281,6.603773594,-1.45421803,8
2022,GUY,45.28302002,41.03773499,-0.313648909,7
2022,HTI,5.188679218,7.547169685,-1.377360702,9
2022,HND,18.86792374,16.98113251,-1.01709938,12
2022,HKG,92.45282745,87.73584747,1.279203296,9
2022,HUN,51.41509247,63.20754623,0.423674017,11
2022,ISL,91.50943756,95.28302002,1.703025818,7
2022,IND,44.3396225,55.18867874,0.114700042,12
2022,IDN,37.73584747,45.28302002,-0.188954651,11
2022,IRN,14.15094376,17.45282936,-1.017072082,8
2022,IRQ,10.84905624,3.301886797,-1.750573039,8
2022,IRL,93.86792755,91.50943756,1.527414441,9
2022,ISR,78.77358246,81.13207245,0.945248723,7
2022,ITA,68.86792755,58.49056625,0.297009468,10
2022,JAM,54.24528122,51.88679123,-0.071926758,10
2022,JPN,90.56604004,92.45282745,1.558240294,9
2022,JEY,82.07546997,94.81131744,1.690608263,1
2022,JOR,58.01886749,57.07546997,0.217172459,11
2022,KAZ,48.58490753,35.84905624,-0.474393338,12
2022,KEN,24.05660439,40.56603622,-0.321951181,13
2022,KIR,61.320755,69.81131744,0.622419,2
2022,PRK,2.358490467,4.716980934,-1.661086679,6
2022,KOR,76.88679504,84.90566254,1.159703135,11
2022,XKX,47.16981125,39.62264252,-0.366031259,8
2022,KWT,58.96226501,57.54716873,0.280016601,7
2022,KGZ,10.37735844,12.73584938,-1.147808433,11
2022,LAO,19.81132126,23.58490562,-0.805023313,6
2022,LVA,75.47169495,79.71697998,0.921995938,10
2022,LBN,13.679245,13.679245,-1.10264194,9
2022,LSO,41.98113251,33.96226501,-0.48737219,11
2022,LBR,20.28301811,19.3396225,-0.915244639,14
2022,LBY,3.773584843,2.358490467,-1.802445412,8
2022,LIE,94.81131744,96.22641754,1.720416307,3
2022,LTU,76.41509247,83.01886749,1.060279012,10
2022,LUX,96.22641754,98.58490753,1.769147038,9
2022,MAC,79.71697998,76.88679504,0.791746438,1
2022,MDG,17.92452812,18.39622688,-0.942355335,12
2022,MWI,30.18867874,44.3396225,-0.218995497,13
2022,MYS,62.26415253,68.39622498,0.561897993,11
2022,MDV,39.62264252,53.30188751,-0.027355907,6
2022,MLI,21.22641563,17.92452812,-0.999322295,13
2022,MLT,61.79245377,76.41509247,0.787202716,8
2022,MHL,64.15093994,75,0.725977838,2
2022,MTQ,73.11320496,74.05660248,0.692453921,
2022,MRT,23.11320686,25.47169876,-0.658643126,10
2022,MUS,65.56604004,77.83018494,0.799989045,10
2022,MEX,17.45282936,20.75471687,-0.866642535,13
2022,FSM,67.92453003,72.16981506,0.686108768,2
2022,MDA,42.92453003,41.98113251,-0.286658674,10
2022,MCO,88.679245,90.56604004,1.48544991,1
2022,MNG,33.01886749,45.75471878,-0.187423229,11
2022,MNE,50.94339752,48.58490753,-0.125401407,7
2022,MAR,41.50943375,44.81132126,-0.197303429,12
2022,MOZ,21.69811249,16.50943375,-1.021475792,14
2022,MMR,12.73584938,5.660377502,-1.528553843,9
2022,NAM,60.84905624,62.73584747,0.404543519,12
2022,NRU,71.69811249,53.77358627,-0.023583662,1
2022,NPL,33.96226501,37.73584747,-0.448678464,10
2022,NLD,96.69811249,93.39622498,1.657425642,9
2022,ANT,,,,
2022,NZL,99.05660248,96.69811249,1.731797218,10
2022,NIC,7.547169685,8.962264061,-1.309880257,11
2022,NER,31.13207626,34.43396378,-0.484884024,13
2022,NGA,14.62264156,19.81132126,-0.913734317,13
2022,NIU,49.52830124,32.07546997,-0.552327216,1
2022,MKD,43.86792374,50,-0.09628012,9
2022,NOR,98.11320496,98.11320496,1.762171507,9
2022,OMN,57.54716873,66.50943756,0.500481188,6
2022,PAK,22.64151001,25,-0.672492206,10
2022,PLW,71.69811249,81.60377502,0.952804446,1
2022,PAN,28.77358437,40.09434128,-0.360025138,10
2022,PNG,25.47169876,27.35848999,-0.616135001,9
2022,PRY,15.09433937,30.18867874,-0.590548575,11
2022,PER,22.16981125,32.54716873,-0.551391065,12
2022,PHL,33.49056625,33.49056625,-0.518337488,11
2022,POL,68.39622498,64.15093994,0.430609286,11
2022,PRT,75.94339752,83.96226501,1.113929033,10
2022,PRI,58.49056625,67.45282745,0.533023357,2
2022,QAT,79.24528503,79.24528503,0.919315934,8
2022,REU,73.11320496,74.05660248,0.692453921,
2022,ROU,55.6603775,62.26415253,0.404155731,11
2022,RUS,19.3396225,12.26415062,-1.195294023,10
2022,RWA,70.28302002,56.13207626,0.146466091,10
2022,WSM,69.81131744,80.6603775,0.945017695,3
2022,SMR,88.679245,97.16981506,1.749781728,1
2022,STP,62.73584747,27.83018875,-0.61407131,7
2022,SAU,63.679245,58.01886749,0.290623277,9
2022,SEN,53.77358627,42.92453003,-0.262500226,13
2022,SRB,35.37735748,49.05660248,-0.113290347,10
2022,SYC,94.3396225,65.56604004,0.460202545,6
2022,SLE,32.54716873,23.11320686,-0.828648925,13
2022,SGP,98.58490753,99.05660248,1.779277682,9
2022,SVK,60.37735748,70.28302002,0.622537851,11
2022,SVN,78.30188751,82.54717255,0.972656548,11
2022,SLB,49.05660248,43.86792374,-0.241932362,4
2022,SOM,0.471698105,0,-2.286855459,9
2022,ZAF,44.81132126,54.24528122,0.019737322,13
2022,SSD,0,1.415094376,-2.055449009,8
2022,ESP,75,77.35848999,0.799932122,10
2022,LKA,40.09434128,52.35848999,-0.056925315,9
2022,KNA,65.09433746,66.98113251,0.502344728,2
2022,LCA,70.75471497,71.22641754,0.661592185,2
2022,VCT,77.35848999,70.75471497,0.644336641,2
2022,SDN,6.603773594,10.37735844,-1.264525056,12
2022,SUR,39.15094376,48.11320877,-0.127625868,6
2022,SWE,97.64151001,93.86792755,1.690068483,10
2022,CHE,97.16981506,97.64151001,1.751806736,7
2022,SYR,0.943396211,0.943396211,-2.069442272,7
2022,TWN,83.01886749,86.79244995,1.258278489,9
2022,TJK,6.13207531,10.84905624,-1.255800605,8
2022,TZA,43.39622498,38.20754623,-0.443158507,13
2022,THA,35.84905624,54.71697998,0.067307785,11
2022,TLS,46.69811249,20.28301811,-0.88339597,6
2022,TGO,27.35848999,30.6603775,-0.558834016,13
2022,TON,38.20754623,69.3396225,0.594402671,3
2022,TTO,40.56603622,46.69811249,-0.167874694,8
2022,TUN,47.64151001,50.94339752,-0.085312277,13
2022,TUR,34.90565872,36.79245377,-0.458115965,10
2022,TKM,5.660377502,6.13207531,-1.492236853,6
2022,TUV,73.58490753,78.30188751,0.812607884,2
2022,UGA,16.50943375,39.15094376,-0.383247644,13
2022,UKR,29.24528313,18.86792374,-0.918780208,10
2022,ARE,83.49056244,78.77358246,0.836642742,8
2022,GBR,92.92453003,89.15093994,1.415491223,10
2022,USA,82.54717255,88.679245,1.371688485,11
2022,URY,91.98113251,75.94339752,0.76768893,10
2022,UZB,24.52830124,21.69811249,-0.854107201,9
2022,VUT,53.30188751,58.96226501,0.32061547,4
2022,VEN,1.886792421,0.471698105,-2.197214365,12
2022,VNM,45.75471878,47.64151001,-0.158443406,10
2022,VIR,54.71697998,82.07546997,0.956785858,
2022,PSE,25,31.13207626,-0.552935243,5
2022,YEM,1.415094376,1.886792421,-1.849666953,7
2022,ZMB,34.43396378,33.01886749,-0.519154012,12
2022,ZWE,8.490566254,11.320755,-1.236283779,13