year,CountryName,ccode,GDP_PPP,RefugeePop_asylum,RefugeePop_origin,IMF,develassistance,develassistance_aid
1960,Afghanistan,AFG,,,,,120099998.5,120099998.5
1960,Albania,ALB,,,,,,
1960,Algeria,DZA,,,,145.6,3217100098,3217100098
1960,American Samoa,ASM,,,,,,
1960,Andorra,AND,,,,,,
1960,Angola,AGO,,,150000,,-400000.006,-400000.006
1960,Antigua and Barbuda,ATG,,,,62.9,,
1960,Argentina,ARG,,,,,220729995.7,220729995.7
1960,Armenia,ARM,,,,,,
1960,Aruba,ABW,,,,,,
1960,Australia,AUS,,,,20.3,,
1960,Austria,AUT,,39000,,37.3,,
1960,Azerbaijan,AZE,,,,,,
1960,"Bahamas, The",BHS,,,,,-430000.0072,-430000.0072
1960,Bahrain,BHR,,,,133,939999.9976,939999.9976
1960,Bangladesh,BGD,,,,174.8,,
1960,Barbados,BRB,,,,70.1,,
1960,Belarus,BLR,,,,,,
1960,Belgium,BEL,,55000,,29.4,,
1960,Belize,BLZ,,,,,19270000.46,19270000.46
1960,Benin,BEN,,,,183.9,189999.9976,189999.9976
1960,Bermuda,BMU,,,,,,
1960,Bhutan,BTN,,,,,,
1960,Bolivia,BOL,,,,175.2,91519996.64,91519996.64
1960,Bosnia and Herzegovina,BIH,,,,,,
1960,Botswana,BWA,,,,113.6,36490001.68,36490001.68
1960,Brazil,BRA,,,,127.7,268890014.6,268890014.6
1960,British Virgin Islands,VGB,,,,68.9,639999.9857,639999.9857
1960,Brunei Darussalam,BRN,,,,84,70000.0003,70000.0003
1960,Bulgaria,BGR,,,,45.1,,
1960,Burkina Faso,BFA,,,,156.8,1639999.986,1639999.986
1960,Burundi,BDI,,,,,75849998.47,75849998.47
1960,Cabo Verde,CPV,,,,123,,
1960,Cambodia,KHM,,,,,192970001.2,192970001.2
1960,Cameroon,CMR,,,,165.1,3869999.886,3869999.886
1960,Canada,CAN,,48629,,27.8,,
1960,Cayman Islands,CYM,,,,,,
1960,Central African Republic,CAF,,,,,300000.0119,300000.0119
1960,Chad,TCD,,,,,300000.0119,300000.0119
1960,Channel Islands,CHI,,,,,,
1960,Chile,CHL,,,,131,130610000.6,130610000.6
1960,China,CHN,,,,,,
1960,Colombia,COL,,,,94.1,-49090000.15,-49090000.15
1960,Comoros,COM,,,,,,
1960,"Congo, Dem. Rep.",COD,,150000,,,806299987.8,806299987.8
1960,"Congo, Rep.",COG,,,,115.7,219999.9988,219999.9988
1960,Costa Rica,CRI,,,,67.8,29079999.92,29079999.92
1960,Cote d'Ivoire,CIV,,,,213.4,1100000.024,1100000.024
1960,Croatia,HRV,,,,,,
1960,Cuba,CUB,,,,42.8,1950000.048,1950000.048
1960,Curacao,CUW,,,,,,
1960,Cyprus,CYP,,,,,248539993.3,248539993.3
1960,Czechia,CZE,,,,,,
1960,Denmark,DNK,,2300,,21.3,,
1960,Djibouti,DJI,,,,,,
1960,Dominica,DMA,,,,83.9,,
1960,Dominican Republic,DOM,,,,101.8,1450000.048,1450000.048
1960,Ecuador,ECU,,,,118.6,46689998.63,46689998.63
1960,"Egypt, Arab Rep.",EGY,,,,213.1,1568579956,1568579956
1960,El Salvador,SLV,,,,124.9,9630000.114,9630000.114
1960,Equatorial Guinea,GNQ,,,,,,
1960,Eritrea,ERI,,,,,,
1960,Estonia,EST,,,,,,
1960,Eswatini,SWZ,,,,140,90330001.83,90330001.83
1960,Ethiopia,ETH,,,,,141089996.3,141089996.3
1960,Faroe Islands,FRO,,,,,,
1960,Fiji,FJI,,,,58.4,11489999.77,11489999.77
1960,Finland,FIN,,,,21.9,,
1960,France,FRA,,245935,,23.6,,
1960,French Polynesia,PYF,,,,,,
1960,Gabon,GAB,,,,,189999.9976,189999.9976
1960,"Gambia, The",GMB,,,,153,5750000,5750000
1960,Georgia,GEO,,,,,,
1960,Germany,DEU,,197000,,,,
1960,Ghana,GHA,,,,123.6,22010000.23,22010000.23
1960,Gibraltar,GIB,,,,,5000000,5000000
1960,Greece,GRC,,15500,,39.5,,
1960,Greenland,GRL,,,,,,
1960,Grenada,GRD,,,,67.1,,
1960,Guam,GUM,,,,,,
1960,Guatemala,GTM,,,,148.1,114480003.4,114480003.4
1960,Guinea,GIN,,,,209.4,1330000.043,1330000.043
1960,Guinea-Bissau,GNB,,,,,,
1960,Guyana,GUY,,,,66.9,80239997.86,80239997.86
1960,Haiti,HTI,,,,194.1,71250000,71250000
1960,Honduras,HND,,,,139.8,37360000.61,37360000.61
1960,"Hong Kong SAR, China",HKG,,,,,42970001.22,42970001.22
1960,Hungary,HUN,,,,47.9,,
1960,Iceland,ISL,,,,17.3,,
1960,India,IND,,,,161.9,5515080078,5515080078
1960,Indonesia,IDN,,,,149.4,830320007.3,830320007.3
1960,"Iran, Islamic Rep.",IRN,,,,,168690002.4,168690002.4
1960,Iraq,IRQ,,,,128.5,10550000.19,10550000.19
1960,Ireland,IRL,,,,30.4,,
1960,Isle of Man,IMN,,,,,,
1960,Israel,ISR,,,,34.4,791750000,791750000
1960,Italy,ITA,,15500,,44.2,,
1960,Jamaica,JAM,,,,60.7,,
1960,Japan,JPN,,,,30.4,,
1960,Jordan,JOR,,623660,,106.7,657530029.3,657530029.3
1960,Kazakhstan,KAZ,,,,,,
1960,Kenya,KEN,,,,117.5,221479995.7,221479995.7
1960,Kiribati,KIR,,,,133.9,209999.9934,209999.9934
1960,"Korea, Dem. People's Rep.",PRK,,,,,,
1960,"Korea, Rep.",KOR,,,,79.5,1721729980,1721729980
1960,Kosovo,XKX,,,,,,
1960,Kuwait,KWT,,,,98.5,,
1960,Kyrgyz Republic,KGZ,,,,,,
1960,Lao PDR,LAO,,,,,229000000,229000000
1960,Latvia,LVA,,,,,,
1960,Lebanon,LBN,,137884,,56.3,97110000.61,97110000.61
1960,Lesotho,LSO,,,,139.1,16469999.31,16469999.31
1960,Liberia,LBR,,,,209.6,66970001.22,66970001.22
1960,Libya,LBY,,,,162.4,328630004.9,328630004.9
1960,Liechtenstein,LIE,,,,,,
1960,Lithuania,LTU,,,,,,
1960,Luxembourg,LUX,,1900,,32,,
1960,"Macao SAR, China",MAC,,,,,16409999.85,16409999.85
1960,Madagascar,MDG,,,,,28780000.69,28780000.69
1960,Malawi,MWI,,,,,44259998.32,44259998.32
1960,Malaysia,MYS,,,,68.3,136479995.7,136479995.7
1960,Maldives,MDV,,,,,289999.9917,289999.9917
1960,Mali,MLI,,,,,670000.0167,670000.0167
1960,Malta,MLT,,,,36.1,131149993.9,131149993.9
1960,Marshall Islands,MHL,,,,85.5,,
1960,Mauritania,MRT,,,,130.4,349999.994,349999.994
1960,Mauritius,MUS,,,,71.5,5409999.847,5409999.847
1960,Mexico,MEX,,,,106.7,56319999.69,56319999.69
1960,"Micronesia, Fed. Sts.",FSM,,,,88.3,,
1960,Moldova,MDA,,,,,,
1960,Monaco,MCO,,,,,,
1960,Mongolia,MNG,,,,,,
1960,Montenegro,MNE,,,,,,
1960,Morocco,MAR,,2700,,146,408470001.2,408470001.2
1960,Mozambique,MOZ,,,,,159999.9964,159999.9964
1960,Myanmar,MMR,,,,,389100006.1,389100006.1
1960,Namibia,NAM,,,,,,
1960,Nauru,NRU,,,,,,
1960,Nepal,NPL,,,,217.9,60169998.17,60169998.17
1960,Netherlands,NLD,,12000,,16.5,,
1960,New Caledonia,NCL,,,,,,
1960,New Zealand,NZL,,,,22.5,,
1960,Nicaragua,NIC,,,,132.8,57299999.24,57299999.24
1960,Niger,NER,,,,,409999.9964,409999.9964
1960,Nigeria,NGA,,,,,334290008.5,334290008.5
1960,North Macedonia,MKD,,,,,,
1960,Northern Mariana Islands,MNP,,,,,34180000.31,34180000.31
1960,Norway,NOR,,3000,,18.4,,
1960,Oman,OMN,,,,,2660000.086,2660000.086
1960,Pakistan,PAK,,,,184.9,1745839966,1745839966
1960,Palau,PLW,,,,,,
1960,Panama,PAN,,,,66.9,91169998.17,91169998.17
1960,Papua New Guinea,PNG,,,,133,79999.99821,79999.99821
1960,Paraguay,PRY,,,,60.7,89540000.92,89540000.92
1960,Peru,PER,,,,136.2,-68540000.92,-68540000.92
1960,Philippines,PHL,,,,65.7,539960022,539960022
1960,Poland,POL,,,,58,,
1960,Portugal,PRT,,,,84.6,,
1960,Puerto Rico,PRI,,,,,,
1960,Qatar,QAT,,,,,,
1960,Romania,ROU,,,,73.1,,
1960,Russian Federation,RUS,,,,,,
1960,Rwanda,RWA,,,,130.4,75849998.47,75849998.47
1960,Samoa,WSM,,,,76.5,,
1960,San Marino,SMR,,,,,,
1960,Sao Tome and Principe,STP,,,,,889999.9857,889999.9857
1960,Saudi Arabia,SAU,,,,,54810001.37,54810001.37
1960,Senegal,SEN,,,,128.2,1070000.052,1070000.052
1960,Serbia,SRB,,,,,,
1960,Seychelles,SYC,,,,74.9,11649999.62,11649999.62
1960,Sierra Leone,SLE,,,,220.4,70680000.31,70680000.31
1960,Singapore,SGP,,,,35.5,-2829999.924,-2829999.924
1960,Sint Maarten (Dutch part),SXM,,,,,,
1960,Slovak Republic,SVK,,,,,,
1960,Slovenia,SVN,,,,,,
1960,Solomon Islands,SLB,,,,116.3,19549999.24,19549999.24
1960,Somalia,SOM,,,,,236899993.9,236899993.9
1960,South Africa,ZAF,,,,,,
1960,South Sudan,SSD,,,,,,
1960,Spain,ESP,,,,46.8,,
1960,Sri Lanka,LKA,,,,68.1,77750000,77750000
1960,St. Kitts and Nevis,KNA,,,,,,
1960,St. Lucia,LCA,,,,110.8,,
1960,St. Martin (French part),MAF,,,,,,
1960,St. Vincent and the Grenadines,VCT,,,,115.1,,
1960,Sudan,SDN,,,,106.9,221779998.8,221779998.8
1960,Suriname,SUR,,,,,126790000.9,126790000.9
1960,Sweden,SWE,,26000,,16.3,,
1960,Switzerland,CHE,,20000,,21.7,,
1960,Syrian Arab Republic,SYR,,116778,,115.5,130979995.7,130979995.7
1960,Tajikistan,TJK,,,,,,
1960,Tanzania,TZA,,,,142.9,108330001.8,108330001.8
1960,Thailand,THA,,,,101.4,301940002.4,301940002.4
1960,Timor-Leste,TLS,,,,,,
1960,Togo,TGO,,,,154.6,939999.9976,939999.9976
1960,Tonga,TON,,,,,79999.99821,79999.99821
1960,Trinidad and Tobago,TTO,,,,56,,
1960,Tunisia,TUN,,1000,,,355339996.3,355339996.3
1960,Turkiye,TUR,,2200,,171.5,964429992.7,964429992.7
1960,Turkmenistan,TKM,,,,,,
1960,Turks and Caicos Islands,TCA,,,,101.7,,
1960,Tuvalu,TUV,,,,115.7,,
1960,Uganda,UGA,,,,131.6,217520004.3,217520004.3
1960,Ukraine,UKR,,,,,,
1960,United Arab Emirates,ARE,,,,135.5,4360000.134,4360000.134
1960,United Kingdom,GBR,,167000,,22.9,,
1960,United States,USA,,500000,,25.9,,
1960,Uruguay,URY,,,,56.6,129949996.9,129949996.9
1960,Uzbekistan,UZB,,,,,,
1960,Vanuatu,VUT,,,,104.5,1600000.024,1600000.024
1960,"Venezuela, RB",VEN,,,,58.9,-4719999.79,-4719999.79
1960,Viet Nam,VNM,,,,,1329489990,1329489990
1960,Virgin Islands (U.S.),VIR,,,,,,
1960,West Bank and Gaza,PSE,,258165,,,,
1960,"Yemen, Rep.",YEM,,,,,136889999.4,136889999.4
1960,Zambia,ZMB,,,,121.5,9789999.962,9789999.962
1960,Zimbabwe,ZWE,,,,92.8,,
1960,Africa Eastern and Southern,AFE,,,,,,
1960,Africa Western and Central,AFW,,,,,,
1960,Arab World,ARB,,,,,,
1960,Caribbean small states,CSS,,,,,,
1960,Central Europe and the Baltics,CEB,,,,,,
1960,Early-demographic dividend,EAR,,,,,,
1960,East Asia & Pacific,EAS,,,,,6793360034,6793360034
1960,East Asia & Pacific (excluding high income),EAP,,,,,4281240025,4281240025
1960,East Asia & Pacific (IDA & IBRD countries),TEA,,,,,,
1960,Euro area,EMU,,,,,,
1960,Europe & Central Asia,ECS,,,,,1746070006,1746070006
1960,Europe & Central Asia (excluding high income),ECA,,,,,1495450012,1495450012
1960,Europe & Central Asia (IDA & IBRD countries),TEC,,,,,,
1960,European Union,EUU,,,,,,
1960,Fragile and conflict affected situations,FCS,,,,,,
1960,Heavily indebted poor countries (HIPC),HPC,,,,,,
1960,High income,HIC,,,,,4114919993,4114919993
1960,IBRD only,IBD,,,,,,
1960,IDA & IBRD total,IBT,,,,,,
1960,IDA blend,IDB,,,,,,
1960,IDA only,IDX,,,,,,
1960,IDA total,IDA,,,,,,
1960,Late-demographic dividend,LTE,,,,,,
1960,Latin America & Caribbean,LCN,,,,,1958640005,1958640005
1960,Latin America & Caribbean (excluding high income),LAC,,,,,1482500011,1482500011
1960,Latin America & the Caribbean (IDA & IBRD countries),TLA,,,,,,
1960,Least developed countries: UN classification,LDC,,,,,,
1960,Low & middle income,LMY,,,,,29982679688,29982679688
1960,Low income,LIC,,,,,2395239972,2395239972
1960,Lower middle income,LMC,,,,,17813670127,17813670127
1960,Middle East & North Africa,MEA,,,,,8364610094,8364610094
1960,Middle East & North Africa (excluding high income),MNA,,,,,7378940099,7378940099
1960,Middle East & North Africa (IDA & IBRD countries),TMN,,,,,,
1960,Middle income,MIC,,,,,22949589844,22949589844
1960,North America,NAC,,,,,,
1960,Not classified,INX,,,,,,
1960,OECD members,OED,,,,,,
1960,Other small states,OSS,,,,,,
1960,Pacific island small states,PSS,,,,,,
1960,Post-demographic dividend,PST,,,,,,
1960,Pre-demographic dividend,PRE,,,,,,
1960,Small states,SST,,,,,,
1960,South Asia,SAS,,,,,7519230041,7519230041
1960,South Asia (IDA & IBRD),TSA,,,,,,
1960,Sub-Saharan Africa,SSF,,,,,5651549909,5651549909
1960,Sub-Saharan Africa (excluding high income),SSA,,,,,5639899909,5639899909
1960,Sub-Saharan Africa (IDA & IBRD countries),TSS,,,,,,
1960,Upper middle income,UMC,,,,,3391310038,3391310038
1960,World,WLD,,,,,33972832031,33972832031
1961,Afghanistan,AFG,,,,,238550003.1,238550003.1
1961,Albania,ALB,,,,,,
1961,Algeria,DZA,,,,145.7,3846669922,3846669922
1961,American Samoa,ASM,,,,,,
1961,Andorra,AND,,,,,,
1961,Angola,AGO,,,150000,,283290008.5,283290008.5
1961,Antigua and Barbuda,ATG,,,,58.8,,
1961,Argentina,ARG,,,,,369000000,369000000
1961,Armenia,ARM,,,,,,
1961,Aruba,ABW,,,,,,
1961,Australia,AUS,,,,19.9,,
1961,Austria,AUT,,34000,,34.9,,
1961,Azerbaijan,AZE,,,,,,
1961,"Bahamas, The",BHS,,,,,,
1961,Bahrain,BHR,,,,122.6,9659999.847,9659999.847
1961,Bangladesh,BGD,,,,170.7,,
1961,Barbados,BRB,,,,65.2,,
1961,Belarus,BLR,,,,,,
1961,Belgium,BEL,,53000,,28.1,,
1961,Belize,BLZ,,,,,28610000.61,28610000.61
1961,Benin,BEN,,,,180.9,11369999.89,11369999.89
1961,Bermuda,BMU,,,,,,
1961,Bhutan,BTN,,,,,,
1961,Bolivia,BOL,,,,172,158470001.2,158470001.2
1961,Bosnia and Herzegovina,BIH,,,,,,
1961,Botswana,BWA,,,,110.3,56040000.92,56040000.92
1961,Brazil,BRA,,,,124.6,2011520020,2011520020
1961,British Virgin Islands,VGB,,,,65.6,3299999.952,3299999.952
1961,Brunei Darussalam,BRN,,,,75.9,3769999.981,3769999.981
1961,Bulgaria,BGR,,,,40.1,,
1961,Burkina Faso,BFA,,,,155.3,13750000,13750000
1961,Burundi,BDI,,30000,,,71860000.61,71860000.61
1961,Cabo Verde,CPV,,,,121.7,32759998.32,32759998.32
1961,Cambodia,KHM,,,,,173619995.1,173619995.1
1961,Cameroon,CMR,,,,161.4,68839996.34,68839996.34
1961,Canada,CAN,,44492,,26.9,,
1961,Cayman Islands,CYM,,,,,,
1961,Central African Republic,CAF,,,,160.6,4130000.114,4130000.114
1961,Chad,TCD,,,,,34040000.92,34040000.92
1961,Channel Islands,CHI,,,,,,
1961,Chile,CHL,,,,123.9,843130004.9,843130004.9
1961,China,CHN,,,,,,
1961,Colombia,COL,,,,91.3,353690002.4,353690002.4
1961,Comoros,COM,,,,,,
1961,"Congo, Dem. Rep.",COD,,203000,,,834690002.4,834690002.4
1961,"Congo, Rep.",COG,,,,111.6,1789999.962,1789999.962
1961,Costa Rica,CRI,,,,63.1,48049999.24,48049999.24
1961,Cote d'Ivoire,CIV,,,,207.9,31049999.24,31049999.24
1961,Croatia,HRV,,,,,,
1961,Cuba,CUB,,,,41.3,1490000.01,1490000.01
1961,Curacao,CUW,,,,,,
1961,Cyprus,CYP,,,,,186440002.4,186440002.4
1961,Czechia,CZE,,,,,,
1961,Denmark,DNK,,2200,,20.8,,
1961,Djibouti,DJI,,,,,,
1961,Dominica,DMA,,,,77.2,,
1961,Dominican Republic,DOM,,,,101.1,1179999.948,1179999.948
1961,Ecuador,ECU,,,,115.4,80449996.95,80449996.95
1961,"Egypt, Arab Rep.",EGY,,,,206.1,802210022,802210022
1961,El Salvador,SLV,,,,122.4,57450000.76,57450000.76
1961,Equatorial Guinea,GNQ,,,,,,
1961,Eritrea,ERI,,,,,,
1961,Estonia,EST,,,,,,
1961,Eswatini,SWZ,,,,137.9,117489997.9,117489997.9
1961,Ethiopia,ETH,,,,,172570007.3,172570007.3
1961,Faroe Islands,FRO,,,,,,
1961,Fiji,FJI,,,,56.1,10300000.19,10300000.19
1961,Finland,FIN,,,,20.6,,
1961,France,FRA,,253375,,22.4,,
1961,French Polynesia,PYF,,,,,,
1961,Gabon,GAB,,,,,5659999.847,5659999.847
1961,"Gambia, The",GMB,,,,150.3,14689999.58,14689999.58
1961,Georgia,GEO,,,,,,
1961,Germany,DEU,,190000,,,,
1961,Ghana,GHA,,,5000,122.4,21790000.92,21790000.92
1961,Gibraltar,GIB,,,,,8939999.58,8939999.58
1961,Greece,GRC,,15200,,38.8,,
1961,Greenland,GRL,,,,,,
1961,Grenada,GRD,,,,62.2,,
1961,Guam,GUM,,,,,,
1961,Guatemala,GTM,,,,144.7,105139999.4,105139999.4
1961,Guinea,GIN,,,,207.9,18219999.31,18219999.31
1961,Guinea-Bissau,GNB,,,,,9760000.229,9760000.229
1961,Guyana,GUY,,,,64.5,92029998.78,92029998.78
1961,Haiti,HTI,,,,191,96339996.34,96339996.34
1961,Honduras,HND,,,,135.4,50020000.46,50020000.46
1961,"Hong Kong SAR, China",HKG,,,,,34529998.78,34529998.78
1961,Hungary,HUN,,,,45.4,,
1961,Iceland,ISL,,,,17,,
1961,India,IND,,,,159.6,4627709961,4627709961
1961,Indonesia,IDN,,,,145.5,1130520020,1130520020
1961,"Iran, Islamic Rep.",IRN,,,,,881070007.3,881070007.3
1961,Iraq,IRQ,,,,121.8,5340000.153,5340000.153
1961,Ireland,IRL,,,,29.2,,
1961,Isle of Man,IMN,,,,,,
1961,Israel,ISR,,,,32.7,770590026.9,770590026.9
1961,Italy,ITA,,14500,,42.6,,
1961,Jamaica,JAM,,,,58.5,103650001.5,103650001.5
1961,Japan,JPN,,,,27.9,,
1961,Jordan,JOR,,633197,,101.2,676059997.6,676059997.6
1961,Kazakhstan,KAZ,,,,,,
1961,Kenya,KEN,,,,113.2,627530029.3,627530029.3
1961,Kiribati,KIR,,,,130.8,2670000.076,2670000.076
1961,"Korea, Dem. People's Rep.",PRK,,,,,,
1961,"Korea, Rep.",KOR,,,,76.1,1556680054,1556680054
1961,Kosovo,XKX,,,,,,
1961,Kuwait,KWT,,,,92.5,-1259999.99,-1259999.99
1961,Kyrgyz Republic,KGZ,,,,,,
1961,Lao PDR,LAO,,,,,350609985.4,350609985.4
1961,Latvia,LVA,,,,,,
1961,Lebanon,LBN,,142670,,54.7,91959999.08,91959999.08
1961,Lesotho,LSO,,,,138.7,42419998.17,42419998.17
1961,Liberia,LBR,,,,210.1,182419998.2,182419998.2
1961,Libya,LBY,,,,154.2,298549987.8,298549987.8
1961,Liechtenstein,LIE,,,,,,
1961,Lithuania,LTU,,,,,,
1961,Luxembourg,LUX,,1900,,30.3,,
1961,"Macao SAR, China",MAC,,,,,14449999.81,14449999.81
1961,Madagascar,MDG,,,,,14930000.31,14930000.31
1961,Malawi,MWI,,,,,84540000.92,84540000.92
1961,Malaysia,MYS,,,,64.3,184330001.8,184330001.8
1961,Maldives,MDV,,,,,2619999.886,2619999.886
1961,Mali,MLI,,,,,17790000.92,17790000.92
1961,Malta,MLT,,,,34.2,100360000.6,100360000.6
1961,Marshall Islands,MHL,,,,81.8,,
1961,Mauritania,MRT,,,,127.5,10420000.08,10420000.08
1961,Mauritius,MUS,,,,67.9,56139999.39,56139999.39
1961,Mexico,MEX,,,,102.8,572979980.5,572979980.5
1961,"Micronesia, Fed. Sts.",FSM,,,,84.9,,
1961,Moldova,MDA,,,,,,
1961,Monaco,MCO,,,,,,
1961,Mongolia,MNG,,,,,,
1961,Montenegro,MNE,,,,,,
1961,Morocco,MAR,,2900,,143.8,779429992.7,779429992.7
1961,Mozambique,MOZ,,,,,43240001.68,43240001.68
1961,Myanmar,MMR,,,,,225309997.6,225309997.6
1961,Namibia,NAM,,,,,,
1961,Nauru,NRU,,,,,,
1961,Nepal,NPL,,,,215.2,74470001.22,74470001.22
1961,Netherlands,NLD,,10000,,16,,
1961,New Caledonia,NCL,,,,,,
1961,New Zealand,NZL,,,,21.7,,
1961,Nicaragua,NIC,,,,131.6,63860000.61,63860000.61
1961,Niger,NER,,,,,18670000.08,18670000.08
1961,Nigeria,NGA,,,,,294779998.8,294779998.8
1961,North Macedonia,MKD,,,,,,
1961,Northern Mariana Islands,MNP,,,,,40659999.85,40659999.85
1961,Norway,NOR,,3000,,17.9,,
1961,Oman,OMN,,,,,3390000.105,3390000.105
1961,Pakistan,PAK,,,,178.7,1757619995,1757619995
1961,Palau,PLW,,,,,,
1961,Panama,PAN,,,,65.1,68639999.39,68639999.39
1961,Papua New Guinea,PNG,,,,129.2,79999.99821,79999.99821
1961,Paraguay,PRY,,,,60.2,73010002.14,73010002.14
1961,Peru,PER,,,,133.1,-113040000.9,-113040000.9
1961,Philippines,PHL,,,,64,179970001.2,179970001.2
1961,Poland,POL,,,,53.5,,
1961,Portugal,PRT,,,,82.4,,
1961,Puerto Rico,PRI,,,,,,
1961,Qatar,QAT,,,,,,
1961,Romania,ROU,,,,67.3,,
1961,Russian Federation,RUS,,,,,,
1961,Rwanda,RWA,,,147000,127.8,71779998.78,71779998.78
1961,Samoa,WSM,,,,73.8,239999.9946,239999.9946
1961,San Marino,SMR,,,,,,
1961,Sao Tome and Principe,STP,,,,,12159999.85,12159999.85
1961,Saudi Arabia,SAU,,,,,-2589999.914,-2589999.914
1961,Senegal,SEN,,,,128.2,2079999.924,2079999.924
1961,Serbia,SRB,,,,,,
1961,Seychelles,SYC,,,,74,10250000,10250000
1961,Sierra Leone,SLE,,,,217.3,149750000,149750000
1961,Singapore,SGP,,,,32.8,-529999.9714,-529999.9714
1961,Sint Maarten (Dutch part),SXM,,,,,,
1961,Slovak Republic,SVK,,,,,,
1961,Slovenia,SVN,,,,,,
1961,Solomon Islands,SLB,,,,111.7,20500000,20500000
1961,Somalia,SOM,,,,,251690002.4,251690002.4
1961,South Africa,ZAF,,,,,,
1961,South Sudan,SSD,,,,,,
1961,Spain,ESP,,2000,,44.9,,
1961,Sri Lanka,LKA,,,,65.4,76709999.08,76709999.08
1961,St. Kitts and Nevis,KNA,,,,,,
1961,St. Lucia,LCA,,,,106.3,,
1961,St. Martin (French part),MAF,,,,,,
1961,St. Vincent and the Grenadines,VCT,,,,108.9,,
1961,Sudan,SDN,,,,105.3,85430000.31,85430000.31
1961,Suriname,SUR,,,,,139679992.7,139679992.7
1961,Sweden,SWE,,26000,,16,,
1961,Switzerland,CHE,,20000,,21.2,,
1961,Syrian Arab Republic,SYR,,120577,,110.4,115150001.5,115150001.5
1961,Tajikistan,TJK,,,,,,
1961,Tanzania,TZA,,12000,,141.9,383910003.7,383910003.7
1961,Thailand,THA,,,,98.2,202440002.4,202440002.4
1961,Timor-Leste,TLS,,,,,19750000,19750000
1961,Togo,TGO,,5000,,153,21649999.62,21649999.62
1961,Tonga,TON,,,,,159999.9964,159999.9964
1961,Trinidad and Tobago,TTO,,,,54.3,819999.9928,819999.9928
1961,Tunisia,TUN,,1000,,,667369995.1,667369995.1
1961,Turkiye,TUR,,2300,,166.2,1310819946,1310819946
1961,Turkmenistan,TKM,,,,,,
1961,Turks and Caicos Islands,TCA,,,,95.2,,
1961,Tuvalu,TUV,,,,111,,
1961,Uganda,UGA,,52000,,129.4,217149993.9,217149993.9
1961,Ukraine,UKR,,,,,,
1961,United Arab Emirates,ARE,,,,128.9,5550000.191,5550000.191
1961,United Kingdom,GBR,,164000,,22.5,,
1961,United States,USA,,500000,,25.4,,
1961,Uruguay,URY,,,,55.4,15489999.77,15489999.77
1961,Uzbekistan,UZB,,,,,,
1961,Vanuatu,VUT,,,,101.9,2880000.114,2880000.114
1961,"Venezuela, RB",VEN,,,,57.3,-28979999.54,-28979999.54
1961,Viet Nam,VNM,,,,,1220000000,1220000000
1961,Virgin Islands (U.S.),VIR,,,,,,
1961,West Bank and Gaza,PSE,,265430,,,,
1961,"Yemen, Rep.",YEM,,,,,131279998.8,131279998.8
1961,Zambia,ZMB,,,,119.4,9350000.381,9350000.381
1961,Zimbabwe,ZWE,,,,90.6,100000.0015,100000.0015
1961,Africa Eastern and Southern,AFE,,,,,,
1961,Africa Western and Central,AFW,,,,,,
1961,Arab World,ARB,,,,,,
1961,Caribbean small states,CSS,,,,,,
1961,Central Europe and the Baltics,CEB,,,,,,
1961,Early-demographic dividend,EAR,,,,,,
1961,East Asia & Pacific,EAS,,,,,6417450081,6417450081
1961,East Asia & Pacific (excluding high income),EAP,,,,,4005609999,4005609999
1961,East Asia & Pacific (IDA & IBRD countries),TEA,,,,,,
1961,Euro area,EMU,,,,,,
1961,Europe & Central Asia,ECS,,,,,2921189954,2921189954
1961,Europe & Central Asia (excluding high income),ECA,,,,,2724199951,2724199951
1961,Europe & Central Asia (IDA & IBRD countries),TEC,,,,,,
1961,European Union,EUU,,,,,,
1961,Fragile and conflict affected situations,FCS,,,,,,
1961,Heavily indebted poor countries (HIPC),HPC,,,,,,
1961,High income,HIC,,,,,4434550115,4434550115
1961,IBRD only,IBD,,,,,,
1961,IDA & IBRD total,IBT,,,,,,
1961,IDA blend,IDB,,,,,,
1961,IDA only,IDX,,,,,,
1961,IDA total,IDA,,,,,,
1961,Late-demographic dividend,LTE,,,,,,
1961,Latin America & Caribbean,LCN,,,,,5628499992,5628499992
1961,Latin America & Caribbean (excluding high income),LAC,,,,,4429039987,4429039987
1961,Latin America & the Caribbean (IDA & IBRD countries),TLA,,,,,,
1961,Least developed countries: UN classification,LDC,,,,,,
1961,Low & middle income,LMY,,,,,36755269531,36755269531
1961,Low income,LIC,,,,,2827080011,2827080011
1961,Lower middle income,LMC,,,,,19299289924,19299289924
1961,Middle East & North Africa,MEA,,,,,9218559952,9218559952
1961,Middle East & North Africa (excluding high income),MNA,,,,,8332859924,8332859924
1961,Middle East & North Africa (IDA & IBRD countries),TMN,,,,,,
1961,Middle income,MIC,,,,,28642689453,28642689453
1961,North America,NAC,,,,,,
1961,Not classified,INX,,,,,,
1961,OECD members,OED,,,,,,
1961,Other small states,OSS,,,,,,
1961,Pacific island small states,PSS,,,,,,
1961,Post-demographic dividend,PST,,,,,,
1961,Pre-demographic dividend,PRE,,,,,,
1961,Small states,SST,,,,,,
1961,South Asia,SAS,,,,,6777679959,6777679959
1961,South Asia (IDA & IBRD),TSA,,,,,,
1961,Sub-Saharan Africa,SSF,,,,,7416090107,7416090107
1961,Sub-Saharan Africa (excluding high income),SSA,,,,,7405840107,7405840107
1961,Sub-Saharan Africa (IDA & IBRD countries),TSS,,,,,,
1961,Upper middle income,UMC,,,,,6675899929,6675899929
1961,World,WLD,,,,,40889968750,40889968750
1962,Afghanistan,AFG,,,,,115879997.3,115879997.3
1962,Albania,ALB,,,,,,
1962,Algeria,DZA,,,,145.9,3254949951,3254949951
1962,American Samoa,ASM,,,,,,
1962,Andorra,AND,,,,,,
1962,Angola,AGO,,,170000,,,
1962,Antigua and Barbuda,ATG,,,,54.3,,
1962,Argentina,ARG,,,,,352089996.3,352089996.3
1962,Armenia,ARM,,,,,,
1962,Aruba,ABW,,,,,,
1962,Australia,AUS,,,,19.5,,
1962,Austria,AUT,,30000,,32.9,,
1962,Azerbaijan,AZE,,,,,,
1962,"Bahamas, The",BHS,,,,,,
1962,Bahrain,BHR,,,,113.2,13359999.66,13359999.66
1962,Bangladesh,BGD,,,,166.9,,
1962,Barbados,BRB,,,,61.1,,
1962,Belarus,BLR,,,,,,
1962,Belgium,BEL,,51000,,27,,
1962,Belize,BLZ,,,,,50950000.76,50950000.76
1962,Benin,BEN,,,,177.8,29920000.08,29920000.08
1962,Bermuda,BMU,,,,,,
1962,Bhutan,BTN,,,,,,
1962,Bolivia,BOL,,,,168.8,221070007.3,221070007.3
1962,Bosnia and Herzegovina,BIH,,,,,,
1962,Botswana,BWA,,,,107.4,51799999.24,51799999.24
1962,Brazil,BRA,,,,121.6,1245780029,1245780029
1962,British Virgin Islands,VGB,,,,62.1,2950000.048,2950000.048
1962,Brunei Darussalam,BRN,,,,68,5530000.21,5530000.21
1962,Bulgaria,BGR,,,,36.3,,
1962,Burkina Faso,BFA,,,,153.7,40200000.76,40200000.76
1962,Burundi,BDI,,30000,,,103269996.6,103269996.6
1962,Cabo Verde,CPV,,,,120.3,,
1962,Cambodia,KHM,,,,,154740005.5,154740005.5
1962,Cameroon,CMR,,,,158.4,84529998.78,84529998.78
1962,Canada,CAN,,12282,,26,,
1962,Cayman Islands,CYM,,,,,,
1962,Central African Republic,CAF,,,,158.2,10729999.54,10729999.54
1962,Chad,TCD,,,,,54840000.15,54840000.15
1962,Channel Islands,CHI,,,,,,
1962,Chile,CHL,,,,118.5,954270019.5,954270019.5
1962,China,CHN,,,,,,
1962,Colombia,COL,,,,88.6,335920013.4,335920013.4
1962,Comoros,COM,,,,,,
1962,"Congo, Dem. Rep.",COD,,223000,,,961539978,961539978
1962,"Congo, Rep.",COG,,,,107.9,30360000.61,30360000.61
1962,Costa Rica,CRI,,,,65.2,61650001.53,61650001.53
1962,Cote d'Ivoire,CIV,,,,202.4,82099998.47,82099998.47
1962,Croatia,HRV,,,,,,
1962,Cuba,CUB,,,,39.8,300000.0119,300000.0119
1962,Curacao,CUW,,,,,,
1962,Cyprus,CYP,,,,,132610000.6,132610000.6
1962,Czechia,CZE,,,,,,
1962,Denmark,DNK,,2200,,20.2,,
1962,Djibouti,DJI,,,,,,
1962,Dominica,DMA,,,,71.1,,
1962,Dominican Republic,DOM,,,,100.1,147679992.7,147679992.7
1962,Ecuador,ECU,,,,112.5,91010002.14,91010002.14
1962,"Egypt, Arab Rep.",EGY,,,,199.1,1262439941,1262439941
1962,El Salvador,SLV,,,,120.1,44220001.22,44220001.22
1962,Equatorial Guinea,GNQ,,,,,,
1962,Eritrea,ERI,,,,,,
1962,Estonia,EST,,,,,,
1962,Eswatini,SWZ,,,,135.7,63080001.83,63080001.83
1962,Ethiopia,ETH,,,,,188110000.6,188110000.6
1962,Faroe Islands,FRO,,,,,,
1962,Fiji,FJI,,,,54,107029998.8,107029998.8
1962,Finland,FIN,,,,19.5,,
1962,France,FRA,,259740,,21.4,,
1962,French Polynesia,PYF,,,,,,
1962,Gabon,GAB,,,,,25450000.76,25450000.76
1962,"Gambia, The",GMB,,,,147.5,25040000.92,25040000.92
1962,Georgia,GEO,,,,,,
1962,Germany,DEU,,185000,,,,
1962,Ghana,GHA,,,5000,121.5,41400001.53,41400001.53
1962,Gibraltar,GIB,,,,,4250000,4250000
1962,Greece,GRC,,15700,,37.8,,
1962,Greenland,GRL,,,,,,
1962,Grenada,GRD,,,,57.4,,
1962,Guam,GUM,,,,,,
1962,Guatemala,GTM,,,,141.4,67550003.05,67550003.05
1962,Guinea,GIN,,,,206.4,69709999.08,69709999.08
1962,Guinea-Bissau,GNB,,,,,,
1962,Guyana,GUY,,,,62.4,77839996.34,77839996.34
1962,Haiti,HTI,,,,187.9,37189998.63,37189998.63
1962,Honduras,HND,,,,131.2,40970001.22,40970001.22
1962,"Hong Kong SAR, China",HKG,,,,,12210000.04,12210000.04
1962,Hungary,HUN,,,,43.7,,
1962,Iceland,ISL,,,,16.7,,
1962,India,IND,,,,157.5,4789390137,4789390137
1962,Indonesia,IDN,,,,141.8,1419829956,1419829956
1962,"Iran, Islamic Rep.",IRN,,2000,,,382190002.4,382190002.4
1962,Iraq,IRQ,,,,115.7,15579999.92,15579999.92
1962,Ireland,IRL,,,,28.1,,
1962,Isle of Man,IMN,,,,,,
1962,Israel,ISR,,,,31,730429992.7,730429992.7
1962,Italy,ITA,,14300,,40.9,,
1962,Jamaica,JAM,,,,56.4,117980003.4,117980003.4
1962,Japan,JPN,,,,25.5,,
1962,Jordan,JOR,,644940,,96,590140014.6,590140014.6
1962,Kazakhstan,KAZ,,,,,,
1962,Kenya,KEN,,,,109.4,467649993.9,467649993.9
1962,Kiribati,KIR,,,,127.4,3170000.076,3170000.076
1962,"Korea, Dem. People's Rep.",PRK,,,,,,
1962,"Korea, Rep.",KOR,,,,73.1,1582770020,1582770020
1962,Kosovo,XKX,,,,,,
1962,Kuwait,KWT,,,,86.7,-18780000.69,-18780000.69
1962,Kyrgyz Republic,KGZ,,,,,,
1962,Lao PDR,LAO,,,,,212809997.6,212809997.6
1962,Latvia,LVA,,,,,,
1962,Lebanon,LBN,,146969,,53.2,66050003.05,66050003.05
1962,Lesotho,LSO,,,,138.9,58130001.07,58130001.07
1962,Liberia,LBR,,,,209.9,545429992.7,545429992.7
1962,Libya,LBY,,,,146.4,252880004.9,252880004.9
1962,Liechtenstein,LIE,,,,,,
1962,Lithuania,LTU,,,,,,
1962,Luxembourg,LUX,,1900,,28.7,,
1962,"Macao SAR, China",MAC,,,,,,
1962,Madagascar,MDG,,,,,45610000.61,45610000.61
1962,Malawi,MWI,,,,,114809997.6,114809997.6
1962,Malaysia,MYS,,,,60.7,176860000.6,176860000.6
1962,Maldives,MDV,,,,,4679999.828,4679999.828
1962,Mali,MLI,,,,,85300003.05,85300003.05
1962,Malta,MLT,,,,32.9,87160003.66,87160003.66
1962,Marshall Islands,MHL,,,,78.3,,
1962,Mauritania,MRT,,,,124.6,22030000.69,22030000.69
1962,Mauritius,MUS,,,,63.2,41979999.54,41979999.54
1962,Mexico,MEX,,,,99.2,264130004.9,264130004.9
1962,"Micronesia, Fed. Sts.",FSM,,,,81.7,,
1962,Moldova,MDA,,,,,,
1962,Monaco,MCO,,,,,,
1962,Mongolia,MNG,,,,,,
1962,Montenegro,MNE,,,,,,
1962,Morocco,MAR,,2900,,141.5,584609985.4,584609985.4
1962,Mozambique,MOZ,,,,,680000.0072,680000.0072
1962,Myanmar,MMR,,,,,321799987.8,321799987.8
1962,Namibia,NAM,,,,,,
1962,Nauru,NRU,,,,,,
1962,Nepal,NPL,,,,211.9,62139999.39,62139999.39
1962,Netherlands,NLD,,10000,,15.6,,
1962,New Caledonia,NCL,,,,,,
1962,New Zealand,NZL,,,,20.9,,
1962,Nicaragua,NIC,,,,130.4,50240001.68,50240001.68
1962,Niger,NER,,,,,39540000.92,39540000.92
1962,Nigeria,NGA,,,,,263279998.8,263279998.8
1962,North Macedonia,MKD,,,,,,
1962,Northern Mariana Islands,MNP,,,,,53610000.61,53610000.61
1962,Norway,NOR,,3000,,17.5,,
1962,Oman,OMN,,,,,4349999.905,4349999.905
1962,Pakistan,PAK,,,,172.9,2616899902,2616899902
1962,Palau,PLW,,,,,,
1962,Panama,PAN,,,,63.4,78010002.14,78010002.14
1962,Papua New Guinea,PNG,,,,125.5,,
1962,Paraguay,PRY,,,,59.9,19579999.92,19579999.92
1962,Peru,PER,,,,129.8,48069999.69,48069999.69
1962,Philippines,PHL,,,,62.5,241270004.3,241270004.3
1962,Poland,POL,,,,49.8,,
1962,Portugal,PRT,,,,79,,
1962,Puerto Rico,PRI,,,,,,
1962,Qatar,QAT,,,,,,
1962,Romania,ROU,,,,59.7,,
1962,Russian Federation,RUS,,,,,,
1962,Rwanda,RWA,,,147000,125.9,103190002.4,103190002.4
1962,Samoa,WSM,,,,71.3,680000.0072,680000.0072
1962,San Marino,SMR,,,,,,
1962,Sao Tome and Principe,STP,,,,,,
1962,Saudi Arabia,SAU,,,,,-68629997.25,-68629997.25
1962,Senegal,SEN,,,,128.4,110660003.7,110660003.7
1962,Serbia,SRB,,,,,,
1962,Seychelles,SYC,,,,73,4829999.924,4829999.924
1962,Sierra Leone,SLE,,,,214.3,68940002.44,68940002.44
1962,Singapore,SGP,,,,30.7,9250000,9250000
1962,Sint Maarten (Dutch part),SXM,,,,,,
1962,Slovak Republic,SVK,,,,,,
1962,Slovenia,SVN,,,,,,
1962,Solomon Islands,SLB,,,,107,22670000.08,22670000.08
1962,Somalia,SOM,,,,,221339996.3,221339996.3
1962,South Africa,ZAF,,,,,,
1962,South Sudan,SSD,,,,,,
1962,Spain,ESP,,2000,,42.9,,
1962,Sri Lanka,LKA,,,,63.6,96480003.36,96480003.36
1962,St. Kitts and Nevis,KNA,,,,,,
1962,St. Lucia,LCA,,,,100.9,,
1962,St. Martin (French part),MAF,,,,,,
1962,St. Vincent and the Grenadines,VCT,,,,100.8,,
1962,Sudan,SDN,,,,103.9,51619998.93,51619998.93
1962,Suriname,SUR,,,,,116050003.1,116050003.1
1962,Sweden,SWE,,26000,,15.6,,
1962,Switzerland,CHE,,20000,,20.7,,
1962,Syrian Arab Republic,SYR,,124626,,105.9,173750000,173750000
1962,Tajikistan,TJK,,,,,,
1962,Tanzania,TZA,,12000,,140.8,435640014.6,435640014.6
1962,Thailand,THA,,,,95.1,273239990.2,273239990.2
1962,Timor-Leste,TLS,,,,,,
1962,Togo,TGO,,5000,,151.3,35990001.68,35990001.68
1962,Tonga,TON,,,,,529999.9714,529999.9714
1962,Trinidad and Tobago,TTO,,,,52.7,5250000,5250000
1962,Tunisia,TUN,,1000,,181.7,496839996.3,496839996.3
1962,Turkiye,TUR,,2300,,160.8,1527280029,1527280029
1962,Turkmenistan,TKM,,,,,,
1962,Turks and Caicos Islands,TCA,,,,89,,
1962,Tuvalu,TUV,,,,106.5,,
1962,Uganda,UGA,,52000,,127.5,273489990.2,273489990.2
1962,Ukraine,UKR,,,,,,
1962,United Arab Emirates,ARE,,,,122.5,4250000,4250000
1962,United Kingdom,GBR,,160000,,22,,
1962,United States,USA,,500000,,24.9,,
1962,Uruguay,URY,,,,54.1,25030000.69,25030000.69
1962,Uzbekistan,UZB,,,,,,
1962,Vanuatu,VUT,,,,99,4059999.943,4059999.943
1962,"Venezuela, RB",VEN,,,,55.9,626590026.9,626590026.9
1962,Viet Nam,VNM,,,,,1268680054,1268680054
1962,Virgin Islands (U.S.),VIR,,,,,,
1962,West Bank and Gaza,PSE,,273038,,,,
1962,"Yemen, Rep.",YEM,,,,,158639999.4,158639999.4
1962,Zambia,ZMB,,,,117.6,58180000.31,58180000.31
1962,Zimbabwe,ZWE,,,,88.4,,
1962,Africa Eastern and Southern,AFE,,,,,,
1962,Africa Western and Central,AFW,,,,,,
1962,Arab World,ARB,,,,,,
1962,Caribbean small states,CSS,,,,,,
1962,Central Europe and the Baltics,CEB,,,,,,
1962,Early-demographic dividend,EAR,,,,,,
1962,East Asia & Pacific,EAS,,,,,6718070032,6718070032
1962,East Asia & Pacific (excluding high income),EAP,,,,,4531809997,4531809997
1962,East Asia & Pacific (IDA & IBRD countries),TEA,,,,,,
1962,Euro area,EMU,,,,,,
1962,Europe & Central Asia,ECS,,,,,2926330045,2926330045
1962,Europe & Central Asia (excluding high income),ECA,,,,,2783170044,2783170044
1962,Europe & Central Asia (IDA & IBRD countries),TEC,,,,,,
1962,European Union,EUU,,,,,,
1962,Fragile and conflict affected situations,FCS,,,,,,
1962,Heavily indebted poor countries (HIPC),HPC,,,,,,
1962,High income,HIC,,,,,4145600056,4145600056
1962,IBRD only,IBD,,,,,,
1962,IDA & IBRD total,IBT,,,,,,
1962,IDA blend,IDB,,,,,,
1962,IDA only,IDX,,,,,,
1962,IDA total,IDA,,,,,,
1962,Late-demographic dividend,LTE,,,,,,
1962,Latin America & Caribbean,LCN,,,,,5720850099,5720850099
1962,Latin America & Caribbean (excluding high income),LAC,,,,,3757620055,3757620055
1962,Latin America & the Caribbean (IDA & IBRD countries),TLA,,,,,,
1962,Least developed countries: UN classification,LDC,,,,,,
1962,Low & middle income,LMY,,,,,36284679688,36284679688
1962,Low income,LIC,,,,,3545829960,3545829960
1962,Lower middle income,LMC,,,,,19344169951,19344169951
1962,Middle East & North Africa,MEA,,,,,8125139894,8125139894
1962,Middle East & North Africa (excluding high income),MNA,,,,,7372999896,7372999896
1962,Middle East & North Africa (IDA & IBRD countries),TMN,,,,,,
1962,Middle income,MIC,,,,,26994570313,26994570313
1962,North America,NAC,,,,,,
1962,Not classified,INX,,,,,,
1962,OECD members,OED,,,,,,
1962,Other small states,OSS,,,,,,
1962,Pacific island small states,PSS,,,,,,
1962,Post-demographic dividend,PST,,,,,,
1962,Pre-demographic dividend,PRE,,,,,,
1962,Small states,SST,,,,,,
1962,South Asia,SAS,,,,,7685470039,7685470039
1962,South Asia (IDA & IBRD),TSA,,,,,,
1962,Sub-Saharan Africa,SSF,,,,,7662169888,7662169888
1962,Sub-Saharan Africa (excluding high income),SSA,,,,,7657339888,7657339888
1962,Sub-Saharan Africa (IDA & IBRD countries),TSS,,,,,,
1962,Upper middle income,UMC,,,,,6064030084,6064030084
1962,World,WLD,,,,,40164019531,40164019531
1963,Afghanistan,AFG,,,,228.9,244419998.2,244419998.2
1963,Albania,ALB,,,,,,
1963,Algeria,DZA,,,,146.3,2192239990,2192239990
1963,American Samoa,ASM,,,,,,
1963,Andorra,AND,,,,,,
1963,Angola,AGO,,,175000,,219999.9988,219999.9988
1963,Antigua and Barbuda,ATG,,,,49.6,,
1963,Argentina,ARG,,,,,209500000,209500000
1963,Armenia,ARM,,,,,,
1963,Aruba,ABW,,,,,,
1963,Australia,AUS,,,,19.1,,
1963,Austria,AUT,,27000,,31.1,,
1963,Azerbaijan,AZE,,,,,,
1963,"Bahamas, The",BHS,,,,,150000.006,150000.006
1963,Bahrain,BHR,,,,104.4,6260000.229,6260000.229
1963,Bangladesh,BGD,,,,163.4,,
1963,Barbados,BRB,,,,57.5,,
1963,Belarus,BLR,,,,,,
1963,Belgium,BEL,,50000,,26,,
1963,Belize,BLZ,,,,,39520000.46,39520000.46
1963,Benin,BEN,,,,174.7,34409999.85,34409999.85
1963,Bermuda,BMU,,,,,,
1963,Bhutan,BTN,,,,,109999.9994,109999.9994
1963,Bolivia,BOL,,,,165.6,320970001.2,320970001.2
1963,Bosnia and Herzegovina,BIH,,,,,,
1963,Botswana,BWA,,,,104.7,52029998.78,52029998.78
1963,Brazil,BRA,,,,118.7,1346209961,1346209961
1963,British Virgin Islands,VGB,,,,58.5,1179999.948,1179999.948
1963,Brunei Darussalam,BRN,,,,61.2,289999.9917,289999.9917
1963,Bulgaria,BGR,,,,33.7,,
1963,Burkina Faso,BFA,,,,152.3,36599998.47,36599998.47
1963,Burundi,BDI,,34000,,,56590000.15,56590000.15
1963,Cabo Verde,CPV,,,,118.8,,
1963,Cambodia,KHM,,,,,164009994.5,164009994.5
1963,Cameroon,CMR,,,,155.7,72889999.39,72889999.39
1963,Canada,CAN,,10946,,25,,
1963,Cayman Islands,CYM,,,,,,
1963,Central African Republic,CAF,,,,155.9,18969999.31,18969999.31
1963,Chad,TCD,,,,,53389999.39,53389999.39
1963,Channel Islands,CHI,,,,,,
1963,Chile,CHL,,,,113.2,903739990.2,903739990.2
1963,China,CHN,,,,,,
1963,Colombia,COL,,,,86.1,473200012.2,473200012.2
1963,Comoros,COM,,,,,,
1963,"Congo, Dem. Rep.",COD,,237000,,,933719970.7,933719970.7
1963,"Congo, Rep.",COG,,,,104.5,50659999.85,50659999.85
1963,Costa Rica,CRI,,,,70.4,54450000.76,54450000.76
1963,Cote d'Ivoire,CIV,,,,197.1,76449996.95,76449996.95
1963,Croatia,HRV,,,,,,
1963,Cuba,CUB,,,,38.3,-1250000,-1250000
1963,Curacao,CUW,,,,,,
1963,Cyprus,CYP,,,,,97660003.66,97660003.66
1963,Czechia,CZE,,,,,,
1963,Denmark,DNK,,2200,,19.5,,
1963,Djibouti,DJI,,,,,,
1963,Dominica,DMA,,,,65.4,,
1963,Dominican Republic,DOM,,,,99,313709991.5,313709991.5
1963,Ecuador,ECU,,,,109.8,111459999.1,111459999.1
1963,"Egypt, Arab Rep.",EGY,,,,192.2,1427560059,1427560059
1963,El Salvador,SLV,,,,117.9,78500000,78500000
1963,Equatorial Guinea,GNQ,,,,,,
1963,Eritrea,ERI,,,,,,
1963,Estonia,EST,,,,,,
1963,Eswatini,SWZ,,,,133.4,61080001.83,61080001.83
1963,Ethiopia,ETH,,,,,174850006.1,174850006.1
1963,Faroe Islands,FRO,,,,,,
1963,Fiji,FJI,,,,52,43209999.08,43209999.08
1963,Finland,FIN,,,,18.4,,
1963,France,FRA,,174057,,20.4,,
1963,French Polynesia,PYF,,,,,,
1963,Gabon,GAB,,,,,34909999.85,34909999.85
1963,"Gambia, The",GMB,,,,144.9,49900001.53,49900001.53
1963,Georgia,GEO,,,,,,
1963,Germany,DEU,,182000,,,,
1963,Ghana,GHA,,,5000,120.9,129139999.4,129139999.4
1963,Gibraltar,GIB,,,,,-100000.0015,-100000.0015
1963,Greece,GRC,,15400,,36.5,,
1963,Greenland,GRL,,,,,,
1963,Grenada,GRD,,,,53.1,,
1963,Guam,GUM,,,,,,
1963,Guatemala,GTM,,,,138.2,70339996.34,70339996.34
1963,Guinea,GIN,,,,204.7,155820007.3,155820007.3
1963,Guinea-Bissau,GNB,,,6000,,,
1963,Guyana,GUY,,,,60.6,55549999.24,55549999.24
1963,Haiti,HTI,,,,184.8,21739999.77,21739999.77
1963,Honduras,HND,,,,127.1,50169998.17,50169998.17
1963,"Hong Kong SAR, China",HKG,,,,,36240001.68,36240001.68
1963,Hungary,HUN,,,,42.4,,
1963,Iceland,ISL,,,,16.3,,
1963,India,IND,,,,155.5,6884470215,6884470215
1963,Indonesia,IDN,,,,138.2,810770019.5,810770019.5
1963,"Iran, Islamic Rep.",IRN,,1500,,,183669998.2,183669998.2
1963,Iraq,IRQ,,,,110.1,34569999.69,34569999.69
1963,Ireland,IRL,,,,27.1,,
1963,Isle of Man,IMN,,,,,,
1963,Israel,ISR,,,,29.5,760669982.9,760669982.9
1963,Italy,ITA,,14600,,39.1,,
1963,Jamaica,JAM,,,,54.5,24059999.47,24059999.47
1963,Japan,JPN,,,,23.1,,
1963,Jordan,JOR,,662525,,91.1,580969970.7,580969970.7
1963,Kazakhstan,KAZ,,,,,,
1963,Kenya,KEN,,,,106.2,520690002.4,520690002.4
1963,Kiribati,KIR,,,,123.6,4010000.229,4010000.229
1963,"Korea, Dem. People's Rep.",PRK,,,,,,
1963,"Korea, Rep.",KOR,,,,70,1771630005,1771630005
1963,Kosovo,XKX,,,,,,
1963,Kuwait,KWT,,,,81.3,-7440000.057,-7440000.057
1963,Kyrgyz Republic,KGZ,,,,,,
1963,Lao PDR,LAO,,,,,257140014.6,257140014.6
1963,Latvia,LVA,,,,,,
1963,Lebanon,LBN,,152747,,51.8,57520000.46,57520000.46
1963,Lesotho,LSO,,,,139.7,54569999.69,54569999.69
1963,Liberia,LBR,,,,209.3,229419998.2,229419998.2
1963,Libya,LBY,,,,138.9,202279998.8,202279998.8
1963,Liechtenstein,LIE,,,,,,
1963,Lithuania,LTU,,,,,,
1963,Luxembourg,LUX,,1900,,27.1,,
1963,"Macao SAR, China",MAC,,,,,6750000,6750000
1963,Madagascar,MDG,,,,,76809997.56,76809997.56
1963,Malawi,MWI,,,,,160899993.9,160899993.9
1963,Malaysia,MYS,,,,57.4,98620002.75,98620002.75
1963,Maldives,MDV,,,,,2839999.914,2839999.914
1963,Mali,MLI,,,,206.2,57729999.54,57729999.54
1963,Malta,MLT,,,,32,168059997.6,168059997.6
1963,Marshall Islands,MHL,,,,75.2,,
1963,Mauritania,MRT,,,,121.8,15989999.77,15989999.77
1963,Mauritius,MUS,,,,59.6,56139999.39,56139999.39
1963,Mexico,MEX,,,,95.7,38279998.78,38279998.78
1963,"Micronesia, Fed. Sts.",FSM,,,,78.6,,
1963,Moldova,MDA,,,,,,
1963,Monaco,MCO,,,,,,
1963,Mongolia,MNG,,,,,,
1963,Montenegro,MNE,,,,,,
1963,Morocco,MAR,,3200,,139.1,685549987.8,685549987.8
1963,Mozambique,MOZ,,,,,1690000.057,1690000.057
1963,Myanmar,MMR,,,,,410709991.5,410709991.5
1963,Namibia,NAM,,,,,,
1963,Nauru,NRU,,,,,,
1963,Nepal,NPL,,,,208.1,115019996.6,115019996.6
1963,Netherlands,NLD,,9500,,15.2,,
1963,New Caledonia,NCL,,,,,,
1963,New Zealand,NZL,,,,20,,
1963,Nicaragua,NIC,,,,129.2,51970001.22,51970001.22
1963,Niger,NER,,,,,37139999.39,37139999.39
1963,Nigeria,NGA,,,,,146770004.3,146770004.3
1963,North Macedonia,MKD,,,,,,
1963,Northern Mariana Islands,MNP,,,,,112379997.3,112379997.3
1963,Norway,NOR,,3000,,17.1,,
1963,Oman,OMN,,,,217,3519999.981,3519999.981
1963,Pakistan,PAK,,,,167.4,3370070068,3370070068
1963,Palau,PLW,,,,,,
1963,Panama,PAN,,,,61.7,123720001.2,123720001.2
1963,Papua New Guinea,PNG,,,,121.8,70000.0003,70000.0003
1963,Paraguay,PRY,,,,59.5,56029998.78,56029998.78
1963,Peru,PER,,,,126.2,63029998.78,63029998.78
1963,Philippines,PHL,,,,61.2,200880004.9,200880004.9
1963,Poland,POL,,,,46.4,,
1963,Portugal,PRT,,,,74.6,,
1963,Puerto Rico,PRI,,,,,,
1963,Qatar,QAT,,,,,-150000.006,-150000.006
1963,Romania,ROU,,,,51.8,,
1963,Russian Federation,RUS,,,,,,
1963,Rwanda,RWA,,,154000,124.8,64860000.61,64860000.61
1963,Samoa,WSM,,,,69.1,1250000,1250000
1963,San Marino,SMR,,,,,,
1963,Sao Tome and Principe,STP,,,,,,
1963,Saudi Arabia,SAU,,,,,-17079999.92,-17079999.92
1963,Senegal,SEN,,6000,,128.7,90849998.47,90849998.47
1963,Serbia,SRB,,,,,,
1963,Seychelles,SYC,,,,71.9,6230000.019,6230000.019
1963,Sierra Leone,SLE,,,,211.1,85290000.92,85290000.92
1963,Singapore,SGP,,,,29.2,5130000.114,5130000.114
1963,Sint Maarten (Dutch part),SXM,,,,,,
1963,Slovak Republic,SVK,,,,,,
1963,Slovenia,SVN,,,,,,
1963,Solomon Islands,SLB,,,,102.6,28639999.39,28639999.39
1963,Somalia,SOM,,,,,280670013.4,280670013.4
1963,South Africa,ZAF,,,,,,
1963,South Sudan,SSD,,,,,,
1963,Spain,ESP,,2000,,40.9,,
1963,Sri Lanka,LKA,,,,62.3,80339996.34,80339996.34
1963,St. Kitts and Nevis,KNA,,,,,,
1963,St. Lucia,LCA,,,,95,,
1963,St. Martin (French part),MAF,,,,,,
1963,St. Vincent and the Grenadines,VCT,,,,91.8,,
1963,Sudan,SDN,,,13000,102.6,107610000.6,107610000.6
1963,Suriname,SUR,,,,,166919998.2,166919998.2
1963,Sweden,SWE,,26000,,15,,
1963,Switzerland,CHE,,20000,,20,,
1963,Syrian Arab Republic,SYR,,129010,,101.8,22629999.16,22629999.16
1963,Tajikistan,TJK,,,,,,
1963,Tanzania,TZA,,12000,,139.6,280500000,280500000
1963,Thailand,THA,,,,92,257940002.4,257940002.4
1963,Timor-Leste,TLS,,,,,,
1963,Togo,TGO,,5000,,149.5,52330001.83,52330001.83
1963,Tonga,TON,,,,58.5,370000.0048,370000.0048
1963,Trinidad and Tobago,TTO,,,,51.2,83790000.92,83790000.92
1963,Tunisia,TUN,,1000,,173.2,650940002.4,650940002.4
1963,Turkiye,TUR,,2300,,155.5,1530650024,1530650024
1963,Turkmenistan,TKM,,,,,,
1963,Turks and Caicos Islands,TCA,,,,83,,
1963,Tuvalu,TUV,,,,102.2,,
1963,Uganda,UGA,,59000,,125.7,185600006.1,185600006.1
1963,Ukraine,UKR,,,,,,
1963,United Arab Emirates,ARE,,,,116.2,3809999.943,3809999.943
1963,United Kingdom,GBR,,157000,,21.5,,
1963,United States,USA,,500000,,24.4,,
1963,Uruguay,URY,,,,52.8,57860000.61,57860000.61
1963,Uzbekistan,UZB,,,,,,
1963,Vanuatu,VUT,,,,96.1,4989999.771,4989999.771
1963,"Venezuela, RB",VEN,,,,54.7,307549987.8,307549987.8
1963,Viet Nam,VNM,,,,,1539459961,1539459961
1963,Virgin Islands (U.S.),VIR,,,,,,
1963,West Bank and Gaza,PSE,,283782,,,,
1963,"Yemen, Rep.",YEM,,,,278.2,184839996.3,184839996.3
1963,Zambia,ZMB,,,,116.1,52560001.37,52560001.37
1963,Zimbabwe,ZWE,,,,86.1,105949996.9,105949996.9
1963,Africa Eastern and Southern,AFE,,,,,,
1963,Africa Western and Central,AFW,,,,,,
1963,Arab World,ARB,,,,,,
1963,Caribbean small states,CSS,,,,,,
1963,Central Europe and the Baltics,CEB,,,,,,
1963,Early-demographic dividend,EAR,,,,,,
1963,East Asia & Pacific,EAS,,,,,6450480003,6450480003
1963,East Asia & Pacific (excluding high income),EAP,,,,,4007389986,4007389986
1963,East Asia & Pacific (IDA & IBRD countries),TEA,,,,,,
1963,Euro area,EMU,,,,,,
1963,Europe & Central Asia,ECS,,,,,2803040004,2803040004
1963,Europe & Central Asia (excluding high income),ECA,,,,,2671000000,2671000000
1963,Europe & Central Asia (IDA & IBRD countries),TEC,,,,,,
1963,European Union,EUU,,,,,,
1963,Fragile and conflict affected situations,FCS,,,,,,
1963,Heavily indebted poor countries (HIPC),HPC,,,,,,
1963,High income,HIC,,,,,4634969995,4634969995
1963,IBRD only,IBD,,,,,,
1963,IDA & IBRD total,IBT,,,,,,
1963,IDA blend,IDB,,,,,,
1963,IDA only,IDX,,,,,,
1963,IDA total,IDA,,,,,,
1963,Late-demographic dividend,LTE,,,,,,
1963,Latin America & Caribbean,LCN,,,,,5859179936,5859179936
1963,Latin America & Caribbean (excluding high income),LAC,,,,,4296589957,4296589957
1963,Latin America & the Caribbean (IDA & IBRD countries),TLA,,,,,,
1963,Least developed countries: UN classification,LDC,,,,,,
1963,Low & middle income,LMY,,,,,38030628906,38030628906
1963,Low income,LIC,,,,,3324339990,3324339990
1963,Lower middle income,LMC,,,,,21232940298,21232940298
1963,Middle East & North Africa,MEA,,,,,7297529980,7297529980
1963,Middle East & North Africa (excluding high income),MNA,,,,,6379879999,6379879999
1963,Middle East & North Africa (IDA & IBRD countries),TMN,,,,,,
1963,Middle income,MIC,,,,,28602609375,28602609375
1963,North America,NAC,,,,,,
1963,Not classified,INX,,,,,,
1963,OECD members,OED,,,,,,
1963,Other small states,OSS,,,,,,
1963,Pacific island small states,PSS,,,,,,
1963,Post-demographic dividend,PST,,,,,,
1963,Pre-demographic dividend,PRE,,,,,,
1963,Small states,SST,,,,,,
1963,South Asia,SAS,,,,,10697270274,10697270274
1963,South Asia (IDA & IBRD),TSA,,,,,,
1963,Sub-Saharan Africa,SSF,,,,,7460339875,7460339875
1963,Sub-Saharan Africa (excluding high income),SSA,,,,,7454109875,7454109875
1963,Sub-Saharan Africa (IDA & IBRD countries),TSS,,,,,,
1963,Upper middle income,UMC,,,,,5915539950,5915539950
1963,World,WLD,,,,,42584218750,42584218750
1964,Afghanistan,AFG,,,,225.1,304029998.8,304029998.8
1964,Albania,ALB,,,100,,,
1964,Algeria,DZA,,,,146.8,1691989990,1691989990
1964,American Samoa,ASM,,,,,,
1964,Andorra,AND,,,,,,
1964,Angola,AGO,,,200000,,,
1964,Antigua and Barbuda,ATG,,,,44.9,,
1964,Argentina,ARG,,,,,-41349998.47,-41349998.47
1964,Armenia,ARM,,,170,,,
1964,Aruba,ABW,,,,,,
1964,Australia,AUS,,,,18.7,,
1964,Austria,AUT,,25000,,29.6,,
1964,Azerbaijan,AZE,,,,,,
1964,"Bahamas, The",BHS,,,,,550000.0119,550000.0119
1964,Bahrain,BHR,,,,96,5489999.771,5489999.771
1964,Bangladesh,BGD,,,,160.4,,
1964,Barbados,BRB,,,,54.2,,
1964,Belarus,BLR,,,,,,
1964,Belgium,BEL,,47000,,25,,
1964,Belize,BLZ,,,,,11109999.66,11109999.66
1964,Benin,BEN,,,,171.5,139910003.7,139910003.7
1964,Bermuda,BMU,,,,,90000.00358,90000.00358
1964,Bhutan,BTN,,,,,109999.9994,109999.9994
1964,Bolivia,BOL,,,,162.5,248710006.7,248710006.7
1964,Bosnia and Herzegovina,BIH,,,,,,
1964,Botswana,BWA,,,,102.2,83760002.14,83760002.14
1964,Brazil,BRA,,,,116,1551369995,1551369995
1964,British Virgin Islands,VGB,,,,54.9,1440000.057,1440000.057
1964,Brunei Darussalam,BRN,,,,55.5,529999.9714,529999.9714
1964,Bulgaria,BGR,,,,32.1,,
1964,Burkina Faso,BFA,,,,151,122349998.5,122349998.5
1964,Burundi,BDI,,78000,,142.6,71529998.78,71529998.78
1964,Cabo Verde,CPV,,,,117.1,,
1964,Cambodia,KHM,,10000,,,92129997.25,92129997.25
1964,Cameroon,CMR,,,,152.8,219309997.6,219309997.6
1964,Canada,CAN,,10178,,24,,
1964,Cayman Islands,CYM,,,,,,
1964,Central African Republic,CAF,,3300,,153.4,138470001.2,138470001.2
1964,Chad,TCD,,,,,131029998.8,131029998.8
1964,Channel Islands,CHI,,,,,,
1964,Chile,CHL,,,,106,741530029.3,741530029.3
1964,China,CHN,,,1200000,,,
1964,Colombia,COL,,,,83.7,284179992.7,284179992.7
1964,Comoros,COM,,,,,,
1964,"Congo, Dem. Rep.",COD,,236000,58700,,1023700012,1023700012
1964,"Congo, Rep.",COG,,,,101.2,144309997.6,144309997.6
1964,Costa Rica,CRI,,,,72.7,76319999.69,76319999.69
1964,Cote d'Ivoire,CIV,,,,192,300390014.6,300390014.6
1964,Croatia,HRV,,,,,,
1964,Cuba,CUB,,,,36.9,3289999.962,3289999.962
1964,Curacao,CUW,,,,,,
1964,Cyprus,CYP,,,,,39450000.76,39450000.76
1964,Czechia,CZE,,,,,,
1964,Denmark,DNK,,,,18.8,,
1964,Djibouti,DJI,,,,,,
1964,Dominica,DMA,,,,60.2,,
1964,Dominican Republic,DOM,,,,97.5,153289993.3,153289993.3
1964,Ecuador,ECU,,,,107.3,124680000.3,124680000.3
1964,"Egypt, Arab Rep.",EGY,,470,,186,1607050049,1607050049
1964,El Salvador,SLV,,,,115.8,83930000.31,83930000.31
1964,Equatorial Guinea,GNQ,,,,,,
1964,Eritrea,ERI,,,,,,
1964,Estonia,EST,,,,,,
1964,Eswatini,SWZ,,,,131,119919998.2,119919998.2
1964,Ethiopia,ETH,,,,,112459999.1,112459999.1
1964,Faroe Islands,FRO,,,,,,
1964,Fiji,FJI,,,,50.2,32439998.63,32439998.63
1964,Finland,FIN,,,,17.4,,
1964,France,FRA,,175861,,19.4,,
1964,French Polynesia,PYF,,,,,,
1964,Gabon,GAB,,,,,115360000.6,115360000.6
1964,"Gambia, The",GMB,,,,142.4,23899999.62,23899999.62
1964,Georgia,GEO,,,,,,
1964,Germany,DEU,,180000,,,,
1964,Ghana,GHA,,,5000,120.5,153639999.4,153639999.4
1964,Gibraltar,GIB,,,,,4010000.229,4010000.229
1964,Greece,GRC,,16000,,35.2,,
1964,Greenland,GRL,,,,,,
1964,Grenada,GRD,,,,49.4,,
1964,Guam,GUM,,,,,,
1964,Guatemala,GTM,,,,135,81059997.56,81059997.56
1964,Guinea,GIN,,,,203,92889999.39,92889999.39
1964,Guinea-Bissau,GNB,,,30000,,,
1964,Guyana,GUY,,,,59.2,43130001.07,43130001.07
1964,Haiti,HTI,,,,181.7,26639999.39,26639999.39
1964,Honduras,HND,,,,123.1,83080001.83,83080001.83
1964,"Hong Kong SAR, China",HKG,,1120000,,,1970000.029,1970000.029
1964,Hungary,HUN,,,,41.3,,
1964,Iceland,ISL,,,,15.9,,
1964,India,IND,,44000,,153.7,8482440430,8482440430
1964,Indonesia,IDN,,,,134.6,511869995.1,511869995.1
1964,"Iran, Islamic Rep.",IRN,,,,,32209999.08,32209999.08
1964,Iraq,IRQ,,,,104.9,81199996.95,81199996.95
1964,Ireland,IRL,,,,26,,
1964,Isle of Man,IMN,,,,,,
1964,Israel,ISR,,,,28.2,631270019.5,631270019.5
1964,Italy,ITA,,14000,,37.4,,
1964,Jamaica,JAM,,,,52.7,27979999.54,27979999.54
1964,Japan,JPN,,,,21,,
1964,Jordan,JOR,,678985,,86.5,530400024.4,530400024.4
1964,Kazakhstan,KAZ,,,,,,
1964,Kenya,KEN,,,,103.5,513049987.8,513049987.8
1964,Kiribati,KIR,,,,119.6,2630000.114,2630000.114
1964,"Korea, Dem. People's Rep.",PRK,,,,,,
1964,"Korea, Rep.",KOR,,,,66.9,1123079956,1123079956
1964,Kosovo,XKX,,,,,,
1964,Kuwait,KWT,,,,76.1,-6260000.229,-6260000.229
1964,Kyrgyz Republic,KGZ,,,,,,
1964,Lao PDR,LAO,,,,,311899993.9,311899993.9
1964,Latvia,LVA,,,,,,
1964,Lebanon,LBN,,158584,,50.6,22770000.46,22770000.46
1964,Lesotho,LSO,,,,140.5,53259998.32,53259998.32
1964,Liberia,LBR,,,,208.1,103680000.3,103680000.3
1964,Libya,LBY,,,,131.7,153229995.7,153229995.7
1964,Liechtenstein,LIE,,,,,,
1964,Lithuania,LTU,,,,,,
1964,Luxembourg,LUX,,,,25.7,,
1964,"Macao SAR, China",MAC,,80000,,,,
1964,Madagascar,MDG,,,,,378350006.1,378350006.1
1964,Malawi,MWI,,,,,301390014.6,301390014.6
1964,Malaysia,MYS,,,,54.5,143919998.2,143919998.2
1964,Maldives,MDV,,,,,2579999.924,2579999.924
1964,Mali,MLI,,,,202.7,139899993.9,139899993.9
1964,Malta,MLT,,,,31.1,184889999.4,184889999.4
1964,Marshall Islands,MHL,,,,72.1,,
1964,Mauritania,MRT,,,,119,95970001.22,95970001.22
1964,Mauritius,MUS,,,,58.7,19719999.31,19719999.31
1964,Mexico,MEX,,,,92.5,-105860000.6,-105860000.6
1964,"Micronesia, Fed. Sts.",FSM,,,,75.7,,
1964,Moldova,MDA,,,,,,
1964,Monaco,MCO,,,,,,
1964,Mongolia,MNG,,,,,,
1964,Montenegro,MNE,,,,,,
1964,Morocco,MAR,,3000,,136.6,729119995.1,729119995.1
1964,Mozambique,MOZ,,,10000,180.3,-500000,-500000
1964,Myanmar,MMR,,,,,213199996.9,213199996.9
1964,Namibia,NAM,,,,,,
1964,Nauru,NRU,,,,,,
1964,Nepal,NPL,,7000,,203.8,133389999.4,133389999.4
1964,Netherlands,NLD,,9500,,14.9,,
1964,New Caledonia,NCL,,,,,,
1964,New Zealand,NZL,,,,19.3,,
1964,Nicaragua,NIC,,,,127.9,61959999.08,61959999.08
1964,Niger,NER,,,,,114900001.5,114900001.5
1964,Nigeria,NGA,,,,193.9,344290008.5,344290008.5
1964,North Macedonia,MKD,,,,,,
1964,Northern Mariana Islands,MNP,,,,,72150001.53,72150001.53
1964,Norway,NOR,,,,16.6,,
1964,Oman,OMN,,,,207.2,38419998.17,38419998.17
1964,Pakistan,PAK,,,,162.5,3502709961,3502709961
1964,Palau,PLW,,,,,,
1964,Panama,PAN,,,,60,72069999.69,72069999.69
1964,Papua New Guinea,PNG,,,,118.3,,
1964,Paraguay,PRY,,,,59.3,55529998.78,55529998.78
1964,Peru,PER,,,,122.6,137630004.9,137630004.9
1964,Philippines,PHL,,,,60.1,568809997.6,568809997.6
1964,Poland,POL,,,,43.3,,
1964,Portugal,PRT,,,,70,,
1964,Puerto Rico,PRI,,,,,,
1964,Qatar,QAT,,,,,,
1964,Romania,ROU,,,,46.2,,
1964,Russian Federation,RUS,,,120,,,
1964,Rwanda,RWA,,,166300,124.3,65919998.17,65919998.17
1964,Samoa,WSM,,,,74.2,1509999.99,1509999.99
1964,San Marino,SMR,,,,,,
1964,Sao Tome and Principe,STP,,,,,,
1964,Saudi Arabia,SAU,,,,,-2990000.01,-2990000.01
1964,Senegal,SEN,,30000,,128.9,439839996.3,439839996.3
1964,Serbia,SRB,,,,,,
1964,Seychelles,SYC,,,,70.6,8869999.886,8869999.886
1964,Sierra Leone,SLE,,,,207.9,82150001.53,82150001.53
1964,Singapore,SGP,,,,28.2,4460000.038,4460000.038
1964,Sint Maarten (Dutch part),SXM,,,,,,
1964,Slovak Republic,SVK,,,,,,
1964,Slovenia,SVN,,,,,,
1964,Solomon Islands,SLB,,,,98.2,27360000.61,27360000.61
1964,Somalia,SOM,,,,,175970001.2,175970001.2
1964,South Africa,ZAF,,,,,,
1964,South Sudan,SSD,,,,,,
1964,Spain,ESP,,14000,,39,,
1964,Sri Lanka,LKA,,,,61.1,64629997.25,64629997.25
1964,St. Kitts and Nevis,KNA,,,,,,
1964,St. Lucia,LCA,,,,88.8,,
1964,St. Martin (French part),MAF,,,,,,
1964,St. Vincent and the Grenadines,VCT,,,,82.9,,
1964,Sudan,SDN,,,20300,101.3,152460006.7,152460006.7
1964,Suriname,SUR,,,,,131949996.9,131949996.9
1964,Sweden,SWE,,24000,,14.3,,
1964,Switzerland,CHE,,20000,,19.2,,
1964,Syrian Arab Republic,SYR,,133366,,97.8,34569999.69,34569999.69
1964,Tajikistan,TJK,,,,,,
1964,Tanzania,TZA,,25000,,138.3,375149993.9,375149993.9
1964,Thailand,THA,,,,89,225660003.7,225660003.7
1964,Timor-Leste,TLS,,,,,,
1964,Togo,TGO,,5000,,147.6,109330001.8,109330001.8
1964,Tonga,TON,,,,55.3,430000.0072,430000.0072
1964,Trinidad and Tobago,TTO,,,,49.8,88470001.22,88470001.22
1964,Tunisia,TUN,,1000,,165,485040008.5,485040008.5
1964,Turkiye,TUR,,2300,,150.4,1084569946,1084569946
1964,Turkmenistan,TKM,,,,,,
1964,Turks and Caicos Islands,TCA,,,,77.4,,
1964,Tuvalu,TUV,,,,98,,
1964,Uganda,UGA,,113000,,123.8,198869995.1,198869995.1
1964,Ukraine,UKR,,,,,,
1964,United Arab Emirates,ARE,,,,109.9,4920000.076,4920000.076
1964,United Kingdom,GBR,,160000,,20.8,,
1964,United States,USA,,500000,,23.8,,
1964,Uruguay,URY,,,,51.9,17729999.54,17729999.54
1964,Uzbekistan,UZB,,,,,,
1964,Vanuatu,VUT,,,,93.1,6130000.114,6130000.114
1964,"Venezuela, RB",VEN,,,,53.7,-383470001.2,-383470001.2
1964,Viet Nam,VNM,,,10000,57.2,1633910034,1633910034
1964,Virgin Islands (U.S.),VIR,,,,,,
1964,West Bank and Gaza,PSE,,293024,,,,
1964,"Yemen, Rep.",YEM,,,,272,201130004.9,201130004.9
1964,Zambia,ZMB,,,,114.7,197679992.7,197679992.7
1964,Zimbabwe,ZWE,,,,83.8,42430000.31,42430000.31
1964,Africa Eastern and Southern,AFE,,,,,,
1964,Africa Western and Central,AFW,,,,,,
1964,Arab World,ARB,,,,,,
1964,Caribbean small states,CSS,,,,,,
1964,Central Europe and the Baltics,CEB,,,,,,
1964,Early-demographic dividend,EAR,,,,,,
1964,East Asia & Pacific,EAS,,,,,5625759957,5625759957
1964,East Asia & Pacific (excluding high income),EAP,,,,,4085700004,4085700004
1964,East Asia & Pacific (IDA & IBRD countries),TEA,,,,,,
1964,Euro area,EMU,,,,,,
1964,Europe & Central Asia,ECS,,,,,1986549943,1986549943
1964,Europe & Central Asia (excluding high income),ECA,,,,,1798749939,1798749939
1964,Europe & Central Asia (IDA & IBRD countries),TEC,,,,,,
1964,European Union,EUU,,,,,,
1964,Fragile and conflict affected situations,FCS,,,,,,
1964,Heavily indebted poor countries (HIPC),HPC,,,,,,
1964,High income,HIC,,,,,3370010000,3370010000
1964,IBRD only,IBD,,,,,,
1964,IDA & IBRD total,IBT,,,,,,
1964,IDA blend,IDB,,,,,,
1964,IDA only,IDX,,,,,,
1964,IDA total,IDA,,,,,,
1964,Late-demographic dividend,LTE,,,,,,
1964,Latin America & Caribbean,LCN,,,,,4842240031,4842240031
1964,Latin America & Caribbean (excluding high income),LAC,,,,,4418780001,4418780001
1964,Latin America & the Caribbean (IDA & IBRD countries),TLA,,,,,,
1964,Least developed countries: UN classification,LDC,,,,,,
1964,Low & middle income,LMY,,,,,38002890625,38002890625
1964,Low income,LIC,,,,,4276160025,4276160025
1964,Lower middle income,LMC,,,,,23566700450,23566700450
1964,Middle East & North Africa,MEA,,,,,6473670082,6473670082
1964,Middle East & North Africa (excluding high income),MNA,,,,,5617930065,5617930065
1964,Middle East & North Africa (IDA & IBRD countries),TMN,,,,,,
1964,Middle income,MIC,,,,,29646970703,29646970703
1964,North America,NAC,,,,,90000.00358,90000.00358
1964,Not classified,INX,,,,,,
1964,OECD members,OED,,,,,,
1964,Other small states,OSS,,,,,,
1964,Pacific island small states,PSS,,,,,,
1964,Post-demographic dividend,PST,,,,,,
1964,Pre-demographic dividend,PRE,,,,,,
1964,Small states,SST,,,,,,
1964,South Asia,SAS,,,,,12489890386,12489890386
1964,South Asia (IDA & IBRD),TSA,,,,,,
1964,Sub-Saharan Africa,SSF,,,,,8107280004,8107280004
1964,Sub-Saharan Africa (excluding high income),SSA,,,,,8098410004,8098410004
1964,Sub-Saharan Africa (IDA & IBRD countries),TSS,,,,,,
1964,Upper middle income,UMC,,,,,5007579946,5007579946
1964,World,WLD,,,,,41492851563,41492851563
1965,Afghanistan,AFG,,,,221.2,350480011,350480011
1965,Albania,ALB,,,4860,,,
1965,Algeria,DZA,,,,147.3,1074479980,1074479980
1965,American Samoa,ASM,,,,,,
1965,Andorra,AND,,,,,,
1965,Angola,AGO,,,220000,,12989999.77,12989999.77
1965,Antigua and Barbuda,ATG,,,,40.4,,
1965,Argentina,ARG,,,,,-453880004.9,-453880004.9
1965,Armenia,ARM,,,,,,
1965,Aruba,ABW,,,,,,
1965,Australia,AUS,,40000,,18.5,,
1965,Austria,AUT,,25000,,28.3,,
1965,Azerbaijan,AZE,,,,,,
1965,"Bahamas, The",BHS,,,,,610000.0143,610000.0143
1965,Bahrain,BHR,,,,88.1,7849999.905,7849999.905
1965,Bangladesh,BGD,,,,157.8,,
1965,Barbados,BRB,,,,51.4,,
1965,Belarus,BLR,,,,,,
1965,Belgium,BEL,,47000,,24,,
1965,Belize,BLZ,,,,,17520000.46,17520000.46
1965,Benin,BEN,,,,168.3,135460006.7,135460006.7
1965,Bermuda,BMU,,,,,449999.9881,449999.9881
1965,Bhutan,BTN,,,,,1450000.048,1450000.048
1965,Bolivia,BOL,,,,159.3,230130004.9,230130004.9
1965,Bosnia and Herzegovina,BIH,,,,,,
1965,Botswana,BWA,,,,100,90190002.44,90190002.44
1965,Brazil,BRA,,,,113.5,1644959961,1644959961
1965,British Virgin Islands,VGB,,,,51.5,,
1965,Brunei Darussalam,BRN,,,,51.1,600000.0238,600000.0238
1965,Bulgaria,BGR,,,,31.3,,
1965,Burkina Faso,BFA,,,,149.9,134770004.3,134770004.3
1965,Burundi,BDI,,65000,3000,143.8,41529998.78,41529998.78
1965,Cabo Verde,CPV,,,,115.2,,
1965,Cambodia,KHM,,15000,,,71010002.14,71010002.14
1965,Cameroon,CMR,,,,149.4,249800003.1,249800003.1
1965,Canada,CAN,,9980,,23.1,,
1965,Cayman Islands,CYM,,,,,,
1965,Central African Republic,CAF,,20560,,150.7,123459999.1,123459999.1
1965,Chad,TCD,,,,,139990005.5,139990005.5
1965,Channel Islands,CHI,,,,,,
1965,Chile,CHL,,,,96.5,698140014.6,698140014.6
1965,China,CHN,,,1330000,,,
1965,Colombia,COL,,,,81.4,257119995.1,257119995.1
1965,Comoros,COM,,,,,,
1965,"Congo, Dem. Rep.",COD,,265000,47000,,1122439941,1122439941
1965,"Congo, Rep.",COG,,,,98.1,121459999.1,121459999.1
1965,Costa Rica,CRI,,,,70.2,97680000.31,97680000.31
1965,Cote d'Ivoire,CIV,,,,187,295769989,295769989
1965,Croatia,HRV,,,,,,
1965,Cuba,CUB,,,,35.5,4079999.924,4079999.924
1965,Curacao,CUW,,,,,,
1965,Cyprus,CYP,,,,,54500000,54500000
1965,Czechia,CZE,,,,,,
1965,Denmark,DNK,,,,17.9,,
1965,Djibouti,DJI,,,,,,
1965,Dominica,DMA,,,,55.4,,
1965,Dominican Republic,DOM,,,,95.9,505390014.6,505390014.6
1965,Ecuador,ECU,,,,105,140160003.7,140160003.7
1965,"Egypt, Arab Rep.",EGY,,5000,,180.5,847640014.6,847640014.6
1965,El Salvador,SLV,,,,113.7,94949996.95,94949996.95
1965,Equatorial Guinea,GNQ,,,,,,
1965,Eritrea,ERI,,,,,,
1965,Estonia,EST,,,,,,
1965,Eswatini,SWZ,,,,128.5,135350006.1,135350006.1
1965,Ethiopia,ETH,,,,,143199996.9,143199996.9
1965,Faroe Islands,FRO,,,,,,
1965,Fiji,FJI,,,,48.5,38779998.78,38779998.78
1965,Finland,FIN,,,,16.6,,
1965,France,FRA,,177665,,18.6,,
1965,French Polynesia,PYF,,,,,,
1965,Gabon,GAB,,,,,98239997.86,98239997.86
1965,"Gambia, The",GMB,,,,140,37119998.93,37119998.93
1965,Georgia,GEO,,,,,,
1965,Germany,DEU,,180000,,,,
1965,Ghana,GHA,,,5000,120.3,317109985.4,317109985.4
1965,Gibraltar,GIB,,,,,9460000.038,9460000.038
1965,Greece,GRC,,15560,17690,34.2,,
1965,Greenland,GRL,,,,,,
1965,Grenada,GRD,,,,46.5,,
1965,Guam,GUM,,,,,,
1965,Guatemala,GTM,,,,131.8,97269996.64,97269996.64
1965,Guinea,GIN,,,,201.4,155399993.9,155399993.9
1965,Guinea-Bissau,GNB,,,50000,,,
1965,Guyana,GUY,,,,58.1,52729999.54,52729999.54
1965,Haiti,HTI,,,,178.8,40340000.15,40340000.15
1965,Honduras,HND,,,,119.2,75879997.25,75879997.25
1965,"Hong Kong SAR, China",HKG,,1251200,,,27520000.46,27520000.46
1965,Hungary,HUN,,,3270,40,,
1965,Iceland,ISL,,,,15.4,,
1965,India,IND,,45000,,152,8835000000,8835000000
1965,Indonesia,IDN,,,,144.7,381130004.9,381130004.9
1965,"Iran, Islamic Rep.",IRN,,,,,163899993.9,163899993.9
1965,Iraq,IRQ,,,,100,79230003.36,79230003.36
1965,Ireland,IRL,,,,24.7,,
1965,Isle of Man,IMN,,,,,,
1965,Israel,ISR,,,,27.1,786130004.9,786130004.9
1965,Italy,ITA,,15000,,35.8,,
1965,Jamaica,JAM,,,,51.1,76819999.69,76819999.69
1965,Japan,JPN,,,,19.1,,
1965,Jordan,JOR,,697658,,82.3,476510009.8,476510009.8
1965,Kazakhstan,KAZ,,,,,,
1965,Kenya,KEN,,,,101.3,600809997.6,600809997.6
1965,Kiribati,KIR,,,,115.8,3819999.933,3819999.933
1965,"Korea, Dem. People's Rep.",PRK,,,,,,
1965,"Korea, Rep.",KOR,,,,63.7,1594670044,1594670044
1965,Kosovo,XKX,,,,,,
1965,Kuwait,KWT,,,,71.3,-9010000.229,-9010000.229
1965,Kyrgyz Republic,KGZ,,,,,,
1965,Lao PDR,LAO,,,,,453890014.6,453890014.6
1965,Latvia,LVA,,,,,,
1965,Lebanon,LBN,,163069,,49.6,60680000.31,60680000.31
1965,Lesotho,LSO,,,,141,83400001.53,83400001.53
1965,Liberia,LBR,,,,206.5,226330001.8,226330001.8
1965,Libya,LBY,,,,124.8,60919998.17,60919998.17
1965,Liechtenstein,LIE,,,,,,
1965,Lithuania,LTU,,,,,,
1965,Luxembourg,LUX,,,,24.4,,
1965,"Macao SAR, China",MAC,,80000,,,,
1965,Madagascar,MDG,,,,,384709991.5,384709991.5
1965,Malawi,MWI,,,,,293519989,293519989
1965,Malaysia,MYS,,,,52,179539993.3,179539993.3
1965,Maldives,MDV,,,,205.8,990000.0095,990000.0095
1965,Mali,MLI,,,,199.5,170410003.7,170410003.7
1965,Malta,MLT,,,,30.3,145940002.4,145940002.4
1965,Marshall Islands,MHL,,,,69.5,,
1965,Mauritania,MRT,,,,116.1,71470001.22,71470001.22
1965,Mauritius,MUS,,,,61.2,18549999.24,18549999.24
1965,Mexico,MEX,,,,89.4,333809997.6,333809997.6
1965,"Micronesia, Fed. Sts.",FSM,,,,72.9,,
1965,Moldova,MDA,,,,,,
1965,Monaco,MCO,,,,,,
1965,Mongolia,MNG,,,,,,
1965,Montenegro,MNE,,,,,,
1965,Morocco,MAR,,2360,,134,725030029.3,725030029.3
1965,Mozambique,MOZ,,,17000,181.3,,
1965,Myanmar,MMR,,,,,159199996.9,159199996.9
1965,Namibia,NAM,,,,,,
1965,Nauru,NRU,,,,,,
1965,Nepal,NPL,,7000,,199.5,119500000,119500000
1965,Netherlands,NLD,,9000,,14.5,,
1965,New Caledonia,NCL,,,,,,
1965,New Zealand,NZL,,,,18.7,,
1965,Nicaragua,NIC,,,,126.4,60610000.61,60610000.61
1965,Niger,NER,,,,,110349998.5,110349998.5
1965,Nigeria,NGA,,,,189.6,589390014.6,589390014.6
1965,North Macedonia,MKD,,,,,,
1965,Northern Mariana Islands,MNP,,,,,116389999.4,116389999.4
1965,Norway,NOR,,,,16,,
1965,Oman,OMN,,,,197.7,15949999.81,15949999.81
1965,Pakistan,PAK,,,,157.9,3430090088,3430090088
1965,Palau,PLW,,,,,,
1965,Panama,PAN,,,,58.4,245039993.3,245039993.3
1965,Papua New Guinea,PNG,,,,114.9,743489990.2,743489990.2
1965,Paraguay,PRY,,,,59.1,59680000.31,59680000.31
1965,Peru,PER,,,,119.1,365440002.4,365440002.4
1965,Philippines,PHL,,,,59,732640014.6,732640014.6
1965,Poland,POL,,,,40.5,,
1965,Portugal,PRT,,,,66,,
1965,Puerto Rico,PRI,,,,,,
1965,Qatar,QAT,,,,,,
1965,Romania,ROU,,,,45.2,,
1965,Russian Federation,RUS,,,,,,
1965,Rwanda,RWA,,3000,155900,124.3,68529998.78,68529998.78
1965,Samoa,WSM,,,,65.1,1620000.005,1620000.005
1965,San Marino,SMR,,,,,,
1965,Sao Tome and Principe,STP,,,,62.1,,
1965,Saudi Arabia,SAU,,,,,2630000.114,2630000.114
1965,Senegal,SEN,,50000,,129,365709991.5,365709991.5
1965,Serbia,SRB,,25820,,,,
1965,Seychelles,SYC,,,,69.1,13710000.04,13710000.04
1965,Sierra Leone,SLE,,,,204.7,119239997.9,119239997.9
1965,Singapore,SGP,,,,27.4,18989999.77,18989999.77
1965,Sint Maarten (Dutch part),SXM,,,,,,
1965,Slovak Republic,SVK,,,,,,
1965,Slovenia,SVN,,,,,,
1965,Solomon Islands,SLB,,,,93.7,36900001.53,36900001.53
1965,Somalia,SOM,,,,,230559997.6,230559997.6
1965,South Africa,ZAF,,,,,,
1965,South Sudan,SSD,,,,,,
1965,Spain,ESP,,14000,,37.2,,
1965,Sri Lanka,LKA,,,,59.7,105040000.9,105040000.9
1965,St. Kitts and Nevis,KNA,,,,,,
1965,St. Lucia,LCA,,,,82.5,,
1965,St. Martin (French part),MAF,,,,,,
1965,St. Vincent and the Grenadines,VCT,,,,74.8,,
1965,Sudan,SDN,,,81560,100.2,200759994.5,200759994.5
1965,Suriname,SUR,,,,,165919998.2,165919998.2
1965,Sweden,SWE,,22000,,13.7,,
1965,Switzerland,CHE,,20000,,18.4,,
1965,Syrian Arab Republic,SYR,,138081,,94,29530000.69,29530000.69
1965,Tajikistan,TJK,,,,,,
1965,Tanzania,TZA,,29000,,136.8,299089996.3,299089996.3
1965,Thailand,THA,,,,86,363510009.8,363510009.8
1965,Timor-Leste,TLS,,,,,,
1965,Togo,TGO,,5000,,145.6,97220001.22,97220001.22
1965,Tonga,TON,,,,52.4,3940000.057,3940000.057
1965,Trinidad and Tobago,TTO,,,,48.6,101190002.4,101190002.4
1965,Tunisia,TUN,,500,,157,617849975.6,617849975.6
1965,Turkiye,TUR,,2000,,145.7,1286780029,1286780029
1965,Turkmenistan,TKM,,,,,,
1965,Turks and Caicos Islands,TCA,,,,72,,
1965,Tuvalu,TUV,,,,94,,
1965,Uganda,UGA,,137400,,122,163880004.9,163880004.9
1965,Ukraine,UKR,,,,,,
1965,United Arab Emirates,ARE,,,,103.3,129999.9952,129999.9952
1965,United Kingdom,GBR,,170000,,20.2,,
1965,United States,USA,,510000,,23.3,,
1965,Uruguay,URY,,,,51.4,20229999.54,20229999.54
1965,Uzbekistan,UZB,,,,,,
1965,Vanuatu,VUT,,,,90.2,5170000.076,5170000.076
1965,"Venezuela, RB",VEN,,,,52.8,17770000.46,17770000.46
1965,Viet Nam,VNM,,,15000,56.8,2016000000,2016000000
1965,Virgin Islands (U.S.),VIR,,,,,,
1965,West Bank and Gaza,PSE,,301879,,,,
1965,"Yemen, Rep.",YEM,,,,265.1,268160003.7,268160003.7
1965,Zambia,ZMB,,5000,,113.7,99069999.69,99069999.69
1965,Zimbabwe,ZWE,,,,81.6,32189998.63,32189998.63
1965,Africa Eastern and Southern,AFE,,,,,,
1965,Africa Western and Central,AFW,,,,,,
1965,Arab World,ARB,,,,,,
1965,Caribbean small states,CSS,,,,,,
1965,Central Europe and the Baltics,CEB,,,,,,
1965,Early-demographic dividend,EAR,,,,,,
1965,East Asia & Pacific,EAS,,,,,7793750073,7793750073
1965,East Asia & Pacific (excluding high income),EAP,,,,,5661820020,5661820020
1965,East Asia & Pacific (IDA & IBRD countries),TEA,,,,,,
1965,Euro area,EMU,,,,,,
1965,Europe & Central Asia,ECS,,,,,1916600014,1916600014
1965,Europe & Central Asia (excluding high income),ECA,,,,,1800640015,1800640015
1965,Europe & Central Asia (IDA & IBRD countries),TEC,,,,,,
1965,European Union,EUU,,,,,,
1965,Fragile and conflict affected situations,FCS,,,,,,
1965,Heavily indebted poor countries (HIPC),HPC,,,,,,
1965,High income,HIC,,,,,4224880070,4224880070
1965,IBRD only,IBD,,,,,,
1965,IDA & IBRD total,IBT,,,,,,
1965,IDA blend,IDB,,,,,,
1965,IDA only,IDX,,,,,,
1965,IDA total,IDA,,,,,,
1965,Late-demographic dividend,LTE,,,,,,
1965,Latin America & Caribbean,LCN,,,,,5904239987,5904239987
1965,Latin America & Caribbean (excluding high income),LAC,,,,,5520179975,5520179975
1965,Latin America & the Caribbean (IDA & IBRD countries),TLA,,,,,,
1965,Least developed countries: UN classification,LDC,,,,,,
1965,Low & middle income,LMY,,,,,39953820313,39953820313
1965,Low income,LIC,,,,,4710659933,4710659933
1965,Lower middle income,LMC,,,,,24397440098,24397440098
1965,Middle East & North Africa,MEA,,,,,5396940018,5396940018
1965,Middle East & North Africa (excluding high income),MNA,,,,,4447320011,4447320011
1965,Middle East & North Africa (IDA & IBRD countries),TMN,,,,,,
1965,Middle income,MIC,,,,,31532859375,31532859375
1965,North America,NAC,,,,,449999.9881,449999.9881
1965,Not classified,INX,,,,,,
1965,OECD members,OED,,,,,,
1965,Other small states,OSS,,,,,,
1965,Pacific island small states,PSS,,,,,,
1965,Post-demographic dividend,PST,,,,,,
1965,Pre-demographic dividend,PRE,,,,,,
1965,Small states,SST,,,,,,
1965,South Asia,SAS,,,,,12842550100,12842550100
1965,South Asia (IDA & IBRD),TSA,,,,,,
1965,Sub-Saharan Africa,SSF,,,,,8363839927,8363839927
1965,Sub-Saharan Africa (excluding high income),SSA,,,,,8350129927,8350129927
1965,Sub-Saharan Africa (IDA & IBRD countries),TSS,,,,,,
1965,Upper middle income,UMC,,,,,6061880007,6061880007
1965,World,WLD,,,,,44888750000,44888750000
1966,Afghanistan,AFG,,,,217.4,318929992.7,318929992.7
1966,Albania,ALB,,,4860,,,
1966,Algeria,DZA,,,,147.6,891000000,891000000
1966,American Samoa,ASM,,,,,,
1966,Andorra,AND,,,,,,
1966,Angola,AGO,,,303800,,30360000.61,30360000.61
1966,Antigua and Barbuda,ATG,,,,36.1,,
1966,Argentina,ARG,,,,,-115849998.5,-115849998.5
1966,Armenia,ARM,,,,,,
1966,Aruba,ABW,,,,,,
1966,Australia,AUS,,40000,,18.3,,
1966,Austria,AUT,,24500,,27.2,,
1966,Azerbaijan,AZE,,,,,,
1966,"Bahamas, The",BHS,,,,,409999.9964,409999.9964
1966,Bahrain,BHR,,,,80.9,68239997.86,68239997.86
1966,Bangladesh,BGD,,,,155.7,,
1966,Barbados,BRB,,,,49,12720000.27,12720000.27
1966,Belarus,BLR,,,,,,
1966,Belgium,BEL,,40000,,23.2,,
1966,Belize,BLZ,,,,,20469999.31,20469999.31
1966,Benin,BEN,,,,165.2,111330001.8,111330001.8
1966,Bermuda,BMU,,,,,490000.0095,490000.0095
1966,Bhutan,BTN,,3000,,,439999.9976,439999.9976
1966,Bolivia,BOL,,,,156.2,192559997.6,192559997.6
1966,Bosnia and Herzegovina,BIH,,,,,,
1966,Botswana,BWA,,,,97.8,141679992.7,141679992.7
1966,Brazil,BRA,,,,111.1,2078979980,2078979980
1966,British Virgin Islands,VGB,,,,48.3,2890000.105,2890000.105
1966,Brunei Darussalam,BRN,,,,47.8,589999.9738,589999.9738
1966,Bulgaria,BGR,,,,31.2,,
1966,Burkina Faso,BFA,,,,148.7,128630004.9,128630004.9
1966,Burundi,BDI,,79000,250,144.9,70190002.44,70190002.44
1966,Cabo Verde,CPV,,,300,112.9,25579999.92,25579999.92
1966,Cambodia,KHM,,17000,,,85019996.64,85019996.64
1966,Cameroon,CMR,,,,145.5,361010009.8,361010009.8
1966,Canada,CAN,,10225,,22.1,,
1966,Cayman Islands,CYM,,,,,,
1966,Central African Republic,CAF,,43000,,148.2,116550003.1,116550003.1
1966,Chad,TCD,,,,,140320007.3,140320007.3
1966,Channel Islands,CHI,,,,,,
1966,Chile,CHL,,,,86.9,812770019.5,812770019.5
1966,China,CHN,,970,1326810,,,
1966,Colombia,COL,,,,79.2,523159973.1,523159973.1
1966,Comoros,COM,,,,,43919998.17,43919998.17
1966,"Congo, Dem. Rep.",COD,,357100,74800,,696710022,696710022
1966,"Congo, Rep.",COG,,,,95.1,180149993.9,180149993.9
1966,Costa Rica,CRI,,,,65.8,80000000,80000000
1966,Cote d'Ivoire,CIV,,,,182.1,266019989,266019989
1966,Croatia,HRV,,,,,,
1966,Cuba,CUB,,,,34.1,5019999.981,5019999.981
1966,Curacao,CUW,,,,,,
1966,Cyprus,CYP,,,,,12020000.46,12020000.46
1966,Czechia,CZE,,,,,,
1966,Denmark,DNK,,,,16.9,,
1966,Djibouti,DJI,,,,,46509998.32,46509998.32
1966,Dominica,DMA,,,,51,,
1966,Dominican Republic,DOM,,,,94.1,326200012.2,326200012.2
1966,Ecuador,ECU,,,,102.8,159339996.3,159339996.3
1966,"Egypt, Arab Rep.",EGY,,,,175.8,641440002.4,641440002.4
1966,El Salvador,SLV,,,,111.6,132789993.3,132789993.3
1966,Equatorial Guinea,GNQ,,,,,,
1966,Eritrea,ERI,,,,,,
1966,Estonia,EST,,,,,,
1966,Eswatini,SWZ,,,,126,89050003.05,89050003.05
1966,Ethiopia,ETH,,,,146.6,165350006.1,165350006.1
1966,Faroe Islands,FRO,,,,,,
1966,Fiji,FJI,,,,47,34689998.63,34689998.63
1966,Finland,FIN,,,,15.8,,
1966,France,FRA,,179468,,17.8,,
1966,French Polynesia,PYF,,,,,96750000,96750000
1966,Gabon,GAB,,,,,97930000.31,97930000.31
1966,"Gambia, The",GMB,,,,137.6,28180000.31,28180000.31
1966,Georgia,GEO,,,,,,
1966,Germany,DEU,,140000,,,,
1966,Ghana,GHA,,,,120.3,397000000,397000000
1966,Gibraltar,GIB,,,,,15029999.73,15029999.73
1966,Greece,GRC,,15300,7090,33.2,,
1966,Greenland,GRL,,,,,,
1966,Grenada,GRD,,,,44.4,,
1966,Guam,GUM,,,,,,
1966,Guatemala,GTM,,,,128.8,66309997.56,66309997.56
1966,Guinea,GIN,,,,199.4,89269996.64,89269996.64
1966,Guinea-Bissau,GNB,,,61050,,23629999.16,23629999.16
1966,Guyana,GUY,,,,57.2,66379997.25,66379997.25
1966,Haiti,HTI,,,,175.7,28600000.38,28600000.38
1966,Honduras,HND,,,,115.5,62819999.69,62819999.69
1966,"Hong Kong SAR, China",HKG,,1250040,,,16780000.69,16780000.69
1966,Hungary,HUN,,,3270,38.8,,
1966,Iceland,ISL,,,,14.9,,
1966,India,IND,,45000,,150.3,8389889648,8389889648
1966,Indonesia,IDN,,,,127.4,709820007.3,709820007.3
1966,"Iran, Islamic Rep.",IRN,,,,,99110000.61,99110000.61
1966,Iraq,IRQ,,,,95.5,25950000.76,25950000.76
1966,Ireland,IRL,,,,23.4,,
1966,Isle of Man,IMN,,,,,,
1966,Israel,ISR,,,,26.3,691989990.2,691989990.2
1966,Italy,ITA,,14000,,34.3,,
1966,Jamaica,JAM,,,,49.5,72940002.44,72940002.44
1966,Japan,JPN,,,,17.6,,
1966,Jordan,JOR,,714763,,78.4,510959991.5,510959991.5
1966,Kazakhstan,KAZ,,,,,,
1966,Kenya,KEN,,,,99.4,419880004.9,419880004.9
1966,Kiribati,KIR,,,,111.9,5219999.79,5219999.79
1966,"Korea, Dem. People's Rep.",PRK,,,,,,
1966,"Korea, Rep.",KOR,,,,60.3,1561640015,1561640015
1966,Kosovo,XKX,,,,,,
1966,Kuwait,KWT,,,,66.8,-9850000.381,-9850000.381
1966,Kyrgyz Republic,KGZ,,,,,,
1966,Lao PDR,LAO,,,,,457589996.3,457589996.3
1966,Latvia,LVA,,,,,,
1966,Lebanon,LBN,,164692,,48.8,57520000.46,57520000.46
1966,Lesotho,LSO,,,,141,103160003.7,103160003.7
1966,Liberia,LBR,,,,204.4,243960006.7,243960006.7
1966,Libya,LBY,,,,118.2,12949999.81,12949999.81
1966,Liechtenstein,LIE,,,,,,
1966,Lithuania,LTU,,,,,,
1966,Luxembourg,LUX,,,,23.2,,
1966,"Macao SAR, China",MAC,,73770,,,2109999.895,2109999.895
1966,Madagascar,MDG,,,,,347959991.5,347959991.5
1966,Malawi,MWI,,,150,212.6,254460006.7,254460006.7
1966,Malaysia,MYS,,,,49.8,228419998.2,228419998.2
1966,Maldives,MDV,,,,199.4,14350000.38,14350000.38
1966,Mali,MLI,,,,196.4,188970001.2,188970001.2
1966,Malta,MLT,,,,29.4,147119995.1,147119995.1
1966,Marshall Islands,MHL,,,,67.1,,
1966,Mauritania,MRT,,,,113.1,154190002.4,154190002.4
1966,Mauritius,MUS,,,,64.9,36169998.17,36169998.17
1966,Mexico,MEX,,,,86.6,228399993.9,228399993.9
1966,"Micronesia, Fed. Sts.",FSM,,,,70.2,,
1966,Moldova,MDA,,,,,,
1966,Monaco,MCO,,,,,,
1966,Mongolia,MNG,,,,,,
1966,Montenegro,MNE,,,,,,
1966,Morocco,MAR,,2180,,131.4,652630004.9,652630004.9
1966,Mozambique,MOZ,,,20800,182.3,70599998.47,70599998.47
1966,Myanmar,MMR,,,,,144720001.2,144720001.2
1966,Namibia,NAM,,,180,,,
1966,Nauru,NRU,,,,,,
1966,Nepal,NPL,,7000,,194.8,103239997.9,103239997.9
1966,Netherlands,NLD,,8500,,14.2,,
1966,New Caledonia,NCL,,,,,123830001.8,123830001.8
1966,New Zealand,NZL,,,,18.3,,
1966,Nicaragua,NIC,,,,124.7,79370002.75,79370002.75
1966,Niger,NER,,,,,164399993.9,164399993.9
1966,Nigeria,NGA,,,,185.3,498390014.6,498390014.6
1966,North Macedonia,MKD,,,,,,
1966,Northern Mariana Islands,MNP,,,,,112459999.1,112459999.1
1966,Norway,NOR,,,,15.4,,
1966,Oman,OMN,,,,188.3,5260000.229,5260000.229
1966,Pakistan,PAK,,,,154,2528219971,2528219971
1966,Palau,PLW,,,,,,
1966,Panama,PAN,,,,56.9,124050003.1,124050003.1
1966,Papua New Guinea,PNG,,,,111.6,745789978,745789978
1966,Paraguay,PRY,,,,58.9,58659999.85,58659999.85
1966,Peru,PER,,,,115.6,279859985.4,279859985.4
1966,Philippines,PHL,,,,58,394510009.8,394510009.8
1966,Poland,POL,,,,37.9,,
1966,Portugal,PRT,,,,63.2,,
1966,Puerto Rico,PRI,,,,,,
1966,Qatar,QAT,,,,,70000.0003,70000.0003
1966,Romania,ROU,,,,49.3,,
1966,Russian Federation,RUS,,,17970,,,
1966,Rwanda,RWA,,250,159600,124.6,96309997.56,96309997.56
1966,Samoa,WSM,,,,63,3019999.981,3019999.981
1966,San Marino,SMR,,,,,,
1966,Sao Tome and Principe,STP,,,,60.4,11250000,11250000
1966,Saudi Arabia,SAU,,,,,2349999.905,2349999.905
1966,Senegal,SEN,,61400,,128.9,327649993.9,327649993.9
1966,Serbia,SRB,,26100,,,,
1966,Seychelles,SYC,,,,67.2,7780000.21,7780000.21
1966,Sierra Leone,SLE,,,,201.7,71459999.08,71459999.08
1966,Singapore,SGP,,,,26.4,18479999.54,18479999.54
1966,Sint Maarten (Dutch part),SXM,,,,,,
1966,Slovak Republic,SVK,,,,,,
1966,Slovenia,SVN,,,,,,
1966,Solomon Islands,SLB,,,,89.3,43860000.61,43860000.61
1966,Somalia,SOM,,,,,362899993.9,362899993.9
1966,South Africa,ZAF,,,390,,,
1966,South Sudan,SSD,,,,,,
1966,Spain,ESP,,17000,,35.5,,
1966,Sri Lanka,LKA,,,,58.1,230039993.3,230039993.3
1966,St. Kitts and Nevis,KNA,,,,,,
1966,St. Lucia,LCA,,,,76.2,,
1966,St. Martin (French part),MAF,,,,,,
1966,St. Vincent and the Grenadines,VCT,,,,68,,
1966,Sudan,SDN,,,115000,99.1,261260009.8,261260009.8
1966,Suriname,SUR,,,,,30479999.54,30479999.54
1966,Sweden,SWE,,20000,,13.1,,
1966,Switzerland,CHE,,20500,,17.6,,
1966,Syrian Arab Republic,SYR,,142206,,90.2,140649993.9,140649993.9
1966,Tajikistan,TJK,,,,,,
1966,Tanzania,TZA,,33950,,134.9,248169998.2,248169998.2
1966,Thailand,THA,,,,83.1,310540008.5,310540008.5
1966,Timor-Leste,TLS,,,,,,
1966,Togo,TGO,,,,143.4,83150001.53,83150001.53
1966,Tonga,TON,,,,49.6,4659999.847,4659999.847
1966,Trinidad and Tobago,TTO,,,,47.5,60650001.53,60650001.53
1966,Tunisia,TUN,,,,149.3,556119995.1,556119995.1
1966,Turkiye,TUR,,1900,,141.4,1403000000,1403000000
1966,Turkmenistan,TKM,,,,,,
1966,Turks and Caicos Islands,TCA,,,,66.8,,
1966,Tuvalu,TUV,,,,90.1,,
1966,Uganda,UGA,,156000,,120.2,175839996.3,175839996.3
1966,Ukraine,UKR,,,,,,
1966,United Arab Emirates,ARE,,,,96.6,11020000.46,11020000.46
1966,United Kingdom,GBR,,167000,,19.6,,
1966,United States,USA,,500000,,22.7,,
1966,Uruguay,URY,,,,51,28920000.08,28920000.08
1966,Uzbekistan,UZB,,,,,,
1966,Vanuatu,VUT,,,,87.1,18350000.38,18350000.38
1966,"Venezuela, RB",VEN,,,,51.9,179270004.3,179270004.3
1966,Viet Nam,VNM,,,17000,56.4,3219560059,3219560059
1966,Virgin Islands (U.S.),VIR,,,,,,
1966,West Bank and Gaza,PSE,,311846,,,,
1966,"Yemen, Rep.",YEM,,,,257.4,310179992.7,310179992.7
1966,Zambia,ZMB,,6290,,113,243720001.2,243720001.2
1966,Zimbabwe,ZWE,,,,79.5,2910000.086,2910000.086
1966,Africa Eastern and Southern,AFE,,,,,,
1966,Africa Western and Central,AFW,,,,,,
1966,Arab World,ARB,,,,,,
1966,Caribbean small states,CSS,,,,,,
1966,Central Europe and the Baltics,CEB,,,,,,
1966,Early-demographic dividend,EAR,,,,,,
1966,East Asia & Pacific,EAS,,,,,8926790071,8926790071
1966,East Asia & Pacific (excluding high income),EAP,,,,,6524210052,6524210052
1966,East Asia & Pacific (IDA & IBRD countries),TEA,,,,,,
1966,Euro area,EMU,,,,,,
1966,Europe & Central Asia,ECS,,,,,2254350017,2254350017
1966,Europe & Central Asia (excluding high income),ECA,,,,,2226580017,2226580017
1966,Europe & Central Asia (IDA & IBRD countries),TEC,,,,,,
1966,European Union,EUU,,,,,,
1966,Fragile and conflict affected situations,FCS,,,,,,
1966,Heavily indebted poor countries (HIPC),HPC,,,,,,
1966,High income,HIC,,,,,4396510026,4396510026
1966,IBRD only,IBD,,,,,,
1966,IDA & IBRD total,IBT,,,,,,
1966,IDA blend,IDB,,,,,,
1966,IDA only,IDX,,,,,,
1966,IDA total,IDA,,,,,,
1966,Late-demographic dividend,LTE,,,,,,
1966,Latin America & Caribbean,LCN,,,,,6035569976,6035569976
1966,Latin America & Caribbean (excluding high income),LAC,,,,,5056679948,5056679948
1966,Latin America & the Caribbean (IDA & IBRD countries),TLA,,,,,,
1966,Least developed countries: UN classification,LDC,,,,,,
1966,Low & middle income,LMY,,,,,39513140625,39513140625
1966,Low income,LIC,,,,,4926680025,4926680025
1966,Lower middle income,LMC,,,,,23789779669,23789779669
1966,Middle East & North Africa,MEA,,,,,4926999964,4926999964
1966,Middle East & North Africa (excluding high income),MNA,,,,,4010799980,4010799980
1966,Middle East & North Africa (IDA & IBRD countries),TMN,,,,,,
1966,Middle income,MIC,,,,,31673490234,31673490234
1966,North America,NAC,,,,,490000.0095,490000.0095
1966,Not classified,INX,,,,,,
1966,OECD members,OED,,,,,,
1966,Other small states,OSS,,,,,,
1966,Pacific island small states,PSS,,,,,,
1966,Post-demographic dividend,PST,,,,,,
1966,Pre-demographic dividend,PRE,,,,,,
1966,Small states,SST,,,,,,
1966,South Asia,SAS,,,,,11585109603,11585109603
1966,South Asia (IDA & IBRD),TSA,,,,,,
1966,Sub-Saharan Africa,SSF,,,,,8595820028,8595820028
1966,Sub-Saharan Africa (excluding high income),SSA,,,,,8588040028,8588040028
1966,Sub-Saharan Africa (IDA & IBRD countries),TSS,,,,,,
1966,Upper middle income,UMC,,,,,6701649928,6701649928
1966,World,WLD,,,,,44169558594,44169558594
1967,Afghanistan,AFG,,,,213.5,253910003.7,253910003.7
1967,Albania,ALB,,,4260,,,
1967,Algeria,DZA,,,,147.7,751580017.1,751580017.1
1967,American Samoa,ASM,,,,,,
1967,Andorra,AND,,,,,,
1967,Angola,AGO,,,356200,,185619995.1,185619995.1
1967,Antigua and Barbuda,ATG,,,,32.3,,
1967,Argentina,ARG,,,,,62279998.78,62279998.78
1967,Armenia,ARM,,,,,,
1967,Aruba,ABW,,,,,,
1967,Australia,AUS,,44000,,18.2,,
1967,Austria,AUT,,24000,,26.3,,
1967,Azerbaijan,AZE,,,,,,
1967,"Bahamas, The",BHS,,,,,4380000.114,4380000.114
1967,Bahrain,BHR,,,,74.1,419999.9869,419999.9869
1967,Bangladesh,BGD,,,,154.2,,
1967,Barbados,BRB,,,,46.8,4170000.076,4170000.076
1967,Belarus,BLR,,,,,,
1967,Belgium,BEL,,34000,,22.5,,
1967,Belize,BLZ,,,,78.6,47419998.17,47419998.17
1967,Benin,BEN,,,,162.2,119610000.6,119610000.6
1967,Bermuda,BMU,,,,,500000,500000
1967,Bhutan,BTN,,,,,79999.99821,79999.99821
1967,Bolivia,BOL,,,,153,186149993.9,186149993.9
1967,Bosnia and Herzegovina,BIH,,,,,,
1967,Botswana,BWA,,,,95.4,147350006.1,147350006.1
1967,Brazil,BRA,,,,108.9,1045099976,1045099976
1967,British Virgin Islands,VGB,,,,45.4,130720001.2,130720001.2
1967,Brunei Darussalam,BRN,,,,45.3,500000,500000
1967,Bulgaria,BGR,,,,31,,
1967,Burkina Faso,BFA,,,,147.6,137520004.3,137520004.3
1967,Burundi,BDI,,79000,,145.8,80580001.83,80580001.83
1967,Cabo Verde,CPV,,,300,110.4,7260000.229,7260000.229
1967,Cambodia,KHM,,20000,,,98699996.95,98699996.95
1967,Cameroon,CMR,,,,140.8,275970001.2,275970001.2
1967,Canada,CAN,,9991,,21.2,,
1967,Cayman Islands,CYM,,,,,,
1967,Central African Republic,CAF,,35000,,145.4,146880004.9,146880004.9
1967,Chad,TCD,,,,,141210006.7,141210006.7
1967,Channel Islands,CHI,,,,,,
1967,Chile,CHL,,,,78.7,610400024.4,610400024.4
1967,China,CHN,,,74000,,,
1967,Colombia,COL,,,,77,587150024.4,587150024.4
1967,Comoros,COM,,,,,67870002.75,67870002.75
1967,"Congo, Dem. Rep.",COD,,434100,78190,,683780029.3,683780029.3
1967,"Congo, Rep.",COG,,,930,92.3,136520004.3,136520004.3
1967,Costa Rica,CRI,,,,63,80430000.31,80430000.31
1967,Cote d'Ivoire,CIV,,,,177.3,244820007.3,244820007.3
1967,Croatia,HRV,,,,,,
1967,Cuba,CUB,,,,32.7,5079999.924,5079999.924
1967,Curacao,CUW,,,,,,
1967,Cyprus,CYP,,,,,9640000.343,9640000.343
1967,Czechia,CZE,,,,,,
1967,Denmark,DNK,,,,16,,
1967,Djibouti,DJI,,,,,68169998.17,68169998.17
1967,Dominica,DMA,,,,47,,
1967,Dominican Republic,DOM,,,,92.4,354399993.9,354399993.9
1967,Ecuador,ECU,,,,100.9,168240005.5,168240005.5
1967,"Egypt, Arab Rep.",EGY,,,,172.1,234070007.3,234070007.3
1967,El Salvador,SLV,,,,109.6,90069999.69,90069999.69
1967,Equatorial Guinea,GNQ,,,,,,
1967,Eritrea,ERI,,,,,,
1967,Estonia,EST,,,,,,
1967,Eswatini,SWZ,,,,123.5,78959999.08,78959999.08
1967,Ethiopia,ETH,,,28600,146.1,177350006.1,177350006.1
1967,Faroe Islands,FRO,,,,,,
1967,Fiji,FJI,,,,45.9,23389999.39,23389999.39
1967,Finland,FIN,,,,15,,
1967,France,FRA,,177200,,17.2,,
1967,French Polynesia,PYF,,,,,105930000.3,105930000.3
1967,Gabon,GAB,,,,,104949996.9,104949996.9
1967,"Gambia, The",GMB,,,,135.2,23959999.08,23959999.08
1967,Georgia,GEO,,,,,,
1967,Germany,DEU,,112000,,,,
1967,Ghana,GHA,,,,120.5,317640014.6,317640014.6
1967,Gibraltar,GIB,,,,,22680000.31,22680000.31
1967,Greece,GRC,,12270,23420,32.3,,
1967,Greenland,GRL,,,,,,
1967,Grenada,GRD,,,,42.9,,
1967,Guam,GUM,,,,,,
1967,Guatemala,GTM,,,,125.6,94099998.47,94099998.47
1967,Guinea,GIN,,,,197.7,47790000.92,47790000.92
1967,Guinea-Bissau,GNB,,,59520,,5210000.038,5210000.038
1967,Guyana,GUY,,,,56.5,75690002.44,75690002.44
1967,Haiti,HTI,,,,172.4,27989999.77,27989999.77
1967,Honduras,HND,,,,111.9,54939998.63,54939998.63
1967,"Hong Kong SAR, China",HKG,,,,,18549999.24,18549999.24
1967,Hungary,HUN,,,3270,37.8,,
1967,Iceland,ISL,,,,14.4,,
1967,India,IND,,50000,,148.7,8988540039,8988540039
1967,Indonesia,IDN,,,,123.7,1863439941,1863439941
1967,"Iran, Islamic Rep.",IRN,,,,,274239990.2,274239990.2
1967,Iraq,IRQ,,,,91.3,23819999.69,23819999.69
1967,Ireland,IRL,,,,22,,
1967,Isle of Man,IMN,,,,,,
1967,Israel,ISR,,,,25.7,433570007.3,433570007.3
1967,Italy,ITA,,13000,,33.1,,
1967,Jamaica,JAM,,,,48,63189998.63,63189998.63
1967,Japan,JPN,,,,16.3,,
1967,Jordan,JOR,,668453,,74.8,355260009.8,355260009.8
1967,Kazakhstan,KAZ,,,,,,
1967,Kenya,KEN,,,,97.7,284839996.3,284839996.3
1967,Kiribati,KIR,,,,108,11949999.81,11949999.81
1967,"Korea, Dem. People's Rep.",PRK,,,,,,
1967,"Korea, Rep.",KOR,,,,56.9,1743790039,1743790039
1967,Kosovo,XKX,,,,,,
1967,Kuwait,KWT,,,,62.9,-9770000.458,-9770000.458
1967,Kyrgyz Republic,KGZ,,,,,,
1967,Lao PDR,LAO,,,,,476600006.1,476600006.1
1967,Latvia,LVA,,,,,,
1967,Lebanon,LBN,,122967,,48.1,57790000.92,57790000.92
1967,Lesotho,LSO,,,,140.2,110339996.3,110339996.3
1967,Liberia,LBR,,,,201.8,155410003.7,155410003.7
1967,Libya,LBY,,,,111.9,18909999.85,18909999.85
1967,Liechtenstein,LIE,,,,,,
1967,Lithuania,LTU,,,,21.4,,
1967,Luxembourg,LUX,,,,22.1,,
1967,"Macao SAR, China",MAC,,74000,,,850000.0238,850000.0238
1967,Madagascar,MDG,,,,,316769989,316769989
1967,Malawi,MWI,,,300,211.5,239289993.3,239289993.3
1967,Malaysia,MYS,,,,47.9,169820007.3,169820007.3
1967,Maldives,MDV,,,,192.5,2970000.029,2970000.029
1967,Mali,MLI,,,,193.3,124400001.5,124400001.5
1967,Malta,MLT,,,,28.4,134179992.7,134179992.7
1967,Marshall Islands,MHL,,,,64.7,,
1967,Mauritania,MRT,,,,110.1,91220001.22,91220001.22
1967,Mauritius,MUS,,,,67.2,42299999.24,42299999.24
1967,Mexico,MEX,,,,83.8,263230011,263230011
1967,"Micronesia, Fed. Sts.",FSM,,,,67.6,,
1967,Moldova,MDA,,,,,,
1967,Monaco,MCO,,,,,,
1967,Mongolia,MNG,,,,,,
1967,Montenegro,MNE,,,,,,
1967,Morocco,MAR,,3000,,128.7,393619995.1,393619995.1
1967,Mozambique,MOZ,,,27750,183.2,184029998.8,184029998.8
1967,Myanmar,MMR,,,,,101610000.6,101610000.6
1967,Namibia,NAM,,,230,61.8,,
1967,Nauru,NRU,,,,,,
1967,Nepal,NPL,,7180,,190.2,92459999.08,92459999.08
1967,Netherlands,NLD,,8000,,13.8,,
1967,New Caledonia,NCL,,,,,81250000,81250000
1967,New Zealand,NZL,,3000,,17.9,,
1967,Nicaragua,NIC,,,,123,69190002.44,69190002.44
1967,Niger,NER,,,,129.1,156649993.9,156649993.9
1967,Nigeria,NGA,,,,181.2,506989990.2,506989990.2
1967,North Macedonia,MKD,,,,,,
1967,Northern Mariana Islands,MNP,,,,,122230003.4,122230003.4
1967,Norway,NOR,,,,14.8,,
1967,Oman,OMN,,,,179.3,7889999.866,7889999.866
1967,Pakistan,PAK,,,,150.6,3162070068,3162070068
1967,Palau,PLW,,,,,,
1967,Panama,PAN,,,,55.4,103190002.4,103190002.4
1967,Papua New Guinea,PNG,,,,108.4,829500000,829500000
1967,Paraguay,PRY,,,,58.6,77589996.34,77589996.34
1967,Peru,PER,,,,112.4,278450012.2,278450012.2
1967,Philippines,PHL,,,,57.1,722890014.6,722890014.6
1967,Poland,POL,,,,35.8,,
1967,Portugal,PRT,,,,61.3,,
1967,Puerto Rico,PRI,,,,,,
1967,Qatar,QAT,,,,,70000.0003,70000.0003
1967,Romania,ROU,,,,54.5,,
1967,Russian Federation,RUS,,,,,,
1967,Rwanda,RWA,,,160230,125.6,106239997.9,106239997.9
1967,Samoa,WSM,,,,60.9,5179999.828,5179999.828
1967,San Marino,SMR,,,,,,
1967,Sao Tome and Principe,STP,,,,58.9,3890000.105,3890000.105
1967,Saudi Arabia,SAU,,,,,3140000.105,3140000.105
1967,Senegal,SEN,,59870,,128.5,343630004.9,343630004.9
1967,Serbia,SRB,,26210,,,,
1967,Seychelles,SYC,,,,65,18620000.84,18620000.84
1967,Sierra Leone,SLE,,,,198.7,50770000.46,50770000.46
1967,Singapore,SGP,,,,25.2,59389999.39,59389999.39
1967,Sint Maarten (Dutch part),SXM,,,,,,
1967,Slovak Republic,SVK,,,,,,
1967,Slovenia,SVN,,,,,,
1967,Solomon Islands,SLB,,,,84.8,48520000.46,48520000.46
1967,Somalia,SOM,,,,,99599998.47,99599998.47
1967,South Africa,ZAF,,,450,,,
1967,South Sudan,SSD,,,,,,
1967,Spain,ESP,,20000,,33.7,,
1967,Sri Lanka,LKA,,,,56.4,320600006.1,320600006.1
1967,St. Kitts and Nevis,KNA,,,,,,
1967,St. Lucia,LCA,,,,70.1,,
1967,St. Martin (French part),MAF,,,,,,
1967,St. Vincent and the Grenadines,VCT,,,,62.4,,
1967,Sudan,SDN,,33000,120990,98.2,103940002.4,103940002.4
1967,Suriname,SUR,,,,,32000000,32000000
1967,Sweden,SWE,,18000,,12.6,,
1967,Switzerland,CHE,,21000,,16.9,,
1967,Syrian Arab Republic,SYR,,127304,,86.4,40020000.46,40020000.46
1967,Tajikistan,TJK,,,,,,
1967,Tanzania,TZA,,39800,,133.1,288029998.8,288029998.8
1967,Thailand,THA,,,,80.2,389029998.8,389029998.8
1967,Timor-Leste,TLS,,,,,3259999.99,3259999.99
1967,Togo,TGO,,,,141.1,95309997.56,95309997.56
1967,Tonga,TON,,,,46.8,9560000.42,9560000.42
1967,Trinidad and Tobago,TTO,,,,46.5,35569999.69,35569999.69
1967,Tunisia,TUN,,,,142.2,626280029.3,626280029.3
1967,Turkiye,TUR,,1850,,137.4,1371260010,1371260010
1967,Turkmenistan,TKM,,,,,,
1967,Turks and Caicos Islands,TCA,,,,61.9,,
1967,Tuvalu,TUV,,,,86.3,,
1967,Uganda,UGA,,162760,,118.5,165229995.7,165229995.7
1967,Ukraine,UKR,,,,,,
1967,United Arab Emirates,ARE,,,,89.8,13199999.81,13199999.81
1967,United Kingdom,GBR,,164000,,19.1,,
1967,United States,USA,,480000,,22,,
1967,Uruguay,URY,,,,50.6,33939998.63,33939998.63
1967,Uzbekistan,UZB,,,,,,
1967,Vanuatu,VUT,,,,84.1,16819999.69,16819999.69
1967,"Venezuela, RB",VEN,,,,51,156699996.9,156699996.9
1967,Viet Nam,VNM,,,20000,56,2794340088,2794340088
1967,Virgin Islands (U.S.),VIR,,,,,,
1967,West Bank and Gaza,PSE,,295040,,,,
1967,"Yemen, Rep.",YEM,,,,249,206080001.8,206080001.8
1967,Zambia,ZMB,,10710,,112.6,520010009.8,520010009.8
1967,Zimbabwe,ZWE,,,,77.7,2900000.095,2900000.095
1967,Africa Eastern and Southern,AFE,,,,,,
1967,Africa Western and Central,AFW,,,,,,
1967,Arab World,ARB,,,,,,
1967,Caribbean small states,CSS,,,,,,
1967,Central Europe and the Baltics,CEB,,,,,,
1967,Early-demographic dividend,EAR,,,,,,
1967,East Asia & Pacific,EAS,,,,,10297290078,10297290078
1967,East Asia & Pacific (excluding high income),EAP,,,,,7714250049,7714250049
1967,East Asia & Pacific (IDA & IBRD countries),TEA,,,,,,
1967,Euro area,EMU,,,,,,
1967,Europe & Central Asia,ECS,,,,,1708880017,1708880017
1967,Europe & Central Asia (excluding high income),ECA,,,,,1418500011,1418500011
1967,Europe & Central Asia (IDA & IBRD countries),TEC,,,,,,
1967,European Union,EUU,,,,,,
1967,Fragile and conflict affected situations,FCS,,,,,,
1967,Heavily indebted poor countries (HIPC),HPC,,,,,,
1967,High income,HIC,,,,,4139550057,4139550057
1967,IBRD only,IBD,,,,,,
1967,IDA & IBRD total,IBT,,,,,,
1967,IDA blend,IDB,,,,,,
1967,IDA only,IDX,,,,,,
1967,IDA total,IDA,,,,,,
1967,Late-demographic dividend,LTE,,,,,,
1967,Latin America & Caribbean,LCN,,,,,4871770039,4871770039
1967,Latin America & Caribbean (excluding high income),LAC,,,,,3964330020,3964330020
1967,Latin America & the Caribbean (IDA & IBRD countries),TLA,,,,,,
1967,Least developed countries: UN classification,LDC,,,,,,
1967,Low & middle income,LMY,,,,,40218308594,40218308594
1967,Low income,LIC,,,,,4351480042,4351480042
1967,Lower middle income,LMC,,,,,25436760206,25436760206
1967,Middle East & North Africa,MEA,,,,,3690830050,3690830050
1967,Middle East & North Africa (excluding high income),MNA,,,,,3108130051,3108130051
1967,Middle East & North Africa (IDA & IBRD countries),TMN,,,,,,
1967,Middle income,MIC,,,,,31785929688,31785929688
1967,North America,NAC,,,,,500000,500000
1967,Not classified,INX,,,,,,
1967,OECD members,OED,,,,,,
1967,Other small states,OSS,,,,,,
1967,Pacific island small states,PSS,,,,,,
1967,Post-demographic dividend,PST,,,,,,
1967,Pre-demographic dividend,PRE,,,,,,
1967,Small states,SST,,,,,,
1967,South Asia,SAS,,,,,12820630116,12820630116
1967,South Asia (IDA & IBRD),TSA,,,,,,
1967,Sub-Saharan Africa,SSF,,,,,9386790058,9386790058
1967,Sub-Saharan Africa (excluding high income),SSA,,,,,9368170058,9368170058
1967,Sub-Saharan Africa (IDA & IBRD countries),TSS,,,,,,
1967,Upper middle income,UMC,,,,,5892970043,5892970043
1967,World,WLD,,,,,44407808594,44407808594
1968,Afghanistan,AFG,,,,209.6,175389999.4,175389999.4
1968,Albania,ALB,,,4120,,,
1968,Algeria,DZA,,,,147.4,805580017.1,805580017.1
1968,American Samoa,ASM,,,,,,
1968,Andorra,AND,,,,,,
1968,Angola,AGO,,,381360,,59999.99866,59999.99866
1968,Antigua and Barbuda,ATG,,,,29,,
1968,Argentina,ARG,,,,,-39450000.76,-39450000.76
1968,Armenia,ARM,,,200,,,
1968,Aruba,ABW,,,,,,
1968,Australia,AUS,,43000,,18.1,,
1968,Austria,AUT,,24000,,25.7,,
1968,Azerbaijan,AZE,,,,,,
1968,"Bahamas, The",BHS,,,,24.6,430000.0072,430000.0072
1968,Bahrain,BHR,,,,67.8,1929999.948,1929999.948
1968,Bangladesh,BGD,,,,153.1,,
1968,Barbados,BRB,,,,44.8,6420000.076,6420000.076
1968,Belarus,BLR,,,,,,
1968,Belgium,BEL,,33000,,21.9,,
1968,Belize,BLZ,,,,75.8,48369998.93,48369998.93
1968,Benin,BEN,,,,159.4,96459999.08,96459999.08
1968,Bermuda,BMU,,,,,340000.0036,340000.0036
1968,Bhutan,BTN,,,,194.2,1159999.967,1159999.967
1968,Bolivia,BOL,,,,149.8,245800003.1,245800003.1
1968,Bosnia and Herzegovina,BIH,,,,,,
1968,Botswana,BWA,,3980,,92.7,145860000.6,145860000.6
1968,Brazil,BRA,,,,106.6,1219459961,1219459961
1968,British Virgin Islands,VGB,,,,42.8,,
1968,Brunei Darussalam,BRN,,,,43.1,219999.9988,219999.9988
1968,Bulgaria,BGR,,,,30.2,,
1968,Burkina Faso,BFA,,,,146.7,158440002.4,158440002.4
1968,Burundi,BDI,,72200,,146.9,97279998.78,97279998.78
1968,Cabo Verde,CPV,,,430,107.5,,
1968,Cambodia,KHM,,22000,,,69440002.44,69440002.44
1968,Cameroon,CMR,,,,135.7,349920013.4,349920013.4
1968,Canada,CAN,,17950,,20.3,,
1968,Cayman Islands,CYM,,,,,,
1968,Central African Republic,CAF,,23000,,142.9,121510002.1,121510002.1
1968,Chad,TCD,,,,,146520004.3,146520004.3
1968,Channel Islands,CHI,,,,,,
1968,Chile,CHL,,,,72.6,451070007.3,451070007.3
1968,China,CHN,,,70000,,,
1968,Colombia,COL,,,,74.9,694710022,694710022
1968,Comoros,COM,,,,,55220001.22,55220001.22
1968,"Congo, Dem. Rep.",COD,,475400,67330,,555750000,555750000
1968,"Congo, Rep.",COG,,,330,89.6,150850006.1,150850006.1
1968,Costa Rica,CRI,,,,62.2,70360000.61,70360000.61
1968,Cote d'Ivoire,CIV,,,,172.5,312559997.6,312559997.6
1968,Croatia,HRV,,,,,,
1968,Cuba,CUB,,,,31.4,4340000.153,4340000.153
1968,Curacao,CUW,,,,,,
1968,Cyprus,CYP,,200,,,5889999.866,5889999.866
1968,Czechia,CZE,,,,,,
1968,Denmark,DNK,,,,15.3,,
1968,Djibouti,DJI,,,,,65440002.44,65440002.44
1968,Dominica,DMA,,,,43.3,,
1968,Dominican Republic,DOM,,,,90.6,251289993.3,251289993.3
1968,Ecuador,ECU,,,,99,139190002.4,139190002.4
1968,"Egypt, Arab Rep.",EGY,,,,169,226119995.1,226119995.1
1968,El Salvador,SLV,,,,107.7,64400001.53,64400001.53
1968,Equatorial Guinea,GNQ,,40000,,,,
1968,Eritrea,ERI,,,,,,
1968,Estonia,EST,,,,,,
1968,Eswatini,SWZ,,,,120.8,70739997.86,70739997.86
1968,Ethiopia,ETH,,20000,31000,145.9,277820007.3,277820007.3
1968,Faroe Islands,FRO,,,,,,
1968,Fiji,FJI,,,,45,53740001.68,53740001.68
1968,Finland,FIN,,,,14.4,,
1968,France,FRA,,176736,,16.5,,
1968,French Polynesia,PYF,,,,,122839996.3,122839996.3
1968,Gabon,GAB,,,,,92839996.34,92839996.34
1968,"Gambia, The",GMB,,,,132.7,45580001.83,45580001.83
1968,Georgia,GEO,,,,,,
1968,Germany,DEU,,110000,,23.4,,
1968,Ghana,GHA,,,,120.7,433019989,433019989
1968,Gibraltar,GIB,,,,,8060000.42,8060000.42
1968,Greece,GRC,,8260,21820,31,,
1968,Greenland,GRL,,,,,,
1968,Grenada,GRD,,,,41.7,,
1968,Guam,GUM,,,,,,
1968,Guatemala,GTM,,,,122.4,98150001.53,98150001.53
1968,Guinea,GIN,,,,195.7,35619998.93,35619998.93
1968,Guinea-Bissau,GNB,,,56740,,,
1968,Guyana,GUY,,,,56,103379997.3,103379997.3
1968,Haiti,HTI,,,,169.1,34810001.37,34810001.37
1968,Honduras,HND,,,,108.2,100629997.3,100629997.3
1968,"Hong Kong SAR, China",HKG,,,,,8680000.305,8680000.305
1968,Hungary,HUN,,,3270,36.9,,
1968,Iceland,ISL,,,,13.8,,
1968,India,IND,,55000,,147.1,5941910156,5941910156
1968,Indonesia,IDN,,,,120.1,2382729980,2382729980
1968,"Iran, Islamic Rep.",IRN,,300,,,73480003.36,73480003.36
1968,Iraq,IRQ,,,2700,87.4,15659999.85,15659999.85
1968,Ireland,IRL,,,,20.8,,
1968,Isle of Man,IMN,,,,,,
1968,Israel,ISR,,,,25.2,364529998.8,364529998.8
1968,Italy,ITA,,13000,,32,,
1968,Jamaica,JAM,,,,46.5,117910003.7,117910003.7
1968,Japan,JPN,,,,15.1,,
1968,Jordan,JOR,,478369,,71.4,295339996.3,295339996.3
1968,Kazakhstan,KAZ,,,,,,
1968,Kenya,KEN,,,,96,458049987.8,458049987.8
1968,Kiribati,KIR,,,,104.5,11770000.46,11770000.46
1968,"Korea, Dem. People's Rep.",PRK,,,,,,
1968,"Korea, Rep.",KOR,,,,53.6,1514790039,1514790039
1968,Kosovo,XKX,,,,,,
1968,Kuwait,KWT,,,,59.2,90000.00358,90000.00358
1968,Kyrgyz Republic,KGZ,,,,,,
1968,Lao PDR,LAO,,,,,376829986.6,376829986.6
1968,Latvia,LVA,,,,,,
1968,Lebanon,LBN,,173437,,47.5,127139999.4,127139999.4
1968,Lesotho,LSO,,,,138.6,112529998.8,112529998.8
1968,Liberia,LBR,,,,198.8,95639999.39,95639999.39
1968,Libya,LBY,,,,105.9,47130001.07,47130001.07
1968,Liechtenstein,LIE,,,,,,
1968,Lithuania,LTU,,,,20.7,,
1968,Luxembourg,LUX,,,,21,,
1968,"Macao SAR, China",MAC,,70000,,,980000.0191,980000.0191
1968,Madagascar,MDG,,,,90,345739990.2,345739990.2
1968,Malawi,MWI,,,140,210,358359985.4,358359985.4
1968,Malaysia,MYS,,,,46.3,202279998.8,202279998.8
1968,Maldives,MDV,,,,186.1,2119999.886,2119999.886
1968,Mali,MLI,,,,190.4,204039993.3,204039993.3
1968,Malta,MLT,,,,27.3,153070007.3,153070007.3
1968,Marshall Islands,MHL,,,,62.4,,
1968,Mauritania,MRT,,,,107.3,158669998.2,158669998.2
1968,Mauritius,MUS,,,,67.2,87569999.69,87569999.69
1968,Mexico,MEX,,,,81.2,180190002.4,180190002.4
1968,"Micronesia, Fed. Sts.",FSM,,,,65.1,,
1968,Moldova,MDA,,,,,,
1968,Monaco,MCO,,,,,,
1968,Mongolia,MNG,,,,,,
1968,Montenegro,MNE,,,,,,
1968,Morocco,MAR,,1480,,126.1,558580017.1,558580017.1
1968,Mozambique,MOZ,,,33750,183.4,140000.0006,140000.0006
1968,Myanmar,MMR,,,,123.1,124800003.1,124800003.1
1968,Namibia,NAM,,,1330,62,,
1968,Nauru,NRU,,,,,,
1968,Nepal,NPL,,7730,,185.7,70230003.36,70230003.36
1968,Netherlands,NLD,,8000,,13.4,,
1968,New Caledonia,NCL,,,,,106580001.8,106580001.8
1968,New Zealand,NZL,,2000,,17.6,,
1968,Nicaragua,NIC,,,,121,66330001.83,66330001.83
1968,Niger,NER,,,,130.5,206009994.5,206009994.5
1968,Nigeria,NGA,,,51100,176.9,497209991.5,497209991.5
1968,North Macedonia,MKD,,,,,,
1968,Northern Mariana Islands,MNP,,,,,173289993.3,173289993.3
1968,Norway,NOR,,,,14.2,,
1968,Oman,OMN,,,,170.2,460000.0083,460000.0083
1968,Pakistan,PAK,,,,147.6,2483310059,2483310059
1968,Palau,PLW,,,,,,
1968,Panama,PAN,,,,53.9,75650001.53,75650001.53
1968,Papua New Guinea,PNG,,,,105.2,898469970.7,898469970.7
1968,Paraguay,PRY,,,,58.4,60900001.53,60900001.53
1968,Peru,PER,,,,109.5,206119995.1,206119995.1
1968,Philippines,PHL,,,,56.3,465459991.5,465459991.5
1968,Poland,POL,,,,34.3,,
1968,Portugal,PRT,,,,60.1,,
1968,Puerto Rico,PRI,,,,,,
1968,Qatar,QAT,,,,,,
1968,Romania,ROU,,,,55.6,,
1968,Russian Federation,RUS,,,,,,
1968,Rwanda,RWA,,,160100,127.2,123989997.9,123989997.9
1968,Samoa,WSM,,,,58.7,6739999.771,6739999.771
1968,San Marino,SMR,,,,,,
1968,Sao Tome and Principe,STP,,,,57.7,1379999.995,1379999.995
1968,Saudi Arabia,SAU,,,,,3190000.057,3190000.057
1968,Senegal,SEN,,57210,,127.8,347220001.2,347220001.2
1968,Serbia,SRB,,26270,,,,
1968,Seychelles,SYC,,,,62.5,22549999.24,22549999.24
1968,Sierra Leone,SLE,,,,195.6,67290000.92,67290000.92
1968,Singapore,SGP,,,,23.9,36209999.08,36209999.08
1968,Sint Maarten (Dutch part),SXM,,,,,,
1968,Slovak Republic,SVK,,,,,,
1968,Slovenia,SVN,,,,,,
1968,Solomon Islands,SLB,,,,80.3,59729999.54,59729999.54
1968,Somalia,SOM,,,,,243229995.7,243229995.7
1968,South Africa,ZAF,,,740,,,
1968,South Sudan,SSD,,,,,,
1968,Spain,ESP,,20000,,31.9,,
1968,Sri Lanka,LKA,,,,54.9,357209991.5,357209991.5
1968,St. Kitts and Nevis,KNA,,,,,,
1968,St. Lucia,LCA,,,,64.3,,
1968,St. Martin (French part),MAF,,,,,,
1968,St. Vincent and the Grenadines,VCT,,,,58.3,,
1968,Sudan,SDN,,38300,175500,97.4,234490005.5,234490005.5
1968,Suriname,SUR,,,,,160759994.5,160759994.5
1968,Sweden,SWE,,17000,,12.1,,
1968,Switzerland,CHE,,26000,,16.3,,
1968,Syrian Arab Republic,SYR,,151730,1200,82.5,34500000,34500000
1968,Tajikistan,TJK,,,,,,
1968,Tanzania,TZA,,46000,,131.3,283709991.5,283709991.5
1968,Thailand,THA,,,,77.2,405839996.3,405839996.3
1968,Timor-Leste,TLS,,,,,,
1968,Togo,TGO,,,,138.6,131289993.3,131289993.3
1968,Tonga,TON,,,,44,12109999.66,12109999.66
1968,Trinidad and Tobago,TTO,,,,45.6,28200000.76,28200000.76
1968,Tunisia,TUN,,1000,,135.1,435290008.5,435290008.5
1968,Turkiye,TUR,,1980,,133.5,1209010010,1209010010
1968,Turkmenistan,TKM,,,,,,
1968,Turks and Caicos Islands,TCA,,,,57.3,,
1968,Tuvalu,TUV,,,,82.7,,
1968,Uganda,UGA,,175730,,116.9,165380004.9,165380004.9
1968,Ukraine,UKR,,,,,,
1968,United Arab Emirates,ARE,,300,,83.1,10420000.08,10420000.08
1968,United Kingdom,GBR,,161000,,18.7,,
1968,United States,USA,,498000,,21.3,,
1968,Uruguay,URY,,,,50,142800003.1,142800003.1
1968,Uzbekistan,UZB,,,,,,
1968,Vanuatu,VUT,,,,81.1,21209999.08,21209999.08
1968,"Venezuela, RB",VEN,,,,50.2,107980003.4,107980003.4
1968,Viet Nam,VNM,,,22000,55.6,2626879883,2626879883
1968,Virgin Islands (U.S.),VIR,,,,,,
1968,West Bank and Gaza,PSE,,576889,,,,
1968,"Yemen, Rep.",YEM,,,,240.1,54770000.46,54770000.46
1968,Zambia,ZMB,,13190,15000,111.9,265799987.8,265799987.8
1968,Zimbabwe,ZWE,,,,76,13300000.19,13300000.19
1968,Africa Eastern and Southern,AFE,,,,,,
1968,Africa Western and Central,AFW,,,,,,
1968,Arab World,ARB,,,,,,
1968,Caribbean small states,CSS,,,,,,
1968,Central Europe and the Baltics,CEB,,,,,,
1968,Early-demographic dividend,EAR,,,,,,
1968,East Asia & Pacific,EAS,,,,,10117559851,10117559851
1968,East Asia & Pacific (excluding high income),EAP,,,,,7816209811,7816209811
1968,East Asia & Pacific (IDA & IBRD countries),TEA,,,,,,
1968,Euro area,EMU,,,,,,
1968,Europe & Central Asia,ECS,,,,,1345010010,1345010010
1968,Europe & Central Asia (excluding high income),ECA,,,,,1166010010,1166010010
1968,Europe & Central Asia (IDA & IBRD countries),TEC,,,,,,
1968,European Union,EUU,,,,,,
1968,Fragile and conflict affected situations,FCS,,,,,,
1968,Heavily indebted poor countries (HIPC),HPC,,,,,,
1968,High income,HIC,,,,,3576450058,3576450058
1968,IBRD only,IBD,,,,,,
1968,IDA & IBRD total,IBT,,,,,,
1968,IDA blend,IDB,,,,,,
1968,IDA only,IDX,,,,,,
1968,IDA total,IDA,,,,,,
1968,Late-demographic dividend,LTE,,,,,,
1968,Latin America & Caribbean,LCN,,,,,4978619997,4978619997
1968,Latin America & Caribbean (excluding high income),LAC,,,,,4281169983,4281169983
1968,Latin America & the Caribbean (IDA & IBRD countries),TLA,,,,,,
1968,Least developed countries: UN classification,LDC,,,,,,
1968,Low & middle income,LMY,,,,,35262000000,35262000000
1968,Low income,LIC,,,,,4144629964,4144629964
1968,Lower middle income,LMC,,,,,22042380047,22042380047
1968,Middle East & North Africa,MEA,,,,,3330820049,3330820049
1968,Middle East & North Africa (excluding high income),MNA,,,,,2797130042,2797130042
1968,Middle East & North Africa (IDA & IBRD countries),TMN,,,,,,
1968,Middle income,MIC,,,,,28181789063,28181789063
1968,North America,NAC,,,,,340000.0036,340000.0036
1968,Not classified,INX,,,,,,
1968,OECD members,OED,,,,,,
1968,Other small states,OSS,,,,,,
1968,Pacific island small states,PSS,,,,,,
1968,Post-demographic dividend,PST,,,,,,
1968,Pre-demographic dividend,PRE,,,,,,
1968,Small states,SST,,,,,,
1968,South Asia,SAS,,,,,9031330209,9031330209
1968,South Asia (IDA & IBRD),TSA,,,,,,
1968,Sub-Saharan Africa,SSF,,,,,8314909943,8314909943
1968,Sub-Saharan Africa (excluding high income),SSA,,,,,8292359944,8292359944
1968,Sub-Saharan Africa (IDA & IBRD countries),TSS,,,,,,
1968,Upper middle income,UMC,,,,,5885179974,5885179974
1968,World,WLD,,,,,38966519531,38966519531
1969,Afghanistan,AFG,,,,205.7,158690002.4,158690002.4
1969,Albania,ALB,,,4290,,,
1969,Algeria,DZA,,,,146.5,863460022,863460022
1969,American Samoa,ASM,,,,,,
1969,Andorra,AND,,,,,,
1969,Angola,AGO,,,408190,,-1100000.024,-1100000.024
1969,Antigua and Barbuda,ATG,,,,26.2,,
1969,Argentina,ARG,,32000,,59.5,52509998.32,52509998.32
1969,Armenia,ARM,,,200,,,
1969,Aruba,ABW,,,,,,
1969,Australia,AUS,,42000,,18,,
1969,Austria,AUT,,25000,,25.2,,
1969,Azerbaijan,AZE,,,,,,
1969,"Bahamas, The",BHS,,,,25.1,560000.0024,560000.0024
1969,Bahrain,BHR,,,,62.1,1169999.957,1169999.957
1969,Bangladesh,BGD,,,,152.5,,
1969,Barbados,BRB,,,,42.8,9720000.267,9720000.267
1969,Belarus,BLR,,,,,,
1969,Belgium,BEL,,30000,,21.3,,
1969,Belize,BLZ,,,,73,57150001.53,57150001.53
1969,Benin,BEN,,1100,,156.6,91129997.25,91129997.25
1969,Bermuda,BMU,,,,,90000.00358,90000.00358
1969,Bhutan,BTN,,,,187.8,800000.0119,800000.0119
1969,Bolivia,BOL,,,,146.6,194360000.6,194360000.6
1969,Bosnia and Herzegovina,BIH,,,,,,
1969,Botswana,BWA,,3600,,90,111500000,111500000
1969,Brazil,BRA,,40000,,104.2,722340026.9,722340026.9
1969,British Virgin Islands,VGB,,,,40.5,,
1969,Brunei Darussalam,BRN,,,,41,209999.9934,209999.9934
1969,Bulgaria,BGR,,,90,28.8,,
1969,Burkina Faso,BFA,,,,145.7,162649993.9,162649993.9
1969,Burundi,BDI,,46200,,147.7,108629997.3,108629997.3
1969,Cabo Verde,CPV,,,400,104.2,59999.99866,59999.99866
1969,Cambodia,KHM,,22000,,,89250000,89250000
1969,Cameroon,CMR,,,,130.5,257059997.6,257059997.6
1969,Canada,CAN,,19275,,19.4,,
1969,Cayman Islands,CYM,,,,,,
1969,Central African Republic,CAF,,23000,,140.4,132889999.4,132889999.4
1969,Chad,TCD,,,,,163789993.3,163789993.3
1969,Channel Islands,CHI,,,,,,
1969,Chile,CHL,,6500,,68.8,415589996.3,415589996.3
1969,China,CHN,,,65000,83.1,,
1969,Colombia,COL,,,,72.6,594419982.9,594419982.9
1969,Comoros,COM,,,,,41950000.76,41950000.76
1969,"Congo, Dem. Rep.",COD,,496300,54530,150.2,600150024.4,600150024.4
1969,"Congo, Rep.",COG,,500,,87.2,115019996.6,115019996.6
1969,Costa Rica,CRI,,,,61.9,77849998.47,77849998.47
1969,Cote d'Ivoire,CIV,,12000,,167.8,326649993.9,326649993.9
1969,Croatia,HRV,,,,,,
1969,Cuba,CUB,,,14500,30,8369999.886,8369999.886
1969,Curacao,CUW,,,,,,
1969,Cyprus,CYP,,200,,,23129999.16,23129999.16
1969,Czechia,CZE,,,,,,
1969,Denmark,DNK,,,,14.6,,
1969,Djibouti,DJI,,,,,69580001.83,69580001.83
1969,Dominica,DMA,,,,39.9,,
1969,Dominican Republic,DOM,,,,88.8,191960006.7,191960006.7
1969,Ecuador,ECU,,,,97.3,102819999.7,102819999.7
1969,"Egypt, Arab Rep.",EGY,,4800,,166.5,62139999.39,62139999.39
1969,El Salvador,SLV,,,,105.6,72800003.05,72800003.05
1969,Equatorial Guinea,GNQ,,,,,,
1969,Eritrea,ERI,,,,,,
1969,Estonia,EST,,,,,,
1969,Eswatini,SWZ,,,,118.3,82919998.17,82919998.17
1969,Ethiopia,ETH,,20000,31000,145.8,231360000.6,231360000.6
1969,Faroe Islands,FRO,,,,,,
1969,Fiji,FJI,,,,44.4,73059997.56,73059997.56
1969,Finland,FIN,,,,13.8,,
1969,France,FRA,,175242,,15.8,,
1969,French Polynesia,PYF,,,,,122459999.1,122459999.1
1969,Gabon,GAB,,4500,,102.5,127580001.8,127580001.8
1969,"Gambia, The",GMB,,,,130.3,27440000.53,27440000.53
1969,Georgia,GEO,,,,,,
1969,Germany,DEU,,113000,,22.7,,
1969,Ghana,GHA,,20000,,120.7,458359985.4,458359985.4
1969,Gibraltar,GIB,,,,,11960000.04,11960000.04
1969,Greece,GRC,,6330,21590,29.2,,
1969,Greenland,GRL,,,,,,
1969,Grenada,GRD,,,,40.8,,
1969,Guam,GUM,,,,,,
1969,Guatemala,GTM,,,,119.2,76059997.56,76059997.56
1969,Guinea,GIN,,,,193.8,84900001.53,84900001.53
1969,Guinea-Bissau,GNB,,,67800,,839999.9738,839999.9738
1969,Guyana,GUY,,,,55.6,116379997.3,116379997.3
1969,Haiti,HTI,,,,165.8,24190000.53,24190000.53
1969,Honduras,HND,,,,104.6,70440002.44,70440002.44
1969,"Hong Kong SAR, China",HKG,,,,,7119999.886,7119999.886
1969,Hungary,HUN,,,3360,35.9,,
1969,Iceland,ISL,,,,13.3,,
1969,India,IND,,56150,,145.4,5520189941,5520189941
1969,Indonesia,IDN,,,,116.7,2240320068,2240320068
1969,"Iran, Islamic Rep.",IRN,,300,,,110919998.2,110919998.2
1969,Iraq,IRQ,,,2700,83.8,27879999.16,27879999.16
1969,Ireland,IRL,,,,19.8,,
1969,Isle of Man,IMN,,,,,,
1969,Israel,ISR,,,,24.8,308359985.4,308359985.4
1969,Italy,ITA,,14000,,30.9,,
1969,Jamaica,JAM,,,,45,92589996.34,92589996.34
1969,Japan,JPN,,,,14.2,,
1969,Jordan,JOR,,499460,,68.3,311970001.2,311970001.2
1969,Kazakhstan,KAZ,,,,,,
1969,Kenya,KEN,,,,94.3,411470001.2,411470001.2
1969,Kiribati,KIR,,,,101,11819999.69,11819999.69
1969,"Korea, Dem. People's Rep.",PRK,,,,,,
1969,"Korea, Rep.",KOR,,,,50.3,2161590088,2161590088
1969,Kosovo,XKX,,,,,,
1969,Kuwait,KWT,,,,56,2079999.924,2079999.924
1969,Kyrgyz Republic,KGZ,,,,,,
1969,Lao PDR,LAO,,,,,396709991.5,396709991.5
1969,Latvia,LVA,,,,,,
1969,Lebanon,LBN,,178049,,47.1,56529998.78,56529998.78
1969,Lesotho,LSO,,,,136.5,101980003.4,101980003.4
1969,Liberia,LBR,,1000,,195.3,92360000.61,92360000.61
1969,Libya,LBY,,,,100.4,53150001.53,53150001.53
1969,Liechtenstein,LIE,,,,,,
1969,Lithuania,LTU,,,,19.6,,
1969,Luxembourg,LUX,,,,19.9,,
1969,"Macao SAR, China",MAC,,65000,,,449999.9881,449999.9881
1969,Madagascar,MDG,,,,91,310760009.8,310760009.8
1969,Malawi,MWI,,,190,208.3,211910003.7,211910003.7
1969,Malaysia,MYS,,,,44.7,234169998.2,234169998.2
1969,Maldives,MDV,,,,179.6,1149999.976,1149999.976
1969,Mali,MLI,,,,187.6,153740005.5,153740005.5
1969,Malta,MLT,,,,26.1,128529998.8,128529998.8
1969,Marshall Islands,MHL,,,,60.3,,
1969,Mauritania,MRT,,,,105,81220001.22,81220001.22
1969,Mauritius,MUS,,,,64.5,44380001.07,44380001.07
1969,Mexico,MEX,,,,78.7,129770004.3,129770004.3
1969,"Micronesia, Fed. Sts.",FSM,,,,62.8,,
1969,Moldova,MDA,,,,,,
1969,Monaco,MCO,,,,,,
1969,Mongolia,MNG,,,,,,
1969,Montenegro,MNE,,,,,,
1969,Morocco,MAR,,1440,,123.7,491820007.3,491820007.3
1969,Mozambique,MOZ,,,43120,183.6,419999.9869,419999.9869
1969,Myanmar,MMR,,,,121,205059997.6,205059997.6
1969,Namibia,NAM,,,840,62.2,,
1969,Nauru,NRU,,,,,,
1969,Nepal,NPL,,7990,,181.4,71739997.86,71739997.86
1969,Netherlands,NLD,,8000,,13,,
1969,New Caledonia,NCL,,,,,108830001.8,108830001.8
1969,New Zealand,NZL,,2000,,17.2,,
1969,Nicaragua,NIC,,,,118.9,90300003.05,90300003.05
1969,Niger,NER,,,,132,219639999.4,219639999.4
1969,Nigeria,NGA,,,2850,172.7,546849975.6,546849975.6
1969,North Macedonia,MKD,,,,,,
1969,Northern Mariana Islands,MNP,,,,,254750000,254750000
1969,Norway,NOR,,,,13.7,,
1969,Oman,OMN,,,,161.4,349999.994,349999.994
1969,Pakistan,PAK,,,,144.8,2013719971,2013719971
1969,Palau,PLW,,,,,,
1969,Panama,PAN,,,,52.2,92720001.22,92720001.22
1969,Papua New Guinea,PNG,,,,102.1,916460022,916460022
1969,Paraguay,PRY,,4000,,58.1,79269996.64,79269996.64
1969,Peru,PER,,,,106.7,198960006.7,198960006.7
1969,Philippines,PHL,,,,55.6,586039978,586039978
1969,Poland,POL,,,,33.2,,
1969,Portugal,PRT,,,,58.6,,
1969,Puerto Rico,PRI,,,,,,
1969,Qatar,QAT,,,,53.7,259999.9905,259999.9905
1969,Romania,ROU,,,,52.3,,
1969,Russian Federation,RUS,,,,,,
1969,Rwanda,RWA,,,144930,129.1,131669998.2,131669998.2
1969,Samoa,WSM,,,,56.5,3500000,3500000
1969,San Marino,SMR,,,,,,
1969,Sao Tome and Principe,STP,,,,56.9,,
1969,Saudi Arabia,SAU,,,,,8779999.733,8779999.733
1969,Senegal,SEN,,68400,,126.9,352350006.1,352350006.1
1969,Serbia,SRB,,26120,130,,,
1969,Seychelles,SYC,,,,59.5,11029999.73,11029999.73
1969,Sierra Leone,SLE,,500,,192.7,55189998.63,55189998.63
1969,Singapore,SGP,,,,22.7,127169998.2,127169998.2
1969,Sint Maarten (Dutch part),SXM,,,,,,
1969,Slovak Republic,SVK,,,,,,
1969,Slovenia,SVN,,,,,,
1969,Solomon Islands,SLB,,,,75.8,64290000.92,64290000.92
1969,Somalia,SOM,,,,,230619995.1,230619995.1
1969,South Africa,ZAF,,,290,,,
1969,South Sudan,SSD,,,,,,
1969,Spain,ESP,,23000,,29.9,,
1969,Sri Lanka,LKA,,,,53.8,329720001.2,329720001.2
1969,St. Kitts and Nevis,KNA,,,,,,
1969,St. Lucia,LCA,,,,58.9,,
1969,St. Martin (French part),MAF,,,,,,
1969,St. Vincent and the Grenadines,VCT,,,,55.5,,
1969,Sudan,SDN,,37350,170400,96.6,61500000,61500000
1969,Suriname,SUR,,,,,151529998.8,151529998.8
1969,Sweden,SWE,,17000,,11.7,,
1969,Switzerland,CHE,,30000,,15.6,,
1969,Syrian Arab Republic,SYR,,156635,1200,78.6,70589996.34,70589996.34
1969,Tajikistan,TJK,,,,,,
1969,Tanzania,TZA,,54550,,129.5,241550003.1,241550003.1
1969,Thailand,THA,,,,74.2,431609985.4,431609985.4
1969,Timor-Leste,TLS,,,,,,
1969,Togo,TGO,,200,,135.9,114949996.9,114949996.9
1969,Tonga,TON,,,,41.5,4920000.076,4920000.076
1969,Trinidad and Tobago,TTO,,,,44.8,51419998.17,51419998.17
1969,Tunisia,TUN,,,,128.4,708659973.1,708659973.1
1969,Turkiye,TUR,,1400,,129.9,1088969971,1088969971
1969,Turkmenistan,TKM,,,,,,
1969,Turks and Caicos Islands,TCA,,,,53,,
1969,Tuvalu,TUV,,,,79.3,,
1969,Uganda,UGA,,177260,,115.7,193630004.9,193630004.9
1969,Ukraine,UKR,,,,,,
1969,United Arab Emirates,ARE,,300,,76.7,7489999.771,7489999.771
1969,United Kingdom,GBR,,162000,,18.4,,
1969,United States,USA,,500000,,20.6,,
1969,Uruguay,URY,,,,49,113879997.3,113879997.3
1969,Uzbekistan,UZB,,,,,,
1969,Vanuatu,VUT,,,,78.2,27209999.08,27209999.08
1969,"Venezuela, RB",VEN,,15000,,49.2,67419998.17,67419998.17
1969,Viet Nam,VNM,,,22000,55.2,2577280029,2577280029
1969,Virgin Islands (U.S.),VIR,,,,,,
1969,West Bank and Gaza,PSE,,580025,,,,
1969,"Yemen, Rep.",YEM,,,,231.1,32090000.15,32090000.15
1969,Zambia,ZMB,,12640,13000,110.7,161529998.8,161529998.8
1969,Zimbabwe,ZWE,,,,74.7,4960000.038,4960000.038
1969,Africa Eastern and Southern,AFE,,,,,,
1969,Africa Western and Central,AFW,,,,,,
1969,Arab World,ARB,,,,,,
1969,Caribbean small states,CSS,,,,,,
1969,Central Europe and the Baltics,CEB,,,,,,
1969,Early-demographic dividend,EAR,,,,,,
1969,East Asia & Pacific,EAS,,,,,10938360152,10938360152
1969,East Asia & Pacific (excluding high income),EAP,,,,,8002090063,8002090063
1969,East Asia & Pacific (IDA & IBRD countries),TEA,,,,,,
1969,Euro area,EMU,,,,,,
1969,Europe & Central Asia,ECS,,,,,1393719980,1393719980
1969,Europe & Central Asia (excluding high income),ECA,,,,,1204629974,1204629974
1969,Europe & Central Asia (IDA & IBRD countries),TEC,,,,,,
1969,European Union,EUU,,,,,,
1969,Fragile and conflict affected situations,FCS,,,,,,
1969,Heavily indebted poor countries (HIPC),HPC,,,,,,
1969,High income,HIC,,,,,4123390065,4123390065
1969,IBRD only,IBD,,,,,,
1969,IDA & IBRD total,IBT,,,,,,
1969,IDA blend,IDB,,,,,,
1969,IDA only,IDX,,,,,,
1969,IDA total,IDA,,,,,,
1969,Late-demographic dividend,LTE,,,,,,
1969,Latin America & Caribbean,LCN,,,,,4183060013,4183060013
1969,Latin America & Caribbean (excluding high income),LAC,,,,,3471960025,3471960025
1969,Latin America & the Caribbean (IDA & IBRD countries),TLA,,,,,,
1969,Least developed countries: UN classification,LDC,,,,,,
1969,Low & middle income,LMY,,,,,33658691406,33658691406
1969,Low income,LIC,,,,,3749160021,3749160021
1969,Lower middle income,LMC,,,,,20981739968,20981739968
1969,Middle East & North Africa,MEA,,,,,3441059986,3441059986
1969,Middle East & North Africa (excluding high income),MNA,,,,,2984040003,2984040003
1969,Middle East & North Africa (IDA & IBRD countries),TMN,,,,,,
1969,Middle income,MIC,,,,,26621810547,26621810547
1969,North America,NAC,,,,,90000.00358,90000.00358
1969,Not classified,INX,,,,,,
1969,OECD members,OED,,,,,,
1969,Other small states,OSS,,,,,,
1969,Pacific island small states,PSS,,,,,,
1969,Post-demographic dividend,PST,,,,,,
1969,Pre-demographic dividend,PRE,,,,,,
1969,Small states,SST,,,,,,
1969,South Asia,SAS,,,,,8096009914,8096009914
1969,South Asia (IDA & IBRD),TSA,,,,,,
1969,Sub-Saharan Africa,SSF,,,,,7638099969,7638099969
1969,Sub-Saharan Africa (excluding high income),SSA,,,,,7627069969,7627069969
1969,Sub-Saharan Africa (IDA & IBRD countries),TSS,,,,,,
1969,Upper middle income,UMC,,,,,5162319969,5162319969
1969,World,WLD,,,,,37830609375,37830609375
1970,Afghanistan,AFG,,,,202,167889999.4,167889999.4
1970,Albania,ALB,,,4310,,,
1970,Algeria,DZA,,500,,144.9,804679992.7,804679992.7
1970,American Samoa,ASM,,,,,,
1970,Andorra,AND,,,,,,
1970,Angola,AGO,,,414120,,-449999.9881,-449999.9881
1970,Antigua and Barbuda,ATG,,,,23.8,,
1970,Argentina,ARG,,35000,,59,-33930000.31,-33930000.31
1970,Armenia,ARM,,,200,,,
1970,Aruba,ABW,,,,,,
1970,Australia,AUS,,42000,,17.8,,
1970,Austria,AUT,,25300,,25,,
1970,Azerbaijan,AZE,,,,,,
1970,"Bahamas, The",BHS,,,,25.6,529999.9714,529999.9714
1970,Bahrain,BHR,,,,56.9,6409999.847,6409999.847
1970,Bangladesh,BGD,,,,169.2,,
1970,Barbados,BRB,,,,40.9,16270000.46,16270000.46
1970,Belarus,BLR,,,,,,
1970,Belgium,BEL,,31500,,20.6,,
1970,Belize,BLZ,,,,70.4,45720001.22,45720001.22
1970,Benin,BEN,,,,153.8,101620002.7,101620002.7
1970,Bermuda,BMU,,,,,79999.99821,79999.99821
1970,Bhutan,BTN,,,,181.9,1620000.005,1620000.005
1970,Bolivia,BOL,,,1400,143.3,174360000.6,174360000.6
1970,Bosnia and Herzegovina,BIH,,,,,,
1970,Botswana,BWA,,4360,,87,98019996.64,98019996.64
1970,Brazil,BRA,,40000,,101.9,737900024.4,737900024.4
1970,British Virgin Islands,VGB,,,,38.6,,
1970,Brunei Darussalam,BRN,,,,38.7,79999.99821,79999.99821
1970,Bulgaria,BGR,,,320,27.5,,
1970,Burkina Faso,BFA,,,,144.6,147460006.7,147460006.7
1970,Burundi,BDI,,38800,,148.1,123870002.7,123870002.7
1970,Cabo Verde,CPV,,,400,100.6,,
1970,Cambodia,KHM,,20000,,,134649993.9,134649993.9
1970,Cameroon,CMR,,8000,,125.8,396940002.4,396940002.4
1970,Canada,CAN,,18518,,18.5,,
1970,Cayman Islands,CYM,,,,,,
1970,Central African Republic,CAF,,27150,,138,97029998.78,97029998.78
1970,Chad,TCD,,,1900,,152600006.1,152600006.1
1970,Channel Islands,CHI,,,,,,
1970,Chile,CHL,,6000,,67,322839996.3,322839996.3
1970,China,CHN,,,66000,79.3,,
1970,Colombia,COL,,1500,,70.4,734080017.1,734080017.1
1970,Comoros,COM,,,,154.6,52959999.08,52959999.08
1970,"Congo, Dem. Rep.",COD,,489000,51650,148.7,615049987.8,615049987.8
1970,"Congo, Rep.",COG,,500,,84.8,103779998.8,103779998.8
1970,Costa Rica,CRI,,,,60.8,66870002.75,66870002.75
1970,Cote d'Ivoire,CIV,,,,162.9,353660003.7,353660003.7
1970,Croatia,HRV,,,,,,
1970,Cuba,CUB,,,16700,28.7,11399999.62,11399999.62
1970,Curacao,CUW,,,,,,
1970,Cyprus,CYP,,200,,,40380001.07,40380001.07
1970,Czechia,CZE,,,70,,,
1970,Denmark,DNK,,2000,,13.9,,
1970,Djibouti,DJI,,,,,79069999.69,79069999.69
1970,Dominica,DMA,,,,36.7,,
1970,Dominican Republic,DOM,,1000,,86.9,187759994.5,187759994.5
1970,Ecuador,ECU,,,,95.4,120180000.3,120180000.3
1970,"Egypt, Arab Rep.",EGY,,5000,,164.2,1125709961,1125709961
1970,El Salvador,SLV,,,,103.6,77870002.75,77870002.75
1970,Equatorial Guinea,GNQ,,,,,,
1970,Eritrea,ERI,,,,,,
1970,Estonia,EST,,,,,,
1970,Eswatini,SWZ,,135,,115.6,42700000.76,42700000.76
1970,Ethiopia,ETH,,21000,54350,145.6,256010009.8,256010009.8
1970,Faroe Islands,FRO,,,,,,
1970,Fiji,FJI,,,,44,53700000.76,53700000.76
1970,Finland,FIN,,,,13.2,,
1970,France,FRA,,158543,,15.1,,
1970,French Polynesia,PYF,,,,,131580001.8,131580001.8
1970,Gabon,GAB,,,,99.7,160699996.9,160699996.9
1970,"Gambia, The",GMB,,,,127.9,9760000.229,9760000.229
1970,Georgia,GEO,,,,,,
1970,Germany,DEU,,115000,,22.1,,
1970,Ghana,GHA,,,,120.5,370850006.1,370850006.1
1970,Gibraltar,GIB,,,,,20889999.39,20889999.39
1970,Greece,GRC,,5710,21290,26.9,,
1970,Greenland,GRL,,,,,,
1970,Grenada,GRD,,,,39.9,,
1970,Guam,GUM,,,,,,
1970,Guatemala,GTM,,,,116.2,79809997.56,79809997.56
1970,Guinea,GIN,,,,191.7,70330001.83,70330001.83
1970,Guinea-Bissau,GNB,,,66660,,,
1970,Guyana,GUY,,,,55.3,107239997.9,107239997.9
1970,Haiti,HTI,,,,162.4,37400001.53,37400001.53
1970,Honduras,HND,,,,101.1,77809997.56,77809997.56
1970,"Hong Kong SAR, China",HKG,,1000,,,10380000.11,10380000.11
1970,Hungary,HUN,,,3490,35,,
1970,Iceland,ISL,,,,12.8,,
1970,India,IND,,56500,,143.5,4961109863,4961109863
1970,Indonesia,IDN,,,,113.4,3097219971,3097219971
1970,"Iran, Islamic Rep.",IRN,,,,,162889999.4,162889999.4
1970,Iraq,IRQ,,,,80.3,53270000.46,53270000.46
1970,Ireland,IRL,,,,19.1,,
1970,Isle of Man,IMN,,,,,,
1970,Israel,ISR,,,,24.4,398809997.6,398809997.6
1970,Italy,ITA,,13000,,29.7,,
1970,Jamaica,JAM,,,,43.5,63159999.85,63159999.85
1970,Japan,JPN,,,,13.4,,
1970,Jordan,JOR,,520997,,65.3,507630004.9,507630004.9
1970,Kazakhstan,KAZ,,,,,,
1970,Kenya,KEN,,930,,92.5,403720001.2,403720001.2
1970,Kiribati,KIR,,,,97.8,17000000,17000000
1970,"Korea, Dem. People's Rep.",PRK,,,,,,
1970,"Korea, Rep.",KOR,,,,47.2,1668540039,1668540039
1970,Kosovo,XKX,,,,,,
1970,Kuwait,KWT,,,,53,2210000.038,2210000.038
1970,Kyrgyz Republic,KGZ,,,,,,
1970,Lao PDR,LAO,,,,,395579986.6,395579986.6
1970,Latvia,LVA,,,,,,
1970,Lebanon,LBN,,177862,,46.7,121910003.7,121910003.7
1970,Lesotho,LSO,,70,,134.1,59759998.32,59759998.32
1970,Liberia,LBR,,,,191.9,71550003.05,71550003.05
1970,Libya,LBY,,,,95.1,30219999.31,30219999.31
1970,Liechtenstein,LIE,,,,,,
1970,Lithuania,LTU,,,,18.1,,
1970,Luxembourg,LUX,,,,18.9,,
1970,"Macao SAR, China",MAC,,66000,,,1320000.052,1320000.052
1970,Madagascar,MDG,,,,92,322920013.4,322920013.4
1970,Malawi,MWI,,,250,206.1,260170013.4,260170013.4
1970,Malaysia,MYS,,,,43.2,188449996.9,188449996.9
1970,Maldives,MDV,,,,172.8,1669999.957,1669999.957
1970,Mali,MLI,,,,184.8,146419998.2,146419998.2
1970,Malta,MLT,,,,24.9,149869995.1,149869995.1
1970,Marshall Islands,MHL,,,,58.3,,
1970,Mauritania,MRT,,,,103.6,50169998.17,50169998.17
1970,Mauritius,MUS,,,,60.2,42959999.08,42959999.08
1970,Mexico,MEX,,3000,,76.2,205039993.3,205039993.3
1970,"Micronesia, Fed. Sts.",FSM,,,,60.6,,
1970,Moldova,MDA,,,,,,
1970,Monaco,MCO,,,,,,
1970,Mongolia,MNG,,,,,,
1970,Montenegro,MNE,,,,,,
1970,Morocco,MAR,,1440,,121.5,525750000,525750000
1970,Mozambique,MOZ,,,60070,183.7,779999.9714,779999.9714
1970,Myanmar,MMR,,,,118.9,162410003.7,162410003.7
1970,Namibia,NAM,,,900,62.5,,
1970,Nauru,NRU,,,,,,
1970,Nepal,NPL,,8060,,177.4,134500000,134500000
1970,Netherlands,NLD,,8524,,12.6,,
1970,New Caledonia,NCL,,,,,152690002.4,152690002.4
1970,New Zealand,NZL,,2000,,16.9,,
1970,Nicaragua,NIC,,,,116.7,119669998.2,119669998.2
1970,Niger,NER,,,,133.6,206660003.7,206660003.7
1970,Nigeria,NGA,,,,168.2,707049987.8,707049987.8
1970,North Macedonia,MKD,,,,,,
1970,Northern Mariana Islands,MNP,,,,,253000000,253000000
1970,Norway,NOR,,2000,,13.2,,
1970,Oman,OMN,,,,152.9,550000.0119,550000.0119
1970,Pakistan,PAK,,,,142.3,2534800049,2534800049
1970,Palau,PLW,,,,,,
1970,Panama,PAN,,,,50.4,84980003.36,84980003.36
1970,Papua New Guinea,PNG,,,,99,1091930054,1091930054
1970,Paraguay,PRY,,1500,,57.7,82599998.47,82599998.47
1970,Peru,PER,,1500,,114.1,275690002.4,275690002.4
1970,Philippines,PHL,,,,55,299920013.4,299920013.4
1970,Poland,POL,,,150,31.9,,
1970,Portugal,PRT,,,,55.9,,
1970,Puerto Rico,PRI,,,,,,
1970,Qatar,QAT,,,,50.6,389999.9857,389999.9857
1970,Romania,ROU,,,100,47.3,,
1970,Russian Federation,RUS,,,170,30.4,,
1970,Rwanda,RWA,,,142050,131,153899993.9,153899993.9
1970,Samoa,WSM,,,,54.3,6139999.866,6139999.866
1970,San Marino,SMR,,,,,,
1970,Sao Tome and Principe,STP,,,,56.6,,
1970,Saudi Arabia,SAU,,,,,9350000.381,9350000.381
1970,Senegal,SEN,,67060,,125.5,280880004.9,280880004.9
1970,Serbia,SRB,,26120,150,,,
1970,Seychelles,SYC,,,,56.4,31620000.84,31620000.84
1970,Sierra Leone,SLE,,,,189.9,41290000.92,41290000.92
1970,Singapore,SGP,,,,21.7,219190002.4,219190002.4
1970,Sint Maarten (Dutch part),SXM,,,,,,
1970,Slovak Republic,SVK,,,,,,
1970,Slovenia,SVN,,,,,,
1970,Solomon Islands,SLB,,,,71.3,64449996.95,64449996.95
1970,Somalia,SOM,,,,,185850006.1,185850006.1
1970,South Africa,ZAF,,,460,,,
1970,South Sudan,SSD,,,,,,
1970,Spain,ESP,,29500,680,27.8,,
1970,Sri Lanka,LKA,,,,53,326739990.2,326739990.2
1970,St. Kitts and Nevis,KNA,,,,,,
1970,St. Lucia,LCA,,,,53.9,,
1970,St. Martin (French part),MAF,,,,,,
1970,St. Vincent and the Grenadines,VCT,,,,54,,
1970,Sudan,SDN,,60840,172960,96.1,54060001.37,54060001.37
1970,Suriname,SUR,,,,,205869995.1,205869995.1
1970,Sweden,SWE,,20000,,11.3,,
1970,Switzerland,CHE,,31000,,15,,
1970,Syrian Arab Republic,SYR,,160932,,74.8,143380004.9,143380004.9
1970,Tajikistan,TJK,,,,,,
1970,Tanzania,TZA,,71500,,127.7,333130004.9,333130004.9
1970,Thailand,THA,,,,71.3,478209991.5,478209991.5
1970,Timor-Leste,TLS,,,,,,
1970,Togo,TGO,,,,133.3,115099998.5,115099998.5
1970,Tonga,TON,,,,39.1,10489999.77,10489999.77
1970,Trinidad and Tobago,TTO,,,,43.9,35689998.63,35689998.63
1970,Tunisia,TUN,,,,122,688570007.3,688570007.3
1970,Turkiye,TUR,,1170,,126.3,1066209961,1066209961
1970,Turkmenistan,TKM,,,,,,
1970,Turks and Caicos Islands,TCA,,,,48.9,,
1970,Tuvalu,TUV,,,,75.8,,
1970,Uganda,UGA,,179800,,114.9,226889999.4,226889999.4
1970,Ukraine,UKR,,,,,,
1970,United Arab Emirates,ARE,,,,70.6,33400001.53,33400001.53
1970,United Kingdom,GBR,,162000,,18,,
1970,United States,USA,,500000,,19.9,,
1970,Uruguay,URY,,1500,,47.9,74489997.86,74489997.86
1970,Uzbekistan,UZB,,,,,,
1970,Vanuatu,VUT,,,,75.4,25040000.92,25040000.92
1970,"Venezuela, RB",VEN,,15000,,48.1,31659999.85,31659999.85
1970,Viet Nam,VNM,,,20000,54.8,2316260010,2316260010
1970,Virgin Islands (U.S.),VIR,,,,,,
1970,West Bank and Gaza,PSE,,585231,,,,
1970,"Yemen, Rep.",YEM,,,,222.1,111339996.3,111339996.3
1970,Zambia,ZMB,,16000,9000,108.7,93519996.64,93519996.64
1970,Zimbabwe,ZWE,,,,73.8,4309999.943,4309999.943
1970,Africa Eastern and Southern,AFE,,,,,3304149952,3304149952
1970,Africa Western and Central,AFW,,,,,3527229970,3527229970
1970,Arab World,ARB,,,,,4586879977,4586879977
1970,Caribbean small states,CSS,,,,,474479993.1,474479993.1
1970,Central Europe and the Baltics,CEB,,,,,,
1970,Early-demographic dividend,EAR,,,,,20302969837,20302969837
1970,East Asia & Pacific,EAS,,,,,11034490062,11034490062
1970,East Asia & Pacific (excluding high income),EAP,,,,,8516950014,8516950014
1970,East Asia & Pacific (IDA & IBRD countries),TEA,,,,,8341450018,8341450018
1970,Euro area,EMU,,,,,190249996.2,190249996.2
1970,Europe & Central Asia,ECS,,,,,1100179958,1100179958
1970,Europe & Central Asia (excluding high income),ECA,,,,,836259964,836259964
1970,Europe & Central Asia (IDA & IBRD countries),TEC,,,,,1066209961,1066209961
1970,European Union,EUU,,,,,190249996.2,190249996.2
1970,Fragile and conflict affected situations,FCS,,,,,5266690069,5266690069
1970,Heavily indebted poor countries (HIPC),HPC,,,,,6079580058,6079580058
1970,High income,HIC,,,,,3746300040,3746300040
1970,IBRD only,IBD,,,,,20702939786,20702939786
1970,IDA & IBRD total,IBT,,,,,32750769917,32750769917
1970,IDA blend,IDB,,,,,5296230093,5296230093
1970,IDA only,IDX,,,,,6751600037,6751600037
1970,IDA total,IDA,,,,,12047830131,12047830131
1970,Late-demographic dividend,LTE,,,,,7278250042,7278250042
1970,Latin America & Caribbean,LCN,,,,,4323780029,4323780029
1970,Latin America & Caribbean (excluding high income),LAC,,,,,3876230036,3876230036
1970,Latin America & the Caribbean (IDA & IBRD countries),TLA,,,,,3914760021,3914760021
1970,Least developed countries: UN classification,LDC,,,,,5535200029,5535200029
1970,Low & middle income,LMY,,,,,37207730469,37207730469
1970,Low income,LIC,,,,,3793310043,3793310043
1970,Lower middle income,LMC,,,,,22826139905,22826139905
1970,Middle East & North Africa,MEA,,,,,6348399954,6348399954
1970,Middle East & North Africa (excluding high income),MNA,,,,,5747409960,5747409960
1970,Middle East & North Africa (IDA & IBRD countries),TMN,,,,,4354419970,4354419970
1970,Middle income,MIC,,,,,28302208984,28302208984
1970,North America,NAC,,,,,79999.99821,79999.99821
1970,Not classified,INX,,,,,,
1970,OECD members,OED,,,,,4462390007,4462390007
1970,Other small states,OSS,,,,,777969987.6,777969987.6
1970,Pacific island small states,PSS,,,,,176819998.3,176819998.3
1970,Post-demographic dividend,PST,,,,,2076970037,2076970037
1970,Pre-demographic dividend,PRE,,,,,5945930042,5945930042
1970,Small states,SST,,,,,1429269979,1429269979
1970,South Asia,SAS,,,,,8128329902,8128329902
1970,South Asia (IDA & IBRD),TSA,,,,,8128329902,8128329902
1970,Sub-Saharan Africa,SSF,,,,,7830320019,7830320019
1970,Sub-Saharan Africa (excluding high income),SSA,,,,,7798700018,7798700018
1970,Sub-Saharan Africa (IDA & IBRD countries),TSS,,,,,6945600045,6945600045
1970,Upper middle income,UMC,,,,,5580919971,5580919971
1970,World,WLD,,,,,41082691406,41082691406
1971,Afghanistan,AFG,,,,198.2,247059997.6,247059997.6
1971,Albania,ALB,,,390,,,
1971,Algeria,DZA,,,,142.5,769419982.9,769419982.9
1971,American Samoa,ASM,,,,,,
1971,Andorra,AND,,,,,,
1971,Angola,AGO,,,419690,,-90000.00358,-90000.00358
1971,Antigua and Barbuda,ATG,,,,21.9,,
1971,Argentina,ARG,,34000,,58.3,28719999.31,28719999.31
1971,Armenia,ARM,,,4070,,,
1971,Aruba,ABW,,,,,,
1971,Australia,AUS,,,,17.4,,
1971,Austria,AUT,,25000,,24.7,,
1971,Azerbaijan,AZE,,,,,,
1971,"Bahamas, The",BHS,,,,26,1649999.976,1649999.976
1971,Bahrain,BHR,,,,52.1,28069999.69,28069999.69
1971,Bangladesh,BGD,,,,211.7,119610000.6,119610000.6
1971,Barbados,BRB,,,,38.9,29659999.85,29659999.85
1971,Belarus,BLR,,,,,,
1971,Belgium,BEL,,29000,,19.7,,
1971,Belize,BLZ,,,,67.8,34799999.24,34799999.24
1971,Benin,BEN,,,,151,182460006.7,182460006.7
1971,Bermuda,BMU,,,,,,
1971,Bhutan,BTN,,,,176.4,1009999.99,1009999.99
1971,Bolivia,BOL,,,2930,139.9,174630004.9,174630004.9
1971,Bosnia and Herzegovina,BIH,,,,,,
1971,Botswana,BWA,,8890,,84.1,115919998.2,115919998.2
1971,Brazil,BRA,,38000,2000,99.6,602719970.7,602719970.7
1971,British Virgin Islands,VGB,,,,37,,
1971,Brunei Darussalam,BRN,,,,36,310000.0024,310000.0024
1971,Bulgaria,BGR,,,340,26.4,,
1971,Burkina Faso,BFA,,,,143.2,178979995.7,178979995.7
1971,Burundi,BDI,,32950,,148.4,139300003.1,139300003.1
1971,Cabo Verde,CPV,,,,96.5,,
1971,Cambodia,KHM,,,57000,,226949996.9,226949996.9
1971,Cameroon,CMR,,,,121.8,301679992.7,301679992.7
1971,Canada,CAN,,17196,,17.6,,
1971,Cayman Islands,CYM,,,,,,
1971,Central African Republic,CAF,,28000,,135.7,96449996.95,96449996.95
1971,Chad,TCD,,,1400,,191240005.5,191240005.5
1971,Channel Islands,CHI,,,,,,
1971,Chile,CHL,,7000,,66.1,160399993.9,160399993.9
1971,China,CHN,,,70000,75.7,,
1971,Colombia,COL,,1400,,68.1,545469970.7,545469970.7
1971,Comoros,COM,,,,150.6,55439998.63,55439998.63
1971,"Congo, Dem. Rep.",COD,,474250,43470,147.2,685739990.2,685739990.2
1971,"Congo, Rep.",COG,,,,82.7,109269996.6,109269996.6
1971,Costa Rica,CRI,,,,58.1,75800003.05,75800003.05
1971,Cote d'Ivoire,CIV,,300,,158,319390014.6,319390014.6
1971,Croatia,HRV,,,,,,
1971,Cuba,CUB,,,54500,27.5,14289999.96,14289999.96
1971,Curacao,CUW,,,,,,
1971,Cyprus,CYP,,200,,35.2,35209999.08,35209999.08
1971,Czechia,CZE,,,70,,,
1971,Denmark,DNK,,4400,,13.2,,
1971,Djibouti,DJI,,,,,66790000.92,66790000.92
1971,Dominica,DMA,,,,33.9,,
1971,Dominican Republic,DOM,,1000,,84.8,124190002.4,124190002.4
1971,Ecuador,ECU,,,,93.2,123419998.2,123419998.2
1971,"Egypt, Arab Rep.",EGY,,5020,,161.8,826450012.2,826450012.2
1971,El Salvador,SLV,,,,101.5,57400001.53,57400001.53
1971,Equatorial Guinea,GNQ,,,,,,
1971,Eritrea,ERI,,,,,180000.0072,180000.0072
1971,Estonia,EST,,,,,,
1971,Eswatini,SWZ,,50,,112.6,10380000.11,10380000.11
1971,Ethiopia,ETH,,22730,55200,145.4,259769989,259769989
1971,Faroe Islands,FRO,,,,,,
1971,Fiji,FJI,,,,43.8,72620002.75,72620002.75
1971,Finland,FIN,,,,12.6,,
1971,France,FRA,,141844,,14.3,,
1971,French Polynesia,PYF,,,,,123089996.3,123089996.3
1971,Gabon,GAB,,,,97.1,150580001.8,150580001.8
1971,"Gambia, The",GMB,,,,125.5,21530000.69,21530000.69
1971,Georgia,GEO,,,,,,
1971,Germany,DEU,,125000,,21.4,,
1971,Ghana,GHA,,70,,119.8,337450012.2,337450012.2
1971,Gibraltar,GIB,,,,,27260000.23,27260000.23
1971,Greece,GRC,,5780,1480,25,,
1971,Greenland,GRL,,,,,,
1971,Grenada,GRD,,,,39.1,,
1971,Guam,GUM,,,,,,
1971,Guatemala,GTM,,,,113.1,61729999.54,61729999.54
1971,Guinea,GIN,,,300,189.7,55229999.54,55229999.54
1971,Guinea-Bissau,GNB,,,80000,,1289999.962,1289999.962
1971,Guyana,GUY,,,,55.1,92080001.83,92080001.83
1971,Haiti,HTI,,,,159.1,31750000,31750000
1971,Honduras,HND,,,,97.5,62409999.85,62409999.85
1971,"Hong Kong SAR, China",HKG,,1000,,,25489999.77,25489999.77
1971,Hungary,HUN,,,220,34.4,,
1971,Iceland,ISL,,,,12.4,,
1971,India,IND,,56180,,141.6,5689799805,5689799805
1971,Indonesia,IDN,,,,110.1,3596629883,3596629883
1971,"Iran, Islamic Rep.",IRN,,,,127.4,67209999.08,67209999.08
1971,Iraq,IRQ,,,,77.1,98620002.75,98620002.75
1971,Ireland,IRL,,,,18.6,,
1971,Isle of Man,IMN,,,,,,
1971,Israel,ISR,,,,24,423820007.3,423820007.3
1971,Italy,ITA,,12700,,28.2,,
1971,Jamaica,JAM,,,,42.1,102800003.1,102800003.1
1971,Japan,JPN,,,,12.6,,
1971,Jordan,JOR,,542599,,62.5,355829986.6,355829986.6
1971,Kazakhstan,KAZ,,,,68.7,,
1971,Kenya,KEN,,2600,,90.6,431869995.1,431869995.1
1971,Kiribati,KIR,,,,94.9,17950000.76,17950000.76
1971,"Korea, Dem. People's Rep.",PRK,,,,,,
1971,"Korea, Rep.",KOR,,,,44.4,1910680054,1910680054
1971,Kosovo,XKX,,,,,,
1971,Kuwait,KWT,,,,50.3,3049999.952,3049999.952
1971,Kyrgyz Republic,KGZ,,,,,,
1971,Lao PDR,LAO,,,,,386329986.6,386329986.6
1971,Latvia,LVA,,,,,,
1971,Lebanon,LBN,,184814,,46.4,35409999.85,35409999.85
1971,Lesotho,LSO,,190,60,131.4,103819999.7,103819999.7
1971,Liberia,LBR,,60,,188.5,66269996.64,66269996.64
1971,Libya,LBY,,,,90.1,20600000.38,20600000.38
1971,Liechtenstein,LIE,,,,,,
1971,Lithuania,LTU,,,,16.8,,
1971,Luxembourg,LUX,,,,17.8,,
1971,"Macao SAR, China",MAC,,70000,,,1419999.957,1419999.957
1971,Madagascar,MDG,,,,93,297769989,297769989
1971,Malawi,MWI,,,250,203.1,204080001.8,204080001.8
1971,Malaysia,MYS,,,,41.6,278230011,278230011
1971,Maldives,MDV,,,,165.7,5900000.095,5900000.095
1971,Mali,MLI,,60,,182,181550003.1,181550003.1
1971,Malta,MLT,,,,23.7,105650001.5,105650001.5
1971,Marshall Islands,MHL,,,,56.4,,
1971,Mauritania,MRT,,,,102.9,88550003.05,88550003.05
1971,Mauritius,MUS,,,,57,58990001.68,58990001.68
1971,Mexico,MEX,,3000,,73.7,112139999.4,112139999.4
1971,"Micronesia, Fed. Sts.",FSM,,,,58.7,,
1971,Moldova,MDA,,,,49.4,,
1971,Monaco,MCO,,,,,,
1971,Mongolia,MNG,,,,,,
1971,Montenegro,MNE,,,,,,
1971,Morocco,MAR,,1430,,119.5,756059997.6,756059997.6
1971,Mozambique,MOZ,,,60410,183.4,1120000.005,1120000.005
1971,Myanmar,MMR,,,,116.8,275350006.1,275350006.1
1971,Namibia,NAM,,,900,62.8,,
1971,Nauru,NRU,,,,,,
1971,Nepal,NPL,,7930,,173.4,135199996.9,135199996.9
1971,Netherlands,NLD,,8600,,12.2,,
1971,New Caledonia,NCL,,,,,239750000,239750000
1971,New Zealand,NZL,,,,16.5,,
1971,Nicaragua,NIC,,,,114.1,77440002.44,77440002.44
1971,Niger,NER,,,,135.2,244850006.1,244850006.1
1971,Nigeria,NGA,,,,163.5,606179992.7,606179992.7
1971,North Macedonia,MKD,,,,,,
1971,Northern Mariana Islands,MNP,,,,,266160003.7,266160003.7
1971,Norway,NOR,,3000,,12.7,,
1971,Oman,OMN,,,,144.8,12029999.73,12029999.73
1971,Pakistan,PAK,,,,140,2458719971,2458719971
1971,Palau,PLW,,,,,,
1971,Panama,PAN,,,,48.6,100080001.8,100080001.8
1971,Papua New Guinea,PNG,,,,96.1,982130004.9,982130004.9
1971,Paraguay,PRY,,1500,,57.3,88449996.95,88449996.95
1971,Peru,PER,,1500,,101.6,224619995.1,224619995.1
1971,Philippines,PHL,,,,54.7,433149993.9,433149993.9
1971,Poland,POL,,,150,30.3,,
1971,Portugal,PRT,,,,51.7,,
1971,Puerto Rico,PRI,,,,,,
1971,Qatar,QAT,,,,47.7,589999.9738,589999.9738
1971,Romania,ROU,,,60,42.6,,
1971,Russian Federation,RUS,,,160,29.1,,
1971,Rwanda,RWA,,,141630,132.7,165929992.7,165929992.7
1971,Samoa,WSM,,,,52.1,6570000.172,6570000.172
1971,San Marino,SMR,,,,,,
1971,Sao Tome and Principe,STP,,,,56.6,,
1971,Saudi Arabia,SAU,,,,,11500000,11500000
1971,Senegal,SEN,,80000,,123.7,331010009.8,331010009.8
1971,Serbia,SRB,,24000,140,,,
1971,Seychelles,SYC,,,,53.2,55209999.08,55209999.08
1971,Sierra Leone,SLE,,,,187.2,61380001.07,61380001.07
1971,Singapore,SGP,,,,20.7,214500000,214500000
1971,Sint Maarten (Dutch part),SXM,,,,,,
1971,Slovak Republic,SVK,,,,,,
1971,Slovenia,SVN,,,,,,
1971,Solomon Islands,SLB,,,,67.1,50110000.61,50110000.61
1971,Somalia,SOM,,,,,198360000.6,198360000.6
1971,South Africa,ZAF,,,850,,,
1971,South Sudan,SSD,,,,,,
1971,Spain,ESP,,38000,670,25.7,,
1971,Sri Lanka,LKA,,,,52.4,333450012.2,333450012.2
1971,St. Kitts and Nevis,KNA,,,,,,
1971,St. Lucia,LCA,,,,49.3,,
1971,St. Martin (French part),MAF,,,,,,
1971,St. Vincent and the Grenadines,VCT,,,,53.7,,
1971,Sudan,SDN,,60000,171330,95.5,58529998.78,58529998.78
1971,Suriname,SUR,,,,,198860000.6,198860000.6
1971,Sweden,SWE,,20000,,10.9,,
1971,Switzerland,CHE,,30000,,14.3,,
1971,Syrian Arab Republic,SYR,,166099,,71.2,130289993.3,130289993.3
1971,Tajikistan,TJK,,,,,,
1971,Tanzania,TZA,,71240,,125.8,369339996.3,369339996.3
1971,Thailand,THA,,,,68.3,365750000,365750000
1971,Timor-Leste,TLS,,,,,,
1971,Togo,TGO,,,,130.6,115769996.6,115769996.6
1971,Tonga,TON,,,,36.9,4920000.076,4920000.076
1971,Trinidad and Tobago,TTO,,,,43.1,25030000.69,25030000.69
1971,Tunisia,TUN,,100,,116.1,613200012.2,613200012.2
1971,Turkiye,TUR,,1150,,122.7,1156359985,1156359985
1971,Turkmenistan,TKM,,,,,,
1971,Turks and Caicos Islands,TCA,,,,45.2,,
1971,Tuvalu,TUV,,,,72.3,,
1971,Uganda,UGA,,180920,,114.7,197240005.5,197240005.5
1971,Ukraine,UKR,,,,26.5,,
1971,United Arab Emirates,ARE,,870,,64.9,33169998.17,33169998.17
1971,United Kingdom,GBR,,150000,,17.7,,
1971,United States,USA,,530000,,19.1,,
1971,Uruguay,URY,,1500,,47.2,49389999.39,49389999.39
1971,Uzbekistan,UZB,,,,,,
1971,Vanuatu,VUT,,,,72.6,32849998.47,32849998.47
1971,"Venezuela, RB",VEN,,15000,,46.9,47349998.47,47349998.47
1971,Viet Nam,VNM,,57000,,54.3,2366649902,2366649902
1971,Virgin Islands (U.S.),VIR,,,,,,
1971,West Bank and Gaza,PSE,,596684,,,,
1971,"Yemen, Rep.",YEM,,,,213.5,197009994.5,197009994.5
1971,Zambia,ZMB,,17000,750,106.1,141029998.8,141029998.8
1971,Zimbabwe,ZWE,,,,73.1,4309999.943,4309999.943
1971,Africa Eastern and Southern,AFE,,,,,3498750018,3498750018
1971,Africa Western and Central,AFW,,,,,3586759977,3586759977
1971,Arab World,ARB,,,,,4358969982,4358969982
1971,Caribbean small states,CSS,,,,,484880005.2,484880005.2
1971,Central Europe and the Baltics,CEB,,,,,,
1971,Early-demographic dividend,EAR,,,,,21172679600,21172679600
1971,East Asia & Pacific,EAS,,,,,11997249843,11997249843
1971,East Asia & Pacific (excluding high income),EAP,,,,,9155199788,9155199788
1971,East Asia & Pacific (IDA & IBRD countries),TEA,,,,,9096189787,9096189787
1971,Euro area,EMU,,,,,140860000.6,140860000.6
1971,Europe & Central Asia,ECS,,,,,1366329991,1366329991
1971,Europe & Central Asia (excluding high income),ECA,,,,,1147909986,1147909986
1971,Europe & Central Asia (IDA & IBRD countries),TEC,,,,,1156359985,1156359985
1971,European Union,EUU,,,,,140860000.6,140860000.6
1971,Fragile and conflict affected situations,FCS,,,,,5429919968,5429919968
1971,Heavily indebted poor countries (HIPC),HPC,,,,,6343550009,6343550009
1971,High income,HIC,,,,,3943820055,3943820055
1971,IBRD only,IBD,,,,,21091809526,21091809526
1971,IDA & IBRD total,IBT,,,,,33577219471,33577219471
1971,IDA blend,IDB,,,,,4966779955,4966779955
1971,IDA only,IDX,,,,,7518629990,7518629990
1971,IDA total,IDA,,,,,12485409946,12485409946
1971,Late-demographic dividend,LTE,,,,,7038109875,7038109875
1971,Latin America & Caribbean,LCN,,,,,3644929942,3644929942
1971,Latin America & Caribbean (excluding high income),LAC,,,,,3302729950,3302729950
1971,Latin America & the Caribbean (IDA & IBRD countries),TLA,,,,,3201679943,3201679943
1971,Least developed countries: UN classification,LDC,,,,,6449239967,6449239967
1971,Low & middle income,LMY,,,,,39779500000,39779500000
1971,Low income,LIC,,,,,4243689955,4243689955
1971,Lower middle income,LMC,,,,,23901689590,23901689590
1971,Middle East & North Africa,MEA,,,,,5848469940,5848469940
1971,Middle East & North Africa (excluding high income),MNA,,,,,5230589933,5230589933
1971,Middle East & North Africa (IDA & IBRD countries),TMN,,,,,3936889982,3936889982
1971,Middle income,MIC,,,,,29090458984,29090458984
1971,North America,NAC,,,,,,
1971,Not classified,INX,,,,,,
1971,OECD members,OED,,,,,4384670013,4384670013
1971,Other small states,OSS,,,,,816690001.1,816690001.1
1971,Pacific island small states,PSS,,,,,185020002.8,185020002.8
1971,Post-demographic dividend,PST,,,,,2301690055,2301690055
1971,Pre-demographic dividend,PRE,,,,,6278669996,6278669996
1971,Small states,SST,,,,,1486590009,1486590009
1971,South Asia,SAS,,,,,8990749783,8990749783
1971,South Asia (IDA & IBRD),TSA,,,,,8990749783,8990749783
1971,Sub-Saharan Africa,SSF,,,,,8337060020,8337060020
1971,Sub-Saharan Africa (excluding high income),SSA,,,,,8281850021,8281850021
1971,Sub-Saharan Africa (IDA & IBRD countries),TSS,,,,,7195349990,7195349990
1971,Upper middle income,UMC,,,,,5114409931,5114409931
1971,World,WLD,,,,,43804589844,43804589844
1972,Afghanistan,AFG,,,,194.3,285239990.2,285239990.2
1972,Albania,ALB,,,2300,,,
1972,Algeria,DZA,,,,139.6,595409973.1,595409973.1
1972,American Samoa,ASM,,,,,,
1972,Andorra,AND,,,,,,
1972,Angola,AGO,,,421500,,680000.0072,680000.0072
1972,Antigua and Barbuda,ATG,,,,20.3,,
1972,Argentina,ARG,,33000,,57.5,6170000.076,6170000.076
1972,Armenia,ARM,,,3500,,,
1972,Aruba,ABW,,,,,,
1972,Australia,AUS,,,,16.9,,
1972,Austria,AUT,,25000,,24.1,,
1972,Azerbaijan,AZE,,,,,,
1972,"Bahamas, The",BHS,,,,26.3,7579999.924,7579999.924
1972,Bahrain,BHR,,,,47.8,15750000,15750000
1972,Bangladesh,BGD,,,,151.7,1173869995,1173869995
1972,Barbados,BRB,,,,37,27420000.08,27420000.08
1972,Belarus,BLR,,,,,,
1972,Belgium,BEL,,29000,,18.7,,
1972,Belize,BLZ,,,,65.4,24139999.39,24139999.39
1972,Benin,BEN,,,,148.3,110629997.3,110629997.3
1972,Bermuda,BMU,,,,,59999.99866,59999.99866
1972,Bhutan,BTN,,,,170.8,1169999.957,1169999.957
1972,Bolivia,BOL,,700,1730,136.5,238699996.9,238699996.9
1972,Bosnia and Herzegovina,BIH,,,,,,
1972,Botswana,BWA,,4500,,81.2,161740005.5,161740005.5
1972,Brazil,BRA,,37000,2000,97.3,475079986.6,475079986.6
1972,British Virgin Islands,VGB,,,,35.6,,
1972,Brunei Darussalam,BRN,,,,33.1,119999.9973,119999.9973
1972,Bulgaria,BGR,,,340,25.7,,
1972,Burkina Faso,BFA,,,,141.4,188880004.9,188880004.9
1972,Burundi,BDI,,43390,129000,163.6,148929992.7,148929992.7
1972,Cabo Verde,CPV,,,,92.3,,
1972,Cambodia,KHM,,,55000,,342070007.3,342070007.3
1972,Cameroon,CMR,,,,118.6,348769989,348769989
1972,Canada,CAN,,20933,,16.7,,
1972,Cayman Islands,CYM,,,,,,
1972,Central African Republic,CAF,,21970,,133.6,141380004.9,141380004.9
1972,Chad,TCD,,,1500,129.2,169259994.5,169259994.5
1972,Channel Islands,CHI,,,,,,
1972,Chile,CHL,,7000,,65.2,203559997.6,203559997.6
1972,China,CHN,,,75000,72.1,,
1972,Colombia,COL,,1350,,65.7,519530029.3,519530029.3
1972,Comoros,COM,,,,146.9,54799999.24,54799999.24
1972,"Congo, Dem. Rep.",COD,,495250,43920,145.6,685270019.5,685270019.5
1972,"Congo, Rep.",COG,,,,80.8,128100006.1,128100006.1
1972,Costa Rica,CRI,,700,,53.3,79089996.34,79089996.34
1972,Cote d'Ivoire,CIV,,,,152.7,260869995.1,260869995.1
1972,Croatia,HRV,,,,,,
1972,Cuba,CUB,,,17070,26.2,18469999.31,18469999.31
1972,Curacao,CUW,,,,,,
1972,Cyprus,CYP,,200,,32.6,40520000.46,40520000.46
1972,Czechia,CZE,,,70,,,
1972,Denmark,DNK,,3687,,12.4,,
1972,Djibouti,DJI,,,,,71819999.69,71819999.69
1972,Dominica,DMA,,,,31.3,,
1972,Dominican Republic,DOM,,1100,,82.5,118970001.2,118970001.2
1972,Ecuador,ECU,,200,,90.7,102760002.1,102760002.1
1972,"Egypt, Arab Rep.",EGY,,7370,,158.8,751760009.8,751760009.8
1972,El Salvador,SLV,,100,,99.3,81269996.64,81269996.64
1972,Equatorial Guinea,GNQ,,,,,,
1972,Eritrea,ERI,,,,,,
1972,Estonia,EST,,,,,,
1972,Eswatini,SWZ,,80,,109.4,49209999.08,49209999.08
1972,Ethiopia,ETH,,16200,44640,145.1,244130004.9,244130004.9
1972,Faroe Islands,FRO,,,,,,
1972,Fiji,FJI,,,,43.7,52240001.68,52240001.68
1972,Finland,FIN,,,,12,,
1972,France,FRA,,98900,,13.6,,
1972,French Polynesia,PYF,,,,,147570007.3,147570007.3
1972,Gabon,GAB,,,,94.5,151039993.3,151039993.3
1972,"Gambia, The",GMB,,,,123.1,27989999.77,27989999.77
1972,Georgia,GEO,,,,,,
1972,Germany,DEU,,125000,,20.6,,
1972,Ghana,GHA,,,,118.6,301220001.2,301220001.2
1972,Gibraltar,GIB,,,,,27200000.76,27200000.76
1972,Greece,GRC,,3350,6610,24.1,,
1972,Greenland,GRL,,,,,,
1972,Grenada,GRD,,,,38.1,,
1972,Guam,GUM,,,,,,
1972,Guatemala,GTM,,160,,110,93169998.17,93169998.17
1972,Guinea,GIN,,,,187.8,25159999.85,25159999.85
1972,Guinea-Bissau,GNB,,,82000,,,
1972,Guyana,GUY,,100,,55.1,65110000.61,65110000.61
1972,Haiti,HTI,,,,155.6,35810001.37,35810001.37
1972,Honduras,HND,,70,,94.1,82080001.83,82080001.83
1972,"Hong Kong SAR, China",HKG,,50,,,18260000.23,18260000.23
1972,Hungary,HUN,,,210,34.7,,
1972,Iceland,ISL,,,,11.9,,
1972,India,IND,,57680,,139.5,3369419922,3369419922
1972,Indonesia,IDN,,,,106.9,2716360107,2716360107
1972,"Iran, Islamic Rep.",IRN,,,,121.7,56159999.85,56159999.85
1972,Iraq,IRQ,,,,74,123089996.3,123089996.3
1972,Ireland,IRL,,,,18.3,,
1972,Isle of Man,IMN,,,,,,
1972,Israel,ISR,,,,23.7,443820007.3,443820007.3
1972,Italy,ITA,,12600,,26.5,,
1972,Jamaica,JAM,,,,40.6,91660003.66,91660003.66
1972,Japan,JPN,,,,11.9,,
1972,Jordan,JOR,,558021,,59.9,553179992.7,553179992.7
1972,Kazakhstan,KAZ,,,,67.3,,
1972,Kenya,KEN,,2490,,88.6,415940002.4,415940002.4
1972,Kiribati,KIR,,,,92.4,27129999.16,27129999.16
1972,"Korea, Dem. People's Rep.",PRK,,,,,,
1972,"Korea, Rep.",KOR,,,,42,1896089966,1896089966
1972,Kosovo,XKX,,,,,,
1972,Kuwait,KWT,,,,47.6,3170000.076,3170000.076
1972,Kyrgyz Republic,KGZ,,,,,,
1972,Lao PDR,LAO,,700,,,337369995.1,337369995.1
1972,Latvia,LVA,,,,,,
1972,Lebanon,LBN,,188937,,46.1,78779998.78,78779998.78
1972,Lesotho,LSO,,60,,128.5,80099998.47,80099998.47
1972,Liberia,LBR,,,,185.3,63409999.85,63409999.85
1972,Libya,LBY,,,,85.3,42150001.53,42150001.53
1972,Liechtenstein,LIE,,,,,,
1972,Lithuania,LTU,,,,16.3,,
1972,Luxembourg,LUX,,,,16.8,,
1972,"Macao SAR, China",MAC,,80000,,,479999.9893,479999.9893
1972,Madagascar,MDG,,,,94.1,311880004.9,311880004.9
1972,Malawi,MWI,,,250,199,215729995.7,215729995.7
1972,Malaysia,MYS,,,,39.8,294779998.8,294779998.8
1972,Maldives,MDV,,,,158.2,3890000.105,3890000.105
1972,Mali,MLI,,,,179.1,208839996.3,208839996.3
1972,Malta,MLT,,,,22.5,85660003.66,85660003.66
1972,Marshall Islands,MHL,,,,54.8,,
1972,Mauritania,MRT,,,,102.8,72699996.95,72699996.95
1972,Mauritius,MUS,,,,56.5,58299999.24,58299999.24
1972,Mexico,MEX,,3000,,71.4,121540000.9,121540000.9
1972,"Micronesia, Fed. Sts.",FSM,,,,56.7,,
1972,Moldova,MDA,,,,48.1,,
1972,Monaco,MCO,,,,,,
1972,Mongolia,MNG,,,,,,
1972,Montenegro,MNE,,,,,,
1972,Morocco,MAR,,1380,,117.5,525710022,525710022
1972,Mozambique,MOZ,,,64400,182.8,1120000.005,1120000.005
1972,Myanmar,MMR,,,5700,114.8,256880004.9,256880004.9
1972,Namibia,NAM,,,1000,63.1,90000.00358,90000.00358
1972,Nauru,NRU,,,,,,
1972,Nepal,NPL,,8000,,169.7,157539993.3,157539993.3
1972,Netherlands,NLD,,8830,,11.7,,
1972,New Caledonia,NCL,,,,,295320007.3,295320007.3
1972,New Zealand,NZL,,,,16.2,,
1972,Nicaragua,NIC,,50,,119.3,56209999.08,56209999.08
1972,Niger,NER,,,,136.5,235130004.9,235130004.9
1972,Nigeria,NGA,,,,158.4,439079986.6,439079986.6
1972,North Macedonia,MKD,,,,,,
1972,Northern Mariana Islands,MNP,,,,,273920013.4,273920013.4
1972,Norway,NOR,,3000,,12.1,,
1972,Oman,OMN,,,,137.1,52479999.54,52479999.54
1972,Pakistan,PAK,,,,137.8,1629030029,1629030029
1972,Palau,PLW,,,,,,
1972,Panama,PAN,,130,,46.6,62990001.68,62990001.68
1972,Papua New Guinea,PNG,,,,93.3,1172839966,1172839966
1972,Paraguay,PRY,,1400,,56.8,80260002.14,80260002.14
1972,Peru,PER,,1550,,99.1,209550003.1,209550003.1
1972,Philippines,PHL,,,,54.5,911820007.3,911820007.3
1972,Poland,POL,,,140,28.6,,
1972,Portugal,PRT,,,,47.1,,
1972,Puerto Rico,PRI,,,,,,
1972,Qatar,QAT,,,,44.9,1059999.943,1059999.943
1972,Romania,ROU,,,90,39.1,,
1972,Russian Federation,RUS,,,150,27.9,,
1972,Rwanda,RWA,,4000,153650,134.7,174250000,174250000
1972,Samoa,WSM,,,,50,14220000.27,14220000.27
1972,San Marino,SMR,,,,,,
1972,Sao Tome and Principe,STP,,,,56.8,,
1972,Saudi Arabia,SAU,,,,109.4,12090000.15,12090000.15
1972,Senegal,SEN,,82000,,121.5,258459991.5,258459991.5
1972,Serbia,SRB,,26700,130,,,
1972,Seychelles,SYC,,,,50,56590000.15,56590000.15
1972,Sierra Leone,SLE,,,,184.6,55130001.07,55130001.07
1972,Singapore,SGP,,,,19.5,184220001.2,184220001.2
1972,Sint Maarten (Dutch part),SXM,,,,,,
1972,Slovak Republic,SVK,,,,,,
1972,Slovenia,SVN,,,,,,
1972,Solomon Islands,SLB,,,,63.1,81099998.47,81099998.47
1972,Somalia,SOM,,,,,172500000,172500000
1972,South Africa,ZAF,,,790,,,
1972,South Sudan,SSD,,,,,,
1972,Spain,ESP,,40000,650,23.7,,
1972,Sri Lanka,LKA,,,,51.9,296769989,296769989
1972,St. Kitts and Nevis,KNA,,,,56.7,,
1972,St. Lucia,LCA,,,,45.2,,
1972,St. Martin (French part),MAF,,,,,,
1972,St. Vincent and the Grenadines,VCT,,,,54.3,,
1972,Sudan,SDN,,49020,128450,95.1,343209991.5,343209991.5
1972,Suriname,SUR,,,,,218759994.5,218759994.5
1972,Sweden,SWE,,20000,,10.4,,
1972,Switzerland,CHE,,35000,,13.6,,
1972,Syrian Arab Republic,SYR,,171230,,67.9,294970001.2,294970001.2
1972,Tajikistan,TJK,,,,117.6,,
1972,Tanzania,TZA,,165000,,123.9,318049987.8,318049987.8
1972,Thailand,THA,,,,65.5,291609985.4,291609985.4
1972,Timor-Leste,TLS,,,,,,
1972,Togo,TGO,,,,128,118889999.4,118889999.4
1972,Tonga,TON,,,,34.9,7519999.981,7519999.981
1972,Trinidad and Tobago,TTO,,,,42.3,16840000.15,16840000.15
1972,Tunisia,TUN,,,,110.4,579890014.6,579890014.6
1972,Turkiye,TUR,,1160,250,119.2,1173619995,1173619995
1972,Turkmenistan,TKM,,,,,,
1972,Turks and Caicos Islands,TCA,,,,41.6,,
1972,Tuvalu,TUV,,,,68.9,,
1972,Uganda,UGA,,166560,,115.1,230619995.1,230619995.1
1972,Ukraine,UKR,,,,25.8,,
1972,United Arab Emirates,ARE,,870,,59.5,25120000.84,25120000.84
1972,United Kingdom,GBR,,150000,,17.2,,
1972,United States,USA,,530000,,18.3,,
1972,Uruguay,URY,,1500,,47.2,108550003.1,108550003.1
1972,Uzbekistan,UZB,,,,,,
1972,Vanuatu,VUT,,,,70,39450000.76,39450000.76
1972,"Venezuela, RB",VEN,,14700,,45.7,45790000.92,45790000.92
1972,Viet Nam,VNM,,55000,,53.7,2779669922,2779669922
1972,Virgin Islands (U.S.),VIR,,,,,,
1972,West Bank and Gaza,PSE,,608237,,,,
1972,"Yemen, Rep.",YEM,,,,205.4,277260009.8,277260009.8
1972,Zambia,ZMB,,25000,750,103,124769996.6,124769996.6
1972,Zimbabwe,ZWE,,,,72.6,4909999.847,4909999.847
1972,Africa Eastern and Southern,AFE,,,,,3797890042,3797890042
1972,Africa Western and Central,AFW,,,,,3264539976,3264539976
1972,Arab World,ARB,,,,,4646900008,4646900008
1972,Caribbean small states,CSS,,,,,451509998.3,451509998.3
1972,Central Europe and the Baltics,CEB,,,,,,
1972,Early-demographic dividend,EAR,,,,,19274530019,19274530019
1972,East Asia & Pacific,EAS,,,,,12290069987,12290069987
1972,East Asia & Pacific (excluding high income),EAP,,,,,9440769992,9440769992
1972,East Asia & Pacific (IDA & IBRD countries),TEA,,,,,9325059994,9325059994
1972,Euro area,EMU,,,,,126180004.1,126180004.1
1972,Europe & Central Asia,ECS,,,,,1627619991,1627619991
1972,Europe & Central Asia (excluding high income),ECA,,,,,1371419998,1371419998
1972,Europe & Central Asia (IDA & IBRD countries),TEC,,,,,1173619995,1173619995
1972,European Union,EUU,,,,,126180004.1,126180004.1
1972,Fragile and conflict affected situations,FCS,,,,,6208219964,6208219964
1972,Heavily indebted poor countries (HIPC),HPC,,,,,6503229961,6503229961
1972,High income,HIC,,,,,4039760010,4039760010
1972,IBRD only,IBD,,,,,18516209947,18516209947
1972,IDA & IBRD total,IBT,,,,,31661139900,31661139900
1972,IDA blend,IDB,,,,,4190909981,4190909981
1972,IDA only,IDX,,,,,8954019972,8954019972
1972,IDA total,IDA,,,,,13144929953,13144929953
1972,Late-demographic dividend,LTE,,,,,7146699964,7146699964
1972,Latin America & Caribbean,LCN,,,,,3518490024,3518490024
1972,Latin America & Caribbean (excluding high income),LAC,,,,,3102580022,3102580022
1972,Latin America & the Caribbean (IDA & IBRD countries),TLA,,,,,3137590017,3137590017
1972,Least developed countries: UN classification,LDC,,,,,7829159972,7829159972
1972,Low & middle income,LMY,,,,,38167070313,38167070313
1972,Low income,LIC,,,,,4803900009,4803900009
1972,Lower middle income,LMC,,,,,21303829901,21303829901
1972,Middle East & North Africa,MEA,,,,,5840169997,5840169997
1972,Middle East & North Africa (excluding high income),MNA,,,,,5201019985,5201019985
1972,Middle East & North Africa (IDA & IBRD countries),TMN,,,,,3950180019,3950180019
1972,Middle income,MIC,,,,,26634240234,26634240234
1972,North America,NAC,,,,,59999.99866,59999.99866
1972,Not classified,INX,,,,,,
1972,OECD members,OED,,,,,4437249992,4437249992
1972,Other small states,OSS,,,,,859849998.6,859849998.6
1972,Pacific island small states,PSS,,,,,221660000.3,221660000.3
1972,Post-demographic dividend,PST,,,,,2230599970,2230599970
1972,Pre-demographic dividend,PRE,,,,,6284509940,6284509940
1972,Small states,SST,,,,,1533019997,1533019997
1972,South Asia,SAS,,,,,6916929919,6916929919
1972,South Asia (IDA & IBRD),TSA,,,,,6916929919,6916929919
1972,Sub-Saharan Africa,SSF,,,,,7975449950,7975449950
1972,Sub-Saharan Africa (excluding high income),SSA,,,,,7918859950,7918859950
1972,Sub-Saharan Africa (IDA & IBRD countries),TSS,,,,,7157759955,7157759955
1972,Upper middle income,UMC,,,,,5137509987,5137509987
1972,World,WLD,,,,,42314769531,42314769531
1973,Afghanistan,AFG,,,,190.5,256549987.8,256549987.8
1973,Albania,ALB,,,2090,,,
1973,Algeria,DZA,,,,136.2,569650024.4,569650024.4
1973,American Samoa,ASM,,,,,,
1973,Andorra,AND,,,,,,
1973,Angola,AGO,,,426550,,1019999.981,1019999.981
1973,Antigua and Barbuda,ATG,,,,19,50000.00075,50000.00075
1973,Argentina,ARG,,37000,,56.4,62439998.63,62439998.63
1973,Armenia,ARM,,,,,,
1973,Aruba,ABW,,,,,,
1973,Australia,AUS,,,,16.1,,
1973,Austria,AUT,,25000,,23.1,,
1973,Azerbaijan,AZE,,,,,,
1973,"Bahamas, The",BHS,,,,26.5,2309999.943,2309999.943
1973,Bahrain,BHR,,,,43.9,67309997.56,67309997.56
1973,Bangladesh,BGD,,,,151.3,1948810059,1948810059
1973,Barbados,BRB,,,,35.1,22680000.31,22680000.31
1973,Belarus,BLR,,,,,,
1973,Belgium,BEL,,20000,,17.7,,
1973,Belize,BLZ,,,,63,26750000,26750000
1973,Benin,BEN,,,,145.4,128029998.8,128029998.8
1973,Bermuda,BMU,,,,,,
1973,Bhutan,BTN,,,,165.3,2980000.019,2980000.019
1973,Bolivia,BOL,,700,,133.1,112639999.4,112639999.4
1973,Bosnia and Herzegovina,BIH,,,,,,
1973,Botswana,BWA,,4500,,78.4,164500000,164500000
1973,Brazil,BRA,,35200,,94.9,296609985.4,296609985.4
1973,British Virgin Islands,VGB,,,,34.4,,
1973,Brunei Darussalam,BRN,,,,30.2,730000.0191,730000.0191
1973,Bulgaria,BGR,,,340,25.1,,
1973,Burkina Faso,BFA,,,,138.9,278130004.9,278130004.9
1973,Burundi,BDI,,49000,131895,148.6,134320007.3,134320007.3
1973,Cabo Verde,CPV,,,,88.1,,
1973,Cambodia,KHM,,,35000,,663599975.6,663599975.6
1973,Cameroon,CMR,,,,116.3,286130004.9,286130004.9
1973,Canada,CAN,,13358,,15.9,,
1973,Cayman Islands,CYM,,,,,,
1973,Central African Republic,CAF,,7000,,131.6,121949996.9,121949996.9
1973,Chad,TCD,,,1500,128.5,218750000,218750000
1973,Channel Islands,CHI,,,,,,
1973,Chile,CHL,,9500,,63.4,183860000.6,183860000.6
1973,China,CHN,,,,68.7,,
1973,Colombia,COL,,1450,,63.2,588599975.6,588599975.6
1973,Comoros,COM,,,,143.4,78099998.47,78099998.47
1973,"Congo, Dem. Rep.",COD,,460050,43380,143.9,662619995.1,662619995.1
1973,"Congo, Rep.",COG,,,,78.9,124989997.9,124989997.9
1973,Costa Rica,CRI,,,,47.5,74900001.53,74900001.53
1973,Cote d'Ivoire,CIV,,,,147.4,292519989,292519989
1973,Croatia,HRV,,,,,,
1973,Cuba,CUB,,,,25,22389999.39,22389999.39
1973,Curacao,CUW,,,,,,
1973,Cyprus,CYP,,,,30.3,38330001.83,38330001.83
1973,Czechia,CZE,,,60,,,
1973,Denmark,DNK,,3687,,11.6,,
1973,Djibouti,DJI,,,,,85569999.69,85569999.69
1973,Dominica,DMA,,,,29,419999.9869,419999.9869
1973,Dominican Republic,DOM,,,,80,89360000.61,89360000.61
1973,Ecuador,ECU,,,,87.9,137869995.1,137869995.1
1973,"Egypt, Arab Rep.",EGY,,2600,,155.1,4154870117,4154870117
1973,El Salvador,SLV,,,,96.9,57319999.69,57319999.69
1973,Equatorial Guinea,GNQ,,,,,4730000.019,4730000.019
1973,Eritrea,ERI,,,,,2900000.095,2900000.095
1973,Estonia,EST,,,,,,
1973,Eswatini,SWZ,,100,,106,55560001.37,55560001.37
1973,Ethiopia,ETH,,5400,46300,145,309529998.8,309529998.8
1973,Faroe Islands,FRO,,,,,,
1973,Fiji,FJI,,,,43.4,81050003.05,81050003.05
1973,Finland,FIN,,,,11.4,,
1973,France,FRA,,101830,,13.1,,
1973,French Polynesia,PYF,,,,,221589996.3,221589996.3
1973,Gabon,GAB,,,,91.9,197070007.3,197070007.3
1973,"Gambia, The",GMB,,,,120.7,32849998.47,32849998.47
1973,Georgia,GEO,,,,,,
1973,Germany,DEU,,125000,,19.7,,
1973,Ghana,GHA,,,,116.8,191250000,191250000
1973,Gibraltar,GIB,,,,,38029998.78,38029998.78
1973,Greece,GRC,,2940,5900,23.9,,
1973,Greenland,GRL,,,,,,
1973,Grenada,GRD,,,,37.2,230000.0042,230000.0042
1973,Guam,GUM,,,,,,
1973,Guatemala,GTM,,,,106.9,83510002.14,83510002.14
1973,Guinea,GIN,,,,185.6,57599998.47,57599998.47
1973,Guinea-Bissau,GNB,,,84000,,39999.99911,39999.99911
1973,Guyana,GUY,,,,54.9,36049999.24,36049999.24
1973,Haiti,HTI,,,,152,36040000.92,36040000.92
1973,Honduras,HND,,,,90.7,63950000.76,63950000.76
1973,"Hong Kong SAR, China",HKG,,,,,3509999.99,3509999.99
1973,Hungary,HUN,,,170,35.1,,
1973,Iceland,ISL,,,,11.4,,
1973,India,IND,,58840,,137.2,3726969971,3726969971
1973,Indonesia,IDN,,,,103.8,2786879883,2786879883
1973,"Iran, Islamic Rep.",IRN,,,,116.4,-15100000.38,-15100000.38
1973,Iraq,IRQ,,,,71.1,64980003.36,64980003.36
1973,Ireland,IRL,,,,17.9,,
1973,Isle of Man,IMN,,,,,,
1973,Israel,ISR,,,,23.3,839559997.6,839559997.6
1973,Italy,ITA,,12600,,24.5,,
1973,Jamaica,JAM,,,,39.3,73470001.22,73470001.22
1973,Japan,JPN,,,,11.2,,
1973,Jordan,JOR,,582400,,57.4,958099975.6,958099975.6
1973,Kazakhstan,KAZ,,,,65.9,,
1973,Kenya,KEN,,2970,,86.5,468320007.3,468320007.3
1973,Kiribati,KIR,,,,90.4,35450000.76,35450000.76
1973,"Korea, Dem. People's Rep.",PRK,,,,,,
1973,"Korea, Rep.",KOR,,,,39.9,1300189941,1300189941
1973,Kosovo,XKX,,,,,,
1973,Kuwait,KWT,,,,45.1,1879999.995,1879999.995
1973,Kyrgyz Republic,KGZ,,,,,,
1973,Lao PDR,LAO,,,,,339609985.4,339609985.4
1973,Latvia,LVA,,,,,,
1973,Lebanon,LBN,,193107,,45.8,58020000.46,58020000.46
1973,Lesotho,LSO,,180,,125.5,71199996.95,71199996.95
1973,Liberia,LBR,,,,182.1,47430000.31,47430000.31
1973,Libya,LBY,,,,80.7,70379997.25,70379997.25
1973,Liechtenstein,LIE,,,,,,
1973,Lithuania,LTU,,,,16.8,,
1973,Luxembourg,LUX,,,,15.8,,
1973,"Macao SAR, China",MAC,,,,,560000.0024,560000.0024
1973,Madagascar,MDG,,,,95.4,248729995.7,248729995.7
1973,Malawi,MWI,,,100,194.1,159759994.5,159759994.5
1973,Malaysia,MYS,,,,37.9,216669998.2,216669998.2
1973,Maldives,MDV,,,,150.4,3069999.933,3069999.933
1973,Mali,MLI,,,,175.9,349519989,349519989
1973,Malta,MLT,,,,21.3,146350006.1,146350006.1
1973,Marshall Islands,MHL,,,,53.6,,
1973,Mauritania,MRT,,,,102.9,145059997.6,145059997.6
1973,Mauritius,MUS,,,,56.9,68680000.31,68680000.31
1973,Mexico,MEX,,4000,,69,63560001.37,63560001.37
1973,"Micronesia, Fed. Sts.",FSM,,,,55,,
1973,Moldova,MDA,,,,46.9,,
1973,Monaco,MCO,,,,,,
1973,Mongolia,MNG,,,,,,
1973,Montenegro,MNE,,,,,,
1973,Morocco,MAR,,860,,115.5,427500000,427500000
1973,Mozambique,MOZ,,,69800,182.1,750000,750000
1973,Myanmar,MMR,,,,112.6,326579986.6,326579986.6
1973,Namibia,NAM,,,3410,63.5,,
1973,Nauru,NRU,,,,,,
1973,Nepal,NPL,,8000,,166.1,158309997.6,158309997.6
1973,Netherlands,NLD,,8400,,11.3,,
1973,New Caledonia,NCL,,,,,327529998.8,327529998.8
1973,New Zealand,NZL,,,,15.8,,
1973,Nicaragua,NIC,,,,108,125980003.4,125980003.4
1973,Niger,NER,,,,137.6,343579986.6,343579986.6
1973,Nigeria,NGA,,,,153.4,368260009.8,368260009.8
1973,North Macedonia,MKD,,,,,,
1973,Northern Mariana Islands,MNP,,,,,298010009.8,298010009.8
1973,Norway,NOR,,3000,,11.6,,
1973,Oman,OMN,,,,129.5,105720001.2,105720001.2
1973,Pakistan,PAK,,,,135.9,1337319946,1337319946
1973,Palau,PLW,,,,,,
1973,Panama,PAN,,,,44.7,102220001.2,102220001.2
1973,Papua New Guinea,PNG,,,,90.7,875179992.7,875179992.7
1973,Paraguay,PRY,,,,56.2,68480003.36,68480003.36
1973,Peru,PER,,,,96.6,380929992.7,380929992.7
1973,Philippines,PHL,,,,54.4,1024560059,1024560059
1973,Poland,POL,,,100,26.9,,
1973,Portugal,PRT,,,,43.1,,
1973,Puerto Rico,PRI,,,,,,
1973,Qatar,QAT,,,,42.3,1399999.976,1399999.976
1973,Romania,ROU,,,90,37.3,,
1973,Russian Federation,RUS,,,110,26.7,,
1973,Rwanda,RWA,,6500,163595,137.7,192649993.9,192649993.9
1973,Samoa,WSM,,,,47.9,15590000.15,15590000.15
1973,San Marino,SMR,,,,,,
1973,Sao Tome and Principe,STP,,,,57.2,,
1973,Saudi Arabia,SAU,,,,103,12840000.15,12840000.15
1973,Senegal,SEN,,84000,,118.9,383559997.6,383559997.6
1973,Serbia,SRB,,26290,130,,,
1973,Seychelles,SYC,,,,46.7,48540000.92,48540000.92
1973,Sierra Leone,SLE,,,,182,65949996.95,65949996.95
1973,Singapore,SGP,,,,17.9,141199996.9,141199996.9
1973,Sint Maarten (Dutch part),SXM,,,,,,
1973,Slovak Republic,SVK,,,,,,
1973,Slovenia,SVN,,,,,,
1973,Solomon Islands,SLB,,,,59.3,70080001.83,70080001.83
1973,Somalia,SOM,,,,,260799987.8,260799987.8
1973,South Africa,ZAF,,,940,,,
1973,South Sudan,SSD,,,,,,
1973,Spain,ESP,,26000,390,21.8,,
1973,Sri Lanka,LKA,,,,51.3,255690002.4,255690002.4
1973,St. Kitts and Nevis,KNA,,,,54.5,50000.00075,50000.00075
1973,St. Lucia,LCA,,,,41.5,419999.9869,419999.9869
1973,St. Martin (French part),MAF,,,,,,
1973,St. Vincent and the Grenadines,VCT,,,,55.4,560000.0024,560000.0024
1973,Sudan,SDN,,50900,13050,94.6,177750000,177750000
1973,Suriname,SUR,,,,,150690002.4,150690002.4
1973,Sweden,SWE,,20000,,9.8,,
1973,Switzerland,CHE,,35000,,12.8,,
1973,Syrian Arab Republic,SYR,,175817,,64.9,1991219971,1991219971
1973,Tajikistan,TJK,,,,114.1,,
1973,Tanzania,TZA,,180860,,121.7,434630004.9,434630004.9
1973,Thailand,THA,,,,62.7,284940002.4,284940002.4
1973,Timor-Leste,TLS,,,,,,
1973,Togo,TGO,,,,125.4,122459999.1,122459999.1
1973,Tonga,TON,,,,33.2,7380000.114,7380000.114
1973,Trinidad and Tobago,TTO,,,,41.4,10090000.15,10090000.15
1973,Tunisia,TUN,,70,,104.8,612530029.3,612530029.3
1973,Turkiye,TUR,,1160,,115.7,384970001.2,384970001.2
1973,Turkmenistan,TKM,,,,,,
1973,Turks and Caicos Islands,TCA,,,,38.3,,
1973,Tuvalu,TUV,,,,65.6,,
1973,Uganda,UGA,,113900,950,116.1,104470001.2,104470001.2
1973,Ukraine,UKR,,,,25.1,,
1973,United Arab Emirates,ARE,,3200,,54.6,3680000.067,3680000.067
1973,United Kingdom,GBR,,150000,,16.6,,
1973,United States,USA,,530000,,17.5,,
1973,Uruguay,URY,,,,47.9,81419998.17,81419998.17
1973,Uzbekistan,UZB,,,,,,
1973,Vanuatu,VUT,,,,67.5,44470001.22,44470001.22
1973,"Venezuela, RB",VEN,,15400,,44.4,39130001.07,39130001.07
1973,Viet Nam,VNM,,35000,,53.1,2147620117,2147620117
1973,Virgin Islands (U.S.),VIR,,,,,,
1973,West Bank and Gaza,PSE,,607485,,,,
1973,"Yemen, Rep.",YEM,,,,197.7,297399993.9,297399993.9
1973,Zambia,ZMB,,37310,750,100,223360000.6,223360000.6
1973,Zimbabwe,ZWE,,,,72.4,4710000.038,4710000.038
1973,Africa Eastern and Southern,AFE,,,,,3830179989,3830179989
1973,Africa Western and Central,AFW,,,,,3718509975,3718509975
1973,Arab World,ARB,,,,,10144760095,10144760095
1973,Caribbean small states,CSS,,,,,323770003.3,323770003.3
1973,Central Europe and the Baltics,CEB,,,,,,
1973,Early-demographic dividend,EAR,,,,,25571179935,25571179935
1973,East Asia & Pacific,EAS,,,,,11190539946,11190539946
1973,East Asia & Pacific (excluding high income),EAP,,,,,9017450007,9017450007
1973,East Asia & Pacific (IDA & IBRD countries),TEA,,,,,8919660007,8919660007
1973,Euro area,EMU,,,,,184680007.9,184680007.9
1973,Europe & Central Asia,ECS,,,,,1112229973,1112229973
1973,Europe & Central Asia (excluding high income),ECA,,,,,961379974.4,961379974.4
1973,Europe & Central Asia (IDA & IBRD countries),TEC,,,,,384970001.2,384970001.2
1973,European Union,EUU,,,,,184680007.9,184680007.9
1973,Fragile and conflict affected situations,FCS,,,,,7808389914,7808389914
1973,Heavily indebted poor countries (HIPC),HPC,,,,,6811379926,6811379926
1973,High income,HIC,,,,,3879409944,3879409944
1973,IBRD only,IBD,,,,,20953280151,20953280151
1973,IDA & IBRD total,IBT,,,,,36849810006,36849810006
1973,IDA blend,IDB,,,,,3547589962,3547589962
1973,IDA only,IDX,,,,,12348939893,12348939893
1973,IDA total,IDA,,,,,15896529855,15896529855
1973,Late-demographic dividend,LTE,,,,,6250390114,6250390114
1973,Latin America & Caribbean,LCN,,,,,3375549950,3375549950
1973,Latin America & Caribbean (excluding high income),LAC,,,,,2973519951,2973519951
1973,Latin America & the Caribbean (IDA & IBRD countries),TLA,,,,,2947599965,2947599965
1973,Least developed countries: UN classification,LDC,,,,,9578479929,9578479929
1973,Low & middle income,LMY,,,,,45598210938,45598210938
1973,Low income,LIC,,,,,6721619899,6721619899
1973,Lower middle income,LMC,,,,,25082010158,25082010158
1973,Middle East & North Africa,MEA,,,,,11010560085,11010560085
1973,Middle East & North Africa (excluding high income),MNA,,,,,9831820082,9831820082
1973,Middle East & North Africa (IDA & IBRD countries),TMN,,,,,9275120111,9275120111
1973,Middle income,MIC,,,,,30328050781,30328050781
1973,North America,NAC,,,,,,
1973,Not classified,INX,,,,,,
1973,OECD members,OED,,,,,3435639919,3435639919
1973,Other small states,OSS,,,,,1067010009,1067010009
1973,Pacific island small states,PSS,,,,,254020007.1,254020007.1
1973,Post-demographic dividend,PST,,,,,1636929944,1636929944
1973,Pre-demographic dividend,PRE,,,,,6650599950,6650599950
1973,Small states,SST,,,,,1644800019,1644800019
1973,South Asia,SAS,,,,,7689699963,7689699963
1973,South Asia (IDA & IBRD),TSA,,,,,7689699963,7689699963
1973,Sub-Saharan Africa,SSF,,,,,8617599967,8617599967
1973,Sub-Saharan Africa (excluding high income),SSA,,,,,8564329966,8564329966
1973,Sub-Saharan Africa (IDA & IBRD countries),TSS,,,,,7632759959,7632759959
1973,Upper middle income,UMC,,,,,4663759947,4663759947
1973,World,WLD,,,,,49561640625,49561640625
1974,Afghanistan,AFG,,,,186.7,205470001.2,205470001.2
1974,Albania,ALB,,,380,,,
1974,Algeria,DZA,,,,132.3,539929992.7,539929992.7
1974,American Samoa,ASM,,,,,,
1974,Andorra,AND,,,,,,
1974,Angola,AGO,,,497390,,1710000.038,1710000.038
1974,Antigua and Barbuda,ATG,,,,17.9,15729999.54,15729999.54
1974,Argentina,ARG,,47000,,54.9,66010002.14,66010002.14
1974,Armenia,ARM,,,,,,
1974,Aruba,ABW,,,,,,
1974,Australia,AUS,,,,15.3,,
1974,Austria,AUT,,25000,,21.6,,
1974,Azerbaijan,AZE,,,,,,
1974,"Bahamas, The",BHS,,,,26.6,2259999.99,2259999.99
1974,Bahrain,BHR,,60,,40.5,159800003.1,159800003.1
1974,Bangladesh,BGD,,,,150.5,2212969971,2212969971
1974,Barbados,BRB,,,,33.2,15579999.92,15579999.92
1974,Belarus,BLR,,,,,,
1974,Belgium,BEL,,11100,,16.7,,
1974,Belize,BLZ,,,,60.8,31489999.77,31489999.77
1974,Benin,BEN,,,,142.5,142929992.7,142929992.7
1974,Bermuda,BMU,,,,,159999.9964,159999.9964
1974,Bhutan,BTN,,,,159.9,2589999.914,2589999.914
1974,Bolivia,BOL,,700,1650,129.6,228410003.7,228410003.7
1974,Bosnia and Herzegovina,BIH,,,,,,
1974,Botswana,BWA,,2480,,75.3,155649993.9,155649993.9
1974,Brazil,BRA,,34000,,92.6,546039978,546039978
1974,British Virgin Islands,VGB,,,,33.4,9159999.847,9159999.847
1974,Brunei Darussalam,BRN,,,,27.3,779999.9714,779999.9714
1974,Bulgaria,BGR,,,300,24.6,,
1974,Burkina Faso,BFA,,,,135.8,428130004.9,428130004.9
1974,Burundi,BDI,,48500,120880,148.5,164270004.3,164270004.3
1974,Cabo Verde,CPV,,,,83.8,,
1974,Cambodia,KHM,,,,,1282380005,1282380005
1974,Cameroon,CMR,,,,114.9,264510009.8,264510009.8
1974,Canada,CAN,,11410,,15,,
1974,Cayman Islands,CYM,,,,,9079999.924,9079999.924
1974,Central African Republic,CAF,,5000,,129.7,163889999.4,163889999.4
1974,Chad,TCD,,,,127.9,345079986.6,345079986.6
1974,Channel Islands,CHI,,,,,,
1974,Chile,CHL,,3700,13550,59.7,65940002.44,65940002.44
1974,China,CHN,,,,65.1,,
1974,Colombia,COL,,1200,,60.7,366519989,366519989
1974,Comoros,COM,,,,140,115940002.4,115940002.4
1974,"Congo, Dem. Rep.",COD,,503250,39820,142.2,760280029.3,760280029.3
1974,"Congo, Rep.",COG,,10000,,77.2,165130004.9,165130004.9
1974,Costa Rica,CRI,,200,,42.6,68949996.95,68949996.95
1974,Cote d'Ivoire,CIV,,,,142,331730011,331730011
1974,Croatia,HRV,,,,,,
1974,Cuba,CUB,,1300,1600,23.8,54990001.68,54990001.68
1974,Curacao,CUW,,,,,,
1974,Cyprus,CYP,,,,28,94050003.05,94050003.05
1974,Czechia,CZE,,,50,,,
1974,Denmark,DNK,,2900,,10.9,,
1974,Djibouti,DJI,,,,,123680000.3,123680000.3
1974,Dominica,DMA,,,,26.9,17489999.77,17489999.77
1974,Dominican Republic,DOM,,1000,,77.5,66900001.53,66900001.53
1974,Ecuador,ECU,,200,,84.7,120209999.1,120209999.1
1974,"Egypt, Arab Rep.",EGY,,4000,,150.3,5788049805,5788049805
1974,El Salvador,SLV,,,,94.3,40139999.39,40139999.39
1974,Equatorial Guinea,GNQ,,,1000,,67029998.78,67029998.78
1974,Eritrea,ERI,,,,128,9069999.695,9069999.695
1974,Estonia,EST,,,,,,
1974,Eswatini,SWZ,,50,,102.4,68089996.34,68089996.34
1974,Ethiopia,ETH,,5910,49200,144.7,508200012.2,508200012.2
1974,Faroe Islands,FRO,,,,,,
1974,Fiji,FJI,,,,43,70650001.53,70650001.53
1974,Finland,FIN,,,,10.7,,
1974,France,FRA,,105538,,12.7,,
1974,French Polynesia,PYF,,,,,160699996.9,160699996.9
1974,Gabon,GAB,,,,89.3,104150001.5,104150001.5
1974,"Gambia, The",GMB,,,,118.3,46580001.83,46580001.83
1974,Georgia,GEO,,,,,,
1974,Germany,DEU,,123000,,18.8,,
1974,Ghana,GHA,,,,114.5,146179992.7,146179992.7
1974,Gibraltar,GIB,,,,,36310001.37,36310001.37
1974,Greece,GRC,,2710,580,23.7,,
1974,Greenland,GRL,,,,,,
1974,Grenada,GRD,,,,36.2,9109999.657,9109999.657
1974,Guam,GUM,,,,,,
1974,Guatemala,GTM,,,,103.9,92449996.95,92449996.95
1974,Guinea,GIN,,,,183.4,82790000.92,82790000.92
1974,Guinea-Bissau,GNB,,,90000,,42419998.17,42419998.17
1974,Guyana,GUY,,200,,54.8,49590000.15,49590000.15
1974,Haiti,HTI,,,1000,148.4,53740001.68,53740001.68
1974,Honduras,HND,,,,96.6,81970001.22,81970001.22
1974,"Hong Kong SAR, China",HKG,,,,,3650000.095,3650000.095
1974,Hungary,HUN,,,150,34.4,,
1974,Iceland,ISL,,,,10.9,,
1974,India,IND,,59900,,134.6,5275790039,5275790039
1974,Indonesia,IDN,,,,100.8,2718270020,2718270020
1974,"Iran, Islamic Rep.",IRN,,,,111.1,39529998.78,39529998.78
1974,Iraq,IRQ,,,,68.3,18120000.84,18120000.84
1974,Ireland,IRL,,,,17.5,,
1974,Isle of Man,IMN,,,,,,
1974,Israel,ISR,,,,22.7,483660003.7,483660003.7
1974,Italy,ITA,,13000,,22.5,,
1974,Jamaica,JAM,,,,37.9,94029998.78,94029998.78
1974,Japan,JPN,,,,10.6,,
1974,Jordan,JOR,,607430,,55.1,1312819946,1312819946
1974,Kazakhstan,KAZ,,,,64.6,,
1974,Kenya,KEN,,2740,,84.3,511179992.7,511179992.7
1974,Kiribati,KIR,,,,88.9,29850000.38,29850000.38
1974,"Korea, Dem. People's Rep.",PRK,,,,,,
1974,"Korea, Rep.",KOR,,,,38.1,1044430054,1044430054
1974,Kosovo,XKX,,,,,,
1974,Kuwait,KWT,,,,42.7,1580000.043,1580000.043
1974,Kyrgyz Republic,KGZ,,,,,,
1974,Lao PDR,LAO,,,,,247770004.3,247770004.3
1974,Latvia,LVA,,,,,,
1974,Lebanon,LBN,,192830,,45.4,591229980.5,591229980.5
1974,Lesotho,LSO,,190,110,122.2,93309997.56,93309997.56
1974,Liberia,LBR,,,,178.7,61529998.78,61529998.78
1974,Libya,LBY,,,,76.4,60349998.47,60349998.47
1974,Liechtenstein,LIE,,,,,,
1974,Lithuania,LTU,,,,17.5,,
1974,Luxembourg,LUX,,,,14.9,,
1974,"Macao SAR, China",MAC,,,,,129999.9952,129999.9952
1974,Madagascar,MDG,,,,96.8,275989990.2,275989990.2
1974,Malawi,MWI,,,80,188.5,195539993.3,195539993.3
1974,Malaysia,MYS,,,,36,292540008.5,292540008.5
1974,Maldives,MDV,,,,142.8,2630000.114,2630000.114
1974,Mali,MLI,,,,172.6,507209991.5,507209991.5
1974,Malta,MLT,,,,20.1,102250000,102250000
1974,Marshall Islands,MHL,,,,52.5,,
1974,Mauritania,MRT,,,,102.9,421070007.3,421070007.3
1974,Mauritius,MUS,,,,54.8,113669998.2,113669998.2
1974,Mexico,MEX,,3500,,66.7,97260002.14,97260002.14
1974,"Micronesia, Fed. Sts.",FSM,,,,53.4,,
1974,Moldova,MDA,,,,45.7,,
1974,Monaco,MCO,,,,,,
1974,Mongolia,MNG,,,,,,
1974,Montenegro,MNE,,,,,,
1974,Morocco,MAR,,620,,113.2,480209991.5,480209991.5
1974,Mozambique,MOZ,,,80960,181.5,3269999.981,3269999.981
1974,Myanmar,MMR,,,,110.4,275500000,275500000
1974,Namibia,NAM,,,3420,63.9,,
1974,Nauru,NRU,,,,,,
1974,Nepal,NPL,,8100,,162.5,132350006.1,132350006.1
1974,Netherlands,NLD,,8015,,10.9,,
1974,New Caledonia,NCL,,,,,262959991.5,262959991.5
1974,New Zealand,NZL,,,,15.4,,
1974,Nicaragua,NIC,,,,104.4,126230003.4,126230003.4
1974,Niger,NER,,,,137.9,587219970.7,587219970.7
1974,Nigeria,NGA,,,,148.5,299279998.8,299279998.8
1974,North Macedonia,MKD,,,,,,
1974,Northern Mariana Islands,MNP,,,,,313339996.3,313339996.3
1974,Norway,NOR,,3000,,11,,
1974,Oman,OMN,,,,121.9,716210022,716210022
1974,Pakistan,PAK,,,,133.9,1956689941,1956689941
1974,Palau,PLW,,,,,,
1974,Panama,PAN,,1150,,42.8,66839996.34,66839996.34
1974,Papua New Guinea,PNG,,,,88.2,994349975.6,994349975.6
1974,Paraguay,PRY,,1160,,55.5,95419998.17,95419998.17
1974,Peru,PER,,4600,,94.1,287320007.3,287320007.3
1974,Philippines,PHL,,,,54.4,639159973.1,639159973.1
1974,Poland,POL,,,70,25.5,,
1974,Portugal,PRT,,,,39.5,,
1974,Puerto Rico,PRI,,,,,,
1974,Qatar,QAT,,,,40,2150000.095,2150000.095
1974,Romania,ROU,,,70,36.3,,
1974,Russian Federation,RUS,,,80,25.7,,
1974,Rwanda,RWA,,6000,178260,141.6,201360000.6,201360000.6
1974,Samoa,WSM,,,,45.9,24629999.16,24629999.16
1974,San Marino,SMR,,,,,,
1974,Sao Tome and Principe,STP,,,,57.6,,
1974,Saudi Arabia,SAU,,100,,97,15279999.73,15279999.73
1974,Senegal,SEN,,90000,,115.8,594590026.9,594590026.9
1974,Serbia,SRB,,26300,120,,,
1974,Seychelles,SYC,,,,43.4,46619998.93,46619998.93
1974,Sierra Leone,SLE,,,,179.5,42549999.24,42549999.24
1974,Singapore,SGP,,,,15.9,89239997.86,89239997.86
1974,Sint Maarten (Dutch part),SXM,,,,,,
1974,Slovak Republic,SVK,,,,,,
1974,Slovenia,SVN,,,,,,
1974,Solomon Islands,SLB,,,,55.9,65010002.14,65010002.14
1974,Somalia,SOM,,,,,356630004.9,356630004.9
1974,South Africa,ZAF,,,1380,90.1,,
1974,South Sudan,SSD,,,,,,
1974,Spain,ESP,,18000,210,20.1,,
1974,Sri Lanka,LKA,,,,50.3,313399993.9,313399993.9
1974,St. Kitts and Nevis,KNA,,,,52.5,19149999.62,19149999.62
1974,St. Lucia,LCA,,,,38.2,34880001.07,34880001.07
1974,St. Martin (French part),MAF,,,,,,
1974,St. Vincent and the Grenadines,VCT,,,,56.3,18639999.39,18639999.39
1974,Sudan,SDN,,53700,11770,94.1,882289978,882289978
1974,Suriname,SUR,,,,,212460006.7,212460006.7
1974,Sweden,SWE,,20000,,9.3,,
1974,Switzerland,CHE,,35000,,12,,
1974,Syrian Arab Republic,SYR,,179916,,62,3256780029,3256780029
1974,Tajikistan,TJK,,,,110.7,,
1974,Tanzania,TZA,,193190,320,119.6,636520019.5,636520019.5
1974,Thailand,THA,,,,60.1,304220001.2,304220001.2
1974,Timor-Leste,TLS,,,,,39999.99911,39999.99911
1974,Togo,TGO,,,,122.8,167639999.4,167639999.4
1974,Tonga,TON,,,,31.6,13590000.15,13590000.15
1974,Trinidad and Tobago,TTO,,,,40.4,14630000.11,14630000.11
1974,Tunisia,TUN,,,,99.2,728570007.3,728570007.3
1974,Turkiye,TUR,,1060,,112.2,193350006.1,193350006.1
1974,Turkmenistan,TKM,,,,,,
1974,Turks and Caicos Islands,TCA,,,,35.2,13140000.34,13140000.34
1974,Tuvalu,TUV,,,,62.3,,
1974,Uganda,UGA,,118510,2630,117.8,71699996.95,71699996.95
1974,Ukraine,UKR,,,,24.5,,
1974,United Arab Emirates,ARE,,1200,,50.3,2539999.962,2539999.962
1974,United Kingdom,GBR,,155500,,16,,
1974,United States,USA,,530000,,16.7,,
1974,Uruguay,URY,,1250,3000,48.7,22000000,22000000
1974,Uzbekistan,UZB,,,,,,
1974,Vanuatu,VUT,,,,65.1,76519996.64,76519996.64
1974,"Venezuela, RB",VEN,,14350,,43.2,21600000.38,21600000.38
1974,Viet Nam,VNM,,,,52.4,2920199951,2920199951
1974,Virgin Islands (U.S.),VIR,,,,,,
1974,West Bank and Gaza,PSE,,616545,,,,
1974,"Yemen, Rep.",YEM,,,,190.1,769929992.7,769929992.7
1974,Zambia,ZMB,,40430,4000,97.5,251699996.9,251699996.9
1974,Zimbabwe,ZWE,,,,72.4,7550000.191,7550000.191
1974,Africa Eastern and Southern,AFE,,,,,5367859994,5367859994
1974,Africa Western and Central,AFW,,,,,4957700077,4957700077
1974,Arab World,ARB,,,,,16343159762,16343159762
1974,Caribbean small states,CSS,,,,,535040004.5,535040004.5
1974,Central Europe and the Baltics,CEB,,,,,,
1974,Early-demographic dividend,EAR,,,,,31675259723,31675259723
1974,East Asia & Pacific,EAS,,,,,11965329976,11965329976
1974,East Asia & Pacific (excluding high income),EAP,,,,,10164019938,10164019938
1974,East Asia & Pacific (IDA & IBRD countries),TEA,,,,,9954679938,9954679938
1974,Euro area,EMU,,,,,196300003.1,196300003.1
1974,Europe & Central Asia,ECS,,,,,649760006,649760006
1974,Europe & Central Asia (excluding high income),ECA,,,,,419000000,419000000
1974,Europe & Central Asia (IDA & IBRD countries),TEC,,,,,193350006.1,193350006.1
1974,European Union,EUU,,,,,196300003.1,196300003.1
1974,Fragile and conflict affected situations,FCS,,,,,11922489978,11922489978
1974,Heavily indebted poor countries (HIPC),HPC,,,,,9719350036,9719350036
1974,High income,HIC,,,,,3715430068,3715430068
1974,IBRD only,IBD,,,,,25412159679,25412159679
1974,IDA & IBRD total,IBT,,,,,47432449626,47432449626
1974,IDA blend,IDB,,,,,4349499925,4349499925
1974,IDA only,IDX,,,,,17670790022,17670790022
1974,IDA total,IDA,,,,,22020289947,22020289947
1974,Late-demographic dividend,LTE,,,,,8385759912,8385759912
1974,Latin America & Caribbean,LCN,,,,,3550129990,3550129990
1974,Latin America & Caribbean (excluding high income),LAC,,,,,3285009986,3285009986
1974,Latin America & the Caribbean (IDA & IBRD countries),TLA,,,,,3031149984,3031149984
1974,Least developed countries: UN classification,LDC,,,,,13562689988,13562689988
1974,Low & middle income,LMY,,,,,56638910156,56638910156
1974,Low income,LIC,,,,,10471909984,10471909984
1974,Lower middle income,LMC,,,,,31788879716,31788879716
1974,Middle East & North Africa,MEA,,,,,15804859767,15804859767
1974,Middle East & North Africa (excluding high income),MNA,,,,,14321389738,14321389738
1974,Middle East & North Africa (IDA & IBRD countries),TMN,,,,,13709199743,13709199743
1974,Middle income,MIC,,,,,37036039063,37036039063
1974,North America,NAC,,,,,159999.9964,159999.9964
1974,Not classified,INX,,,,,,
1974,OECD members,OED,,,,,2320110054,2320110054
1974,Other small states,OSS,,,,,1341429994,1341429994
1974,Pacific island small states,PSS,,,,,280250000,280250000
1974,Post-demographic dividend,PST,,,,,1326000053,1326000053
1974,Pre-demographic dividend,PRE,,,,,9221030012,9221030012
1974,Small states,SST,,,,,2156719999,2156719999
1974,South Asia,SAS,,,,,10101889952,10101889952
1974,South Asia (IDA & IBRD),TSA,,,,,10101889952,10101889952
1974,Sub-Saharan Africa,SSF,,,,,11193799989,11193799989
1974,Sub-Saharan Africa (excluding high income),SSA,,,,,11080149992,11080149992
1974,Sub-Saharan Africa (IDA & IBRD countries),TSS,,,,,10442180002,10442180002
1974,Upper middle income,UMC,,,,,5038529934,5038529934
1974,World,WLD,,,,,60387398438,60387398438
1975,Afghanistan,AFG,,,,182.9,248660003.7,248660003.7
1975,Albania,ALB,,,380,,,
1975,Algeria,DZA,,21000,,128,838179992.7,838179992.7
1975,American Samoa,ASM,,,,,,
1975,Andorra,AND,,,,,,
1975,Angola,AGO,,,501830,,18030000.69,18030000.69
1975,Antigua and Barbuda,ATG,,,,16.8,8829999.924,8829999.924
1975,Argentina,ARG,,46000,,52.8,43900001.53,43900001.53
1975,Armenia,ARM,,,,,,
1975,Aruba,ABW,,,,,,
1975,Australia,AUS,,,,14.4,,
1975,Austria,AUT,,20000,,19.8,,
1975,Azerbaijan,AZE,,,,,,
1975,"Bahamas, The",BHS,,,,26.5,2549999.952,2549999.952
1975,Bahrain,BHR,,,,37.4,96550003.05,96550003.05
1975,Bangladesh,BGD,,,,149.3,3968899902,3968899902
1975,Barbados,BRB,,,,31.4,16229999.54,16229999.54
1975,Belarus,BLR,,,,,,
1975,Belgium,BEL,,16788,,15.7,,
1975,Belize,BLZ,,,,58.7,36189998.63,36189998.63
1975,Benin,BEN,,,,139.4,199630004.9,199630004.9
1975,Bermuda,BMU,,,,,90000.00358,90000.00358
1975,Bhutan,BTN,,,,154.8,8289999.962,8289999.962
1975,Bolivia,BOL,,,90,126.2,178820007.3,178820007.3
1975,Bosnia and Herzegovina,BIH,,,,,,
1975,Botswana,BWA,,2400,,71.9,185759994.5,185759994.5
1975,Brazil,BRA,,32000,,90.2,499420013.4,499420013.4
1975,British Virgin Islands,VGB,,,,32.4,11079999.92,11079999.92
1975,Brunei Darussalam,BRN,,,,24.7,639999.9857,639999.9857
1975,Bulgaria,BGR,,,300,24.2,,
1975,Burkina Faso,BFA,,,,132.2,325760009.8,325760009.8
1975,Burundi,BDI,,49500,141940,148.2,176720001.2,176720001.2
1975,Cabo Verde,CPV,,,,79.7,32020000.46,32020000.46
1975,Cambodia,KHM,,,18830,178.9,309850006.1,309850006.1
1975,Cameroon,CMR,,30000,,114,398769989,398769989
1975,Canada,CAN,,16349,,14.1,,
1975,Cayman Islands,CYM,,,,,6360000.134,6360000.134
1975,Central African Republic,CAF,,5000,,128,198259994.5,198259994.5
1975,Chad,TCD,,,,127.3,247880004.9,247880004.9
1975,Channel Islands,CHI,,,,,,
1975,Chile,CHL,,3300,15350,54.1,429209991.5,429209991.5
1975,China,CHN,,,,61.5,,
1975,Colombia,COL,,,,58.1,266429992.7,266429992.7
1975,Comoros,COM,,,,136.5,74819999.69,74819999.69
1975,"Congo, Dem. Rep.",COD,,510000,39410,140.4,934020019.5,934020019.5
1975,"Congo, Rep.",COG,,5000,110,75.6,198179992.7,198179992.7
1975,Costa Rica,CRI,,,,38.4,80269996.64,80269996.64
1975,Cote d'Ivoire,CIV,,300000,,136.6,356899993.9,356899993.9
1975,Croatia,HRV,,,,,,
1975,Cuba,CUB,,,,22.6,62450000.76,62450000.76
1975,Curacao,CUW,,,,,,
1975,Cyprus,CYP,,,,25.5,117930000.3,117930000.3
1975,Czechia,CZE,,,50,,,
1975,Denmark,DNK,,2125,,10.2,,
1975,Djibouti,DJI,,,,,114489997.9,114489997.9
1975,Dominica,DMA,,,,24.9,31979999.54,31979999.54
1975,Dominican Republic,DOM,,,,75,75709999.08,75709999.08
1975,Ecuador,ECU,,,,81.3,146160003.7,146160003.7
1975,"Egypt, Arab Rep.",EGY,,4000,,144.9,9335219727,9335219727
1975,El Salvador,SLV,,,,91.6,64379997.25,64379997.25
1975,Equatorial Guinea,GNQ,,,90000,,8079999.924,8079999.924
1975,Eritrea,ERI,,,,125.4,6010000.229,6010000.229
1975,Estonia,EST,,,,,,
1975,Eswatini,SWZ,,50,,98.7,53759998.32,53759998.32
1975,Ethiopia,ETH,,11150,91410,144.4,489700012.2,489700012.2
1975,Faroe Islands,FRO,,,,,,
1975,Fiji,FJI,,,,42.3,85459999.08,85459999.08
1975,Finland,FIN,,,,10.1,,
1975,France,FRA,,109882,,12.3,,
1975,French Polynesia,PYF,,,,,238860000.6,238860000.6
1975,Gabon,GAB,,60000,,86.9,209869995.1,209869995.1
1975,"Gambia, The",GMB,,,,115.8,32740001.68,32740001.68
1975,Georgia,GEO,,,,58.5,,
1975,Germany,DEU,,122000,,17.7,,
1975,Ghana,GHA,,130,,111.9,460489990.2,460489990.2
1975,Gibraltar,GIB,,,,,13920000.08,13920000.08
1975,Greece,GRC,,2600,510,22.9,,
1975,Greenland,GRL,,,,,,
1975,Grenada,GRD,,,,35.1,10319999.69,10319999.69
1975,Guam,GUM,,,,,,
1975,Guatemala,GTM,,,,100.8,113769996.6,113769996.6
1975,Guinea,GIN,,,300000,180.9,92069999.69,92069999.69
1975,Guinea-Bissau,GNB,,,46000,,72790000.92,72790000.92
1975,Guyana,GUY,,,,54.6,38729999.54,38729999.54
1975,Haiti,HTI,,,,145,151729995.7,151729995.7
1975,Honduras,HND,,,,84,142970001.2,142970001.2
1975,"Hong Kong SAR, China",HKG,,,,,-5639999.866,-5639999.866
1975,Hungary,HUN,,,140,32.1,,
1975,Iceland,ISL,,,,10.3,,
1975,India,IND,,,,131.9,6005500000,6005500000
1975,Indonesia,IDN,,,,97.9,2531949951,2531949951
1975,"Iran, Islamic Rep.",IRN,,,,105.7,5630000.114,5630000.114
1975,Iraq,IRQ,,,,65.6,415809997.6,415809997.6
1975,Ireland,IRL,,,,16.9,,
1975,Isle of Man,IMN,,,,,,
1975,Israel,ISR,,,,21.7,1770329956,1770329956
1975,Italy,ITA,,11900,,20.5,,
1975,Jamaica,JAM,,,,36.7,75839996.34,75839996.34
1975,Japan,JPN,,,,10,,
1975,Jordan,JOR,,636778,,52.9,1843250000,1843250000
1975,Kazakhstan,KAZ,,,,63.5,,
1975,Kenya,KEN,,2450,90,82,459190002.4,459190002.4
1975,Kiribati,KIR,,,,87.8,25780000.69,25780000.69
1975,"Korea, Dem. People's Rep.",PRK,,,,,,
1975,"Korea, Rep.",KOR,,,,36.7,943190002.4,943190002.4
1975,Kosovo,XKX,,,,,,
1975,Kuwait,KWT,,,,40.3,1269999.981,1269999.981
1975,Kyrgyz Republic,KGZ,,,,87.9,,
1975,Lao PDR,LAO,,70,55510,,135160003.7,135160003.7
1975,Latvia,LVA,,,,,,
1975,Lebanon,LBN,,197974,,44.8,54990001.68,54990001.68
1975,Lesotho,LSO,,190,310,118.4,112559997.6,112559997.6
1975,Liberia,LBR,,,,175.5,75129997.25,75129997.25
1975,Libya,LBY,,,,72.4,6000000,6000000
1975,Liechtenstein,LIE,,,,,,
1975,Lithuania,LTU,,,,17.9,,
1975,Luxembourg,LUX,,,,14,,
1975,"Macao SAR, China",MAC,,,,,70000.0003,70000.0003
1975,Madagascar,MDG,,,,98.1,311850006.1,311850006.1
1975,Malawi,MWI,,,30350,182.7,247710006.7,247710006.7
1975,Malaysia,MYS,,,,34,385230011,385230011
1975,Maldives,MDV,,,,135.3,12579999.92,12579999.92
1975,Mali,MLI,,,,169,540710022,540710022
1975,Malta,MLT,,,,19.1,134279998.8,134279998.8
1975,Marshall Islands,MHL,,,,51.8,,
1975,Mauritania,MRT,,,,102.3,314179992.7,314179992.7
1975,Mauritius,MUS,,,,49.3,106339996.3,106339996.3
1975,Mexico,MEX,,,,64.5,82440002.44,82440002.44
1975,"Micronesia, Fed. Sts.",FSM,,,,52,,
1975,Moldova,MDA,,,,44.5,,
1975,Monaco,MCO,,,,,,
1975,Mongolia,MNG,,,,,,
1975,Montenegro,MNE,,,,,,
1975,Morocco,MAR,,510,,110.7,954830017.1,954830017.1
1975,Mozambique,MOZ,,44570,34750,180.6,67269996.64,67269996.64
1975,Myanmar,MMR,,,,108.2,207809997.6,207809997.6
1975,Namibia,NAM,,,3970,64.4,,
1975,Nauru,NRU,,,,,39999.99911,39999.99911
1975,Nepal,NPL,,8200,,158.8,156509994.5,156509994.5
1975,Netherlands,NLD,,7850,,10.5,,
1975,New Caledonia,NCL,,,,,214869995.1,214869995.1
1975,New Zealand,NZL,,,,14.9,,
1975,Nicaragua,NIC,,,,100.3,102569999.7,102569999.7
1975,Niger,NER,,,,137.6,501049987.8,501049987.8
1975,Nigeria,NGA,,,,143.6,308589996.3,308589996.3
1975,North Macedonia,MKD,,,,,,
1975,Northern Mariana Islands,MNP,,,,,310070007.3,310070007.3
1975,Norway,NOR,,3000,,10.5,,
1975,Oman,OMN,,,,114.7,520200012.2,520200012.2
1975,Pakistan,PAK,,,,132.2,2742050049,2742050049
1975,Palau,PLW,,,,,,
1975,Panama,PAN,,,,41.2,84500000,84500000
1975,Papua New Guinea,PNG,,,,85.7,1107630005,1107630005
1975,Paraguay,PRY,,,,54.7,62560001.37,62560001.37
1975,Peru,PER,,600,,91.8,248970001.2,248970001.2
1975,Philippines,PHL,,690,,54.3,683210022,683210022
1975,Poland,POL,,,60,24.5,,
1975,Portugal,PRT,,150,,36,,
1975,Puerto Rico,PRI,,,,,,
1975,Qatar,QAT,,,,37.9,2859999.895,2859999.895
1975,Romania,ROU,,,70,35.1,,
1975,Russian Federation,RUS,,,70,24.8,,
1975,Rwanda,RWA,,7400,175720,145.4,334859985.4,334859985.4
1975,Samoa,WSM,,,,44,50310001.37,50310001.37
1975,San Marino,SMR,,,,,,
1975,Sao Tome and Principe,STP,,,,57.9,3109999.895,3109999.895
1975,Saudi Arabia,SAU,,,,91.3,11470000.27,11470000.27
1975,Senegal,SEN,,46000,,112.4,502880004.9,502880004.9
1975,Serbia,SRB,,26300,120,,,
1975,Seychelles,SYC,,,,40.1,34159999.85,34159999.85
1975,Sierra Leone,SLE,,,,177.2,61599998.47,61599998.47
1975,Singapore,SGP,,,,14,45169998.17,45169998.17
1975,Sint Maarten (Dutch part),SXM,,,,,,
1975,Slovak Republic,SVK,,,,,,
1975,Slovenia,SVN,,,,,,
1975,Solomon Islands,SLB,,,,55.6,100480003.4,100480003.4
1975,Somalia,SOM,,,110,,624979980.5,624979980.5
1975,South Africa,ZAF,,,1360,86,,
1975,South Sudan,SSD,,,,,,
1975,Spain,ESP,,16000,140,18.6,,
1975,Sri Lanka,LKA,,,,49,525979980.5,525979980.5
1975,St. Kitts and Nevis,KNA,,,,50.6,6860000.134,6860000.134
1975,St. Lucia,LCA,,,,35.3,37000000,37000000
1975,St. Martin (French part),MAF,,,,,,
1975,St. Vincent and the Grenadines,VCT,,,,56.2,25520000.46,25520000.46
1975,Sudan,SDN,,95500,11000,93.6,1091060059,1091060059
1975,Suriname,SUR,,,,,198009994.5,198009994.5
1975,Sweden,SWE,,20000,,8.7,,
1975,Switzerland,CHE,,35000,,11.2,,
1975,Syrian Arab Republic,SYR,,186130,,59.3,3073030029,3073030029
1975,Tajikistan,TJK,,,,107.6,,
1975,Tanzania,TZA,,171160,,117.3,1037109985,1037109985
1975,Thailand,THA,,75760,,57.6,325899993.9,325899993.9
1975,Timor-Leste,TLS,,,,,860000.0143,860000.0143
1975,Togo,TGO,,,,120.2,153330001.8,153330001.8
1975,Tonga,TON,,,,30.2,14909999.85,14909999.85
1975,Trinidad and Tobago,TTO,,,,39.4,16639999.39,16639999.39
1975,Tunisia,TUN,,,,93.6,762049987.8,762049987.8
1975,Turkiye,TUR,,1060,,108.5,205910003.7,205910003.7
1975,Turkmenistan,TKM,,,,,,
1975,Turks and Caicos Islands,TCA,,,,32.4,14899999.62,14899999.62
1975,Tuvalu,TUV,,,,59.3,189999.9976,189999.9976
1975,Uganda,UGA,,112630,2510,119.9,192210006.7,192210006.7
1975,Ukraine,UKR,,,,24,,
1975,United Arab Emirates,ARE,,,,46,15039999.96,15039999.96
1975,United Kingdom,GBR,,153000,,15.4,,
1975,United States,USA,,530000,,15.9,,
1975,Uruguay,URY,,,570,48.9,18000000,18000000
1975,Uzbekistan,UZB,,,,,,
1975,Vanuatu,VUT,,,,62.8,52450000.76,52450000.76
1975,"Venezuela, RB",VEN,,,,42,13600000.38,13600000.38
1975,Viet Nam,VNM,,,2110,51.7,1405839966,1405839966
1975,Virgin Islands (U.S.),VIR,,,,,,
1975,West Bank and Gaza,PSE,,631554,,76.8,,
1975,"Yemen, Rep.",YEM,,,,182.2,936469970.7,936469970.7
1975,Zambia,ZMB,,36050,750,95.6,322619995.1,322619995.1
1975,Zimbabwe,ZWE,,,14720,72.6,17040000.92,17040000.92
1975,Africa Eastern and Southern,AFE,,,,,6833750009,6833750009
1975,Africa Western and Central,AFW,,,,,5234569925,5234569925
1975,Arab World,ARB,,,,,21086749768,21086749768
1975,Caribbean small states,CSS,,,,,504699987.6,504699987.6
1975,Central Europe and the Baltics,CEB,,,,,,
1975,Early-demographic dividend,EAR,,,,,40002559592,40002559592
1975,East Asia & Pacific,EAS,,,,,9413729966,9413729966
1975,East Asia & Pacific (excluding high income),EAP,,,,,7743429962,7743429962
1975,East Asia & Pacific (IDA & IBRD countries),TEA,,,,,7423059961,7423059961
1975,Euro area,EMU,,,,,252209999.1,252209999.1
1975,Europe & Central Asia,ECS,,,,,549440000.5,549440000.5
1975,Europe & Central Asia (excluding high income),ECA,,,,,291400001.5,291400001.5
1975,Europe & Central Asia (IDA & IBRD countries),TEC,,,,,205910003.7,205910003.7
1975,European Union,EUU,,,,,252209999.1,252209999.1
1975,Fragile and conflict affected situations,FCS,,,,,12590870072,12590870072
1975,Heavily indebted poor countries (HIPC),HPC,,,,,11509880048,11509880048
1975,High income,HIC,,,,,5003599964,5003599964
1975,IBRD only,IBD,,,,,29652029630,29652029630
1975,IDA & IBRD total,IBT,,,,,55120519629,55120519629
1975,IDA blend,IDB,,,,,5454610034,5454610034
1975,IDA only,IDX,,,,,20013879965,20013879965
1975,IDA total,IDA,,,,,25468489999,25468489999
1975,Late-demographic dividend,LTE,,,,,7242059951,7242059951
1975,Latin America & Caribbean,LCN,,,,,3852069994,3852069994
1975,Latin America & Caribbean (excluding high income),LAC,,,,,3267320002,3267320002
1975,Latin America & the Caribbean (IDA & IBRD countries),TLA,,,,,3291329990,3291329990
1975,Least developed countries: UN classification,LDC,,,,,15727829949,15727829949
1975,Low & middle income,LMY,,,,,63253011719,63253011719
1975,Low income,LIC,,,,,11462840096,11462840096
1975,Lower middle income,LMC,,,,,37271679558,37271679558
1975,Middle East & North Africa,MEA,,,,,21667529676,21667529676
1975,Middle East & North Africa (excluding high income),MNA,,,,,19115529706,19115529706
1975,Middle East & North Africa (IDA & IBRD countries),TMN,,,,,18339949721,18339949721
1975,Middle income,MIC,,,,,43325480469,43325480469
1975,North America,NAC,,,,,90000.00358,90000.00358
1975,Not classified,INX,,,,,,
1975,OECD members,OED,,,,,3777779945,3777779945
1975,Other small states,OSS,,,,,1414489984,1414489984
1975,Pacific island small states,PSS,,,,,329620005.1,329620005.1
1975,Post-demographic dividend,PST,,,,,1204580000,1204580000
1975,Pre-demographic dividend,PRE,,,,,10817460054,10817460054
1975,Small states,SST,,,,,2248809977,2248809977
1975,South Asia,SAS,,,,,13668469930,13668469930
1975,South Asia (IDA & IBRD),TSA,,,,,13668469930,13668469930
1975,Sub-Saharan Africa,SSF,,,,,12848070028,12848070028
1975,Sub-Saharan Africa (excluding high income),SSA,,,,,12805830028,12805830028
1975,Sub-Saharan Africa (IDA & IBRD countries),TSS,,,,,12191800023,12191800023
1975,Upper middle income,UMC,,,,,5940959989,5940959989
1975,World,WLD,,,,,68372757813,68372757813
1976,Afghanistan,AFG,,,,179,254119995.1,254119995.1
1976,Albania,ALB,,,,,,
1976,Algeria,DZA,,39580,,123.4,497049987.8,497049987.8
1976,American Samoa,ASM,,,,,,
1976,Andorra,AND,,,,,,
1976,Angola,AGO,,10000,499190,,60290000.92,60290000.92
1976,Antigua and Barbuda,ATG,,,,15.9,12010000.23,12010000.23
1976,Argentina,ARG,,41010,,50.2,51270000.46,51270000.46
1976,Armenia,ARM,,,,70,,
1976,Aruba,ABW,,,,,,
1976,Australia,AUS,,,,13.5,,
1976,Austria,AUT,,25000,,18,,
1976,Azerbaijan,AZE,,,,,,
1976,"Bahamas, The",BHS,,,,26.3,2210000.038,2210000.038
1976,Bahrain,BHR,,,,34.7,585309997.6,585309997.6
1976,Bangladesh,BGD,,,,147.8,1760239990,1760239990
1976,Barbados,BRB,,,,29.7,19659999.85,19659999.85
1976,Belarus,BLR,,,,,,
1976,Belgium,BEL,,17000,,14.9,,
1976,Belize,BLZ,,,,56.7,49639999.39,49639999.39
1976,Benin,BEN,,,100,136.5,187830001.8,187830001.8
1976,Bermuda,BMU,,,,,150000.006,150000.006
1976,Bhutan,BTN,,,,149.7,12659999.85,12659999.85
1976,Bolivia,BOL,,,60,122.8,201179992.7,201179992.7
1976,Bosnia and Herzegovina,BIH,,,,,,
1976,Botswana,BWA,,2840,,68.1,168690002.4,168690002.4
1976,Brazil,BRA,,30000,,87.7,337559997.6,337559997.6
1976,British Virgin Islands,VGB,,,,31.5,12609999.66,12609999.66
1976,Brunei Darussalam,BRN,,,,22.3,469999.9988,469999.9988
1976,Bulgaria,BGR,,,,23.6,,
1976,Burkina Faso,BFA,,,,128.2,285929992.7,285929992.7
1976,Burundi,BDI,,49500,152320,147.3,163460006.7,163460006.7
1976,Cabo Verde,CPV,,,,76,86629997.25,86629997.25
1976,Cambodia,KHM,,,17200,166.7,2589999.914,2589999.914
1976,Cameroon,CMR,,30000,,113.5,488299987.8,488299987.8
1976,Canada,CAN,,27387,,13.3,,
1976,Cayman Islands,CYM,,,,,8789999.962,8789999.962
1976,Central African Republic,CAF,,,,126.3,140589996.3,140589996.3
1976,Chad,TCD,,,,126.6,216770004.3,216770004.3
1976,Channel Islands,CHI,,,,,,
1976,Chile,CHL,,4000,2670,47.5,41000000,41000000
1976,China,CHN,,,,58,,
1976,Colombia,COL,,,,55.4,244100006.1,244100006.1
1976,Comoros,COM,,,,132.9,89500000,89500000
1976,"Congo, Dem. Rep.",COD,,515000,44070,138.6,687950012.2,687950012.2
1976,"Congo, Rep.",COG,,,,74.1,261059997.6,261059997.6
1976,Costa Rica,CRI,,,,33.9,50680000.31,50680000.31
1976,Cote d'Ivoire,CIV,,500070,,131.3,394920013.4,394920013.4
1976,Croatia,HRV,,,,,,
1976,Cuba,CUB,,,,21.5,145919998.2,145919998.2
1976,Curacao,CUW,,,,,,
1976,Cyprus,CYP,,,,22.7,205830001.8,205830001.8
1976,Czechia,CZE,,,,,,
1976,Denmark,DNK,,2100,,9.7,,
1976,Djibouti,DJI,,,,129.9,94029998.78,94029998.78
1976,Dominica,DMA,,,,23.2,17750000,17750000
1976,Dominican Republic,DOM,,,,72.5,86150001.53,86150001.53
1976,Ecuador,ECU,,,,78,174169998.2,174169998.2
1976,"Egypt, Arab Rep.",EGY,,4000,,139,8724519531,8724519531
1976,El Salvador,SLV,,,,88.7,62040000.92,62040000.92
1976,Equatorial Guinea,GNQ,,,90000,,1500000,1500000
1976,Eritrea,ERI,,,,122.9,,
1976,Estonia,EST,,,,,,
1976,Eswatini,SWZ,,80,,95,49450000.76,49450000.76
1976,Ethiopia,ETH,,10690,105700,144.1,511920013.4,511920013.4
1976,Faroe Islands,FRO,,,,,,
1976,Fiji,FJI,,,,41.4,108129997.3,108129997.3
1976,Finland,FIN,,,,9.4,,
1976,France,FRA,,114634,,11.9,,
1976,French Polynesia,PYF,,,,,260220001.2,260220001.2
1976,Gabon,GAB,,60000,,84.5,116449996.9,116449996.9
1976,"Gambia, The",GMB,,,,113.4,43139999.39,43139999.39
1976,Georgia,GEO,,,,56.7,,
1976,Germany,DEU,,122000,,16.6,,
1976,Ghana,GHA,,180,,109,224100006.1,224100006.1
1976,Gibraltar,GIB,,,,,14460000.04,14460000.04
1976,Greece,GRC,,2560,450,21.8,,
1976,Greenland,GRL,,,,,,
1976,Grenada,GRD,,,,34,9170000.076,9170000.076
1976,Guam,GUM,,,,,,
1976,Guatemala,GTM,,,,104.9,179789993.3,179789993.3
1976,Guinea,GIN,,,500000,178.4,37409999.85,37409999.85
1976,Guinea-Bissau,GNB,,,37000,,82019996.64,82019996.64
1976,Guyana,GUY,,,,54.4,78599998.47,78599998.47
1976,Haiti,HTI,,,,141.6,193229995.7,193229995.7
1976,Honduras,HND,,,,80.8,108040000.9,108040000.9
1976,"Hong Kong SAR, China",HKG,,,,,10060000.42,10060000.42
1976,Hungary,HUN,,,50,29.2,,
1976,Iceland,ISL,,,,9.8,,
1976,India,IND,,,,128.7,6376859863,6376859863
1976,Indonesia,IDN,,,,95.2,2333070068,2333070068
1976,"Iran, Islamic Rep.",IRN,,,,100,-18309999.47,-18309999.47
1976,Iraq,IRQ,,,,63.1,73239997.86,73239997.86
1976,Ireland,IRL,,,,16.1,,
1976,Isle of Man,IMN,,,,,,
1976,Israel,ISR,,,,20.3,2321840088,2321840088
1976,Italy,ITA,,11900,,18.7,,
1976,Jamaica,JAM,,,,35.5,70349998.47,70349998.47
1976,Japan,JPN,,,,9.4,,
1976,Jordan,JOR,,653708,,50.7,2066439941,2066439941
1976,Kazakhstan,KAZ,,,,62.5,,
1976,Kenya,KEN,,2500,,79.7,566190002.4,566190002.4
1976,Kiribati,KIR,,,,87,19100000.38,19100000.38
1976,"Korea, Dem. People's Rep.",PRK,,,,,,
1976,"Korea, Rep.",KOR,,,,35.3,779520019.5,779520019.5
1976,Kosovo,XKX,,,,,,
1976,Kuwait,KWT,,,,38.1,689999.9976,689999.9976
1976,Kyrgyz Republic,KGZ,,,,86.4,,
1976,Lao PDR,LAO,,110,62720,,98639999.39,98639999.39
1976,Latvia,LVA,,,,,,
1976,Lebanon,LBN,,899238,,44.1,145910003.7,145910003.7
1976,Lesotho,LSO,,900,,114,102629997.3,102629997.3
1976,Liberia,LBR,,,,172.5,95809997.56,95809997.56
1976,Libya,LBY,,,,68.8,34220001.22,34220001.22
1976,Liechtenstein,LIE,,,,,,
1976,Lithuania,LTU,,,,17.8,,
1976,Luxembourg,LUX,,,,13.3,,
1976,"Macao SAR, China",MAC,,,,,,
1976,Madagascar,MDG,,,,99.3,229779998.8,229779998.8
1976,Malawi,MWI,,,60,176.7,243270004.3,243270004.3
1976,Malaysia,MYS,,,,32.1,236369995.1,236369995.1
1976,Maldives,MDV,,,,128.1,11470000.27,11470000.27
1976,Mali,MLI,,,,165.3,313750000,313750000
1976,Malta,MLT,,,,18,120470001.2,120470001.2
1976,Marshall Islands,MHL,,,,51.2,,
1976,Mauritania,MRT,,,,101.1,744330017.1,744330017.1
1976,Mauritius,MUS,,,,43.2,62900001.53,62900001.53
1976,Mexico,MEX,,,,62.3,75190002.44,75190002.44
1976,"Micronesia, Fed. Sts.",FSM,,,,50.7,,
1976,Moldova,MDA,,,,43.4,,
1976,Monaco,MCO,,,,,,
1976,Mongolia,MNG,,,,,12180000.31,12180000.31
1976,Montenegro,MNE,,,,,,
1976,Morocco,MAR,,360,,107.8,889250000,889250000
1976,Mozambique,MOZ,,30000,580,179.9,233619995.1,233619995.1
1976,Myanmar,MMR,,,,106,235720001.2,235720001.2
1976,Namibia,NAM,,,9020,64.9,,
1976,Nauru,NRU,,,,,,
1976,Nepal,NPL,,8300,,155.1,162169998.2,162169998.2
1976,Netherlands,NLD,,7900,,10.1,,
1976,New Caledonia,NCL,,,,,155419998.2,155419998.2
1976,New Zealand,NZL,,,,14.5,,
1976,Nicaragua,NIC,,,,95.7,95839996.34,95839996.34
1976,Niger,NER,,,,136.6,467910003.7,467910003.7
1976,Nigeria,NGA,,50,,139.1,183399993.9,183399993.9
1976,North Macedonia,MKD,,,,,,
1976,Northern Mariana Islands,MNP,,,,,323440002.4,323440002.4
1976,Norway,NOR,,1000,,9.9,,
1976,Oman,OMN,,,,107.3,611359985.4,611359985.4
1976,Pakistan,PAK,,,,130.6,3644780029,3644780029
1976,Palau,PLW,,,,,,
1976,Panama,PAN,,,,39.8,106959999.1,106959999.1
1976,Papua New Guinea,PNG,,,,83.4,818409973.1,818409973.1
1976,Paraguay,PRY,,,,53.9,81029998.78,81029998.78
1976,Peru,PER,,440,,89.8,270000000,270000000
1976,Philippines,PHL,,940,,54.2,667049987.8,667049987.8
1976,Poland,POL,,,50,23.7,,
1976,Portugal,PRT,,,,32.6,,
1976,Puerto Rico,PRI,,,,,,
1976,Qatar,QAT,,,,35.9,4500000,4500000
1976,Romania,ROU,,,,33.2,,
1976,Russian Federation,RUS,,,60,24.1,,
1976,Rwanda,RWA,,7500,176410,148.1,282339996.3,282339996.3
1976,Samoa,WSM,,,,42.1,39619998.93,39619998.93
1976,San Marino,SMR,,,,,,
1976,Sao Tome and Principe,STP,,,,58.2,41950000.76,41950000.76
1976,Saudi Arabia,SAU,,,,86.1,6559999.943,6559999.943
1976,Senegal,SEN,,38000,,108.6,422700012.2,422700012.2
1976,Serbia,SRB,,26000,,,,
1976,Seychelles,SYC,,,,36.8,35549999.24,35549999.24
1976,Sierra Leone,SLE,,170,,175,48189998.63,48189998.63
1976,Singapore,SGP,,,,12.7,39500000,39500000
1976,Sint Maarten (Dutch part),SXM,,,,,,
1976,Slovak Republic,SVK,,,,,,
1976,Slovenia,SVN,,,,,,
1976,Solomon Islands,SLB,,,,50,92150001.53,92150001.53
1976,Somalia,SOM,,,50,,385690002.4,385690002.4
1976,South Africa,ZAF,,,2180,82.2,,
1976,South Sudan,SSD,,,,,,
1976,Spain,ESP,,16500,510,17.2,,
1976,Sri Lanka,LKA,,,,47.1,572059997.6,572059997.6
1976,St. Kitts and Nevis,KNA,,,,48.9,11310000.42,11310000.42
1976,St. Lucia,LCA,,,,32.7,30030000.69,30030000.69
1976,St. Martin (French part),MAF,,,,,,
1976,St. Vincent and the Grenadines,VCT,,,,54.9,18559999.47,18559999.47
1976,Sudan,SDN,,110100,10600,93,959150024.4,959150024.4
1976,Suriname,SUR,,,,,372619995.1,372619995.1
1976,Sweden,SWE,,20000,,8.3,,
1976,Switzerland,CHE,,35000,,10.5,,
1976,Syrian Arab Republic,SYR,,189902,,56.6,2848739990,2848739990
1976,Tajikistan,TJK,,,,105.1,,
1976,Tanzania,TZA,,154000,90,114.8,901979980.5,901979980.5
1976,Thailand,THA,,82870,,55.3,606900024.4,606900024.4
1976,Timor-Leste,TLS,,,,,1549999.952,1549999.952
1976,Togo,TGO,,100,,117.6,161470001.2,161470001.2
1976,Tonga,TON,,,,29,18959999.08,18959999.08
1976,Trinidad and Tobago,TTO,,,,38.4,14810000.42,14810000.42
1976,Tunisia,TUN,,,,88,771809997.6,771809997.6
1976,Turkiye,TUR,,1060,,104.8,524989990.2,524989990.2
1976,Turkmenistan,TKM,,,,,,
1976,Turks and Caicos Islands,TCA,,,,29.8,18329999.92,18329999.92
1976,Tuvalu,TUV,,,,56.6,14340000.15,14340000.15
1976,Uganda,UGA,,112930,3250,122.2,77199996.95,77199996.95
1976,Ukraine,UKR,,,,23.6,,
1976,United Arab Emirates,ARE,,4000,,42.1,3750000,3750000
1976,United Kingdom,GBR,,153000,,14.7,,
1976,United States,USA,,500000,,15.2,,
1976,Uruguay,URY,,,1160,48.2,24489999.77,24489999.77
1976,Uzbekistan,UZB,,,,,,
1976,Vanuatu,VUT,,,,60.5,119860000.6,119860000.6
1976,"Venezuela, RB",VEN,,,,40.7,-55240001.68,-55240001.68
1976,Viet Nam,VNM,,,4000,50.9,754599975.6,754599975.6
1976,Virgin Islands (U.S.),VIR,,,,,,
1976,West Bank and Gaza,PSE,,641403,3200,72.7,,
1976,"Yemen, Rep.",YEM,,,,174,1732660034,1732660034
1976,Zambia,ZMB,,34070,750,94.7,230740005.5,230740005.5
1976,Zimbabwe,ZWE,,,31220,72.7,28200000.76,28200000.76
1976,Africa Eastern and Southern,AFE,,,,,6051860012,6051860012
1976,Africa Western and Central,AFW,,,,,4948710011,4948710011
1976,Arab World,ARB,,,,,21268709511,21268709511
1976,Caribbean small states,CSS,,,,,706719992.6,706719992.6
1976,Central Europe and the Baltics,CEB,,,,,,
1976,Early-demographic dividend,EAR,,,,,39462889457,39462889457
1976,East Asia & Pacific,EAS,,,,,7910010040,7910010040
1976,East Asia & Pacific (excluding high income),EAP,,,,,6416770017,6416770017
1976,East Asia & Pacific (IDA & IBRD countries),TEA,,,,,6179240023,6179240023
1976,Euro area,EMU,,,,,326300003.1,326300003.1
1976,Europe & Central Asia,ECS,,,,,1033269996,1033269996
1976,Europe & Central Asia (excluding high income),ECA,,,,,634419990.5,634419990.5
1976,Europe & Central Asia (IDA & IBRD countries),TEC,,,,,524989990.2,524989990.2
1976,European Union,EUU,,,,,326300003.1,326300003.1
1976,Fragile and conflict affected situations,FCS,,,,,11888270020,11888270020
1976,Heavily indebted poor countries (HIPC),HPC,,,,,10585790043,10585790043
1976,High income,HIC,,,,,5675890095,5675890095
1976,IBRD only,IBD,,,,,28224149349,28224149349
1976,IDA & IBRD total,IBT,,,,,51487139404,51487139404
1976,IDA blend,IDB,,,,,6262159980,6262159980
1976,IDA only,IDX,,,,,17000830075,17000830075
1976,IDA total,IDA,,,,,23262990055,23262990055
1976,Late-demographic dividend,LTE,,,,,6350289980,6350289980
1976,Latin America & Caribbean,LCN,,,,,3642809978,3642809978
1976,Latin America & Caribbean (excluding high income),LAC,,,,,3488779979,3488779979
1976,Latin America & the Caribbean (IDA & IBRD countries),TLA,,,,,3012329975,3012329975
1976,Least developed countries: UN classification,LDC,,,,,13122520072,13122520072
1976,Low & middle income,LMY,,,,,58183957031,58183957031
1976,Low income,LIC,,,,,10794850065,10794850065
1976,Lower middle income,LMC,,,,,34321359402,34321359402
1976,Middle East & North Africa,MEA,,,,,21760789558,21760789558
1976,Middle East & North Africa (excluding high income),MNA,,,,,18106309486,18106309486
1976,Middle East & North Africa (IDA & IBRD countries),TMN,,,,,17859559484,17859559484
1976,Middle income,MIC,,,,,41027078125,41027078125
1976,North America,NAC,,,,,150000.006,150000.006
1976,Not classified,INX,,,,,,
1976,OECD members,OED,,,,,4037320107,4037320107
1976,Other small states,OSS,,,,,1916699992,1916699992
1976,Pacific island small states,PSS,,,,,412159997.9,412159997.9
1976,Post-demographic dividend,PST,,,,,1127140019,1127140019
1976,Pre-demographic dividend,PRE,,,,,9734760037,9734760037
1976,Small states,SST,,,,,3035579982,3035579982
1976,South Asia,SAS,,,,,12794359874,12794359874
1976,South Asia (IDA & IBRD),TSA,,,,,12794359874,12794359874
1976,Sub-Saharan Africa,SSF,,,,,11654790047,11654790047
1976,Sub-Saharan Africa (excluding high income),SSA,,,,,11617740047,11617740047
1976,Sub-Saharan Africa (IDA & IBRD countries),TSS,,,,,11116660057,11116660057
1976,Upper middle income,UMC,,,,,6387179936,6387179936
1976,World,WLD,,,,,64016988281,64016988281
1977,Afghanistan,AFG,,,,175,276260009.8,276260009.8
1977,Albania,ALB,,,2000,,,
1977,Algeria,DZA,,52000,,118.7,409920013.4,409920013.4
1977,American Samoa,ASM,,,,,,
1977,Andorra,AND,,,,,,
1977,Angola,AGO,,235000,529830,,156779998.8,156779998.8
1977,Antigua and Barbuda,ATG,,,,15,18370000.84,18370000.84
1977,Argentina,ARG,,35000,,47,52490001.68,52490001.68
1977,Armenia,ARM,,,440,67.5,,
1977,Aruba,ABW,,,,,,
1977,Australia,AUS,,,,12.6,,
1977,Austria,AUT,,20000,,16.6,,
1977,Azerbaijan,AZE,,,,,,
1977,"Bahamas, The",BHS,,,,26,1580000.043,1580000.043
1977,Bahrain,BHR,,,,32.4,159369995.1,159369995.1
1977,Bangladesh,BGD,,,,145.8,2576780029,2576780029
1977,Barbados,BRB,,,,28,15579999.92,15579999.92
1977,Belarus,BLR,,,,,,
1977,Belgium,BEL,,17000,,14.1,,
1977,Belize,BLZ,,,,54.9,35779998.78,35779998.78
1977,Benin,BEN,,,,133.5,163949996.9,163949996.9
1977,Bermuda,BMU,,,,,300000.0119,300000.0119
1977,Bhutan,BTN,,,,144.8,10159999.85,10159999.85
1977,Bolivia,BOL,,,,119.5,230210006.7,230210006.7
1977,Bosnia and Herzegovina,BIH,,,,,,
1977,Botswana,BWA,,4810,,64.3,154000000,154000000
1977,Brazil,BRA,,36000,,85.2,217160003.7,217160003.7
1977,British Virgin Islands,VGB,,,,30.5,9010000.229,9010000.229
1977,Brunei Darussalam,BRN,,,,20.2,280000.0012,280000.0012
1977,Bulgaria,BGR,,,,22.8,,
1977,Burkina Faso,BFA,,,,124.2,369279998.8,369279998.8
1977,Burundi,BDI,,50000,153550,145.5,154589996.3,154589996.3
1977,Cabo Verde,CPV,,,,72.6,83349998.47,83349998.47
1977,Cambodia,KHM,,,76710,155.2,1090000.033,1090000.033
1977,Cameroon,CMR,,30000,,112.8,607820007.3,607820007.3
1977,Canada,CAN,,29537,,12.5,,
1977,Cayman Islands,CYM,,,,,6000000,6000000
1977,Central African Republic,CAF,,,,124.7,147869995.1,147869995.1
1977,Chad,TCD,,,,126,277690002.4,277690002.4
1977,Channel Islands,CHI,,,,,,
1977,Chile,CHL,,5200,3000,41,37090000.15,37090000.15
1977,China,CHN,,,,54.7,,
1977,Colombia,COL,,1800,,52.8,130289993.3,130289993.3
1977,Comoros,COM,,,,129.5,42520000.46,42520000.46
1977,"Congo, Dem. Rep.",COD,,530300,264940,136.9,840289978,840289978
1977,"Congo, Rep.",COG,,,,72.6,158100006.1,158100006.1
1977,Costa Rica,CRI,,3500,,28.8,56599998.47,56599998.47
1977,Cote d'Ivoire,CIV,,,,126.4,346390014.6,346390014.6
1977,Croatia,HRV,,,,,,
1977,Cuba,CUB,,2600,,20.4,133759994.5,133759994.5
1977,Curacao,CUW,,,,,,
1977,Cyprus,CYP,,700,700,20.3,318339996.3,318339996.3
1977,Czechia,CZE,,,,,,
1977,Denmark,DNK,,1764,,9.2,,
1977,Djibouti,DJI,,8000,,126.5,148919998.2,148919998.2
1977,Dominica,DMA,,,,21.7,18870000.84,18870000.84
1977,Dominican Republic,DOM,,500,,70.1,50209999.08,50209999.08
1977,Ecuador,ECU,,200,,74.9,110410003.7,110410003.7
1977,"Egypt, Arab Rep.",EGY,,4510,,132.9,8764940430,8764940430
1977,El Salvador,SLV,,,,85.5,85180000.31,85180000.31
1977,Equatorial Guinea,GNQ,,,120000,,2769999.981,2769999.981
1977,Eritrea,ERI,,,,120.7,7000000,7000000
1977,Estonia,EST,,,,,,
1977,Eswatini,SWZ,,135,,91.3,105760002.1,105760002.1
1977,Ethiopia,ETH,,10940,655350,143.8,366179992.7,366179992.7
1977,Faroe Islands,FRO,,,,,,
1977,Fiji,FJI,,,,40.2,93800003.05,93800003.05
1977,Finland,FIN,,,,8.7,,
1977,France,FRA,,119413,,11.4,,
1977,French Polynesia,PYF,,,,,263140014.6,263140014.6
1977,Gabon,GAB,,90000,,82.1,86879997.25,86879997.25
1977,"Gambia, The",GMB,,,,111,75589996.34,75589996.34
1977,Georgia,GEO,,,,54.8,,
1977,Germany,DEU,,120000,,15.5,,
1977,Ghana,GHA,,170,,106.4,299059997.6,299059997.6
1977,Gibraltar,GIB,,,,,19729999.54,19729999.54
1977,Greece,GRC,,2610,410,20.7,,
1977,Greenland,GRL,,,,,,
1977,Grenada,GRD,,,,32.8,11329999.92,11329999.92
1977,Guam,GUM,,,,,,
1977,Guatemala,GTM,,,,94.8,140979995.7,140979995.7
1977,Guinea,GIN,,,3000,175.6,73040000.92,73040000.92
1977,Guinea-Bissau,GNB,,,5000,,123169998.2,123169998.2
1977,Guyana,GUY,,,,54.1,37560001.37,37560001.37
1977,Haiti,HTI,,,,138.2,214460006.7,214460006.7
1977,Honduras,HND,,,,77.7,110300003.1,110300003.1
1977,"Hong Kong SAR, China",HKG,,,,,7570000.172,7570000.172
1977,Hungary,HUN,,,,26.6,,
1977,Iceland,ISL,,,,9.2,,
1977,India,IND,,,,125.4,3361810059,3361810059
1977,Indonesia,IDN,,,,92.5,1626130005,1626130005
1977,"Iran, Islamic Rep.",IRN,,,,94.1,121410003.7,121410003.7
1977,Iraq,IRQ,,,,60.7,254610000.6,254610000.6
1977,Ireland,IRL,,,,15.2,,
1977,Isle of Man,IMN,,,,,,
1977,Israel,ISR,,,,18.7,2704560059,2704560059
1977,Italy,ITA,,11700,,17.3,,
1977,Jamaica,JAM,,,,34.4,81449996.95,81449996.95
1977,Japan,JPN,,600,,8.8,,
1977,Jordan,JOR,,672301,,48.7,1468140015,1468140015
1977,Kazakhstan,KAZ,,,,61.5,,
1977,Kenya,KEN,,6010,1200,77.3,527739990.2,527739990.2
1977,Kiribati,KIR,,,,86.4,25879999.16,25879999.16
1977,"Korea, Dem. People's Rep.",PRK,,,,,,
1977,"Korea, Rep.",KOR,,,,34,768179992.7,768179992.7
1977,Kosovo,XKX,,,,,,
1977,Kuwait,KWT,,,,35.9,1600000.024,1600000.024
1977,Kyrgyz Republic,KGZ,,,,85,,
1977,Lao PDR,LAO,,100,78970,,95110000.61,95110000.61
1977,Latvia,LVA,,,,,,
1977,Lebanon,LBN,,906521,,43.3,454420013.4,454420013.4
1977,Lesotho,LSO,,1130,90,109.5,123500000,123500000
1977,Liberia,LBR,,1550,,169.6,107430000.3,107430000.3
1977,Libya,LBY,,,,65.5,27139999.39,27139999.39
1977,Liechtenstein,LIE,,,,,,
1977,Lithuania,LTU,,,,17.4,,
1977,Luxembourg,LUX,,,,12.7,,
1977,"Macao SAR, China",MAC,,,,,,
1977,Madagascar,MDG,,,,100.4,206259994.5,206259994.5
1977,Malawi,MWI,,,1050,170.6,280000000,280000000
1977,Malaysia,MYS,,96000,,30.3,240240005.5,240240005.5
1977,Maldives,MDV,,,,121.3,12340000.15,12340000.15
1977,Mali,MLI,,,,161.6,367660003.7,367660003.7
1977,Malta,MLT,,,,17.1,111720001.2,111720001.2
1977,Marshall Islands,MHL,,,,50.7,,
1977,Mauritania,MRT,,,,99.3,592320007.3,592320007.3
1977,Mauritius,MUS,,,,38.9,76209999.08,76209999.08
1977,Mexico,MEX,,4000,,60.1,59400001.53,59400001.53
1977,"Micronesia, Fed. Sts.",FSM,,,,49.5,,
1977,Moldova,MDA,,,,42.3,,
1977,Monaco,MCO,,,,,,
1977,Mongolia,MNG,,,,,11229999.54,11229999.54
1977,Montenegro,MNE,,,,,,
1977,Morocco,MAR,,500,,104.6,1982680054,1982680054
1977,Mozambique,MOZ,,42460,120,179.2,246860000.6,246860000.6
1977,Myanmar,MMR,,,,103.9,302000000,302000000
1977,Namibia,NAM,,,12930,65.3,,
1977,Nauru,NRU,,,,,29999.99933,29999.99933
1977,Nepal,NPL,,8400,,151.3,248009994.5,248009994.5
1977,Netherlands,NLD,,8000,,9.7,,
1977,New Caledonia,NCL,,,,,247940002.4,247940002.4
1977,New Zealand,NZL,,,,14,,
1977,Nicaragua,NIC,,,,91.1,79949996.95,79949996.95
1977,Niger,NER,,1500,,135,320239990.2,320239990.2
1977,Nigeria,NGA,,300,,135,139839996.3,139839996.3
1977,North Macedonia,MKD,,,,,,
1977,Northern Mariana Islands,MNP,,,,,311390014.6,311390014.6
1977,Norway,NOR,,6000,,9.3,,
1977,Oman,OMN,,,,100,1200180054,1200180054
1977,Pakistan,PAK,,,,129,1969380005,1969380005
1977,Palau,PLW,,,,,,
1977,Panama,PAN,,500,,38.5,81959999.08,81959999.08
1977,Papua New Guinea,PNG,,,,81.3,872380004.9,872380004.9
1977,Paraguay,PRY,,1500,,53,103180000.3,103180000.3
1977,Peru,PER,,1200,,87.9,302950012.2,302950012.2
1977,Philippines,PHL,,1300,90000,54.1,598020019.5,598020019.5
1977,Poland,POL,,,,23.1,,
1977,Portugal,PRT,,7500,,29.5,,
1977,Puerto Rico,PRI,,,,,,
1977,Qatar,QAT,,,,34.2,2740000.01,2740000.01
1977,Romania,ROU,,1000,,31.3,,
1977,Russian Federation,RUS,,,50,23.5,,
1977,Rwanda,RWA,,7500,169780,148.4,309510009.8,309510009.8
1977,Samoa,WSM,,,,40.3,64650001.53,64650001.53
1977,San Marino,SMR,,,,,,
1977,Sao Tome and Principe,STP,,,,58.4,10189999.58,10189999.58
1977,Saudi Arabia,SAU,,,,81.1,22040000.92,22040000.92
1977,Senegal,SEN,,5000,,104.7,395760009.8,395760009.8
1977,Serbia,SRB,,2000,,,,
1977,Seychelles,SYC,,,,33.6,45630001.07,45630001.07
1977,Sierra Leone,SLE,,150,,172.9,89650001.53,89650001.53
1977,Singapore,SGP,,,,12.3,37889999.39,37889999.39
1977,Sint Maarten (Dutch part),SXM,,,,,,
1977,Slovak Republic,SVK,,,,,,
1977,Slovenia,SVN,,,,,,
1977,Solomon Islands,SLB,,,,47.4,70800003.05,70800003.05
1977,Somalia,SOM,,500000,60,,796849975.6,796849975.6
1977,South Africa,ZAF,,,2395,78.5,,
1977,South Sudan,SSD,,,,,,
1977,Spain,ESP,,15000,,15.9,,
1977,Sri Lanka,LKA,,,,44.8,569630004.9,569630004.9
1977,St. Kitts and Nevis,KNA,,,,47.2,8090000.153,8090000.153
1977,St. Lucia,LCA,,,,30.5,14739999.77,14739999.77
1977,St. Martin (French part),MAF,,,,,,
1977,St. Vincent and the Grenadines,VCT,,,,52.3,14939999.58,14939999.58
1977,Sudan,SDN,,150000,10850,92.4,1012890015,1012890015
1977,Suriname,SUR,,,,,282899993.9,282899993.9
1977,Sweden,SWE,,20000,,7.9,,
1977,Switzerland,CHE,,30000,,9.8,,
1977,Syrian Arab Republic,SYR,,195517,,53.9,3421139893,3421139893
1977,Tajikistan,TJK,,,,103,,
1977,Tanzania,TZA,,164610,300,112.5,1070839966,1070839966
1977,Thailand,THA,,97600,,53,428250000,428250000
1977,Timor-Leste,TLS,,,,,,
1977,Togo,TGO,,,,115.2,211419998.2,211419998.2
1977,Tonga,TON,,,,27.8,26149999.62,26149999.62
1977,Trinidad and Tobago,TTO,,,,37.3,6929999.828,6929999.828
1977,Tunisia,TUN,,,,82.7,785429992.7,785429992.7
1977,Turkiye,TUR,,1050,70,101.1,325869995.1,325869995.1
1977,Turkmenistan,TKM,,,,102.2,,
1977,Turks and Caicos Islands,TCA,,,,27.5,15250000,15250000
1977,Tuvalu,TUV,,,,54.2,10460000.04,10460000.04
1977,Uganda,UGA,,113570,8000,124.8,59130001.07,59130001.07
1977,Ukraine,UKR,,,,23.1,,
1977,United Arab Emirates,ARE,,390,,38.4,114980003.4,114980003.4
1977,United Kingdom,GBR,,148000,,14.1,,
1977,United States,USA,,684700,,14.5,,
1977,Uruguay,URY,,2000,,46.1,44950000.76,44950000.76
1977,Uzbekistan,UZB,,,,,,
1977,Vanuatu,VUT,,,,58.2,59439998.63,59439998.63
1977,"Venezuela, RB",VEN,,16000,,39.4,-29610000.61,-29610000.61
1977,Viet Nam,VNM,,60000,14380,49.9,876559997.6,876559997.6
1977,Virgin Islands (U.S.),VIR,,,,,,
1977,West Bank and Gaza,PSE,,656181,,68.9,,
1977,"Yemen, Rep.",YEM,,50,,165.5,1487430054,1487430054
1977,Zambia,ZMB,,64900,,94.5,353790008.5,353790008.5
1977,Zimbabwe,ZWE,,,76520,72.8,26950000.76,26950000.76
1977,Africa Eastern and Southern,AFE,,,,,6912419989,6912419989
1977,Africa Western and Central,AFW,,,,,4986049954,4986049954
1977,Arab World,ARB,,,,,23150260513,23150260513
1977,Caribbean small states,CSS,,,,,548119991.9,548119991.9
1977,Central Europe and the Baltics,CEB,,,,,,
1977,Early-demographic dividend,EAR,,,,,34458280592,34458280592
1977,East Asia & Pacific,EAS,,,,,7352400064,7352400064
1977,East Asia & Pacific (excluding high income),EAP,,,,,5659400039,5659400039
1977,East Asia & Pacific (IDA & IBRD countries),TEA,,,,,5402220038,5402220038
1977,Euro area,EMU,,,,,430059997.6,430059997.6
1977,Europe & Central Asia,ECS,,,,,774029987.3,774029987.3
1977,Europe & Central Asia (excluding high income),ECA,,,,,315699995,315699995
1977,Europe & Central Asia (IDA & IBRD countries),TEC,,,,,325869995.1,325869995.1
1977,European Union,EUU,,,,,430059997.6,430059997.6
1977,Fragile and conflict affected situations,FCS,,,,,13367289941,13367289941
1977,Heavily indebted poor countries (HIPC),HPC,,,,,11432079988,11432079988
1977,High income,HIC,,,,,6639030136,6639030136
1977,IBRD only,IBD,,,,,25041460612,25041460612
1977,IDA & IBRD total,IBT,,,,,48700510562,48700510562
1977,IDA blend,IDB,,,,,4539240012,4539240012
1977,IDA only,IDX,,,,,19119809938,19119809938
1977,IDA total,IDA,,,,,23659049950,23659049950
1977,Late-demographic dividend,LTE,,,,,8356570135,8356570135
1977,Latin America & Caribbean,LCN,,,,,3169220013,3169220013
1977,Latin America & Caribbean (excluding high income),LAC,,,,,2987580010,2987580010
1977,Latin America & the Caribbean (IDA & IBRD countries),TLA,,,,,2609120015,2609120015
1977,Least developed countries: UN classification,LDC,,,,,14819610031,14819610031
1977,Low & middle income,LMY,,,,,54722941406,54722941406
1977,Low income,LIC,,,,,12002299914,12002299914
1977,Lower middle income,LMC,,,,,31577750632,31577750632
1977,Middle East & North Africa,MEA,,,,,23877120582,23877120582
1977,Middle East & North Africa (excluding high income),MNA,,,,,19559930470,19559930470
1977,Middle East & North Africa (IDA & IBRD countries),TMN,,,,,19326180466,19326180466
1977,Middle income,MIC,,,,,37080550781,37080550781
1977,North America,NAC,,,,,300000.0119,300000.0119
1977,Not classified,INX,,,,,,
1977,OECD members,OED,,,,,4081990040,4081990040
1977,Other small states,OSS,,,,,1693439983,1693439983
1977,Pacific island small states,PSS,,,,,351210005.1,351210005.1
1977,Post-demographic dividend,PST,,,,,1093069989,1093069989
1977,Pre-demographic dividend,PRE,,,,,10856399959,10856399959
1977,Small states,SST,,,,,2592769980,2592769980
1977,South Asia,SAS,,,,,9024370102,9024370102
1977,South Asia (IDA & IBRD),TSA,,,,,9024370102,9024370102
1977,Sub-Saharan Africa,SSF,,,,,12722859944,12722859944
1977,Sub-Saharan Africa (excluding high income),SSA,,,,,12674459943,12674459943
1977,Sub-Saharan Africa (IDA & IBRD countries),TSS,,,,,12012749947,12012749947
1977,Upper middle income,UMC,,,,,5061860010,5061860010
1977,World,WLD,,,,,61489089844,61489089844
1978,Afghanistan,AFG,,,,171,216339996.3,216339996.3
1978,Albania,ALB,,,1980,76.7,,
1978,Algeria,DZA,,52000,,113.6,515380004.9,515380004.9
1978,American Samoa,ASM,,,,,,
1978,Andorra,AND,,,,,,
1978,Angola,AGO,,141550,646110,,126160003.7,126160003.7
1978,Antigua and Barbuda,ATG,,,,14.1,11470000.27,11470000.27
1978,Argentina,ARG,,26390,,43.6,44009998.32,44009998.32
1978,Armenia,ARM,,,420,65,,
1978,Aruba,ABW,,,,,,
1978,Australia,AUS,,304000,,11.9,,
1978,Austria,AUT,,20000,,15.5,,
1978,Azerbaijan,AZE,,,,,,
1978,"Bahamas, The",BHS,,,,25.6,2410000.086,2410000.086
1978,Bahrain,BHR,,,,30.3,243070007.3,243070007.3
1978,Bangladesh,BGD,,164000,,143.4,2791530029,2791530029
1978,Barbados,BRB,,,,26.4,26940000.53,26940000.53
1978,Belarus,BLR,,,,,,
1978,Belgium,BEL,,17000,,13.4,,
1978,Belize,BLZ,,,,53.1,58310001.37,58310001.37
1978,Benin,BEN,,,200,130.7,177050003.1,177050003.1
1978,Bermuda,BMU,,,,,479999.9893,479999.9893
1978,Bhutan,BTN,,,,139.9,9229999.542,9229999.542
1978,Bolivia,BOL,,500,,116.4,334910003.7,334910003.7
1978,Bosnia and Herzegovina,BIH,,,,,,
1978,Botswana,BWA,,19000,,60.9,199059997.6,199059997.6
1978,Brazil,BRA,,35000,,82.5,220330001.8,220330001.8
1978,British Virgin Islands,VGB,,,,29.5,4139999.866,4139999.866
1978,Brunei Darussalam,BRN,,,,18.3,280000.0012,280000.0012
1978,Bulgaria,BGR,,,290,21.8,,
1978,Burkina Faso,BFA,,,,120.6,455660003.7,455660003.7
1978,Burundi,BDI,,50340,148180,142.2,206729995.7,206729995.7
1978,Cabo Verde,CPV,,,,69.7,100010002.1,100010002.1
1978,Cambodia,KHM,,,165120,142.5,720000.0286,720000.0286
1978,Cameroon,CMR,,30000,,111.6,506670013.4,506670013.4
1978,Canada,CAN,,31295,,11.7,,
1978,Cayman Islands,CYM,,,,,11010000.23,11010000.23
1978,Central African Republic,CAF,,,,123.2,143179992.7,143179992.7
1978,Chad,TCD,,,,125.3,355630004.9,355630004.9
1978,Channel Islands,CHI,,,,,,
1978,Chile,CHL,,3080,3130,35.3,15920000.08,15920000.08
1978,China,CHN,,,,51.7,,
1978,Colombia,COL,,1500,,50.1,163059997.6,163059997.6
1978,Comoros,COM,,,,125.9,40680000.31,40680000.31
1978,"Congo, Dem. Rep.",COD,,653000,151560,135.2,864710022,864710022
1978,"Congo, Rep.",COG,,150,,71.1,228440002.4,228440002.4
1978,Costa Rica,CRI,,133000,,24.1,91650001.53,91650001.53
1978,Cote d'Ivoire,CIV,,,,122,360109985.4,360109985.4
1978,Croatia,HRV,,,,,,
1978,Cuba,CUB,,4000,,19.4,136160003.7,136160003.7
1978,Curacao,CUW,,,,,,
1978,Cyprus,CYP,,,,18.7,143970001.2,143970001.2
1978,Czechia,CZE,,,,,,
1978,Denmark,DNK,,1800,,8.8,,
1978,Djibouti,DJI,,20000,,123.2,295730011,295730011
1978,Dominica,DMA,,,,20.3,24200000.76,24200000.76
1978,Dominican Republic,DOM,,300,50,67.9,59569999.69,59569999.69
1978,Ecuador,ECU,,,,72,86620002.75,86620002.75
1978,"Egypt, Arab Rep.",EGY,,5000,50,126.6,7897950195,7897950195
1978,El Salvador,SLV,,,,82.4,92959999.08,92959999.08
1978,Equatorial Guinea,GNQ,,,90000,,1700000.048,1700000.048
1978,Eritrea,ERI,,,,118.7,14239999.77,14239999.77
1978,Estonia,EST,,,,,,
1978,Eswatini,SWZ,,720,,87.7,132639999.4,132639999.4
1978,Ethiopia,ETH,,10930,887670,143.4,400519989,400519989
1978,Faroe Islands,FRO,,,,,,
1978,Fiji,FJI,,,,38.8,88739997.86,88739997.86
1978,Finland,FIN,,,,8.1,,
1978,France,FRA,,126229,,10.9,,
1978,French Polynesia,PYF,,,,,240679992.7,240679992.7
1978,Gabon,GAB,,60200,,79.8,119139999.4,119139999.4
1978,"Gambia, The",GMB,,,,108.6,104180000.3,104180000.3
1978,Georgia,GEO,,,,53.1,,
1978,Germany,DEU,,83500,,14.4,,
1978,Ghana,GHA,,70,,104.2,330959991.5,330959991.5
1978,Gibraltar,GIB,,,,,12729999.54,12729999.54
1978,Greece,GRC,,2520,380,19.5,,
1978,Greenland,GRL,,,,,,
1978,Grenada,GRD,,,,31.5,7869999.886,7869999.886
1978,Guam,GUM,,,,,,
1978,Guatemala,GTM,,,,91.8,95029998.78,95029998.78
1978,Guinea,GIN,,,,172.6,178009994.5,178009994.5
1978,Guinea-Bissau,GNB,,,5000,,139639999.4,139639999.4
1978,Guyana,GUY,,,,53.8,84360000.61,84360000.61
1978,Haiti,HTI,,,300,134.9,219860000.6,219860000.6
1978,Honduras,HND,,15000,,74.6,147419998.2,147419998.2
1978,"Hong Kong SAR, China",HKG,,63410,,,6570000.172,6570000.172
1978,Hungary,HUN,,,120,24.5,,
1978,Iceland,ISL,,,,8.7,,
1978,India,IND,,,,121.9,3331260010,3331260010
1978,Indonesia,IDN,,2240,1000,90,1709849976,1709849976
1978,"Iran, Islamic Rep.",IRN,,,,88.3,645429992.7,645429992.7
1978,Iraq,IRQ,,,560,58.5,190449996.9,190449996.9
1978,Ireland,IRL,,,,14.1,,
1978,Isle of Man,IMN,,,,,,
1978,Israel,ISR,,,,17.4,2827110107,2827110107
1978,Italy,ITA,,11700,,16.1,,
1978,Jamaica,JAM,,,,33.4,356790008.5,356790008.5
1978,Japan,JPN,,610,,8.3,,
1978,Jordan,JOR,,690378,,46.8,1385849976,1385849976
1978,Kazakhstan,KAZ,,,,60.6,,
1978,Kenya,KEN,,6500,80,74.9,718969970.7,718969970.7
1978,Kiribati,KIR,,,,85.7,34450000.76,34450000.76
1978,"Korea, Dem. People's Rep.",PRK,,,,,144410003.7,144410003.7
1978,"Korea, Rep.",KOR,,70,,32.7,447049987.8,447049987.8
1978,Kosovo,XKX,,,,,,
1978,Kuwait,KWT,,,,33.7,2420000.076,2420000.076
1978,Kyrgyz Republic,KGZ,,,,83.3,,
1978,Lao PDR,LAO,,120,119180,145.8,186929992.7,186929992.7
1978,Latvia,LVA,,,,,,
1978,Lebanon,LBN,,220248,,42.3,680969970.7,680969970.7
1978,Lesotho,LSO,,990,160,104.9,152440002.4,152440002.4
1978,Liberia,LBR,,,,167.1,136699996.9,136699996.9
1978,Libya,LBY,,,,62.5,18420000.08,18420000.08
1978,Liechtenstein,LIE,,,,,,
1978,Lithuania,LTU,,,,17,,
1978,Luxembourg,LUX,,,,12.1,,
1978,"Macao SAR, China",MAC,,850,,,,
1978,Madagascar,MDG,,,,101.4,269790008.5,269790008.5
1978,Malawi,MWI,,,310,164.2,299790008.5,299790008.5
1978,Malaysia,MYS,,141580,,28.5,205039993.3,205039993.3
1978,Maldives,MDV,,,,115.2,21690000.53,21690000.53
1978,Mali,MLI,,,,157.9,447570007.3,447570007.3
1978,Malta,MLT,,,,16.3,120139999.4,120139999.4
1978,Marshall Islands,MHL,,,,50.2,,
1978,Mauritania,MRT,,,,97.3,701419982.9,701419982.9
1978,Mauritius,MUS,,,,36.3,126910003.7,126910003.7
1978,Mexico,MEX,,5000,,58,45669998.17,45669998.17
1978,"Micronesia, Fed. Sts.",FSM,,,,48.5,,
1978,Moldova,MDA,,,,41.3,,
1978,Monaco,MCO,,,,,,
1978,Mongolia,MNG,,,,119.2,9819999.695,9819999.695
1978,Montenegro,MNE,,,,,,
1978,Morocco,MAR,,500,,101.2,1208750000,1208750000
1978,Mozambique,MOZ,,100000,130,179,296470001.2,296470001.2
1978,Myanmar,MMR,,,160000,101.8,560299987.8,560299987.8
1978,Namibia,NAM,,,35760,65.6,,
1978,Nauru,NRU,,,,,,
1978,Nepal,NPL,,8500,,147.4,206160003.7,206160003.7
1978,Netherlands,NLD,,8000,,9.3,,
1978,New Caledonia,NCL,,,,,305899993.9,305899993.9
1978,New Zealand,NZL,,10000,,13.5,,
1978,Nicaragua,NIC,,,144800,86.4,90169998.17,90169998.17
1978,Niger,NER,,,,133.2,448480011,448480011
1978,Nigeria,NGA,,370,,131.3,114779998.8,114779998.8
1978,North Macedonia,MKD,,,,,,
1978,Northern Mariana Islands,MNP,,,,,320839996.3,320839996.3
1978,Norway,NOR,,6000,,8.8,,
1978,Oman,OMN,,,,92.8,175309997.6,175309997.6
1978,Pakistan,PAK,,,,127.5,1829290039,1829290039
1978,Palau,PLW,,,,,,
1978,Panama,PAN,,1050,,37.4,64790000.92,64790000.92
1978,Papua New Guinea,PNG,,1000,,79.2,902859985.4,902859985.4
1978,Paraguay,PRY,,1500,,52,79730003.36,79730003.36
1978,Peru,PER,,1100,,86.3,379160003.7,379160003.7
1978,Philippines,PHL,,5300,92000,53.8,697950012.2,697950012.2
1978,Poland,POL,,,50,22.4,,
1978,Portugal,PRT,,7500,,26.8,,
1978,Puerto Rico,PRI,,,,,,
1978,Qatar,QAT,,,,32.6,360000.0143,360000.0143
1978,Romania,ROU,,1000,60,30.2,,
1978,Russian Federation,RUS,,,50,22.9,,
1978,Rwanda,RWA,,7600,175110,144.9,353179992.7,353179992.7
1978,Samoa,WSM,,,,38.5,49869998.93,49869998.93
1978,San Marino,SMR,,,,,,
1978,Sao Tome and Principe,STP,,,,58.7,11409999.85,11409999.85
1978,Saudi Arabia,SAU,,,,76.3,17000000,17000000
1978,Senegal,SEN,,5000,,101.1,619489990.2,619489990.2
1978,Serbia,SRB,,1970,4200,,,
1978,Seychelles,SYC,,,,30.6,52659999.85,52659999.85
1978,Sierra Leone,SLE,,50,,170.8,115690002.4,115690002.4
1978,Singapore,SGP,,730,,12.3,15819999.69,15819999.69
1978,Sint Maarten (Dutch part),SXM,,,,,,
1978,Slovak Republic,SVK,,,,,,
1978,Slovenia,SVN,,,,,,
1978,Solomon Islands,SLB,,,,45.1,91150001.53,91150001.53
1978,Somalia,SOM,,600000,90,,770929992.7,770929992.7
1978,South Africa,ZAF,,,3840,75,,
1978,South Sudan,SSD,,,,175.3,,
1978,Spain,ESP,,15000,,14.6,,
1978,Sri Lanka,LKA,,,,42.1,839719970.7,839719970.7
1978,St. Kitts and Nevis,KNA,,,,45.6,6909999.847,6909999.847
1978,St. Lucia,LCA,,,,28.5,11329999.92,11329999.92
1978,St. Martin (French part),MAF,,,,,,
1978,St. Vincent and the Grenadines,VCT,,,,48.8,15390000.34,15390000.34
1978,Sudan,SDN,,270000,10850,91.8,1082890015,1082890015
1978,Suriname,SUR,,,,,172550003.1,172550003.1
1978,Sweden,SWE,,20000,,7.6,,
1978,Switzerland,CHE,,30000,,9.2,,
1978,Syrian Arab Republic,SYR,,200775,,51.3,2661050049,2661050049
1978,Tajikistan,TJK,,,,101.6,,
1978,Tanzania,TZA,,160960,300,110.3,1171449951,1171449951
1978,Thailand,THA,,138950,,50.9,688789978,688789978
1978,Timor-Leste,TLS,,,,,39999.99911,39999.99911
1978,Togo,TGO,,,,112.7,288369995.1,288369995.1
1978,Tonga,TON,,,,26.7,27799999.24,27799999.24
1978,Trinidad and Tobago,TTO,,,,36.3,9579999.924,9579999.924
1978,Tunisia,TUN,,,,77.7,875419982.9,875419982.9
1978,Turkiye,TUR,,1070,60,97.2,458440002.4,458440002.4
1978,Turkmenistan,TKM,,,,98.9,,
1978,Turks and Caicos Islands,TCA,,,,25.3,9970000.267,9970000.267
1978,Tuvalu,TUV,,,,52,9800000.191,9800000.191
1978,Uganda,UGA,,113680,8820,127,115160003.7,115160003.7
1978,Ukraine,UKR,,,,22.7,,
1978,United Arab Emirates,ARE,,390,,35,4539999.962,4539999.962
1978,United Kingdom,GBR,,150000,,13.4,,
1978,United States,USA,,734000,,13.8,,
1978,Uruguay,URY,,2000,,42.8,13140000.34,13140000.34
1978,Uzbekistan,UZB,,,,,,
1978,Vanuatu,VUT,,,,55.8,64069999.69,64069999.69
1978,"Venezuela, RB",VEN,,16000,,38.1,-52860000.61,-52860000.61
1978,Viet Nam,VNM,,150000,124210,49,1148579956,1148579956
1978,Virgin Islands (U.S.),VIR,,,,,,
1978,West Bank and Gaza,PSE,,672664,,65.4,,
1978,"Yemen, Rep.",YEM,,15050,15000,156.8,1141380005,1141380005
1978,Zambia,ZMB,,79140,,94.8,529880004.9,529880004.9
1978,Zimbabwe,ZWE,,,163160,72.5,31770000.46,31770000.46
1978,Africa Eastern and Southern,AFE,,,,,7887449924,7887449924
1978,Africa Western and Central,AFW,,,,,6004990045,6004990045
1978,Arab World,ARB,,,,,19909970187,19909970187
1978,Caribbean small states,CSS,,,,,788110015.2,788110015.2
1978,Central Europe and the Baltics,CEB,,,,,,
1978,Early-demographic dividend,EAR,,,,,34367410370,34367410370
1978,East Asia & Pacific,EAS,,,,,8259739857,8259739857
1978,East Asia & Pacific (excluding high income),EAP,,,,,6901419886,6901419886
1978,East Asia & Pacific (IDA & IBRD countries),TEA,,,,,6476759879,6476759879
1978,Euro area,EMU,,,,,264110000.6,264110000.6
1978,Europe & Central Asia,ECS,,,,,584400002,584400002
1978,Europe & Central Asia (excluding high income),ECA,,,,,308660003.7,308660003.7
1978,Europe & Central Asia (IDA & IBRD countries),TEC,,,,,458440002.4,458440002.4
1978,European Union,EUU,,,,,264110000.6,264110000.6
1978,Fragile and conflict affected situations,FCS,,,,,13188750042,13188750042
1978,Heavily indebted poor countries (HIPC),HPC,,,,,13258139959,13258139959
1978,High income,HIC,,,,,5134390086,5134390086
1978,IBRD only,IBD,,,,,25615640043,25615640043
1978,IDA & IBRD total,IBT,,,,,50688420075,50688420075
1978,IDA blend,IDB,,,,,4580360011,4580360011
1978,IDA only,IDX,,,,,20492420021,20492420021
1978,IDA total,IDA,,,,,25072780032,25072780032
1978,Late-demographic dividend,LTE,,,,,7927229853,7927229853
1978,Latin America & Caribbean,LCN,,,,,3473560028,3473560028
1978,Latin America & Caribbean (excluding high income),LAC,,,,,3366620029,3366620029
1978,Latin America & the Caribbean (IDA & IBRD countries),TLA,,,,,2949900021,2949900021
1978,Least developed countries: UN classification,LDC,,,,,16781120003,16781120003
1978,Low & middle income,LMY,,,,,66587242188,66587242188
1978,Low income,LIC,,,,,12217430095,12217430095
1978,Lower middle income,LMC,,,,,32993180017,32993180017
1978,Middle East & North Africa,MEA,,,,,21387330286,21387330286
1978,Middle East & North Africa (excluding high income),MNA,,,,,17997380175,17997380175
1978,Middle East & North Africa (IDA & IBRD countries),TMN,,,,,17516780184,17516780184
1978,Middle income,MIC,,,,,38991031250,38991031250
1978,North America,NAC,,,,,479999.9893,479999.9893
1978,Not classified,INX,,,,,,
1978,OECD members,OED,,,,,4048900095,4048900095
1978,Other small states,OSS,,,,,2014980023,2014980023
1978,Pacific island small states,PSS,,,,,365879998.2,365879998.2
1978,Post-demographic dividend,PST,,,,,764149991.5,764149991.5
1978,Pre-demographic dividend,PRE,,,,,12437449955,12437449955
1978,Small states,SST,,,,,3168970037,3168970037
1978,South Asia,SAS,,,,,9245220049,9245220049
1978,South Asia (IDA & IBRD),TSA,,,,,9245220049,9245220049
1978,Sub-Saharan Africa,SSF,,,,,14961849962,14961849962
1978,Sub-Saharan Africa (excluding high income),SSA,,,,,14907489962,14907489962
1978,Sub-Saharan Africa (IDA & IBRD countries),TSS,,,,,14041319940,14041319940
1978,Upper middle income,UMC,,,,,5673619969,5673619969
1978,World,WLD,,,,,71825242188,71825242188
1979,Afghanistan,AFG,,,500000,166.9,255080001.8,255080001.8
1979,Albania,ALB,,,1610,71.2,,
1979,Algeria,DZA,,52000,,108.1,256380004.9,256380004.9
1979,American Samoa,ASM,,,,,,
1979,Andorra,AND,,,,,,
1979,Angola,AGO,,66000,652980,,107550003.1,107550003.1
1979,Antigua and Barbuda,ATG,,,,13.3,9180000.305,9180000.305
1979,Argentina,ARG,,27050,,40.1,66709999.08,66709999.08
1979,Armenia,ARM,,,700,62.6,,
1979,Aruba,ABW,,,,,,
1979,Australia,AUS,,304000,,11.3,,
1979,Austria,AUT,,25000,,14.6,,
1979,Azerbaijan,AZE,,,,,,
1979,"Bahamas, The",BHS,,,,25.3,2319999.933,2319999.933
1979,Bahrain,BHR,,,,28.4,345700012.2,345700012.2
1979,Bangladesh,BGD,,,,140.7,2875219971,2875219971
1979,Barbados,BRB,,,,24.9,17530000.69,17530000.69
1979,Belarus,BLR,,,,,,
1979,Belgium,BEL,,32000,,12.8,,
1979,Belize,BLZ,,,,51.3,58599998.47,58599998.47
1979,Benin,BEN,,,200,128.2,215479995.7,215479995.7
1979,Bermuda,BMU,,,,,389999.9857,389999.9857
1979,Bhutan,BTN,,,,135.3,13020000.46,13020000.46
1979,Bolivia,BOL,,500,,113.5,324690002.4,324690002.4
1979,Bosnia and Herzegovina,BIH,,,,,,
1979,Botswana,BWA,,23290,,57.7,249990005.5,249990005.5
1979,Brazil,BRA,,25000,,79.6,199479995.7,199479995.7
1979,British Virgin Islands,VGB,,,,28.4,4889999.866,4889999.866
1979,Brunei Darussalam,BRN,,,,16.7,239999.9946,239999.9946
1979,Bulgaria,BGR,,,,20.6,,
1979,Burkina Faso,BFA,,,,117.4,497779998.8,497779998.8
1979,Burundi,BDI,,50490,151680,137.7,233240005.5,233240005.5
1979,Cabo Verde,CPV,,,,67.4,78069999.69,78069999.69
1979,Cambodia,KHM,,,51100,129.3,284040008.5,284040008.5
1979,Cameroon,CMR,,19990,,110.1,684270019.5,684270019.5
1979,Canada,CAN,,57913,,11,,
1979,Cayman Islands,CYM,,,,,2059999.943,2059999.943
1979,Central African Republic,CAF,,1000,,121.7,203039993.3,203039993.3
1979,Chad,TCD,,,10000,124.6,218720001.2,218720001.2
1979,Channel Islands,CHI,,,,,,
1979,Chile,CHL,,2000,3130,30.9,-83580001.83,-83580001.83
1979,China,CHN,,250000,,49.1,42270000.46,42270000.46
1979,Colombia,COL,,2000,,47.6,94389999.39,94389999.39
1979,Comoros,COM,,,,122.3,49400001.53,49400001.53
1979,"Congo, Dem. Rep.",COD,,710480,70450,133.6,1015030029,1015030029
1979,"Congo, Rep.",COG,,,,69.6,220970001.2,220970001.2
1979,Costa Rica,CRI,,18610,,20.6,76190002.44,76190002.44
1979,Cote d'Ivoire,CIV,,,,118.3,383630004.9,383630004.9
1979,Croatia,HRV,,,,,,
1979,Cuba,CUB,,3060,3560,18.5,114220001.2,114220001.2
1979,Curacao,CUW,,,,,,
1979,Cyprus,CYP,,,,17.7,79940002.44,79940002.44
1979,Czechia,CZE,,,,,,
1979,Denmark,DNK,,1800,,8.5,,
1979,Djibouti,DJI,,28800,,119.9,55090000.15,55090000.15
1979,Dominica,DMA,,,,21,25559999.47,25559999.47
1979,Dominican Republic,DOM,,3300,,65.7,127980003.4,127980003.4
1979,Ecuador,ECU,,600,,69.2,141429992.7,141429992.7
1979,"Egypt, Arab Rep.",EGY,,4850,,120.5,4196470215,4196470215
1979,El Salvador,SLV,,,,79,95519996.64,95519996.64
1979,Equatorial Guinea,GNQ,,,40000,,6889999.866,6889999.866
1979,Eritrea,ERI,,,400,116.9,10569999.69,10569999.69
1979,Estonia,EST,,,,,,
1979,Eswatini,SWZ,,5250,,84.2,128229995.7,128229995.7
1979,Ethiopia,ETH,,10930,1623870,142.6,485149993.9,485149993.9
1979,Faroe Islands,FRO,,,,,,
1979,Fiji,FJI,,,,37.2,91209999.08,91209999.08
1979,Finland,FIN,,,,7.6,,
1979,France,FRA,,119489,,10.5,,
1979,French Polynesia,PYF,,,,,326519989,326519989
1979,Gabon,GAB,,30200,,77.5,88680000.31,88680000.31
1979,"Gambia, The",GMB,,,,106.4,90160003.66,90160003.66
1979,Georgia,GEO,,,,51.4,,
1979,Germany,DEU,,87000,,13.5,,
1979,Ghana,GHA,,300,,102.6,444679992.7,444679992.7
1979,Gibraltar,GIB,,,,,18629999.16,18629999.16
1979,Greece,GRC,,3770,360,18.2,,
1979,Greenland,GRL,,,,,,
1979,Grenada,GRD,,,,30.2,7469999.79,7469999.79
1979,Guam,GUM,,,,,,
1979,Guatemala,GTM,,,,88.9,112099998.5,112099998.5
1979,Guinea,GIN,,,,169.7,144660003.7,144660003.7
1979,Guinea-Bissau,GNB,,,5000,,125940002.4,125940002.4
1979,Guyana,GUY,,,,53.4,79790000.92,79790000.92
1979,Haiti,HTI,,,3300,131.7,200860000.6,200860000.6
1979,Honduras,HND,,130,,71.6,190539993.3,190539993.3
1979,"Hong Kong SAR, China",HKG,,55700,,,29860000.61,29860000.61
1979,Hungary,HUN,,,,22.7,,
1979,Iceland,ISL,,,,8.2,,
1979,India,IND,,,,118.5,3514889893,3514889893
1979,Indonesia,IDN,,32330,1000,87.6,1839930054,1839930054
1979,"Iran, Islamic Rep.",IRN,,130100,,82.6,11470000.27,11470000.27
1979,Iraq,IRQ,,400,31000,56.5,69980003.36,69980003.36
1979,Ireland,IRL,,,,13,,
1979,Isle of Man,IMN,,,,,,
1979,Israel,ISR,,,,16.3,3456120117,3456120117
1979,Italy,ITA,,14100,,15.1,,
1979,Jamaica,JAM,,,,32.3,300679992.7,300679992.7
1979,Japan,JPN,,1260,,7.8,,
1979,Jordan,JOR,,706745,,44.9,3751770020,3751770020
1979,Kazakhstan,KAZ,,,,59.4,,
1979,Kenya,KEN,,5810,80,72.6,873969970.7,873969970.7
1979,Kiribati,KIR,,,,85,25819999.69,25819999.69
1979,"Korea, Dem. People's Rep.",PRK,,,,,,
1979,"Korea, Rep.",KOR,,170,,31.2,335369995.1,335369995.1
1979,Kosovo,XKX,,,,,,
1979,Kuwait,KWT,,5000,,31.7,2890000.105,2890000.105
1979,Kyrgyz Republic,KGZ,,,,81.5,,
1979,Lao PDR,LAO,,110,128770,141.9,124279998.8,124279998.8
1979,Latvia,LVA,,,,15.2,,
1979,Lebanon,LBN,,226370,,41.3,320940002.4,320940002.4
1979,Lesotho,LSO,,690,160,100.3,172750000,172750000
1979,Liberia,LBR,,,,164.7,208850006.1,208850006.1
1979,Libya,LBY,,,,59.7,9689999.58,9689999.58
1979,Liechtenstein,LIE,,,,,,
1979,Lithuania,LTU,,,,16.6,,
1979,Luxembourg,LUX,,,,11.6,,
1979,"Macao SAR, China",MAC,,3490,,,50000.00075,50000.00075
1979,Madagascar,MDG,,,,102.6,345630004.9,345630004.9
1979,Malawi,MWI,,,460,157.9,370000000,370000000
1979,Malaysia,MYS,,124880,,26.8,303989990.2,303989990.2
1979,Maldives,MDV,,,,109.3,15989999.77,15989999.77
1979,Mali,MLI,,,,154.2,479480011,479480011
1979,Malta,MLT,,,,15.6,135220001.2,135220001.2
1979,Marshall Islands,MHL,,,,49.6,,
1979,Mauritania,MRT,,,,95.1,447970001.2,447970001.2
1979,Mauritius,MUS,,,,34.6,80639999.39,80639999.39
1979,Mexico,MEX,,5770,,56,168330001.8,168330001.8
1979,"Micronesia, Fed. Sts.",FSM,,,,47.6,,
1979,Moldova,MDA,,,,40.4,,
1979,Monaco,MCO,,,,,,
1979,Mongolia,MNG,,,,115.3,8680000.305,8680000.305
1979,Montenegro,MNE,,,,,,
1979,Morocco,MAR,,500,,97.8,1340959961,1340959961
1979,Mozambique,MOZ,,150000,370,178.7,355829986.6,355829986.6
1979,Myanmar,MMR,,,,99.8,829330017.1,829330017.1
1979,Namibia,NAM,,,40580,65.6,,
1979,Nauru,NRU,,,,,50000.00075,50000.00075
1979,Nepal,NPL,,8600,,143.4,329440002.4,329440002.4
1979,Netherlands,NLD,,10000,,9,,
1979,New Caledonia,NCL,,,,,337600006.1,337600006.1
1979,New Zealand,NZL,,10000,,13.1,,
1979,Nicaragua,NIC,,,16600,81.8,214750000,214750000
1979,Niger,NER,,,,131.7,430299987.8,430299987.8
1979,Nigeria,NGA,,400,,128.4,65769996.64,65769996.64
1979,North Macedonia,MKD,,,,,,
1979,Northern Mariana Islands,MNP,,,,,327290008.5,327290008.5
1979,Norway,NOR,,6000,,8.4,,
1979,Oman,OMN,,,,85.7,622780029.3,622780029.3
1979,Pakistan,PAK,,400000,,126,1782069946,1782069946
1979,Palau,PLW,,,,,,
1979,Panama,PAN,,1070,,36.3,55970001.22,55970001.22
1979,Papua New Guinea,PNG,,1000,,77.3,810400024.4,810400024.4
1979,Paraguay,PRY,,1200,,50.9,61720001.22,61720001.22
1979,Peru,PER,,6280,,84.8,481200012.2,481200012.2
1979,Philippines,PHL,,5300,90000,53.4,686080017.1,686080017.1
1979,Poland,POL,,,,21.7,,
1979,Portugal,PRT,,7600,,24.6,,
1979,Puerto Rico,PRI,,,,,,
1979,Qatar,QAT,,,,31.1,409999.9964,409999.9964
1979,Romania,ROU,,1000,,29.5,,
1979,Russian Federation,RUS,,,,22.5,,
1979,Rwanda,RWA,,7900,176540,138,367119995.1,367119995.1
1979,Samoa,WSM,,,,36.9,72010002.14,72010002.14
1979,San Marino,SMR,,,,,,
1979,Sao Tome and Principe,STP,,,,59,7300000.191,7300000.191
1979,Saudi Arabia,SAU,,100000,,71.8,26090000.15,26090000.15
1979,Senegal,SEN,,5000,,97.8,794159973.1,794159973.1
1979,Serbia,SRB,,1970,,,,
1979,Seychelles,SYC,,,,27.8,64889999.39,64889999.39
1979,Sierra Leone,SLE,,60,,169,136020004.3,136020004.3
1979,Singapore,SGP,,900,,12.3,12710000.04,12710000.04
1979,Sint Maarten (Dutch part),SXM,,,,,,
1979,Slovak Republic,SVK,,,,,,
1979,Slovenia,SVN,,,,,,
1979,Solomon Islands,SLB,,,,43,67970001.22,67970001.22
1979,Somalia,SOM,,1175190,90,,712880004.9,712880004.9
1979,South Africa,ZAF,,,7280,71.6,,
1979,South Sudan,SSD,,,,173.4,,
1979,Spain,ESP,,26000,,13.5,,
1979,Sri Lanka,LKA,,,,39.4,777169982.9,777169982.9
1979,St. Kitts and Nevis,KNA,,,,43.8,4969999.79,4969999.79
1979,St. Lucia,LCA,,,,26.8,5949999.809,5949999.809
1979,St. Martin (French part),MAF,,,,,,
1979,St. Vincent and the Grenadines,VCT,,,,45,16170000.08,16170000.08
1979,Sudan,SDN,,351700,10850,91.2,1778150024,1778150024
1979,Suriname,SUR,,,,,220139999.4,220139999.4
1979,Sweden,SWE,,20000,,7.4,,
1979,Switzerland,CHE,,30000,,8.8,,
1979,Syrian Arab Republic,SYR,,206245,500,48.8,5275160156,5275160156
1979,Tajikistan,TJK,,,,100.8,,
1979,Tanzania,TZA,,160820,600,108.6,1435400024,1435400024
1979,Thailand,THA,,151620,,48.9,953289978,953289978
1979,Timor-Leste,TLS,,,,,1059999.943,1059999.943
1979,Togo,TGO,,,,110.3,276920013.4,276920013.4
1979,Tonga,TON,,,,25.7,60340000.15,60340000.15
1979,Trinidad and Tobago,TTO,,,,35.2,8930000.305,8930000.305
1979,Tunisia,TUN,,,,73.2,500140014.6,500140014.6
1979,Turkiye,TUR,,1060,60,93.4,1476859985,1476859985
1979,Turkmenistan,TKM,,,,95.6,,
1979,Turks and Caicos Islands,TCA,,,,23.4,6570000.172,6570000.172
1979,Tuvalu,TUV,,,,50.1,11869999.89,11869999.89
1979,Uganda,UGA,,112680,88710,128.5,124400001.5,124400001.5
1979,Ukraine,UKR,,,,22.4,,
1979,United Arab Emirates,ARE,,590,,31.9,16709999.08,16709999.08
1979,United Kingdom,GBR,,146000,,12.7,,
1979,United States,USA,,734000,,13.2,,
1979,Uruguay,URY,,2000,,39,16969999.31,16969999.31
1979,Uzbekistan,UZB,,,,97.9,,
1979,Vanuatu,VUT,,,,53.3,97230003.36,97230003.36
1979,"Venezuela, RB",VEN,,16000,,36.7,24020000.46,24020000.46
1979,Viet Nam,VNM,,35000,397290,48.1,915940002.4,915940002.4
1979,Virgin Islands (U.S.),VIR,,,,,,
1979,West Bank and Gaza,PSE,,685793,,62,,
1979,"Yemen, Rep.",YEM,,15360,15000,148.3,920010009.8,920010009.8
1979,Zambia,ZMB,,57790,1000,95.1,717299987.8,717299987.8
1979,Zimbabwe,ZWE,,,197640,71.7,34909999.85,34909999.85
1979,Africa Eastern and Southern,AFE,,,,,9599709981,9599709981
1979,Africa Western and Central,AFW,,,,,6177050025,6177050025
1979,Arab World,ARB,,,,,20699570459,20699570459
1979,Caribbean small states,CSS,,,,,757289991.6,757289991.6
1979,Central Europe and the Baltics,CEB,,,,,,
1979,Early-demographic dividend,EAR,,,,,37810480443,37810480443
1979,East Asia & Pacific,EAS,,,,,8795620094,8795620094
1979,East Asia & Pacific (excluding high income),EAP,,,,,7418650095,7418650095
1979,East Asia & Pacific (IDA & IBRD countries),TEA,,,,,7225790097,7225790097
1979,Euro area,EMU,,,,,215160003.7,215160003.7
1979,Europe & Central Asia,ECS,,,,,1603349991,1603349991
1979,Europe & Central Asia (excluding high income),ECA,,,,,1384719986,1384719986
1979,Europe & Central Asia (IDA & IBRD countries),TEC,,,,,1476859985,1476859985
1979,European Union,EUU,,,,,215160003.7,215160003.7
1979,Fragile and conflict affected situations,FCS,,,,,16397800274,16397800274
1979,Heavily indebted poor countries (HIPC),HPC,,,,,15276140073,15276140073
1979,High income,HIC,,,,,6192600159,6192600159
1979,IBRD only,IBD,,,,,24269440122,24269440122
1979,IDA & IBRD total,IBT,,,,,54243070299,54243070299
1979,IDA blend,IDB,,,,,4697849957,4697849957
1979,IDA only,IDX,,,,,25275780220,25275780220
1979,IDA total,IDA,,,,,29973630177,29973630177
1979,Late-demographic dividend,LTE,,,,,7504499945,7504499945
1979,Latin America & Caribbean,LCN,,,,,3809389990,3809389990
1979,Latin America & Caribbean (excluding high income),LAC,,,,,3727289992,3727289992
1979,Latin America & the Caribbean (IDA & IBRD countries),TLA,,,,,3306709990,3306709990
1979,Least developed countries: UN classification,LDC,,,,,18550270070,18550270070
1979,Low & middle income,LMY,,,,,66237570313,66237570313
1979,Low income,LIC,,,,,15787310227,15787310227
1979,Lower middle income,LMC,,,,,28906900095,28906900095
1979,Middle East & North Africa,MEA,,,,,22029800568,22029800568
1979,Middle East & North Africa (excluding high income),MNA,,,,,17423880409,17423880409
1979,Middle East & North Africa (IDA & IBRD countries),TMN,,,,,16708060387,16708060387
1979,Middle income,MIC,,,,,38909988281,38909988281
1979,North America,NAC,,,,,389999.9857,389999.9857
1979,Not classified,INX,,,,,,
1979,OECD members,OED,,,,,5523680099,5523680099
1979,Other small states,OSS,,,,,1789610024,1789610024
1979,Pacific island small states,PSS,,,,,426500005.5,426500005.5
1979,Post-demographic dividend,PST,,,,,654139999.2,654139999.2
1979,Pre-demographic dividend,PRE,,,,,14086480067,14086480067
1979,Small states,SST,,,,,2973400021,2973400021
1979,South Asia,SAS,,,,,9562879797,9562879797
1979,South Asia (IDA & IBRD),TSA,,,,,9562879797,9562879797
1979,Sub-Saharan Africa,SSF,,,,,16831470045,16831470045
1979,Sub-Saharan Africa (excluding high income),SSA,,,,,16759690045,16759690045
1979,Sub-Saharan Africa (IDA & IBRD countries),TSS,,,,,15962770044,15962770044
1979,Upper middle income,UMC,,,,,9571569979,9571569979
1979,World,WLD,,,,,72508796875,72508796875
1980,Afghanistan,AFG,,,1734921,162.6,67449996.95,67449996.95
1980,Albania,ALB,,,1681,66,,
1980,Algeria,DZA,,52000,,101.9,450230011,450230011
1980,American Samoa,ASM,,,,,,
1980,Andorra,AND,,,,,,
1980,Angola,AGO,,75000,449030,141.2,113849998.5,113849998.5
1980,Antigua and Barbuda,ATG,,,,12.6,13020000.46,13020000.46
1980,Argentina,ARG,,26460,38,37,98099998.47,98099998.47
1980,Armenia,ARM,,,333,60.4,,
1980,Aruba,ABW,,,,,,
1980,Australia,AUS,,304000,,10.8,,
1980,Austria,AUT,,15525,,13.9,,
1980,Azerbaijan,AZE,,,,,,
1980,"Bahamas, The",BHS,,,,24.9,3319999.933,3319999.933
1980,Bahrain,BHR,,,,26.7,485980011,485980011
1980,Bangladesh,BGD,,,,137.7,2896669922,2896669922
1980,Barbados,BRB,,,,23.5,16579999.92,16579999.92
1980,Belarus,BLR,,,,17.2,,
1980,Belgium,BEL,,33000,,12.3,,
1980,Belize,BLZ,,4000,,49.6,32540000.92,32540000.92
1980,Benin,BEN,,,,125.8,203789993.3,203789993.3
1980,Bermuda,BMU,,,,,649999.9762,649999.9762
1980,Bhutan,BTN,,,,130.5,19590000.15,19590000.15
1980,Bolivia,BOL,,500,170,110.7,334320007.3,334320007.3
1980,Bosnia and Herzegovina,BIH,,,,,,
1980,Botswana,BWA,,1300,,54.9,237539993.3,237539993.3
1980,Brazil,BRA,,24000,5,76.6,172220001.2,172220001.2
1980,British Virgin Islands,VGB,,,,27.3,10380000.11,10380000.11
1980,Brunei Darussalam,BRN,,,,15.4,70000.0003,70000.0003
1980,Bulgaria,BGR,,,329,19.6,,
1980,Burkina Faso,BFA,,,,114.7,481690002.4,481690002.4
1980,Burundi,BDI,,234560,169770,132.4,264690002.4,264690002.4
1980,Cabo Verde,CPV,,,,65.7,140160003.7,140160003.7
1980,Cambodia,KHM,,,192843,116.9,630239990.2,630239990.2
1980,Cameroon,CMR,,128000,,107.8,593520019.5,593520019.5
1980,Canada,CAN,,92679,,10.3,,
1980,Cayman Islands,CYM,,,,,3359999.895,3359999.895
1980,Central African Republic,CAF,,7000,,120.6,237779998.8,237779998.8
1980,Chad,TCD,,,221000,123.7,82790000.92,82790000.92
1980,Channel Islands,CHI,,,,,,
1980,Chile,CHL,,1500,1505,27.8,-22760000.23,-22760000.23
1980,China,CHN,,263000,24,46.9,150399993.9,150399993.9
1980,Colombia,COL,,2000,,45.1,89639999.39,89639999.39
1980,Comoros,COM,,,,118.8,98160003.66,98160003.66
1980,"Congo, Dem. Rep.",COD,,611110,116750,132,962320007.3,962320007.3
1980,"Congo, Rep.",COG,,,6,68.3,198750000,198750000
1980,Costa Rica,CRI,,10060,,19.1,56650001.53,56650001.53
1980,Cote d'Ivoire,CIV,,,,115.3,452290008.5,452290008.5
1980,Croatia,HRV,,,,,,
1980,Cuba,CUB,,2970,1695,17.6,103980003.4,103980003.4
1980,Curacao,CUW,,,,,,
1980,Cyprus,CYP,,,,17.1,128160003.7,128160003.7
1980,Czechia,CZE,,,393,,,
1980,Denmark,DNK,,1800,,8.2,,
1980,Djibouti,DJI,,45310,,117,164479995.7,164479995.7
1980,Dominica,DMA,,,,18,42229999.54,42229999.54
1980,Dominican Republic,DOM,,3800,,63.6,175199996.9,175199996.9
1980,Ecuador,ECU,,700,,66.4,74769996.64,74769996.64
1980,"Egypt, Arab Rep.",EGY,,1440,,114.7,3503300049,3503300049
1980,El Salvador,SLV,,390,91630,83.2,212119995.1,212119995.1
1980,Equatorial Guinea,GNQ,,,38000,,21459999.08,21459999.08
1980,Eritrea,ERI,,,542,115.3,11020000.46,11020000.46
1980,Estonia,EST,,,,17.8,,
1980,Eswatini,SWZ,,5470,,80.8,114639999.4,114639999.4
1980,Ethiopia,ETH,,10930,2567998,141.5,488540008.5,488540008.5
1980,Faroe Islands,FRO,,,,,,
1980,Fiji,FJI,,,,35.7,89709999.08,89709999.08
1980,Finland,FIN,,,,7.1,,
1980,France,FRA,,121958,,10.1,,
1980,French Polynesia,PYF,,,,,321739990.2,321739990.2
1980,Gabon,GAB,,20000,,75.3,117080001.8,117080001.8
1980,"Gambia, The",GMB,,,,104,125089996.3,125089996.3
1980,Georgia,GEO,,,,49.8,,
1980,Germany,DEU,,94000,,12.6,,
1980,Ghana,GHA,,,,101.4,446609985.4,446609985.4
1980,Gibraltar,GIB,,,,,24129999.16,24129999.16
1980,Greece,GRC,,3750,340,16.9,,
1980,Greenland,GRL,,,,,,
1980,Grenada,GRD,,,,28.9,9199999.809,9199999.809
1980,Guam,GUM,,,,,,
1980,Guatemala,GTM,,4130,750,86,103690002.4,103690002.4
1980,Guinea,GIN,,,,166.7,210399993.9,210399993.9
1980,Guinea-Bissau,GNB,,,5000,,128809997.6,128809997.6
1980,Guyana,GUY,,,,53.1,65150001.53,65150001.53
1980,Haiti,HTI,,,3800,128.5,231910003.7,231910003.7
1980,Honduras,HND,,25000,,68.7,212449996.9,212449996.9
1980,"Hong Kong SAR, China",HKG,,24070,,,25200000.76,25200000.76
1980,Hungary,HUN,,,763,21.3,,
1980,Iceland,ISL,,,,7.8,,
1980,India,IND,,,,115.2,5105310059,5105310059
1980,Indonesia,IDN,,8460,1000,85.2,2213929932,2213929932
1980,"Iran, Islamic Rep.",IRN,,330000,48,77,65449996.95,65449996.95
1980,Iraq,IRQ,,400,31098,54.6,27590000.15,27590000.15
1980,Ireland,IRL,,,,12,,
1980,Isle of Man,IMN,,,,,,
1980,Israel,ISR,,,,15.4,2344000000,2344000000
1980,Italy,ITA,,21531,,14.2,,
1980,Jamaica,JAM,,,,31.4,257950012.2,257950012.2
1980,Japan,JPN,,2390,,7.4,,
1980,Jordan,JOR,,723611,,43.1,3722719971,3722719971
1980,Kazakhstan,KAZ,,,,58.1,,
1980,Kenya,KEN,,3510,,70.5,906349975.6,906349975.6
1980,Kiribati,KIR,,,,84,43110000.61,43110000.61
1980,"Korea, Dem. People's Rep.",PRK,,,,,,
1980,"Korea, Rep.",KOR,,,,29.7,325700012.2,325700012.2
1980,Kosovo,XKX,,,,,,
1980,Kuwait,KWT,,5000,,29.5,22840000.15,22840000.15
1980,Kyrgyz Republic,KGZ,,,,79.3,,
1980,Lao PDR,LAO,,10370,105256,138.3,97739997.86,97739997.86
1980,Latvia,LVA,,,,15.3,,
1980,Lebanon,LBN,,235105,,40.2,697250000,697250000
1980,Lesotho,LSO,,10000,70,95.7,220639999.4,220639999.4
1980,Liberia,LBR,,,,162.5,236679992.7,236679992.7
1980,Libya,LBY,,,205,57.1,30559999.47,30559999.47
1980,Liechtenstein,LIE,,,,,,
1980,Lithuania,LTU,,,,16.1,,
1980,Luxembourg,LUX,,,,11.2,,
1980,"Macao SAR, China",MAC,,2920,,,10420000.08,10420000.08
1980,Madagascar,MDG,,,,103.9,527799987.8,527799987.8
1980,Malawi,MWI,,,420,152.7,330869995.1,330869995.1
1980,Malaysia,MYS,,104040,,25.2,309910003.7,309910003.7
1980,Maldives,MDV,,,,103.8,49279998.78,49279998.78
1980,Mali,MLI,,,,150.6,626140014.6,626140014.6
1980,Malta,MLT,,,,15,39450000.76,39450000.76
1980,Marshall Islands,MHL,,,,49,,
1980,Mauritania,MRT,,,,93,410290008.5,410290008.5
1980,Mauritius,MUS,,,,33.2,74860000.61,74860000.61
1980,Mexico,MEX,,44000,,53.9,152690002.4,152690002.4
1980,"Micronesia, Fed. Sts.",FSM,,,,46.8,,
1980,Moldova,MDA,,,,39.4,,
1980,Monaco,MCO,,,,,,
1980,Mongolia,MNG,,,,111.4,5650000.095,5650000.095
1980,Montenegro,MNE,,,,,,
1980,Morocco,MAR,,340,,94.3,2691370117,2691370117
1980,Mozambique,MOZ,,100,120,179,371890014.6,371890014.6
1980,Myanmar,MMR,,,,97.9,681710022,681710022
1980,Namibia,NAM,,,55620,65.3,,
1980,Nauru,NRU,,,,,79999.99821,79999.99821
1980,Nepal,NPL,,8700,,139.3,357679992.7,357679992.7
1980,Netherlands,NLD,,12000,,8.8,,
1980,New Caledonia,NCL,,,,,399609985.4,399609985.4
1980,New Zealand,NZL,,10000,,12.8,,
1980,Nicaragua,NIC,,4100,960,77.4,453130004.9,453130004.9
1980,Niger,NER,,,,130.8,372869995.1,372869995.1
1980,Nigeria,NGA,,100000,,126,77360000.61,77360000.61
1980,North Macedonia,MKD,,,,,,
1980,Northern Mariana Islands,MNP,,,,,293200012.2,293200012.2
1980,Norway,NOR,,6000,,8.2,,
1980,Oman,OMN,,,,78.9,515940002.4,515940002.4
1980,Pakistan,PAK,,1428230,,124.5,2714729980,2714729980
1980,Palau,PLW,,,,,,
1980,Panama,PAN,,3320,,35.3,61880001.07,61880001.07
1980,Papua New Guinea,PNG,,1000,,75.5,814900024.4,814900024.4
1980,Paraguay,PRY,,800,,49.7,70720001.22,70720001.22
1980,Peru,PER,,1460,,83.2,439559997.6,439559997.6
1980,Philippines,PHL,,20300,90000,52.9,691890014.6,691890014.6
1980,Poland,POL,,,471,21,,
1980,Portugal,PRT,,7600,,22.7,,
1980,Puerto Rico,PRI,,,,,,
1980,Qatar,QAT,,200,,29.8,1190000.057,1190000.057
1980,Romania,ROU,,1000,772,28.6,,
1980,Russian Federation,RUS,,,10821,22,,
1980,Rwanda,RWA,,10450,286650,129.1,356619995.1,356619995.1
1980,Samoa,WSM,,,,35.3,53680000.31,53680000.31
1980,San Marino,SMR,,,,,,
1980,Sao Tome and Principe,STP,,,,59.5,8979999.542,8979999.542
1980,Saudi Arabia,SAU,,100000,,67.7,29280000.69,29280000.69
1980,Senegal,SEN,,5000,,95,593830017.1,593830017.1
1980,Serbia,SRB,,1970,270,,,
1980,Seychelles,SYC,,,,25.3,47209999.08,47209999.08
1980,Sierra Leone,SLE,,,,167.2,211289993.3,211289993.3
1980,Singapore,SGP,,,,12,31909999.85,31909999.85
1980,Sint Maarten (Dutch part),SXM,,,,,,
1980,Slovak Republic,SVK,,,,,,
1980,Slovenia,SVN,,,,,,
1980,Solomon Islands,SLB,,,,41.2,95970001.22,95970001.22
1980,Somalia,SOM,,2000000,134,,1158689941,1158689941
1980,South Africa,ZAF,,,24250,68.6,,
1980,South Sudan,SSD,,,,171.5,,
1980,Spain,ESP,,21500,5,12.4,,
1980,Sri Lanka,LKA,,,,36.8,882830017.1,882830017.1
1980,St. Kitts and Nevis,KNA,,,,41.8,14500000,14500000
1980,St. Lucia,LCA,,,,25.3,20610000.61,20610000.61
1980,St. Martin (French part),MAF,,,,,,
1980,St. Vincent and the Grenadines,VCT,,,,41.1,23209999.08,23209999.08
1980,Sudan,SDN,,493000,10850,90.6,1584989990,1584989990
1980,Suriname,SUR,,,,,180809997.6,180809997.6
1980,Sweden,SWE,,20000,,7.1,,
1980,Switzerland,CHE,,32000,,8.4,,
1980,Syrian Arab Republic,SYR,,212403,500,46.4,4500660156,4500660156
1980,Tajikistan,TJK,,,,100.1,,
1980,Tanzania,TZA,,159610,300,107.6,1526420044,1526420044
1980,Thailand,THA,,261360,,46.9,969510009.8,969510009.8
1980,Timor-Leste,TLS,,,,,870000.0048,870000.0048
1980,Togo,TGO,,,,107.9,206259994.5,206259994.5
1980,Tonga,TON,,,,24.7,38569999.69,38569999.69
1980,Trinidad and Tobago,TTO,,,,34.2,8750000,8750000
1980,Tunisia,TUN,,,,69,529669982.9,529669982.9
1980,Turkiye,TUR,,6100,,89.5,2257739990,2257739990
1980,Turkmenistan,TKM,,,,92.4,,
1980,Turks and Caicos Islands,TCA,,,,21.7,7420000.076,7420000.076
1980,Tuvalu,TUV,,,,48.5,11590000.15,11590000.15
1980,Uganda,UGA,,113000,224301,129.6,271609985.4,271609985.4
1980,Ukraine,UKR,,,,21.9,,
1980,United Arab Emirates,ARE,,2490,,29,9430000.305,9430000.305
1980,United Kingdom,GBR,,148000,,12.1,,
1980,United States,USA,,403684,,12.6,,
1980,Uruguay,URY,,1700,24,35,19610000.61,19610000.61
1980,Uzbekistan,UZB,,,,91.9,,
1980,Vanuatu,VUT,,,,50.7,94230003.36,94230003.36
1980,"Venezuela, RB",VEN,,17800,,35.3,41500000,41500000
1980,Viet Nam,VNM,,33000,346928,47.1,570419982.9,570419982.9
1980,Virgin Islands (U.S.),VIR,,,,,,
1980,West Bank and Gaza,PSE,,697453,,58.9,,
1980,"Yemen, Rep.",YEM,,15550,15000,140.3,1348479980,1348479980
1980,Zambia,ZMB,,36410,1210,95.6,726510009.8,726510009.8
1980,Zimbabwe,ZWE,,50,160,70.3,371029998.8,371029998.8
1980,Africa Eastern and Southern,AFE,,,,,10648089997,10648089997
1980,Africa Western and Central,AFW,,,,,6090829983,6090829983
1980,Arab World,ARB,,,,,21983100221,21983100221
1980,Caribbean small states,CSS,,,,,687870011.6,687870011.6
1980,Central Europe and the Baltics,CEB,,,,,,
1980,Early-demographic dividend,EAR,,,,,40879560088,40879560088
1980,East Asia & Pacific,EAS,,,,,9110889978,9110889978
1980,East Asia & Pacific (excluding high income),EAP,,,,,7714329978,7714329978
1980,East Asia & Pacific (IDA & IBRD countries),TEA,,,,,7564109976,7564109976
1980,Euro area,EMU,,,,,167610004.4,167610004.4
1980,Europe & Central Asia,ECS,,,,,2563709987,2563709987
1980,Europe & Central Asia (excluding high income),ECA,,,,,2210519989,2210519989
1980,Europe & Central Asia (IDA & IBRD countries),TEC,,,,,2257739990,2257739990
1980,European Union,EUU,,,,,167610004.4,167610004.4
1980,Fragile and conflict affected situations,FCS,,,,,16661480182,16661480182
1980,Heavily indebted poor countries (HIPC),HPC,,,,,15872400009,15872400009
1980,High income,HIC,,,,,5180960020,5180960020
1980,IBRD only,IBD,,,,,28189930134,28189930134
1980,IDA & IBRD total,IBT,,,,,60242690179,60242690179
1980,IDA blend,IDB,,,,,6002630001,6002630001
1980,IDA only,IDX,,,,,26050130043,26050130043
1980,IDA total,IDA,,,,,32052760044,32052760044
1980,Late-demographic dividend,LTE,,,,,9112120104,9112120104
1980,Latin America & Caribbean,LCN,,,,,4290680017,4290680017
1980,Latin America & Caribbean (excluding high income),LAC,,,,,4082300017,4082300017
1980,Latin America & the Caribbean (IDA & IBRD countries),TLA,,,,,3645370019,3645370019
1980,Least developed countries: UN classification,LDC,,,,,19798799886,19798799886
1980,Low & middle income,LMY,,,,,74518718750,74518718750
1980,Low income,LIC,,,,,15902920052,15902920052
1980,Lower middle income,LMC,,,,,33993500156,33993500156
1980,Middle East & North Africa,MEA,,,,,21779240294,21779240294
1980,Middle East & North Africa (excluding high income),MNA,,,,,18331130279,18331130279
1980,Middle East & North Africa (IDA & IBRD countries),TMN,,,,,17731760260,17731760260
1980,Middle income,MIC,,,,,44670230469,44670230469
1980,North America,NAC,,,,,649999.9762,649999.9762
1980,Not classified,INX,,,,,,
1980,OECD members,OED,,,,,5203660006,5203660006
1980,Other small states,OSS,,,,,2223700004,2223700004
1980,Pacific island small states,PSS,,,,,426940004.4,426940004.4
1980,Post-demographic dividend,PST,,,,,566260017.4,566260017.4
1980,Pre-demographic dividend,PRE,,,,,14422169980,14422169980
1980,Small states,SST,,,,,3338510020,3338510020
1980,South Asia,SAS,,,,,12093539967,12093539967
1980,South Asia (IDA & IBRD),TSA,,,,,12093539967,12093539967
1980,Sub-Saharan Africa,SSF,,,,,17744629978,17744629978
1980,Sub-Saharan Africa (excluding high income),SSA,,,,,17675959980,17675959980
1980,Sub-Saharan Africa (IDA & IBRD countries),TSS,,,,,16950169968,16950169968
1980,Upper middle income,UMC,,,,,10277439973,10277439973
1980,World,WLD,,,,,79737500000,79737500000
1981,Afghanistan,AFG,,,3879984,158.3,55139999.39,55139999.39
1981,Albania,ALB,,,1680,61.2,,
1981,Algeria,DZA,,167000,5,94.8,442600006.1,442600006.1
1981,American Samoa,ASM,,,,,,
1981,Andorra,AND,,,,,,
1981,Angola,AGO,,91700,457060,139.5,139080001.8,139080001.8
1981,Antigua and Barbuda,ATG,,,,12,21149999.62,21149999.62
1981,Argentina,ARG,,26500,38,34.2,91379997.25,91379997.25
1981,Armenia,ARM,,,333,58.2,,
1981,Aruba,ABW,,,,,,
1981,Australia,AUS,,317000,,10.4,,
1981,Austria,AUT,,17899,,13.2,,
1981,Azerbaijan,AZE,,,,,,
1981,"Bahamas, The",BHS,,,,24.5,3390000.105,3390000.105
1981,Bahrain,BHR,,,,25.3,477130004.9,477130004.9
1981,Bangladesh,BGD,,,,134.6,2557260010,2557260010
1981,Barbados,BRB,,,,22.4,25159999.85,25159999.85
1981,Belarus,BLR,,,,16.5,,
1981,Belgium,BEL,,35000,,11.7,,
1981,Belize,BLZ,,7000,,47.9,26309999.47,26309999.47
1981,Benin,BEN,,,,123.5,202369995.1,202369995.1
1981,Bermuda,BMU,,,,,500000,500000
1981,Bhutan,BTN,,,,125.8,24239999.77,24239999.77
1981,Bolivia,BOL,,500,100,108.1,303920013.4,303920013.4
1981,Bosnia and Herzegovina,BIH,,,,,,
1981,Botswana,BWA,,1290,,52.4,228610000.6,228610000.6
1981,Brazil,BRA,,24000,5,73.6,547520019.5,547520019.5
1981,British Virgin Islands,VGB,,,,26.1,8760000.229,8760000.229
1981,Brunei Darussalam,BRN,,,,14.2,409999.9964,409999.9964
1981,Bulgaria,BGR,,,274,18.7,,
1981,Burkina Faso,BFA,,,,112.3,537270019.5,537270019.5
1981,Burundi,BDI,,234590,182950,126.6,309250000,309250000
1981,Cabo Verde,CPV,,,,64.4,121430000.3,121430000.3
1981,Cambodia,KHM,,,135077,105.9,271559997.6,271559997.6
1981,Cameroon,CMR,,172710,,105,481890014.6,481890014.6
1981,Canada,CAN,,96415,,9.7,,
1981,Cayman Islands,CYM,,,,,2440000.057,2440000.057
1981,Central African Republic,CAF,,4000,,119.5,246130004.9,246130004.9
1981,Chad,TCD,,,234260,122.8,148600006.1,148600006.1
1981,Channel Islands,CHI,,,,,,
1981,Chile,CHL,,1500,1885,25.2,2599999.905,2599999.905
1981,China,CHN,,265000,24,45.1,1150449951,1150449951
1981,Colombia,COL,,1800,50,42.7,133710006.7,133710006.7
1981,Comoros,COM,,,,115.4,113120002.7,113120002.7
1981,"Congo, Dem. Rep.",COD,,576740,118970,130.5,981750000,981750000
1981,"Congo, Rep.",COG,,,6,66.9,193520004.3,193520004.3
1981,Costa Rica,CRI,,15000,,18.8,77190002.44,77190002.44
1981,Cote d'Ivoire,CIV,,,,112.7,305029998.8,305029998.8
1981,Croatia,HRV,,,,20.7,,
1981,Cuba,CUB,,2000,2705,16.7,66330001.83,66330001.83
1981,Curacao,CUW,,,,,,
1981,Cyprus,CYP,,,,16.6,115919998.2,115919998.2
1981,Czechia,CZE,,,389,13.4,,
1981,Denmark,DNK,,1800,,8.1,,
1981,Djibouti,DJI,,31800,,113.9,156160003.7,156160003.7
1981,Dominica,DMA,,,,17,36970001.22,36970001.22
1981,Dominican Republic,DOM,,5000,,61.6,155279998.8,155279998.8
1981,Ecuador,ECU,,640,,63.6,87160003.66,87160003.66
1981,"Egypt, Arab Rep.",EGY,,1580,5,108.9,3190540039,3190540039
1981,El Salvador,SLV,,,304810,72.3,288769989,288769989
1981,Equatorial Guinea,GNQ,,,18000,,25989999.77,25989999.77
1981,Eritrea,ERI,,,1542,113.8,13579999.92,13579999.92
1981,Estonia,EST,,,,17.1,,
1981,Eswatini,SWZ,,5610,,77.3,83639999.39,83639999.39
1981,Ethiopia,ETH,,5450,1363266,139.9,614309997.6,614309997.6
1981,Faroe Islands,FRO,,,,,,
1981,Fiji,FJI,,,,34.2,100419998.2,100419998.2
1981,Finland,FIN,,,,6.8,,
1981,France,FRA,,125597,,9.8,,
1981,French Polynesia,PYF,,,,,341049987.8,341049987.8
1981,Gabon,GAB,,400,,73.2,101919998.2,101919998.2
1981,"Gambia, The",GMB,,,,101.7,171119995.1,171119995.1
1981,Georgia,GEO,,,,48.2,,
1981,Germany,DEU,,100000,,11.8,,
1981,Ghana,GHA,,,,100.6,359559997.6,359559997.6
1981,Gibraltar,GIB,,,,,16530000.69,16530000.69
1981,Greece,GRC,,3990,320,15.8,,
1981,Greenland,GRL,,,,,,
1981,Grenada,GRD,,,,27.5,15609999.66,15609999.66
1981,Guam,GUM,,,,,,
1981,Guatemala,GTM,,100000,1910,83.1,96309997.56,96309997.56
1981,Guinea,GIN,,,,163.8,268640014.6,268640014.6
1981,Guinea-Bissau,GNB,,110,4000,,154660003.7,154660003.7
1981,Guyana,GUY,,,,52.7,128000000,128000000
1981,Haiti,HTI,,,5000,125.3,235529998.8,235529998.8
1981,Honduras,HND,,28000,,65.9,219410003.7,219410003.7
1981,"Hong Kong SAR, China",HKG,,13540,,,22809999.47,22809999.47
1981,Hungary,HUN,,,744,20.4,,
1981,Iceland,ISL,,,,7.3,,
1981,India,IND,,3510,,112,4831750000,4831750000
1981,Indonesia,IDN,,14900,150,82.8,2323979980,2323979980
1981,"Iran, Islamic Rep.",IRN,,1565000,803,71.8,15800000.19,15800000.19
1981,Iraq,IRQ,,1200,66589,52.9,636280029.3,636280029.3
1981,Ireland,IRL,,,,11,,
1981,Isle of Man,IMN,,,,,,
1981,Israel,ISR,,,,14.7,1898189941,1898189941
1981,Italy,ITA,,22601,,13.4,,
1981,Jamaica,JAM,,,,30.4,337359985.4,337359985.4
1981,Japan,JPN,,2520,,7,,
1981,Jordan,JOR,,737000,,41.4,3039330078,3039330078
1981,Kazakhstan,KAZ,,,,56.6,,
1981,Kenya,KEN,,3380,,68.5,1102150024,1102150024
1981,Kiribati,KIR,,,,83,35580001.83,35580001.83
1981,"Korea, Dem. People's Rep.",PRK,,,,,,
1981,"Korea, Rep.",KOR,,60,,28,727630004.9,727630004.9
1981,Kosovo,XKX,,,,,,
1981,Kuwait,KWT,,2000,,27.3,23590000.15,23590000.15
1981,Kyrgyz Republic,KGZ,,,,76.8,,
1981,Lao PDR,LAO,,3500,89990,134.7,95980003.36,95980003.36
1981,Latvia,LVA,,,,15.3,,
1981,Lebanon,LBN,,237081,,39,1124380005,1124380005
1981,Lesotho,LSO,,11500,80,91.3,255860000.6,255860000.6
1981,Liberia,LBR,,,,160.7,267589996.3,267589996.3
1981,Libya,LBY,,,226,54.7,11359999.66,11359999.66
1981,Liechtenstein,LIE,,,,,,
1981,Lithuania,LTU,,,,15.6,,
1981,Luxembourg,LUX,,,,10.8,,
1981,"Macao SAR, China",MAC,,1200,,,19999.99955,19999.99955
1981,Madagascar,MDG,,,,105.2,575169982.9,575169982.9
1981,Malawi,MWI,,,70,148.4,335079986.6,335079986.6
1981,Malaysia,MYS,,103250,,23.6,347209991.5,347209991.5
1981,Maldives,MDV,,,,98.6,30209999.08,30209999.08
1981,Mali,MLI,,,,147,569299987.8,569299987.8
1981,Malta,MLT,,,,14.4,150199996.9,150199996.9
1981,Marshall Islands,MHL,,,,48.1,,
1981,Mauritania,MRT,,,,90.9,549849975.6,549849975.6
1981,Mauritius,MUS,,,,31.3,138009994.5,138009994.5
1981,Mexico,MEX,,150000,,51.9,268709991.5,268709991.5
1981,"Micronesia, Fed. Sts.",FSM,,,,46.2,,
1981,Moldova,MDA,,,,38.4,,
1981,Monaco,MCO,,,,,,
1981,Mongolia,MNG,,,,107.9,5809999.943,5809999.943
1981,Montenegro,MNE,,,,,,
1981,Morocco,MAR,,500,,90.9,2531760010,2531760010
1981,Mozambique,MOZ,,100,5170,179,339619995.1,339619995.1
1981,Myanmar,MMR,,,,96.1,603030029.3,603030029.3
1981,Namibia,NAM,,,74520,64.4,,
1981,Nauru,NRU,,,,,59999.99866,59999.99866
1981,Nepal,NPL,,8800,,135.1,397910003.7,397910003.7
1981,Netherlands,NLD,,13000,,8.5,,
1981,New Caledonia,NCL,,,,,350589996.3,350589996.3
1981,New Zealand,NZL,,10600,,12.4,,
1981,Nicaragua,NIC,,21320,2500,73.3,245589996.3,245589996.3
1981,Niger,NER,,,,130.6,474480011,474480011
1981,Nigeria,NGA,,89570,,124.3,99540000.92,99540000.92
1981,North Macedonia,MKD,,,,52.7,,
1981,Northern Mariana Islands,MNP,,,,,334070007.3,334070007.3
1981,Norway,NOR,,6000,,8,,
1981,Oman,OMN,,,,72.3,609500000,609500000
1981,Pakistan,PAK,,2375330,,123,1917189941,1917189941
1981,Palau,PLW,,,,,,
1981,Panama,PAN,,1500,,34.2,58200000.76,58200000.76
1981,Papua New Guinea,PNG,,150,,73.8,752349975.6,752349975.6
1981,Paraguay,PRY,,800,,48.4,103089996.3,103089996.3
1981,Peru,PER,,1500,,81.4,506589996.3,506589996.3
1981,Philippines,PHL,,23310,90000,52.3,859260009.8,859260009.8
1981,Poland,POL,,,505,20.5,,
1981,Portugal,PRT,,7600,,21.2,,
1981,Puerto Rico,PRI,,,,,,
1981,Qatar,QAT,,200,,28.5,1990000.01,1990000.01
1981,Romania,ROU,,1000,854,27.3,,
1981,Russian Federation,RUS,,,11562,21.6,,
1981,Rwanda,RWA,,18150,277010,119.8,393500000,393500000
1981,Samoa,WSM,,,,33.9,55439998.63,55439998.63
1981,San Marino,SMR,,,,,,
1981,Sao Tome and Principe,STP,,,,60.2,14810000.42,14810000.42
1981,Saudi Arabia,SAU,,65000,,63.7,61950000.76,61950000.76
1981,Senegal,SEN,,4000,,92.5,979869995.1,979869995.1
1981,Serbia,SRB,,1920,214,,,
1981,Seychelles,SYC,,,,23.1,39509998.32,39509998.32
1981,Sierra Leone,SLE,,,,165.6,150750000,150750000
1981,Singapore,SGP,,,,11.5,51360000.61,51360000.61
1981,Sint Maarten (Dutch part),SXM,,,,,,
1981,Slovak Republic,SVK,,,,18.9,,
1981,Slovenia,SVN,,,,15.4,,
1981,Solomon Islands,SLB,,,,39.7,64370002.75,64370002.75
1981,Somalia,SOM,,700000,34,,968979980.5,968979980.5
1981,South Africa,ZAF,,,24900,65.7,,
1981,South Sudan,SSD,,,,169.5,,
1981,Spain,ESP,,21500,5,11.5,,
1981,Sri Lanka,LKA,,,,34.6,868919982.9,868919982.9
1981,St. Kitts and Nevis,KNA,,,,39.6,8869999.886,8869999.886
1981,St. Lucia,LCA,,,,24.1,28639999.39,28639999.39
1981,St. Martin (French part),MAF,,,,,,
1981,St. Vincent and the Grenadines,VCT,,,,37.5,22430000.31,22430000.31
1981,Sudan,SDN,,553000,5350,90,1561969971,1561969971
1981,Suriname,SUR,,,,,251729995.7,251729995.7
1981,Sweden,SWE,,20000,,6.9,,
1981,Switzerland,CHE,,40000,,8.1,,
1981,Syrian Arab Republic,SYR,,217401,505,46.5,4392879883,4392879883
1981,Tajikistan,TJK,,,,99.6,,
1981,Tanzania,TZA,,164180,3000,107.2,1694709961,1694709961
1981,Thailand,THA,,192990,,45,940059997.6,940059997.6
1981,Timor-Leste,TLS,,,,,639999.9857,639999.9857
1981,Togo,TGO,,,,105.7,155550003.1,155550003.1
1981,Tonga,TON,,,,24,43060001.37,43060001.37
1981,Trinidad and Tobago,TTO,,,,33.2,-5849999.905,-5849999.905
1981,Tunisia,TUN,,,,65.4,603700012.2,603700012.2
1981,Turkiye,TUR,,1180,,85.7,1825439941,1825439941
1981,Turkmenistan,TKM,,,,89.1,,
1981,Turks and Caicos Islands,TCA,,,,20.2,15840000.15,15840000.15
1981,Tuvalu,TUV,,,,47.1,12689999.58,12689999.58
1981,Uganda,UGA,,113000,176691,128.9,335420013.4,335420013.4
1981,Ukraine,UKR,,,,21.4,,
1981,United Arab Emirates,ARE,,6090,,26.5,-360000.0143,-360000.0143
1981,United Kingdom,GBR,,146000,,11.4,,
1981,United States,USA,,537375,,12.1,,
1981,Uruguay,URY,,1700,24,31.6,23600000.38,23600000.38
1981,Uzbekistan,UZB,,,,86.1,,
1981,Vanuatu,VUT,,,,48.1,73209999.08,73209999.08
1981,"Venezuela, RB",VEN,,17000,,34,43669998.17,43669998.17
1981,Viet Nam,VNM,,30000,312548,46.3,619090026.9,619090026.9
1981,Virgin Islands (U.S.),VIR,,,,,,
1981,West Bank and Gaza,PSE,,707689,,56,,
1981,"Yemen, Rep.",YEM,,1030,,132.4,1235569946,1235569946
1981,Zambia,ZMB,,40560,1200,96,555900024.4,555900024.4
1981,Zimbabwe,ZWE,,5100,190,68,423170013.4,423170013.4
1981,Africa Eastern and Southern,AFE,,,,,11103669885,11103669885
1981,Africa Western and Central,AFW,,,,,6484409975,6484409975
1981,Arab World,ARB,,,,,21732279947,21732279947
1981,Caribbean small states,CSS,,,,,899769980.7,899769980.7
1981,Central Europe and the Baltics,CEB,,,,,,
1981,Early-demographic dividend,EAR,,,,,37262589782,37262589782
1981,East Asia & Pacific,EAS,,,,,10351749960,10351749960
1981,East Asia & Pacific (excluding high income),EAP,,,,,8504669964,8504669964
1981,East Asia & Pacific (IDA & IBRD countries),TEA,,,,,8354249964,8354249964
1981,Euro area,EMU,,,,,266119995.1,266119995.1
1981,Europe & Central Asia,ECS,,,,,2103219938,2103219938
1981,Europe & Central Asia (excluding high income),ECA,,,,,1785839943,1785839943
1981,Europe & Central Asia (IDA & IBRD countries),TEC,,,,,1825439941,1825439941
1981,European Union,EUU,,,,,266119995.1,266119995.1
1981,Fragile and conflict affected situations,FCS,,,,,17399029879,17399029879
1981,Heavily indebted poor countries (HIPC),HPC,,,,,16210939950,16210939950
1981,High income,HIC,,,,,5405949938,5405949938
1981,IBRD only,IBD,,,,,29551810045,29551810045
1981,IDA & IBRD total,IBT,,,,,60384379816,60384379816
1981,IDA blend,IDB,,,,,5295949974,5295949974
1981,IDA only,IDX,,,,,25536619797,25536619797
1981,IDA total,IDA,,,,,30832569770,30832569770
1981,Late-demographic dividend,LTE,,,,,11210599964,11210599964
1981,Latin America & Caribbean,LCN,,,,,4877479977,4877479977
1981,Latin America & Caribbean (excluding high income),LAC,,,,,4639369981,4639369981
1981,Latin America & the Caribbean (IDA & IBRD countries),TLA,,,,,4359449991,4359449991
1981,Least developed countries: UN classification,LDC,,,,,19823949921,19823949921
1981,Low & middle income,LMY,,,,,74015343750,74015343750
1981,Low income,LIC,,,,,15822209822,15822209822
1981,Lower middle income,LMC,,,,,32835330026,32835330026
1981,Middle East & North Africa,MEA,,,,,21332889932,21332889932
1981,Middle East & North Africa (excluding high income),MNA,,,,,18110699988,18110699988
1981,Middle East & North Africa (IDA & IBRD countries),TMN,,,,,17380360012,17380360012
1981,Middle income,MIC,,,,,44699050781,44699050781
1981,North America,NAC,,,,,500000,500000
1981,Not classified,INX,,,,,,
1981,OECD members,OED,,,,,4933469888,4933469888
1981,Other small states,OSS,,,,,2405579996,2405579996
1981,Pacific island small states,PSS,,,,,384830001.4,384830001.4
1981,Post-demographic dividend,PST,,,,,1064660003,1064660003
1981,Pre-demographic dividend,PRE,,,,,15699989998,15699989998
1981,Small states,SST,,,,,3690179978,3690179978
1981,South Asia,SAS,,,,,10682619936,10682619936
1981,South Asia (IDA & IBRD),TSA,,,,,10682619936,10682619936
1981,Sub-Saharan Africa,SSF,,,,,18477269980,18477269980
1981,Sub-Saharan Africa (excluding high income),SSA,,,,,18411769982,18411769982
1981,Sub-Saharan Africa (IDA & IBRD countries),TSS,,,,,17782259971,17782259971
1981,Upper middle income,UMC,,,,,11611359973,11611359973
1981,World,WLD,,,,,79456140625,79456140625
1982,Afghanistan,AFG,,,4488214,153.9,25379999.16,25379999.16
1982,Albania,ALB,,,1645,57,,
1982,Algeria,DZA,,167000,5,86.3,381940002.4,381940002.4
1982,American Samoa,ASM,,,,,,
1982,Andorra,AND,,,,,,
1982,Angola,AGO,,96280,465890,138,149750000,149750000
1982,Antigua and Barbuda,ATG,,,,11.5,11800000.19,11800000.19
1982,Argentina,ARG,,11500,1019,31.8,77650001.53,77650001.53
1982,Armenia,ARM,,,733,56.1,,
1982,Aruba,ABW,,,,,,
1982,Australia,AUS,,317000,,10.1,,
1982,Austria,AUT,,34963,,12.6,,
1982,Azerbaijan,AZE,,,,86.1,,
1982,"Bahamas, The",BHS,,,,24.2,3349999.905,3349999.905
1982,Bahrain,BHR,,,,24,385320007.3,385320007.3
1982,Bangladesh,BGD,,,,131.3,3226020020,3226020020
1982,Barbados,BRB,,,,21.4,21280000.69,21280000.69
1982,Belarus,BLR,,,,15.8,,
1982,Belgium,BEL,,21000,,11.2,,
1982,Belize,BLZ,,3120,,46.2,29709999.08,29709999.08
1982,Benin,BEN,,,,121.3,204660003.7,204660003.7
1982,Bermuda,BMU,,,,,170000.0018,170000.0018
1982,Bhutan,BTN,,,,121.2,28469999.31,28469999.31
1982,Bolivia,BOL,,,270,105.7,267670013.4,267670013.4
1982,Bosnia and Herzegovina,BIH,,,,,,
1982,Botswana,BWA,,1300,,50.1,247339996.3,247339996.3
1982,Brazil,BRA,,5400,5,70.6,453690002.4,453690002.4
1982,British Virgin Islands,VGB,,,,24.9,9100000.381,9100000.381
1982,Brunei Darussalam,BRN,,,,13.2,649999.9762,649999.9762
1982,Bulgaria,BGR,,,257,18.1,,
1982,Burkina Faso,BFA,,,,110.3,544049987.8,544049987.8
1982,Burundi,BDI,,253170,176270,120.6,326820007.3,326820007.3
1982,Cabo Verde,CPV,,,,63.4,129660003.7,129660003.7
1982,Cambodia,KHM,,,123398,97.5,88760002.14,88760002.14
1982,Cameroon,CMR,,36820,,101.8,545640014.6,545640014.6
1982,Canada,CAN,,107591,,9.2,,
1982,Cayman Islands,CYM,,,,,1379999.995,1379999.995
1982,Central African Republic,CAF,,7450,15000,118.6,227880004.9,227880004.9
1982,Chad,TCD,,,17010,121.6,165869995.1,165869995.1
1982,Channel Islands,CHI,,,,,,
1982,Chile,CHL,,2500,2483,22.8,4920000.076,4920000.076
1982,China,CHN,,272100,104,43.7,1290459961,1290459961
1982,Colombia,COL,,150,100,40.5,167979995.7,167979995.7
1982,Comoros,COM,,,,112,96800003.05,96800003.05
1982,"Congo, Dem. Rep.",COD,,497600,92455,129.1,911849975.6,911849975.6
1982,"Congo, Rep.",COG,,,6,65.4,229970001.2,229970001.2
1982,Costa Rica,CRI,,16360,,19.1,154320007.3,154320007.3
1982,Cote d'Ivoire,CIV,,,,110.6,360049987.8,360049987.8
1982,Croatia,HRV,,,,19.4,,
1982,Cuba,CUB,,2000,655,15.9,86860000.61,86860000.61
1982,Curacao,CUW,,,,,,
1982,Cyprus,CYP,,,,15.9,78620002.75,78620002.75
1982,Czechia,CZE,,,494,13,,
1982,Denmark,DNK,,1800,,7.9,,
1982,Djibouti,DJI,,34200,,111.1,148039993.3,148039993.3
1982,Dominica,DMA,,,,16.2,41150001.53,41150001.53
1982,Dominican Republic,DOM,,5000,,59.7,231899993.9,231899993.9
1982,Ecuador,ECU,,680,,60.7,105110000.6,105110000.6
1982,"Egypt, Arab Rep.",EGY,,5500,5,102.8,3514189941,3514189941
1982,El Salvador,SLV,,,242400,68.9,435829986.6,435829986.6
1982,Equatorial Guinea,GNQ,,,18000,134.6,37630001.07,37630001.07
1982,Eritrea,ERI,,,1585,112.4,11109999.66,11109999.66
1982,Estonia,EST,,,,16.5,,
1982,Eswatini,SWZ,,7350,,73.8,65010002.14,65010002.14
1982,Ethiopia,ETH,,5550,1334915,138,509089996.3,509089996.3
1982,Faroe Islands,FRO,,,,,,
1982,Fiji,FJI,,,,32.7,88080001.83,88080001.83
1982,Finland,FIN,,,,6.5,,
1982,France,FRA,,152223,,9.4,,
1982,French Polynesia,PYF,,,,,434220001.2,434220001.2
1982,Gabon,GAB,,640,,71.2,155720001.2,155720001.2
1982,"Gambia, The",GMB,,,,99.5,117540000.9,117540000.9
1982,Georgia,GEO,,,,46.6,,
1982,Germany,DEU,,100000,,11,,
1982,Ghana,GHA,,100,310,99.9,364329986.6,364329986.6
1982,Gibraltar,GIB,,,,,7400000.095,7400000.095
1982,Greece,GRC,,3950,300,14.9,,
1982,Greenland,GRL,,,,,,
1982,Grenada,GRD,,,,26.2,15180000.31,15180000.31
1982,Guam,GUM,,,,,,
1982,Guatemala,GTM,,70000,36490,88.8,107349998.5,107349998.5
1982,Guinea,GIN,,,50,160.9,290369995.1,290369995.1
1982,Guinea-Bissau,GNB,,,5000,,160729995.7,160729995.7
1982,Guyana,GUY,,,,52.2,62830001.83,62830001.83
1982,Haiti,HTI,,,5000,122.1,275790008.5,275790008.5
1982,Honduras,HND,,32170,,63.2,300339996.3,300339996.3
1982,"Hong Kong SAR, China",HKG,,12620,,,19909999.85,19909999.85
1982,Hungary,HUN,,,728,19.9,,
1982,Iceland,ISL,,,,6.9,,
1982,India,IND,,5010,,109.1,4112040039,4112040039
1982,Indonesia,IDN,,13220,2200,80.5,2232360107,2232360107
1982,"Iran, Islamic Rep.",IRN,,1700060,2480,67.2,3369999.886,3369999.886
1982,Iraq,IRQ,,1200,103766,51.3,10109999.66,10109999.66
1982,Ireland,IRL,,,,10.3,,
1982,Isle of Man,IMN,,,,,,
1982,Israel,ISR,,,,14.1,2013670044,2013670044
1982,Italy,ITA,,22865,,12.7,,
1982,Jamaica,JAM,,,,29.5,385309997.6,385309997.6
1982,Japan,JPN,,4390,,6.5,,
1982,Jordan,JOR,,756587,,39.7,2234899902,2234899902
1982,Kazakhstan,KAZ,,,,55,,
1982,Kenya,KEN,,4760,,66.8,1214250000,1214250000
1982,Kiribati,KIR,,,,81.9,36360000.61,36360000.61
1982,"Korea, Dem. People's Rep.",PRK,,,,,,
1982,"Korea, Rep.",KOR,,70,,26.2,89760002.14,89760002.14
1982,Kosovo,XKX,,,,,,
1982,Kuwait,KWT,,2220,,25,14970000.27,14970000.27
1982,Kyrgyz Republic,KGZ,,,,74.1,,
1982,Lao PDR,LAO,,3500,80588,131.2,96169998.17,96169998.17
1982,Latvia,LVA,,,,15.1,,
1982,Lebanon,LBN,,242017,12590,37.7,474059997.6,474059997.6
1982,Lesotho,LSO,,11500,,87.2,231770004.3,231770004.3
1982,Liberia,LBR,,,,159.3,261500000,261500000
1982,Libya,LBY,,,259,52.4,266269989,266269989
1982,Liechtenstein,LIE,,,,,,
1982,Lithuania,LTU,,,,15.1,,
1982,Luxembourg,LUX,,,,10.5,,
1982,"Macao SAR, China",MAC,,970,,,1769999.981,1769999.981
1982,Madagascar,MDG,,,,106.3,611500000,611500000
1982,Malawi,MWI,,,240,145.8,305059997.6,305059997.6
1982,Malaysia,MYS,,99240,,22.2,329619995.1,329619995.1
1982,Maldives,MDV,,,,93.6,13029999.73,13029999.73
1982,Mali,MLI,,,,143.4,535380004.9,535380004.9
1982,Malta,MLT,,,,13.9,75099998.47,75099998.47
1982,Marshall Islands,MHL,,,,47.2,,
1982,Mauritania,MRT,,,,88.8,472850006.1,472850006.1
1982,Mauritius,MUS,,,,28.3,122089996.3,122089996.3
1982,Mexico,MEX,,167750,,49.9,371970001.2,371970001.2
1982,"Micronesia, Fed. Sts.",FSM,,,,45.8,,
1982,Moldova,MDA,,,,37.2,,
1982,Monaco,MCO,,,,,,
1982,Mongolia,MNG,,,,104.4,5929999.828,5929999.828
1982,Montenegro,MNE,,,,,,
1982,Morocco,MAR,,510,,87.5,2119280029,2119280029
1982,Mozambique,MOZ,,130,20200,178.5,517659973.1,517659973.1
1982,Myanmar,MMR,,,,94.3,701200012.2,701200012.2
1982,Namibia,NAM,,,75170,63.1,,
1982,Nauru,NRU,,,,,50000.00075,50000.00075
1982,Nepal,NPL,,9800,,131,442980011,442980011
1982,Netherlands,NLD,,14000,,8.4,,
1982,New Caledonia,NCL,,,,,397690002.4,397690002.4
1982,New Zealand,NZL,,10600,,12.1,,
1982,Nicaragua,NIC,,23800,18970,69.6,253009994.5,253009994.5
1982,Niger,NER,,,,131.4,651450012.2,651450012.2
1982,Nigeria,NGA,,5240,,123.1,88139999.39,88139999.39
1982,North Macedonia,MKD,,,,50.3,,
1982,Northern Mariana Islands,MNP,,,,,375089996.3,375089996.3
1982,Norway,NOR,,6000,,8,,
1982,Oman,OMN,,,,66.1,336880004.9,336880004.9
1982,Pakistan,PAK,,2877480,,121.4,2120489990,2120489990
1982,Palau,PLW,,,,,,
1982,Panama,PAN,,1820,,33.2,67029998.78,67029998.78
1982,Papua New Guinea,PNG,,2200,,72.2,740010009.8,740010009.8
1982,Paraguay,PRY,,50,,47,178619995.1,178619995.1
1982,Peru,PER,,1200,,79.3,401109985.4,401109985.4
1982,Philippines,PHL,,15240,90000,51.7,804080017.1,804080017.1
1982,Poland,POL,,,775,19.9,,
1982,Portugal,PRT,,7600,,19.9,,
1982,Puerto Rico,PRI,,,,,,
1982,Qatar,QAT,,200,,27.3,2130000.114,2130000.114
1982,Romania,ROU,,1000,1157,25.8,,
1982,Russian Federation,RUS,,,11569,21.2,,
1982,Rwanda,RWA,,62000,327950,111.6,403140014.6,403140014.6
1982,Samoa,WSM,,,,32.6,55979999.54,55979999.54
1982,San Marino,SMR,,,,,,
1982,Sao Tome and Principe,STP,,,,61.1,25190000.53,25190000.53
1982,Saudi Arabia,SAU,,59000,,60,115239997.9,115239997.9
1982,Senegal,SEN,,5250,,90.3,732260009.8,732260009.8
1982,Serbia,SRB,,2030,177,,,
1982,Seychelles,SYC,,,,21.3,44869998.93,44869998.93
1982,Sierra Leone,SLE,,120,,163.9,213869995.1,213869995.1
1982,Singapore,SGP,,480,,10.7,51770000.46,51770000.46
1982,Sint Maarten (Dutch part),SXM,,,,,,
1982,Slovak Republic,SVK,,,,18.1,,
1982,Slovenia,SVN,,,,14.6,,
1982,Solomon Islands,SLB,,,,38.3,64639999.39,64639999.39
1982,Somalia,SOM,,700000,118,,1222079956,1222079956
1982,South Africa,ZAF,,,28430,63,,
1982,South Sudan,SSD,,,,167.6,,
1982,Spain,ESP,,23500,50,10.7,,
1982,Sri Lanka,LKA,,,,32.4,963760009.8,963760009.8
1982,St. Kitts and Nevis,KNA,,,,37.4,7650000.095,7650000.095
1982,St. Lucia,LCA,,,,23,20540000.92,20540000.92
1982,St. Martin (French part),MAF,,,,,,
1982,St. Vincent and the Grenadines,VCT,,,,34.1,19139999.39,19139999.39
1982,Sudan,SDN,,637000,5350,89.4,1873329956,1873329956
1982,Suriname,SUR,,,,,268350006.1,268350006.1
1982,Sweden,SWE,,20000,,6.8,,
1982,Switzerland,CHE,,33404,,7.8,,
1982,Syrian Arab Republic,SYR,,249692,505,48.5,2859929932,2859929932
1982,Tajikistan,TJK,,,,98.9,,
1982,Tanzania,TZA,,158960,500,107.3,1705050049,1705050049
1982,Thailand,THA,,168980,,43.2,944549987.8,944549987.8
1982,Timor-Leste,TLS,,,,,569999.9928,569999.9928
1982,Togo,TGO,,200,,103.5,195139999.4,195139999.4
1982,Tonga,TON,,,,23.3,44759998.32,44759998.32
1982,Trinidad and Tobago,TTO,,,,32.2,12100000.38,12100000.38
1982,Tunisia,TUN,,,,62.1,529039978,529039978
1982,Turkiye,TUR,,1670,300,81.9,1580040039,1580040039
1982,Turkmenistan,TKM,,,,85.8,,
1982,Turks and Caicos Islands,TCA,,,,18.8,24500000,24500000
1982,Tuvalu,TUV,,,,45.8,15449999.81,15449999.81
1982,Uganda,UGA,,113000,271285,126.6,327790008.5,327790008.5
1982,Ukraine,UKR,,,,20.7,,
1982,United Arab Emirates,ARE,,3690,,24.3,11619999.89,11619999.89
1982,United Kingdom,GBR,,143000,,10.8,,
1982,United States,USA,,620257,,11.7,,
1982,Uruguay,URY,,60,525,29.1,17149999.62,17149999.62
1982,Uzbekistan,UZB,,,,80.8,,
1982,Vanuatu,VUT,,,,45.4,63740001.68,63740001.68
1982,"Venezuela, RB",VEN,,850,,32.8,49139999.39,49139999.39
1982,Viet Nam,VNM,,25960,325343,45.4,599109985.4,599109985.4
1982,Virgin Islands (U.S.),VIR,,,,,,
1982,West Bank and Gaza,PSE,,722965,9800,53.2,,
1982,"Yemen, Rep.",YEM,,1400,,124.8,1517300049,1517300049
1982,Zambia,ZMB,,89110,1200,96.6,786349975.6,786349975.6
1982,Zimbabwe,ZWE,,20200,,65,534609985.4,534609985.4
1982,Africa Eastern and Southern,AFE,,,,,12144059968,12144059968
1982,Africa Western and Central,AFW,,,,,6605799900,6605799900
1982,Arab World,ARB,,,,,18586279745,18586279745
1982,Caribbean small states,CSS,,,,,898390008,898390008
1982,Central Europe and the Baltics,CEB,,,,,,
1982,Early-demographic dividend,EAR,,,,,35967730072,35967730072
1982,East Asia & Pacific,EAS,,,,,9740500080,9740500080
1982,East Asia & Pacific (excluding high income),EAP,,,,,8383050078,8383050078
1982,East Asia & Pacific (IDA & IBRD countries),TEA,,,,,8201880077,8201880077
1982,Euro area,EMU,,,,,153720001.2,153720001.2
1982,Europe & Central Asia,ECS,,,,,1821460049,1821460049
1982,Europe & Central Asia (excluding high income),ECA,,,,,1561530039,1561530039
1982,Europe & Central Asia (IDA & IBRD countries),TEC,,,,,1580040039,1580040039
1982,European Union,EUU,,,,,153720001.2,153720001.2
1982,Fragile and conflict affected situations,FCS,,,,,16152309863,16152309863
1982,Heavily indebted poor countries (HIPC),HPC,,,,,17091379928,17091379928
1982,High income,HIC,,,,,4623750057,4623750057
1982,IBRD only,IBD,,,,,27023929960,27023929960
1982,IDA & IBRD total,IBT,,,,,58494059886,58494059886
1982,IDA blend,IDB,,,,,5787430008,5787430008
1982,IDA only,IDX,,,,,25682699918,25682699918
1982,IDA total,IDA,,,,,31470129926,31470129926
1982,Late-demographic dividend,LTE,,,,,10088959957,10088959957
1982,Latin America & Caribbean,LCN,,,,,5445259991,5445259991
1982,Latin America & Caribbean (excluding high income),LAC,,,,,5209729989,5209729989
1982,Latin America & the Caribbean (IDA & IBRD countries),TLA,,,,,4794339986,4794339986
1982,Least developed countries: UN classification,LDC,,,,,21455020020,21455020020
1982,Low & middle income,LMY,,,,,69194125000,69194125000
1982,Low income,LIC,,,,,15581569831,15581569831
1982,Lower middle income,LMC,,,,,32235220200,32235220200
1982,Middle East & North Africa,MEA,,,,,17828619874,17828619874
1982,Middle East & North Africa (excluding high income),MNA,,,,,14873689821,14873689821
1982,Middle East & North Africa (IDA & IBRD countries),TMN,,,,,14058429813,14058429813
1982,Middle income,MIC,,,,,43068468750,43068468750
1982,North America,NAC,,,,,170000.0018,170000.0018
1982,Not classified,INX,,,,,,
1982,OECD members,OED,,,,,4382660089,4382660089
1982,Other small states,OSS,,,,,2166280005,2166280005
1982,Pacific island small states,PSS,,,,,369060001.2,369060001.2
1982,Post-demographic dividend,PST,,,,,358250002.4,358250002.4
1982,Pre-demographic dividend,PRE,,,,,16130439915,16130439915
1982,Small states,SST,,,,,3433730014,3433730014
1982,South Asia,SAS,,,,,10932170068,10932170068
1982,South Asia (IDA & IBRD),TSA,,,,,10932170068,10932170068
1982,Sub-Saharan Africa,SSF,,,,,19961229907,19961229907
1982,Sub-Saharan Africa (excluding high income),SSA,,,,,19878729907,19878729907
1982,Sub-Saharan Africa (IDA & IBRD countries),TSS,,,,,18927199903,18927199903
1982,Upper middle income,UMC,,,,,10558819858,10558819858
1982,World,WLD,,,,,73873562500,73873562500
1983,Afghanistan,AFG,,,4712735,149.6,34869998.93,34869998.93
1983,Albania,ALB,,,1610,53.1,,
1983,Algeria,DZA,,167000,5,76.9,247990005.5,247990005.5
1983,American Samoa,ASM,,,,,,
1983,Andorra,AND,,,,,,
1983,Angola,AGO,,96280,298110,136.4,197649993.9,197649993.9
1983,Antigua and Barbuda,ATG,,,,11.2,8189999.58,8189999.58
1983,Argentina,ARG,,11500,42,29.8,91089996.34,91089996.34
1983,Armenia,ARM,,,333,54.1,,
1983,Aruba,ABW,,,,,,
1983,Australia,AUS,,317000,,9.8,,
1983,Austria,AUT,,37298,,11.9,,
1983,Azerbaijan,AZE,,,,84.2,,
1983,"Bahamas, The",BHS,,,,24,2269999.981,2269999.981
1983,Bahrain,BHR,,,,22.9,631929992.7,631929992.7
1983,Bangladesh,BGD,,,,127.8,2418520020,2418520020
1983,Barbados,BRB,,,,20.6,37290000.92,37290000.92
1983,Belarus,BLR,,,,15.2,,
1983,Belgium,BEL,,35000,,10.6,,
1983,Belize,BLZ,,7000,,44.4,35599998.47,35599998.47
1983,Benin,BEN,,50,,119.2,224050003.1,224050003.1
1983,Bermuda,BMU,,,,,180000.0072,180000.0072
1983,Bhutan,BTN,,,,116.8,31780000.69,31780000.69
1983,Bolivia,BOL,,,,103.2,370739990.2,370739990.2
1983,Bosnia and Herzegovina,BIH,,,,,,
1983,Botswana,BWA,,4600,,48,259309997.6,259309997.6
1983,Brazil,BRA,,5400,5,67.9,281040008.5,281040008.5
1983,British Virgin Islands,VGB,,,,23.7,8060000.42,8060000.42
1983,Brunei Darussalam,BRN,,,,12.4,1019999.981,1019999.981
1983,Bulgaria,BGR,,,227,17.4,,
1983,Burkina Faso,BFA,,70,,108.4,470600006.1,470600006.1
1983,Burundi,BDI,,253820,176550,114.8,365720001.2,365720001.2
1983,Cabo Verde,CPV,,,,62.3,147089996.3,147089996.3
1983,Cambodia,KHM,,,91115,92,97449996.95,97449996.95
1983,Cameroon,CMR,,4190,,98.3,332739990.2,332739990.2
1983,Canada,CAN,,120947,,8.7,,
1983,Cayman Islands,CYM,,,,,910000.0262,910000.0262
1983,Central African Republic,CAF,,6790,,117.9,245610000.6,245610000.6
1983,Chad,TCD,,,16745,120.5,237229995.7,237229995.7
1983,Channel Islands,CHI,,,,,,
1983,Chile,CHL,,2500,1794,20.7,29879999.16,29879999.16
1983,China,CHN,,276630,24,42.7,1623530029,1623530029
1983,Colombia,COL,,210,,38.5,119309997.6,119309997.6
1983,Comoros,COM,,,,108.8,96080001.83,96080001.83
1983,"Congo, Dem. Rep.",COD,,303500,101571,127.6,858380004.9,858380004.9
1983,"Congo, Rep.",COG,,1000,6,64,278350006.1,278350006.1
1983,Costa Rica,CRI,,16910,,19.6,505980011,505980011
1983,Cote d'Ivoire,CIV,,450,,108.8,416459991.5,416459991.5
1983,Croatia,HRV,,,,18.2,,
1983,Cuba,CUB,,2000,925,15.1,91180000.31,91180000.31
1983,Curacao,CUW,,,,,,
1983,Cyprus,CYP,,,,14.8,47259998.32,47259998.32
1983,Czechia,CZE,,,421,12.7,,
1983,Denmark,DNK,,3600,,7.9,,
1983,Djibouti,DJI,,29170,,108.1,169110000.6,169110000.6
1983,Dominica,DMA,,,,15.5,25479999.54,25479999.54
1983,Dominican Republic,DOM,,5000,,57.8,144929992.7,144929992.7
1983,Ecuador,ECU,,770,,57.9,127569999.7,127569999.7
1983,"Egypt, Arab Rep.",EGY,,35000,6,96.6,3421459961,3421459961
1983,El Salvador,SLV,,,244600,65.6,563119995.1,563119995.1
1983,Equatorial Guinea,GNQ,,,,132.2,29020000.46,29020000.46
1983,Eritrea,ERI,,,1385,110.8,11140000.34,11140000.34
1983,Estonia,EST,,,,15.9,,
1983,Eswatini,SWZ,,6230,,76.3,81000000,81000000
1983,Ethiopia,ETH,,31370,1351917,135.8,874690002.4,874690002.4
1983,Faroe Islands,FRO,,,,,,
1983,Fiji,FJI,,,,31.4,84620002.75,84620002.75
1983,Finland,FIN,,,,6.3,,
1983,France,FRA,,164113,,9.1,,
1983,French Polynesia,PYF,,,,,471640014.6,471640014.6
1983,Gabon,GAB,,,,69.3,169559997.6,169559997.6
1983,"Gambia, The",GMB,,,,97.1,102379997.3,102379997.3
1983,Georgia,GEO,,,,45.2,,
1983,Germany,DEU,,115000,,10.4,,
1983,Ghana,GHA,,90,1958,98.8,280700012.2,280700012.2
1983,Gibraltar,GIB,,,,,8779999.733,8779999.733
1983,Greece,GRC,,4090,280,14.1,,
1983,Greenland,GRL,,,,,,
1983,Grenada,GRD,,,,25,19270000.46,19270000.46
1983,Guam,GUM,,,,,,
1983,Guatemala,GTM,,70000,41800,77.5,133970001.2,133970001.2
1983,Guinea,GIN,,,,158,174220001.2,174220001.2
1983,Guinea-Bissau,GNB,,,5000,,165050003.1,165050003.1
1983,Guyana,GUY,,,,51.8,38069999.69,38069999.69
1983,Haiti,HTI,,,5230,119.2,283440002.4,283440002.4
1983,Honduras,HND,,39650,,60.6,353739990.2,353739990.2
1983,"Hong Kong SAR, China",HKG,,12770,,,22219999.31,22219999.31
1983,Hungary,HUN,,,607,19.7,,
1983,Iceland,ISL,,,,6.6,,
1983,India,IND,,6930,,106.3,4650029785,4650029785
1983,Indonesia,IDN,,10070,1230,78.2,1823630005,1823630005
1983,"Iran, Islamic Rep.",IRN,,1900060,5577,63.2,121879997.3,121879997.3
1983,Iraq,IRQ,,1200,103721,49.8,17629999.16,17629999.16
1983,Ireland,IRL,,,,9.7,,
1983,Isle of Man,IMN,,,,,,
1983,Israel,ISR,,,,13.5,3023129883,3023129883
1983,Italy,ITA,,22062,,11.9,,
1983,Jamaica,JAM,,,,28.7,397209991.5,397209991.5
1983,Japan,JPN,,4900,,6.2,,
1983,Jordan,JOR,,771284,,38.1,2119750000,2119750000
1983,Kazakhstan,KAZ,,,,53.3,,
1983,Kenya,KEN,,6760,,65.2,993469970.7,993469970.7
1983,Kiribati,KIR,,,,80.6,42259998.32,42259998.32
1983,"Korea, Dem. People's Rep.",PRK,,,,,,
1983,"Korea, Rep.",KOR,,,,24.4,31309999.47,31309999.47
1983,Kosovo,XKX,,,,,,
1983,Kuwait,KWT,,2220,,22.9,13539999.96,13539999.96
1983,Kyrgyz Republic,KGZ,,,,71.1,,
1983,Lao PDR,LAO,,1260,85043,128,77980003.36,77980003.36
1983,Latvia,LVA,,,,14.7,,
1983,Lebanon,LBN,,255513,27270,36.3,319390014.6,319390014.6
1983,Lesotho,LSO,,11500,,83.5,268730011,268730011
1983,Liberia,LBR,,90,,158.5,284279998.8,284279998.8
1983,Libya,LBY,,,275,50.1,13689999.58,13689999.58
1983,Liechtenstein,LIE,,,,,,
1983,Lithuania,LTU,,,,14.7,,
1983,Luxembourg,LUX,,,,10.1,,
1983,"Macao SAR, China",MAC,,800,,,1370000.005,1370000.005
1983,Madagascar,MDG,,,,107.2,474679992.7,474679992.7
1983,Malawi,MWI,,,440,145.5,291799987.8,291799987.8
1983,Malaysia,MYS,,110700,,20.9,432070007.3,432070007.3
1983,Maldives,MDV,,,,89,24579999.92,24579999.92
1983,Mali,MLI,,,,140,560070007.3,560070007.3
1983,Malta,MLT,,,,13.4,128320007.3,128320007.3
1983,Marshall Islands,MHL,,,,46.2,,
1983,Mauritania,MRT,,,,86.6,455679992.7,455679992.7
1983,Mauritius,MUS,,,,25.3,105250000,105250000
1983,Mexico,MEX,,170000,,48,364700012.2,364700012.2
1983,"Micronesia, Fed. Sts.",FSM,,,,45.2,,
1983,Moldova,MDA,,,,35.8,,
1983,Monaco,MCO,,,,,,
1983,Mongolia,MNG,,,,101,4949999.809,4949999.809
1983,Montenegro,MNE,,,,,,
1983,Morocco,MAR,,540,,84.1,1145300049,1145300049
1983,Mozambique,MOZ,,900,50200,177.6,547340026.9,547340026.9
1983,Myanmar,MMR,,,,92.7,697880004.9,697880004.9
1983,Namibia,NAM,,,75110,61.5,29999.99933,29999.99933
1983,Nauru,NRU,,,,,70000.0003,70000.0003
1983,Nepal,NPL,,10800,,126.9,439089996.3,439089996.3
1983,Netherlands,NLD,,14500,,8.2,,
1983,New Caledonia,NCL,,,,,482600006.1,482600006.1
1983,New Zealand,NZL,,10600,,11.9,,
1983,Nicaragua,NIC,,18500,23520,66.2,251899993.9,251899993.9
1983,Niger,NER,,,,132.7,453700012.2,453700012.2
1983,Nigeria,NGA,,4620,,122.7,115419998.2,115419998.2
1983,North Macedonia,MKD,,,,47.6,,
1983,Northern Mariana Islands,MNP,,,,,298619995.1,298619995.1
1983,Norway,NOR,,10000,,8.1,,
1983,Oman,OMN,,,,60.2,175800003.1,175800003.1
1983,Pakistan,PAK,,2901360,,119.7,1605800049,1605800049
1983,Palau,PLW,,,,,,
1983,Panama,PAN,,1500,,32.1,74569999.69,74569999.69
1983,Papua New Guinea,PNG,,1230,,70.7,813820007.3,813820007.3
1983,Paraguay,PRY,,50,,45.7,107569999.7,107569999.7
1983,Peru,PER,,600,,77,616520019.5,616520019.5
1983,Philippines,PHL,,18890,100000,51,979570007.3,979570007.3
1983,Poland,POL,,,761,19.2,,
1983,Portugal,PRT,,700,,18.7,,
1983,Puerto Rico,PRI,,,,,,
1983,Qatar,QAT,,200,,26.1,2660000.086,2660000.086
1983,Romania,ROU,,1000,1211,24.7,,
1983,Russian Federation,RUS,,,11574,20.9,,
1983,Rwanda,RWA,,49500,321760,105.4,394950012.2,394950012.2
1983,Samoa,WSM,,,,31.4,62299999.24,62299999.24
1983,San Marino,SMR,,,,,,
1983,Sao Tome and Principe,STP,,,,62.2,32049999.24,32049999.24
1983,Saudi Arabia,SAU,,59000,,56.4,99750000,99750000
1983,Senegal,SEN,,5140,,88.1,828380004.9,828380004.9
1983,Serbia,SRB,,2020,157,,,
1983,Seychelles,SYC,,,,19.8,39029998.78,39029998.78
1983,Sierra Leone,SLE,,150,,162.5,172559997.6,172559997.6
1983,Singapore,SGP,,290,,9.9,36349998.47,36349998.47
1983,Sint Maarten (Dutch part),SXM,,,,,,
1983,Slovak Republic,SVK,,,,17.3,,
1983,Slovenia,SVN,,,,13.8,,
1983,Solomon Islands,SLB,,,,37.1,66980003.36,66980003.36
1983,Somalia,SOM,,700000,39,,884919982.9,884919982.9
1983,South Africa,ZAF,,,34520,60.4,,
1983,South Sudan,SSD,,,,165.4,,
1983,Spain,ESP,,23700,600,10.1,,
1983,Sri Lanka,LKA,,,,30.1,1083319946,1083319946
1983,St. Kitts and Nevis,KNA,,,,35.2,7179999.828,7179999.828
1983,St. Lucia,LCA,,,,22,17260000.23,17260000.23
1983,St. Martin (French part),MAF,,,,,,
1983,St. Vincent and the Grenadines,VCT,,,,31,13579999.92,13579999.92
1983,Sudan,SDN,,690000,31000,114,2412909912,2412909912
1983,Suriname,SUR,,,,48.1,11609999.66,11609999.66
1983,Sweden,SWE,,43000,,6.6,,
1983,Switzerland,CHE,,32312,,7.6,,
1983,Syrian Arab Republic,SYR,,269923,526,39.9,2205560059,2205560059
1983,Tajikistan,TJK,,,,97.7,,
1983,Tanzania,TZA,,180100,500,107.4,1517689941,1517689941
1983,Thailand,THA,,144320,,41.5,993609985.4,993609985.4
1983,Timor-Leste,TLS,,,,,1039999.962,1039999.962
1983,Togo,TGO,,1770,,101.5,290320007.3,290320007.3
1983,Tonga,TON,,,,22.7,46229999.54,46229999.54
1983,Trinidad and Tobago,TTO,,,,31.2,15300000.19,15300000.19
1983,Tunisia,TUN,,,5,59,539869995.1,539869995.1
1983,Turkiye,TUR,,1320,540,78.2,877070007.3,877070007.3
1983,Turkmenistan,TKM,,,,82.6,,
1983,Turks and Caicos Islands,TCA,,,,17.5,17459999.08,17459999.08
1983,Tuvalu,TUV,,,,44.8,11050000.19,11050000.19
1983,Uganda,UGA,,132970,315346,123.3,353859985.4,353859985.4
1983,Ukraine,UKR,,,,20.1,,
1983,United Arab Emirates,ARE,,4090,,22.4,10789999.96,10789999.96
1983,United Kingdom,GBR,,140000,,10.3,,
1983,United States,USA,,655532,,11.3,,
1983,Uruguay,URY,,150,25,27.3,15600000.38,15600000.38
1983,Uzbekistan,UZB,,,,76.1,,
1983,Vanuatu,VUT,,,,42.7,68650001.53,68650001.53
1983,"Venezuela, RB",VEN,,1100,,31.7,48500000,48500000
1983,Viet Nam,VNM,,21070,328399,44.6,369160003.7,369160003.7
1983,Virgin Islands (U.S.),VIR,,,,,,
1983,West Bank and Gaza,PSE,,738797,9110,50.5,,
1983,"Yemen, Rep.",YEM,,3680,,117.8,1089640015,1089640015
1983,Zambia,ZMB,,103000,1200,97.8,542150024.4,542150024.4
1983,Zimbabwe,ZWE,,50390,3200,61.5,525020019.5,525020019.5
1983,Africa Eastern and Southern,AFE,,,,,12039640124,12039640124
1983,Africa Western and Central,AFW,,,,,6354810040,6354810040
1983,Arab World,ARB,,,,,16073449983,16073449983
1983,Caribbean small states,CSS,,,,,628309989.9,628309989.9
1983,Central Europe and the Baltics,CEB,,,,,,
1983,Early-demographic dividend,EAR,,,,,34567429837,34567429837
1983,East Asia & Pacific,EAS,,,,,9863400070,9863400070
1983,East Asia & Pacific (excluding high income),EAP,,,,,8494500057,8494500057
1983,East Asia & Pacific (IDA & IBRD countries),TEA,,,,,8296850055,8296850055
1983,Euro area,EMU,,,,,175580005.6,175580005.6
1983,Europe & Central Asia,ECS,,,,,1123409999,1123409999
1983,Europe & Central Asia (excluding high income),ECA,,,,,887660007.5,887660007.5
1983,Europe & Central Asia (IDA & IBRD countries),TEC,,,,,877070007.3,877070007.3
1983,European Union,EUU,,,,,175580005.6,175580005.6
1983,Fragile and conflict affected situations,FCS,,,,,15038460075,15038460075
1983,Heavily indebted poor countries (HIPC),HPC,,,,,16963499879,16963499879
1983,High income,HIC,,,,,5766849896,5766849896
1983,IBRD only,IBD,,,,,25734999798,25734999798
1983,IDA & IBRD total,IBT,,,,,54507419839,54507419839
1983,IDA blend,IDB,,,,,4972960040,4972960040
1983,IDA only,IDX,,,,,23799460001,23799460001
1983,IDA total,IDA,,,,,28772420041,28772420041
1983,Late-demographic dividend,LTE,,,,,9380910062,9380910062
1983,Latin America & Caribbean,LCN,,,,,5833839990,5833839990
1983,Latin America & Caribbean (excluding high income),LAC,,,,,5554149994,5554149994
1983,Latin America & the Caribbean (IDA & IBRD countries),TLA,,,,,5072919999,5072919999
1983,Least developed countries: UN classification,LDC,,,,,20249959949,20249959949
1983,Low & middle income,LMY,,,,,65246421875,65246421875
1983,Low income,LIC,,,,,14511300033,14511300033
1983,Lower middle income,LMC,,,,,29912709755,29912709755
1983,Middle East & North Africa,MEA,,,,,15814159974,15814159974
1983,Middle East & North Africa (excluding high income),MNA,,,,,11728240088,11728240088
1983,Middle East & North Africa (IDA & IBRD countries),TMN,,,,,11411270095,11411270095
1983,Middle income,MIC,,,,,40240640625,40240640625
1983,North America,NAC,,,,,180000.0072,180000.0072
1983,Not classified,INX,,,,,,
1983,OECD members,OED,,,,,4951379910,4951379910
1983,Other small states,OSS,,,,,2532280003,2532280003
1983,Pacific island small states,PSS,,,,,382160004.9,382160004.9
1983,Post-demographic dividend,PST,,,,,356230005.4,356230005.4
1983,Pre-demographic dividend,PRE,,,,,15437449839,15437449839
1983,Small states,SST,,,,,3542749997,3542749997
1983,South Asia,SAS,,,,,10287989796,10287989796
1983,South Asia (IDA & IBRD),TSA,,,,,10287989796,10287989796
1983,Sub-Saharan Africa,SSF,,,,,19586649891,19586649891
1983,Sub-Saharan Africa (excluding high income),SSA,,,,,19518599892,19518599892
1983,Sub-Saharan Africa (IDA & IBRD countries),TSS,,,,,18561319887,18561319887
1983,Upper middle income,UMC,,,,,9948940054,9948940054
1983,World,WLD,,,,,71055640625,71055640625
1984,Afghanistan,AFG,,,4417651,145.5,18260000.23,18260000.23
1984,Albania,ALB,,,1576,49.5,,
1984,Algeria,DZA,,167000,5,67.6,370600006.1,370600006.1
1984,American Samoa,ASM,,,,,,
1984,Andorra,AND,,,,,,
1984,Angola,AGO,,92260,357821,135,260320007.3,260320007.3
1984,Antigua and Barbuda,ATG,,,,10.9,5750000,5750000
1984,Argentina,ARG,,11500,42,28.2,88940002.44,88940002.44
1984,Armenia,ARM,,,333,52.2,,
1984,Aruba,ABW,,,,,,
1984,Australia,AUS,,89000,,9.6,,
1984,Austria,AUT,,39099,,11.3,,
1984,Azerbaijan,AZE,,,,82.4,,
1984,"Bahamas, The",BHS,,,,23.9,22809999.47,22809999.47
1984,Bahrain,BHR,,,,22,533809997.6,533809997.6
1984,Bangladesh,BGD,,,,124.1,2782399902,2782399902
1984,Barbados,BRB,,,,19.9,13289999.96,13289999.96
1984,Belarus,BLR,,,,14.7,,
1984,Belgium,BEL,,36400,,10.2,,
1984,Belize,BLZ,,8180,,42.6,35310001.37,35310001.37
1984,Benin,BEN,,800,,117.1,208350006.1,208350006.1
1984,Bermuda,BMU,,,,,209999.9934,209999.9934
1984,Bhutan,BTN,,,,112.6,43020000.46,43020000.46
1984,Bolivia,BOL,,,,100.6,332079986.6,332079986.6
1984,Bosnia and Herzegovina,BIH,,,,26.1,,
1984,Botswana,BWA,,4970,,45.8,266369995.1,266369995.1
1984,Brazil,BRA,,5300,5,65.3,407119995.1,407119995.1
1984,British Virgin Islands,VGB,,,,22.5,4940000.057,4940000.057
1984,Brunei Darussalam,BRN,,,,11.7,1899999.976,1899999.976
1984,Bulgaria,BGR,,,183,16.7,,
1984,Burkina Faso,BFA,,100,50,106.6,489119995.1,489119995.1
1984,Burundi,BDI,,273810,182910,109.8,377059997.6,377059997.6
1984,Cabo Verde,CPV,,,,60.9,171869995.1,171869995.1
1984,Cambodia,KHM,,,72468,88.6,56450000.76,56450000.76
1984,Cameroon,CMR,,13690,,94.8,507470001.2,507470001.2
1984,Canada,CAN,,112966,,8.3,,
1984,Cayman Islands,CYM,,,,,870000.0048,870000.0048
1984,Central African Republic,CAF,,42000,,117.3,361809997.6,361809997.6
1984,Chad,TCD,,,181346,119.2,310519989,310519989
1984,Channel Islands,CHI,,,,,,
1984,Chile,CHL,,2500,1552,19.4,40860000.61,40860000.61
1984,China,CHN,,279750,24,42.1,1941719971,1941719971
1984,Colombia,COL,,330,,36.6,140410003.7,140410003.7
1984,Comoros,COM,,,,105.6,114459999.1,114459999.1
1984,"Congo, Dem. Rep.",COD,,337330,94512,126.3,869229980.5,869229980.5
1984,"Congo, Rep.",COG,,1000,6,62.6,273619995.1,273619995.1
1984,Costa Rica,CRI,,16910,,19.8,448429992.7,448429992.7
1984,Cote d'Ivoire,CIV,,650,,107.4,350929992.7,350929992.7
1984,Croatia,HRV,,,,17,,
1984,Cuba,CUB,,2000,1356,14.4,92779998.78,92779998.78
1984,Curacao,CUW,,,,,,
1984,Cyprus,CYP,,,,13.3,43569999.69,43569999.69
1984,Czechia,CZE,,,456,12.5,,
1984,Denmark,DNK,,8500,,7.9,,
1984,Djibouti,DJI,,16770,,105.3,272359985.4,272359985.4
1984,Dominica,DMA,,,,14.9,38959999.08,38959999.08
1984,Dominican Republic,DOM,,5130,,56,326859985.4,326859985.4
1984,Ecuador,ECU,,870,,55.2,179960006.7,179960006.7
1984,"Egypt, Arab Rep.",EGY,,5500,6,90.2,4137069824,4137069824
1984,El Salvador,SLV,,,243000,62.3,520280029.3,520280029.3
1984,Equatorial Guinea,GNQ,,,,129.6,40490001.68,40490001.68
1984,Eritrea,ERI,,,1385,109.2,11369999.89,11369999.89
1984,Estonia,EST,,,,15.5,,
1984,Eswatini,SWZ,,8980,,66.7,75699996.95,75699996.95
1984,Ethiopia,ETH,,180480,1546134,133.4,991429992.7,991429992.7
1984,Faroe Islands,FRO,,,,,,
1984,Fiji,FJI,,,,30.1,82620002.75,82620002.75
1984,Finland,FIN,,500,,6.1,,
1984,France,FRA,,169863,,8.8,,
1984,French Polynesia,PYF,,,,,488779998.8,488779998.8
1984,Gabon,GAB,,,,67.6,212899993.9,212899993.9
1984,"Gambia, The",GMB,,,,94.7,136119995.1,136119995.1
1984,Georgia,GEO,,,,44,,
1984,Germany,DEU,,126600,,9.8,,
1984,Ghana,GHA,,90,2202,97.2,561719970.7,561719970.7
1984,Gibraltar,GIB,,,,,30629999.16,30629999.16
1984,Greece,GRC,,4320,260,13.5,,
1984,Greenland,GRL,,,,,,
1984,Grenada,GRD,,,,23.8,63250000,63250000
1984,Guam,GUM,,,,,,
1984,Guatemala,GTM,,70000,47880,74.7,114919998.2,114919998.2
1984,Guinea,GIN,,,70,155.2,320149993.9,320149993.9
1984,Guinea-Bissau,GNB,,,5010,,152589996.3,152589996.3
1984,Guyana,GUY,,,,51.3,25120000.84,25120000.84
1984,Haiti,HTI,,,5440,116.3,286390014.6,286390014.6
1984,Honduras,HND,,49200,,58.1,512799987.8,512799987.8
1984,"Hong Kong SAR, China",HKG,,11960,,,34779998.78,34779998.78
1984,Hungary,HUN,,,430,19.6,,
1984,Iceland,ISL,,,,6.3,,
1984,India,IND,,7200,,103.7,4404089844,4404089844
1984,Indonesia,IDN,,9500,11020,75.9,1704239990,1704239990
1984,"Iran, Islamic Rep.",IRN,,2000000,5244,59.8,27120000.84,27120000.84
1984,Iraq,IRQ,,1200,101724,48.4,-1879999.995,-1879999.995
1984,Ireland,IRL,,500,,9.3,,
1984,Isle of Man,IMN,,,,,,
1984,Israel,ISR,,,,12.9,2748949951,2748949951
1984,Italy,ITA,,21482,,11.2,,
1984,Jamaica,JAM,,,,27.8,384570007.3,384570007.3
1984,Japan,JPN,,3967,,5.8,,
1984,Jordan,JOR,,790830,5,36.6,1770689941,1770689941
1984,Kazakhstan,KAZ,,,,51.6,,
1984,Kenya,KEN,,8060,,64,1082109985,1082109985
1984,Kiribati,KIR,,,,79.1,30870000.84,30870000.84
1984,"Korea, Dem. People's Rep.",PRK,,,,,,
1984,"Korea, Rep.",KOR,,,,22.6,-60970001.22,-60970001.22
1984,Kosovo,XKX,,,,,,
1984,Kuwait,KWT,,2810,,21.1,12510000.23,12510000.23
1984,Kyrgyz Republic,KGZ,,,,68.1,,
1984,Lao PDR,LAO,,1200,86673,124.8,84150001.53,84150001.53
1984,Latvia,LVA,,,,14.1,,
1984,Lebanon,LBN,,263190,30060,34.9,193759994.5,193759994.5
1984,Lesotho,LSO,,11850,,80.2,254130004.9,254130004.9
1984,Liberia,LBR,,260,,158.6,307910003.7,307910003.7
1984,Libya,LBY,,,291,47.9,12680000.31,12680000.31
1984,Liechtenstein,LIE,,,,,,
1984,Lithuania,LTU,,,,14.3,,
1984,Luxembourg,LUX,,,,9.8,,
1984,"Macao SAR, China",MAC,,730,,,1120000.005,1120000.005
1984,Madagascar,MDG,,,,107.3,415440002.4,415440002.4
1984,Malawi,MWI,,,440,147,478850006.1,478850006.1
1984,Malaysia,MYS,,109060,,19.6,755690002.4,755690002.4
1984,Maldives,MDV,,,,84.7,12600000.38,12600000.38
1984,Mali,MLI,,,,136.6,892780029.3,892780029.3
1984,Malta,MLT,,,,12.9,32639999.39,32639999.39
1984,Marshall Islands,MHL,,,,45.1,,
1984,Mauritania,MRT,,,,84.1,451850006.1,451850006.1
1984,Mauritius,MUS,,,,23.8,90620002.75,90620002.75
1984,Mexico,MEX,,175000,,46.1,232619995.1,232619995.1
1984,"Micronesia, Fed. Sts.",FSM,,,,44.7,,
1984,Moldova,MDA,,,,34.2,,
1984,Monaco,MCO,,,,,,
1984,Mongolia,MNG,,,,97.6,5489999.771,5489999.771
1984,Montenegro,MNE,,,,24.9,,
1984,Morocco,MAR,,800,,80.7,880669982.9,880669982.9
1984,Mozambique,MOZ,,820,51200,176.1,705210022,705210022
1984,Myanmar,MMR,,,,91.1,600320007.3,600320007.3
1984,Namibia,NAM,,,77550,59.5,,
1984,Nauru,NRU,,,,,70000.0003,70000.0003
1984,Nepal,NPL,,11800,,122.7,401850006.1,401850006.1
1984,Netherlands,NLD,,15000,,8,,
1984,New Caledonia,NCL,,,,,371100006.1,371100006.1
1984,New Zealand,NZL,,4500,,11.6,,
1984,Nicaragua,NIC,,18500,35020,63.3,292380004.9,292380004.9
1984,Niger,NER,,,,134.3,429420013.4,429420013.4
1984,Nigeria,NGA,,4570,,122.7,88019996.64,88019996.64
1984,North Macedonia,MKD,,,,45.9,,
1984,Northern Mariana Islands,MNP,,,,,399269989,399269989
1984,Norway,NOR,,10000,,8.2,,
1984,Oman,OMN,,,,54.8,267420013.4,267420013.4
1984,Pakistan,PAK,,2500000,,117.9,1554099976,1554099976
1984,Palau,PLW,,,,,,
1984,Panama,PAN,,1500,,31.1,140880004.9,140880004.9
1984,Papua New Guinea,PNG,,10950,,69.3,764789978,764789978
1984,Paraguay,PRY,,,,44.2,102199996.9,102199996.9
1984,Peru,PER,,560,,74.3,667640014.6,667640014.6
1984,Philippines,PHL,,18270,100000,50.1,876169982.9,876169982.9
1984,Poland,POL,,,994,18.5,,
1984,Portugal,PRT,,600,,17.6,,
1984,Puerto Rico,PRI,,,,,,
1984,Qatar,QAT,,200,,24.9,3519999.981,3519999.981
1984,Romania,ROU,,1000,962,24.1,,
1984,Russian Federation,RUS,,,11577,20.4,,
1984,Rwanda,RWA,,48940,357110,101.1,450089996.3,450089996.3
1984,Samoa,WSM,,,,30.3,47360000.61,47360000.61
1984,San Marino,SMR,,,,,,
1984,Sao Tome and Principe,STP,,,,63.4,31719999.31,31719999.31
1984,Saudi Arabia,SAU,,105500,,53,84339996.34,84339996.34
1984,Senegal,SEN,,5200,,85.7,950090026.9,950090026.9
1984,Serbia,SRB,,3150,91,34.9,,
1984,Seychelles,SYC,,,,18.5,39470001.22,39470001.22
1984,Sierra Leone,SLE,,180,,161.2,152100006.1,152100006.1
1984,Singapore,SGP,,,,9.3,95279998.78,95279998.78
1984,Sint Maarten (Dutch part),SXM,,,,,,
1984,Slovak Republic,SVK,,,,16.5,,
1984,Slovenia,SVN,,,,13,,
1984,Solomon Islands,SLB,,,,36.1,49580001.83,49580001.83
1984,Somalia,SOM,,701300,639,116.3,956070007.3,956070007.3
1984,South Africa,ZAF,,,38560,58.1,,
1984,South Sudan,SSD,,,,163.3,,
1984,Spain,ESP,,9900,60,9.6,,
1984,Sri Lanka,LKA,,,,27.6,1071699951,1071699951
1984,St. Kitts and Nevis,KNA,,,,33.1,9319999.695,9319999.695
1984,St. Lucia,LCA,,,,21.2,14140000.34,14140000.34
1984,St. Martin (French part),MAF,,,,,,
1984,St. Vincent and the Grenadines,VCT,,,,28.2,10189999.58,10189999.58
1984,Sudan,SDN,,971000,180060,112.7,1581030029,1581030029
1984,Suriname,SUR,,,,46.6,16049999.24,16049999.24
1984,Sweden,SWE,,90600,,6.5,,
1984,Switzerland,CHE,,31201,,7.4,,
1984,Syrian Arab Republic,SYR,,274948,529,38,1632790039,1632790039
1984,Tajikistan,TJK,,,,95.7,,
1984,Tanzania,TZA,,179910,500,107.5,1497989990,1497989990
1984,Thailand,THA,,128500,,39.8,1084660034,1084660034
1984,Timor-Leste,TLS,,,,,,
1984,Togo,TGO,,1800,,99.6,299940002.4,299940002.4
1984,Tonga,TON,,,,22.2,39860000.61,39860000.61
1984,Trinidad and Tobago,TTO,,,,30.4,13760000.23,13760000.23
1984,Tunisia,TUN,,,6,56.1,479250000,479250000
1984,Turkiye,TUR,,2600,1040,74.6,593469970.7,593469970.7
1984,Turkmenistan,TKM,,,,79.4,,
1984,Turks and Caicos Islands,TCA,,,,16.4,18809999.47,18809999.47
1984,Tuvalu,TUV,,,,43.9,15319999.69,15319999.69
1984,Uganda,UGA,,151000,293991,120,434440002.4,434440002.4
1984,Ukraine,UKR,,,,19.4,,
1984,United Arab Emirates,ARE,,5170,,20.8,8760000.229,8760000.229
1984,United Kingdom,GBR,,135000,,10,,
1984,United States,USA,,626909,,10.9,,
1984,Uruguay,URY,,,165,26.1,17370000.84,17370000.84
1984,Uzbekistan,UZB,,,,71.9,,
1984,Vanuatu,VUT,,,,40.2,66110000.61,66110000.61
1984,"Venezuela, RB",VEN,,1420,,30.7,50349998.47,50349998.47
1984,Viet Nam,VNM,,21000,328095,43.8,381779998.8,381779998.8
1984,Virgin Islands (U.S.),VIR,,,,,,
1984,West Bank and Gaza,PSE,,775798,,48,,
1984,"Yemen, Rep.",YEM,,4280,,111.7,1428089966,1428089966
1984,Zambia,ZMB,,96480,,99.7,621429992.7,621429992.7
1984,Zimbabwe,ZWE,,50500,3760,58,786020019.5,786020019.5
1984,Africa Eastern and Southern,AFE,,,,,12314459777,12314459777
1984,Africa Western and Central,AFW,,,,,7587849964,7587849964
1984,Arab World,ARB,,,,,15189849789,15189849789
1984,Caribbean small states,CSS,,,,,652520007.1,652520007.1
1984,Central Europe and the Baltics,CEB,,,,,,
1984,Early-demographic dividend,EAR,,,,,34863069365,34863069365
1984,East Asia & Pacific,EAS,,,,,10117249961,10117249961
1984,East Asia & Pacific (excluding high income),EAP,,,,,8767069970,8767069970
1984,East Asia & Pacific (IDA & IBRD countries),TEA,,,,,8587249974,8587249974
1984,Euro area,EMU,,,,,76209999.08,76209999.08
1984,Europe & Central Asia,ECS,,,,,844499971.9,844499971.9
1984,Europe & Central Asia (excluding high income),ECA,,,,,601659970.3,601659970.3
1984,Europe & Central Asia (IDA & IBRD countries),TEC,,,,,593469970.7,593469970.7
1984,European Union,EUU,,,,,76209999.08,76209999.08
1984,Fragile and conflict affected situations,FCS,,,,,14947680061,14947680061
1984,Heavily indebted poor countries (HIPC),HPC,,,,,18159340034,18159340034
1984,High income,HIC,,,,,5444739954,5444739954
1984,IBRD only,IBD,,,,,25950589513,25950589513
1984,IDA & IBRD total,IBT,,,,,56251179430,56251179430
1984,IDA blend,IDB,,,,,5437159948,5437159948
1984,IDA only,IDX,,,,,24863429969,24863429969
1984,IDA total,IDA,,,,,30300589917,30300589917
1984,Late-demographic dividend,LTE,,,,,9729769960,9729769960
1984,Latin America & Caribbean,LCN,,,,,6186480016,6186480016
1984,Latin America & Caribbean (excluding high income),LAC,,,,,5899540015,5899540015
1984,Latin America & the Caribbean (IDA & IBRD countries),TLA,,,,,5518910027,5518910027
1984,Least developed countries: UN classification,LDC,,,,,21582079978,21582079978
1984,Low & middle income,LMY,,,,,69707796875,69707796875
1984,Low income,LIC,,,,,14830270056,14830270056
1984,Lower middle income,LMC,,,,,30895599453,30895599453
1984,Middle East & North Africa,MEA,,,,,15127889701,15127889701
1984,Middle East & North Africa (excluding high income),MNA,,,,,11435939742,11435939742
1984,Middle East & North Africa (IDA & IBRD countries),TMN,,,,,11203199741,11203199741
1984,Middle income,MIC,,,,,41565257813,41565257813
1984,North America,NAC,,,,,209999.9934,209999.9934
1984,Not classified,INX,,,,,,
1984,OECD members,OED,,,,,4143769913,4143769913
1984,Other small states,OSS,,,,,2529859964,2529859964
1984,Pacific island small states,PSS,,,,,331790006.9,331790006.9
1984,Post-demographic dividend,PST,,,,,214669994.5,214669994.5
1984,Pre-demographic dividend,PRE,,,,,16144670071,16144670071
1984,Small states,SST,,,,,3514169978,3514169978
1984,South Asia,SAS,,,,,10288019680,10288019680
1984,South Asia (IDA & IBRD),TSA,,,,,10288019680,10288019680
1984,Sub-Saharan Africa,SSF,,,,,22537640078,22537640078
1984,Sub-Saharan Africa (excluding high income),SSA,,,,,22457680075,22457680075
1984,Sub-Saharan Africa (IDA & IBRD countries),TSS,,,,,20060330039,20060330039
1984,Upper middle income,UMC,,,,,10307279914,10307279914
1984,World,WLD,,,,,75248000000,75248000000
1985,Afghanistan,AFG,,,4653193,141.4,42689998.63,42689998.63
1985,Albania,ALB,,,1587,46.3,,
1985,Algeria,DZA,,174160,5,59.6,524969970.7,524969970.7
1985,American Samoa,ASM,,,,,,
1985,Andorra,AND,,,,10.2,,
1985,Angola,AGO,,91520,317392,133.9,245610000.6,245610000.6
1985,Antigua and Barbuda,ATG,,,,10.7,6840000.153,6840000.153
1985,Argentina,ARG,,14000,51,27,106489997.9,106489997.9
1985,Armenia,ARM,,,333,50.4,,
1985,Aruba,ABW,,,,,37590000.15,37590000.15
1985,Australia,AUS,,89000,,9.3,,
1985,Austria,AUT,,40534,,10.7,,
1985,Azerbaijan,AZE,,,,80.7,,
1985,"Bahamas, The",BHS,,,,23.6,1820000.052,1820000.052
1985,Bahrain,BHR,,800,,21.1,185839996.3,185839996.3
1985,Bangladesh,BGD,,,,120.3,2449629883,2449629883
1985,Barbados,BRB,,,,19.3,14529999.73,14529999.73
1985,Belarus,BLR,,,,14.2,,
1985,Belgium,BEL,,36600,,9.8,,
1985,Belize,BLZ,,9000,,40.7,50220001.22,50220001.22
1985,Benin,BEN,,3700,,115,257890014.6,257890014.6
1985,Bermuda,BMU,,,,,2970000.029,2970000.029
1985,Bhutan,BTN,,,,108.4,54659999.85,54659999.85
1985,Bolivia,BOL,,170,,98,396399993.9,396399993.9
1985,Bosnia and Herzegovina,BIH,,,,24,,
1985,Botswana,BWA,,5680,,43.7,247630004.9,247630004.9
1985,Brazil,BRA,,5300,5,62.9,257309997.6,257309997.6
1985,British Virgin Islands,VGB,,,,21.4,5550000.191,5550000.191
1985,Brunei Darussalam,BRN,,,,11.2,3299999.952,3299999.952
1985,Bulgaria,BGR,,,190,15.8,,
1985,Burkina Faso,BFA,,90,90,104.9,489769989,489769989
1985,Burundi,BDI,,267440,199810,106.1,381260009.8,381260009.8
1985,Cabo Verde,CPV,,,,59,176339996.3,176339996.3
1985,Cambodia,KHM,,,67518,86.7,36409999.85,36409999.85
1985,Cameroon,CMR,,35150,,91.5,418809997.6,418809997.6
1985,Canada,CAN,,92194,,8,,
1985,Cayman Islands,CYM,,,,,159999.9964,159999.9964
1985,Central African Republic,CAF,,46330,,116.9,282779998.8,282779998.8
1985,Chad,TCD,,,212158,118,488579986.6,488579986.6
1985,Channel Islands,CHI,,,,,,
1985,Chile,CHL,,540,2181,18.9,132809997.6,132809997.6
1985,China,CHN,,279670,124,41.8,2318879883,2318879883
1985,Colombia,COL,,400,60,35,154589996.3,154589996.3
1985,Comoros,COM,,,,102.6,126160003.7,126160003.7
1985,"Congo, Dem. Rep.",COD,,283000,86418,125.2,844330017.1,844330017.1
1985,"Congo, Rep.",COG,,1200,6,61.3,198179992.7,198179992.7
1985,Costa Rica,CRI,,24000,,19.5,566500000,566500000
1985,Cote d'Ivoire,CIV,,810,,106.3,324700012.2,324700012.2
1985,Croatia,HRV,,,,15.9,,
1985,Cuba,CUB,,2000,1876,13.7,105239997.9,105239997.9
1985,Curacao,CUW,,,,,,
1985,Cyprus,CYP,,,,12,87250000,87250000
1985,Czechia,CZE,,,981,12.2,,
1985,Denmark,DNK,,8500,,8,,
1985,Djibouti,DJI,,17280,,102.6,216399993.9,216399993.9
1985,Dominica,DMA,,,,14.4,42919998.17,42919998.17
1985,Dominican Republic,DOM,,6000,,54.3,362000000,362000000
1985,Ecuador,ECU,,890,,52.6,193869995.1,193869995.1
1985,"Egypt, Arab Rep.",EGY,,1090,7,84,3993320068,3993320068
1985,El Salvador,SLV,,210,180605,59.2,708780029.3,708780029.3
1985,Equatorial Guinea,GNQ,,,,127.3,45029998.78,45029998.78
1985,Eritrea,ERI,,,1385,107.4,,
1985,Estonia,EST,,,,15.1,,
1985,Eswatini,SWZ,,10770,,63.4,58299999.24,58299999.24
1985,Ethiopia,ETH,,180400,1749309,131,1901109985,1901109985
1985,Faroe Islands,FRO,,,,,,
1985,Fiji,FJI,,,,29,86769996.64,86769996.64
1985,Finland,FIN,,500,,6,,
1985,France,FRA,,174213,,8.5,,
1985,French Polynesia,PYF,,,,,476619995.1,476619995.1
1985,Gabon,GAB,,,,66,169059997.6,169059997.6
1985,"Gambia, The",GMB,,,,92.4,125260002.1,125260002.1
1985,Georgia,GEO,,,,43.1,,
1985,Germany,DEU,,475000,,9.2,,
1985,Ghana,GHA,,120,3195,95,504160003.7,504160003.7
1985,Gibraltar,GIB,,,,,79800003.05,79800003.05
1985,Greece,GRC,,4360,,12.7,,
1985,Greenland,GRL,,,,,,
1985,Grenada,GRD,,,,22.6,76860000.61,76860000.61
1985,Guam,GUM,,,,,,
1985,Guatemala,GTM,,12000,52890,72,174169998.2,174169998.2
1985,Guinea,GIN,,,,152.3,295640014.6,295640014.6
1985,Guinea-Bissau,GNB,,,5350,144.5,149990005.5,149990005.5
1985,Guyana,GUY,,,,50.8,26870000.84,26870000.84
1985,Haiti,HTI,,,6100,113.5,336649993.9,336649993.9
1985,Honduras,HND,,60000,,55.7,533890014.6,533890014.6
1985,"Hong Kong SAR, China",HKG,,9400,,,56340000.15,56340000.15
1985,Hungary,HUN,,,435,19.3,,
1985,Iceland,ISL,,,,6.1,,
1985,India,IND,,6720,,101.2,4161109863,4161109863
1985,Indonesia,IDN,,8230,11800,73.5,1535500000,1535500000
1985,"Iran, Islamic Rep.",IRN,,2300000,88245,56.7,36419998.17,36419998.17
1985,Iraq,IRQ,,83200,401503,47.1,48599998.47,48599998.47
1985,Ireland,IRL,,600,,8.9,,
1985,Isle of Man,IMN,,,,,,
1985,Israel,ISR,,,,12.2,4151439941,4151439941
1985,Italy,ITA,,22386,,10.5,,
1985,Jamaica,JAM,,,,27,370799987.8,370799987.8
1985,Japan,JPN,,4707,,5.5,,
1985,Jordan,JOR,,811660,105,35.2,1538119995,1538119995
1985,Kazakhstan,KAZ,,,,50,,
1985,Kenya,KEN,,8790,,63.1,1110660034,1110660034
1985,Kiribati,KIR,,,,77.4,32180000.31,32180000.31
1985,"Korea, Dem. People's Rep.",PRK,,,,27.7,13829999.92,13829999.92
1985,"Korea, Rep.",KOR,,,,20.8,-4900000.095,-4900000.095
1985,Kosovo,XKX,,,,121,,
1985,Kuwait,KWT,,2280,,19.5,11699999.81,11699999.81
1985,Kyrgyz Republic,KGZ,,,,64.9,,
1985,Lao PDR,LAO,,,99303,121.6,87610000.61,87610000.61
1985,Latvia,LVA,,,,13.2,,
1985,Lebanon,LBN,,272504,33140,33.4,208750000,208750000
1985,Lesotho,LSO,,11500,,77.3,235910003.7,235910003.7
1985,Liberia,LBR,,180,,159.8,210910003.7,210910003.7
1985,Libya,LBY,,,327,45.8,14619999.89,14619999.89
1985,Liechtenstein,LIE,,,,,,
1985,Lithuania,LTU,,,,13.7,,
1985,Luxembourg,LUX,,,,9.4,,
1985,"Macao SAR, China",MAC,,700,,,1029999.971,1029999.971
1985,Madagascar,MDG,,,,106.9,494519989,494519989
1985,Malawi,MWI,,,450,149.1,300570007.3,300570007.3
1985,Malaysia,MYS,,105310,,18.5,557059997.6,557059997.6
1985,Maldives,MDV,,,,80.5,21020000.46,21020000.46
1985,Mali,MLI,,,,133.4,1015739990,1015739990
1985,Malta,MLT,,,,12.3,49729999.54,49729999.54
1985,Marshall Islands,MHL,,,,43.9,,
1985,Mauritania,MRT,,,,81.2,537520019.5,537520019.5
1985,Mauritius,MUS,,,,24.1,70830001.83,70830001.83
1985,Mexico,MEX,,175000,,44.4,364209991.5,364209991.5
1985,"Micronesia, Fed. Sts.",FSM,,,,43.9,,
1985,Moldova,MDA,,,,32.7,,
1985,Monaco,MCO,,,,5.7,,
1985,Mongolia,MNG,,,,94,13060000.42,13060000.42
1985,Montenegro,MNE,,,,22.6,,
1985,Morocco,MAR,,860,,77.4,2208889893,2208889893
1985,Mozambique,MOZ,,710,72250,174,790599975.6,790599975.6
1985,Myanmar,MMR,,,,89.6,777890014.6,777890014.6
1985,Namibia,NAM,,,76916,57.4,15050000.19,15050000.19
1985,Nauru,NRU,,,,62.8,140000.0006,140000.0006
1985,Nepal,NPL,,12800,,118.5,470339996.3,470339996.3
1985,Netherlands,NLD,,15500,,7.9,,
1985,New Caledonia,NCL,,,,,402519989,402519989
1985,New Zealand,NZL,,4600,,11.3,,
1985,Nicaragua,NIC,,17270,52650,60.8,283429992.7,283429992.7
1985,Niger,NER,,,,135.7,765549987.8,765549987.8
1985,Nigeria,NGA,,5880,,123,85239997.86,85239997.86
1985,North Macedonia,MKD,,,,45.3,,
1985,Northern Mariana Islands,MNP,,,,,332570007.3,332570007.3
1985,Norway,NOR,,11800,,8.3,,
1985,Oman,OMN,,,,49.9,189869995.1,189869995.1
1985,Pakistan,PAK,,2732440,,116.2,1631630005,1631630005
1985,Palau,PLW,,,,30.7,,
1985,Panama,PAN,,1200,,30.1,106720001.2,106720001.2
1985,Papua New Guinea,PNG,,11750,,68,712950012.2,712950012.2
1985,Paraguay,PRY,,80,,42.8,82980003.36,82980003.36
1985,Peru,PER,,700,,71.2,730400024.4,730400024.4
1985,Philippines,PHL,,16990,90000,48.9,1046869995,1046869995
1985,Poland,POL,,,1655,17.8,,
1985,Portugal,PRT,,700,,16.5,,
1985,Puerto Rico,PRI,,,,,,
1985,Qatar,QAT,,200,,23.7,4719999.79,4719999.79
1985,Romania,ROU,,,2201,24.5,,
1985,Russian Federation,RUS,,,11582,20,,
1985,Rwanda,RWA,,20110,376520,97.6,488119995.1,488119995.1
1985,Samoa,WSM,,,,29.2,51259998.32,51259998.32
1985,San Marino,SMR,,,,20.1,,
1985,Sao Tome and Principe,STP,,,50,64.7,33159999.85,33159999.85
1985,Saudi Arabia,SAU,,130000,,49.8,67879997.25,67879997.25
1985,Senegal,SEN,,5500,,83,757219970.7,757219970.7
1985,Serbia,SRB,,3530,91,33.7,,
1985,Seychelles,SYC,,,,17.4,62500000,62500000
1985,Sierra Leone,SLE,,160,,159.8,168529998.8,168529998.8
1985,Singapore,SGP,,,,8.8,61869998.93,61869998.93
1985,Sint Maarten (Dutch part),SXM,,,,,,
1985,Slovak Republic,SVK,,,,15.8,,
1985,Slovenia,SVN,,,,12.3,,
1985,Solomon Islands,SLB,,,,35.1,52049999.24,52049999.24
1985,Somalia,SOM,,812000,1830,115,916719970.7,916719970.7
1985,South Africa,ZAF,,,38110,55.9,,
1985,South Sudan,SSD,,,,161.2,,
1985,Spain,ESP,,9300,60,9.2,,
1985,Sri Lanka,LKA,,,160,25.2,1089380005,1089380005
1985,St. Kitts and Nevis,KNA,,,,31.2,11170000.08,11170000.08
1985,St. Lucia,LCA,,,,20.5,17729999.54,17729999.54
1985,St. Martin (French part),MAF,,,,,,
1985,St. Vincent and the Grenadines,VCT,,,,25.9,13939999.58,13939999.58
1985,Sudan,SDN,,1164000,180855,111.4,2829290039,2829290039
1985,Suriname,SUR,,,,45.2,26479999.54,26479999.54
1985,Sweden,SWE,,90600,,6.4,,
1985,Switzerland,CHE,,30726,,7.3,,
1985,Syrian Arab Republic,SYR,,295741,2599,36.4,1537089966,1537089966
1985,Tajikistan,TJK,,,,92.8,,
1985,Tanzania,TZA,,214480,,107.2,1300660034,1300660034
1985,Thailand,THA,,130420,,38.1,1080859985,1080859985
1985,Timor-Leste,TLS,,,,163.6,,
1985,Togo,TGO,,3050,5,97.8,291820007.3,291820007.3
1985,Tonga,TON,,,,21.8,37529998.78,37529998.78
1985,Trinidad and Tobago,TTO,,,,29.7,21149999.62,21149999.62
1985,Tunisia,TUN,,,6,53.5,446720001.2,446720001.2
1985,Turkiye,TUR,,1790,810,71,474130004.9,474130004.9
1985,Turkmenistan,TKM,,,,76.1,,
1985,Turks and Caicos Islands,TCA,,,,15.4,15079999.92,15079999.92
1985,Tuvalu,TUV,,,,43.2,9560000.42,9560000.42
1985,Uganda,UGA,,151000,306060,117.1,473339996.3,473339996.3
1985,Ukraine,UKR,,,,18.6,,
1985,United Arab Emirates,ARE,,26350,,19.3,10270000.46,10270000.46
1985,United Kingdom,GBR,,135000,,9.7,,
1985,United States,USA,,492806,,10.6,,
1985,Uruguay,URY,,110,537,25.1,23680000.31,23680000.31
1985,Uzbekistan,UZB,,,,68.1,,
1985,Vanuatu,VUT,,,,37.8,59029998.78,59029998.78
1985,"Venezuela, RB",VEN,,1890,,29.7,47310001.37,47310001.37
1985,Viet Nam,VNM,,25000,326617,43,377549987.8,377549987.8
1985,Virgin Islands (U.S.),VIR,,,,,,
1985,West Bank and Gaza,PSE,,792997,31640,45.7,,
1985,"Yemen, Rep.",YEM,,5000,,106.3,1087619995,1087619995
1985,Zambia,ZMB,,103780,,101.9,829510009.8,829510009.8
1985,Zimbabwe,ZWE,,62800,4250,54.9,605380004.9,605380004.9
1985,Africa Eastern and Southern,AFE,,,,,14261039956,14261039956
1985,Africa Western and Central,AFW,,,,,7673069958,7673069958
1985,Arab World,ARB,,,,,16705069903,16705069903
1985,Caribbean small states,CSS,,,,,681329986.9,681329986.9
1985,Central Europe and the Baltics,CEB,,,,,,
1985,Early-demographic dividend,EAR,,,,,36027439722,36027439722
1985,East Asia & Pacific,EAS,,,,,10379969859,10379969859
1985,East Asia & Pacific (excluding high income),EAP,,,,,9071229869,9071229869
1985,East Asia & Pacific (IDA & IBRD countries),TEA,,,,,8873159869,8873159869
1985,Euro area,EMU,,,,,136979999.5,136979999.5
1985,Europe & Central Asia,ECS,,,,,800540011.4,800540011.4
1985,Europe & Central Asia (excluding high income),ECA,,,,,505530004.5,505530004.5
1985,Europe & Central Asia (IDA & IBRD countries),TEC,,,,,474130004.9,474130004.9
1985,European Union,EUU,,,,,136979999.5,136979999.5
1985,Fragile and conflict affected situations,FCS,,,,,17165269932,17165269932
1985,Heavily indebted poor countries (HIPC),HPC,,,,,20612330023,20612330023
1985,High income,HIC,,,,,6589949922,6589949922
1985,IBRD only,IBD,,,,,27483839666,27483839666
1985,IDA & IBRD total,IBT,,,,,59476379589,59476379589
1985,IDA blend,IDB,,,,,5177410035,5177410035
1985,IDA only,IDX,,,,,26815129888,26815129888
1985,IDA total,IDA,,,,,31992539923,31992539923
1985,Late-demographic dividend,LTE,,,,,11346119710,11346119710
1985,Latin America & Caribbean,LCN,,,,,7179060032,7179060032
1985,Latin America & Caribbean (excluding high income),LAC,,,,,6753450035,6753450035
1985,Latin America & the Caribbean (IDA & IBRD countries),TLA,,,,,6227170016,6227170016
1985,Least developed countries: UN classification,LDC,,,,,23681759902,23681759902
1985,Low & middle income,LMY,,,,,72426187500,72426187500
1985,Low income,LIC,,,,,17245109938,17245109938
1985,Lower middle income,LMC,,,,,31509629794,31509629794
1985,Middle East & North Africa,MEA,,,,,16848089797,16848089797
1985,Middle East & North Africa (excluding high income),MNA,,,,,12176639867,12176639867
1985,Middle East & North Africa (IDA & IBRD countries),TMN,,,,,11861519879,11861519879
1985,Middle income,MIC,,,,,42374429688,42374429688
1985,North America,NAC,,,,,2970000.029,2970000.029
1985,Not classified,INX,,,,,,
1985,OECD members,OED,,,,,5838779932,5838779932
1985,Other small states,OSS,,,,,2138140003,2138140003
1985,Pacific island small states,PSS,,,,,328519992.5,328519992.5
1985,Post-demographic dividend,PST,,,,,290679996.3,290679996.3
1985,Pre-demographic dividend,PRE,,,,,17643680073,17643680073
1985,Small states,SST,,,,,3147989983,3147989983
1985,South Asia,SAS,,,,,9920459751,9920459751
1985,South Asia (IDA & IBRD),TSA,,,,,9920459751,9920459751
1985,Sub-Saharan Africa,SSF,,,,,24408450011,24408450011
1985,Sub-Saharan Africa (excluding high income),SSA,,,,,24300920012,24300920012
1985,Sub-Saharan Africa (IDA & IBRD countries),TSS,,,,,22119940068,22119940068
1985,Upper middle income,UMC,,,,,10458329853,10458329853
1985,World,WLD,,,,,79062937500,79062937500
1986,Afghanistan,AFG,,,5094283,137.3,5179999.828,5179999.828
1986,Albania,ALB,,,90,43.5,,
1986,Algeria,DZA,,167220,,53.3,364250000,364250000
1986,American Samoa,ASM,,,,,,
1986,Andorra,AND,,,,10,,
1986,Angola,AGO,,92250,355412,133.2,282760009.8,282760009.8
1986,Antigua and Barbuda,ATG,,,,10.7,10659999.85,10659999.85
1986,Argentina,ARG,,14000,52,26.1,149179992.7,149179992.7
1986,Armenia,ARM,,,528,48.6,,
1986,Aruba,ABW,,,,,92989997.86,92989997.86
1986,Australia,AUS,,85900,,9.1,,
1986,Austria,AUT,,41176,,10.1,,
1986,Azerbaijan,AZE,,,,79.3,,
1986,"Bahamas, The",BHS,,,,23.2,3609999.895,3609999.895
1986,Bahrain,BHR,,,,20.5,204940002.4,204940002.4
1986,Bangladesh,BGD,,,,116.5,2592030029,2592030029
1986,Barbados,BRB,,,,18.7,9920000.076,9920000.076
1986,Belarus,BLR,,,,13.7,,
1986,Belgium,BEL,,35900,,9.5,,
1986,Belize,BLZ,,9000,,38.9,50860000.61,50860000.61
1986,Benin,BEN,,3740,50,112.9,287230011,287230011
1986,Bermuda,BMU,,,,,200000.003,200000.003
1986,Bhutan,BTN,,,,104.3,76000000,76000000
1986,Bolivia,BOL,,120,,95.3,526770019.5,526770019.5
1986,Bosnia and Herzegovina,BIH,,,,22.1,,
1986,Botswana,BWA,,4830,,41.4,215750000,215750000
1986,Brazil,BRA,,5300,5,60.7,298059997.6,298059997.6
1986,British Virgin Islands,VGB,,,,20.4,3259999.99,3259999.99
1986,Brunei Darussalam,BRN,,,,10.8,4239999.771,4239999.771
1986,Bulgaria,BGR,,,160,14.9,,
1986,Burkina Faso,BFA,,220,110,103.1,575770019.5,575770019.5
1986,Burundi,BDI,,267500,210620,103.6,411260009.8,411260009.8
1986,Cabo Verde,CPV,,,,56.5,228690002.4,228690002.4
1986,Cambodia,KHM,,,54848,85.6,32389999.39,32389999.39
1986,Cameroon,CMR,,53600,,88.6,471459991.5,471459991.5
1986,Canada,CAN,,98743,,7.7,,
1986,Cayman Islands,CYM,,,,,4039999.962,4039999.962
1986,Central African Republic,CAF,,12980,230,116.5,277890014.6,277890014.6
1986,Chad,TCD,,,170078,116.7,344160003.7,344160003.7
1986,Channel Islands,CHI,,,,,,
1986,Chile,CHL,,,2434,18.7,10020000.46,10020000.46
1986,China,CHN,,281790,154,41.8,2035349976,2035349976
1986,Colombia,COL,,240,50,33.5,111000000,111000000
1986,Comoros,COM,,,,99.5,96290000.92,96290000.92
1986,"Congo, Dem. Rep.",COD,,301230,96619,124.1,928710022,928710022
1986,"Congo, Rep.",COG,,1580,6,60.1,220660003.7,220660003.7
1986,Costa Rica,CRI,,31200,,18.6,376809997.6,376809997.6
1986,Cote d'Ivoire,CIV,,880,,105.5,365660003.7,365660003.7
1986,Croatia,HRV,,,,14.8,,
1986,Cuba,CUB,,2000,686,13.1,85569999.69,85569999.69
1986,Curacao,CUW,,,,,,
1986,Cyprus,CYP,,,,10.9,72779998.78,72779998.78
1986,Czechia,CZE,,,411,11.9,,
1986,Denmark,DNK,,23000,,8,,
1986,Djibouti,DJI,,16720,,99.9,239630004.9,239630004.9
1986,Dominica,DMA,,,,14,25649999.62,25649999.62
1986,Dominican Republic,DOM,,4980,,52.6,142669998.2,142669998.2
1986,Ecuador,ECU,,800,,50.2,200860000.6,200860000.6
1986,"Egypt, Arab Rep.",EGY,,1080,8,78.3,3397159912,3397159912
1986,El Salvador,SLV,,310,171785,56.2,681030029.3,681030029.3
1986,Equatorial Guinea,GNQ,,,,125.5,42669998.17,42669998.17
1986,Eritrea,ERI,,,177,105.3,2059999.943,2059999.943
1986,Estonia,EST,,,,14.7,,
1986,Eswatini,SWZ,,12130,,60.3,70519996.64,70519996.64
1986,Ethiopia,ETH,,132400,1534548,128.7,1372699951,1372699951
1986,Faroe Islands,FRO,,,,,,
1986,Fiji,FJI,,,,28,94330001.83,94330001.83
1986,Finland,FIN,,500,,6,,
1986,France,FRA,,180258,,8.3,,
1986,French Polynesia,PYF,,,,,502920013.4,502920013.4
1986,Gabon,GAB,,100,,64.5,162690002.4,162690002.4
1986,"Gambia, The",GMB,,,,90,220759994.5,220759994.5
1986,Georgia,GEO,,,,42.3,,
1986,Germany,DEU,,547900,,8.7,,
1986,Ghana,GHA,,160,2699,92.2,751750000,751750000
1986,Gibraltar,GIB,,,,,48139999.39,48139999.39
1986,Greece,GRC,,3280,,12,,
1986,Greenland,GRL,,,,,,
1986,Grenada,GRD,,,,21.6,50080001.83,50080001.83
1986,Guam,GUM,,,,,,
1986,Guatemala,GTM,,12000,52800,69.3,252470001.2,252470001.2
1986,Guinea,GIN,,,50,149.5,356429992.7,356429992.7
1986,Guinea-Bissau,GNB,,,5355,141.6,146300003.1,146300003.1
1986,Guyana,GUY,,,,50.2,50830001.83,50830001.83
1986,Haiti,HTI,,,5120,110.8,367589996.3,367589996.3
1986,Honduras,HND,,68000,100,53.5,537270019.5,537270019.5
1986,"Hong Kong SAR, China",HKG,,8000,,,42750000,42750000
1986,Hungary,HUN,,,381,18.7,,
1986,Iceland,ISL,,,,5.8,,
1986,India,IND,,6440,,98.7,4101520020,4101520020
1986,Indonesia,IDN,,4020,11340,71.2,1446239990,1446239990
1986,"Iran, Islamic Rep.",IRN,,2590000,87921,54,56279998.78,56279998.78
1986,Iraq,IRQ,,111000,400745,45.9,50770000.46,50770000.46
1986,Ireland,IRL,,600,,8.6,,
1986,Isle of Man,IMN,,,,,,
1986,Israel,ISR,,,,11.5,3962909912,3962909912
1986,Italy,ITA,,21505,,9.9,,
1986,Jamaica,JAM,,,,26.2,360170013.4,360170013.4
1986,Japan,JPN,,5016,,5.2,,
1986,Jordan,JOR,,834271,5,33.9,1291500000,1291500000
1986,Kazakhstan,KAZ,,,,48.5,,
1986,Kenya,KEN,,8040,,62.6,942409973.1,942409973.1
1986,Kiribati,KIR,,,,75.6,28760000.23,28760000.23
1986,"Korea, Dem. People's Rep.",PRK,,,,27.4,11260000.23,11260000.23
1986,"Korea, Rep.",KOR,,,,19.1,-26809999.47,-26809999.47
1986,Kosovo,XKX,,,,113.3,,
1986,Kuwait,KWT,,,,18.3,10170000.08,10170000.08
1986,Kyrgyz Republic,KGZ,,,,61.8,,
1986,Lao PDR,LAO,,,91214,118.5,81699996.95,81699996.95
1986,Latvia,LVA,,,,12.4,,
1986,Lebanon,LBN,,280798,630,32,132570007.3,132570007.3
1986,Lesotho,LSO,,11500,,74.8,181770004.3,181770004.3
1986,Liberia,LBR,,250,,162.2,198309997.6,198309997.6
1986,Libya,LBY,,,304,43.6,24389999.39,24389999.39
1986,Liechtenstein,LIE,,,,,,
1986,Lithuania,LTU,,,,12.9,,
1986,Luxembourg,LUX,,,,9,,
1986,"Macao SAR, China",MAC,,600,,,720000.0286,720000.0286
1986,Madagascar,MDG,,,,105.7,646559997.6,646559997.6
1986,Malawi,MWI,,100000,440,150.8,407140014.6,407140014.6
1986,Malaysia,MYS,,99000,,17.5,422890014.6,422890014.6
1986,Maldives,MDV,,,,76.6,30829999.92,30829999.92
1986,Mali,MLI,,50,,130.3,803940002.4,803940002.4
1986,Malta,MLT,,,,11.8,14590000.15,14590000.15
1986,Marshall Islands,MHL,,,,42.7,,
1986,Mauritania,MRT,,,,78.4,480779998.8,480779998.8
1986,Mauritius,MUS,,,,24.8,112199996.9,112199996.9
1986,Mexico,MEX,,175100,,42.6,514340026.9,514340026.9
1986,"Micronesia, Fed. Sts.",FSM,,,,43.1,,
1986,Moldova,MDA,,,,31.3,,
1986,Monaco,MCO,,,,5.3,,
1986,Mongolia,MNG,,,,90.3,13359999.66,13359999.66
1986,Montenegro,MNE,,,,20.5,,
1986,Morocco,MAR,,800,,74.2,889969970.7,889969970.7
1986,Mozambique,MOZ,,660,193550,171.7,892710022,892710022
1986,Myanmar,MMR,,,,88,657820007.3,657820007.3
1986,Namibia,NAM,,,76966,55.4,32279998.78,32279998.78
1986,Nauru,NRU,,,,60.2,109999.9994,109999.9994
1986,Nepal,NPL,,13800,,114.2,520760009.8,520760009.8
1986,Netherlands,NLD,,16000,,7.7,,
1986,New Caledonia,NCL,,,,,420019989,420019989
1986,New Zealand,NZL,,4400,,11,,
1986,Nicaragua,NIC,,8280,67550,58.6,315089996.3,315089996.3
1986,Niger,NER,,,,136.8,648229980.5,648229980.5
1986,Nigeria,NGA,,4760,,123.5,118339996.3,118339996.3
1986,North Macedonia,MKD,,,,44.5,,
1986,Northern Mariana Islands,MNP,,,,,468660003.7,468660003.7
1986,Norway,NOR,,13200,,8.3,,
1986,Oman,OMN,,,,45.4,213089996.3,213089996.3
1986,Pakistan,PAK,,2882100,,114.3,1630790039,1630790039
1986,Palau,PLW,,,,30.4,,
1986,Panama,PAN,,1270,,29.2,70220001.22,70220001.22
1986,Papua New Guinea,PNG,,11290,,66.8,685090026.9,685090026.9
1986,Paraguay,PRY,,60,,41.5,93980003.36,93980003.36
1986,Peru,PER,,600,,68.1,560140014.6,560140014.6
1986,Philippines,PHL,,13830,90000,47.5,1619500000,1619500000
1986,Poland,POL,,,1102,17.1,,
1986,Portugal,PRT,,800,,15.5,,
1986,Puerto Rico,PRI,,,,,,
1986,Qatar,QAT,,,,22.6,4420000.076,4420000.076
1986,Romania,ROU,,,1024,25.8,,
1986,Russian Federation,RUS,,,10226,19.4,,
1986,Rwanda,RWA,,19400,371910,94.7,442970001.2,442970001.2
1986,Samoa,WSM,,,,28.2,46500000,46500000
1986,San Marino,SMR,,,,18.2,,
1986,Sao Tome and Principe,STP,,,,69.8,24110000.61,24110000.61
1986,Saudi Arabia,SAU,,202100,,46.7,55509998.32,55509998.32
1986,Senegal,SEN,,5510,,80,1234040039,1234040039
1986,Serbia,SRB,,2180,72,32.6,,
1986,Seychelles,SYC,,,,16.5,61729999.54,61729999.54
1986,Sierra Leone,SLE,,170,,158.7,193860000.6,193860000.6
1986,Singapore,SGP,,60,,8.3,56610000.61,56610000.61
1986,Sint Maarten (Dutch part),SXM,,,,,,
1986,Slovak Republic,SVK,,,,15.1,,
1986,Slovenia,SVN,,,,11.5,,
1986,Solomon Islands,SLB,,,,34.2,66790000.92,66790000.92
1986,Somalia,SOM,,700000,3142,113.8,1079500000,1079500000
1986,South Africa,ZAF,,,33220,53.9,,
1986,South Sudan,SSD,,,,158.8,,
1986,Spain,ESP,,10200,,8.8,,
1986,Sri Lanka,LKA,,,315,23,1002789978,1002789978
1986,St. Kitts and Nevis,KNA,,,,29.5,12210000.04,12210000.04
1986,St. Lucia,LCA,,,,19.8,24620000.84,24620000.84
1986,St. Martin (French part),MAF,,,,,,
1986,St. Vincent and the Grenadines,VCT,,,,24,26379999.16,26379999.16
1986,Sudan,SDN,,974200,132759,86.7,1990290039,1990290039
1986,Suriname,SUR,,,,43.9,29200000.76,29200000.76
1986,Sweden,SWE,,120000,,6.3,,
1986,Switzerland,CHE,,31343,,7.2,,
1986,Syrian Arab Republic,SYR,,255623,534,34.8,1498430054,1498430054
1986,Tajikistan,TJK,,,,89.2,,
1986,Tanzania,TZA,,223500,,106.3,1412439941,1412439941
1986,Thailand,THA,,119920,,36.5,832750000,832750000
1986,Timor-Leste,TLS,,,,156.6,620000.0048,620000.0048
1986,Togo,TGO,,2610,5,96.2,349640014.6,349640014.6
1986,Tonga,TON,,,,21.3,32400001.53,32400001.53
1986,Trinidad and Tobago,TTO,,,,28.9,42409999.85,42409999.85
1986,Tunisia,TUN,,,6,51,466260009.8,466260009.8
1986,Turkiye,TUR,,1920,850,67.7,702739990.2,702739990.2
1986,Turkmenistan,TKM,,,,73.1,,
1986,Turks and Caicos Islands,TCA,,,,14.4,20319999.69,20319999.69
1986,Tuvalu,TUV,,,,42.7,10909999.85,10909999.85
1986,Uganda,UGA,,144060,238652,114.6,413420013.4,413420013.4
1986,Ukraine,UKR,,,,18,,
1986,United Arab Emirates,ARE,,,,18.1,73279998.78,73279998.78
1986,United Kingdom,GBR,,100000,,9.4,,
1986,United States,USA,,398633,,10.4,,
1986,Uruguay,URY,,70,47,24.1,57220001.22,57220001.22
1986,Uzbekistan,UZB,,,,64.8,,
1986,Vanuatu,VUT,,,,35.7,54430000.31,54430000.31
1986,"Venezuela, RB",VEN,,1800,,28.7,44290000.92,44290000.92
1986,Viet Nam,VNM,,27200,326668,42.1,375540008.5,375540008.5
1986,Virgin Islands (U.S.),VIR,,,,,,
1986,West Bank and Gaza,PSE,,808938,52705,43.4,,
1986,"Yemen, Rep.",YEM,,105000,100000,101.8,717030029.3,717030029.3
1986,Zambia,ZMB,,138270,,104.1,938239990.2,938239990.2
1986,Zimbabwe,ZWE,,65180,3230,52.4,480089996.3,480089996.3
1986,Africa Eastern and Southern,AFE,,,,,13403239928,13403239928
1986,Africa Western and Central,AFW,,,,,8398749969,8398749969
1986,Arab World,ARB,,,,,13280230022,13280230022
1986,Caribbean small states,CSS,,,,,696600017.8,696600017.8
1986,Central Europe and the Baltics,CEB,,,,,,
1986,Early-demographic dividend,EAR,,,,,34743570080,34743570080
1986,East Asia & Pacific,EAS,,,,,10230680030,10230680030
1986,East Asia & Pacific (excluding high income),EAP,,,,,8781500024,8781500024
1986,East Asia & Pacific (IDA & IBRD countries),TEA,,,,,8537480024,8537480024
1986,Euro area,EMU,,,,,87369998.93,87369998.93
1986,Europe & Central Asia,ECS,,,,,951359990.8,951359990.8
1986,Europe & Central Asia (excluding high income),ECA,,,,,743069992.1,743069992.1
1986,Europe & Central Asia (IDA & IBRD countries),TEC,,,,,702739990.2,702739990.2
1986,European Union,EUU,,,,,87369998.93,87369998.93
1986,Fragile and conflict affected situations,FCS,,,,,15121840179,15121840179
1986,Heavily indebted poor countries (HIPC),HPC,,,,,20788000109,20788000109
1986,High income,HIC,,,,,6507929913,6507929913
1986,IBRD only,IBD,,,,,24801109977,24801109977
1986,IDA & IBRD total,IBT,,,,,56237610241,56237610241
1986,IDA blend,IDB,,,,,4999210033,4999210033
1986,IDA only,IDX,,,,,26437290232,26437290232
1986,IDA total,IDA,,,,,31436500264,31436500264
1986,Late-demographic dividend,LTE,,,,,9206039969,9206039969
1986,Latin America & Caribbean,LCN,,,,,6809650098,6809650098
1986,Latin America & Caribbean (excluding high income),LAC,,,,,6346050105,6346050105
1986,Latin America & the Caribbean (IDA & IBRD countries),TLA,,,,,5992080115,5992080115
1986,Least developed countries: UN classification,LDC,,,,,23037480165,23037480165
1986,Low & middle income,LMY,,,,,69745789063,69745789063
1986,Low income,LIC,,,,,15877000168,15877000168
1986,Lower middle income,LMC,,,,,30655500040,30655500040
1986,Middle East & North Africa,MEA,,,,,13835809890,13835809890
1986,Middle East & North Africa (excluding high income),MNA,,,,,9296899982,9296899982
1986,Middle East & North Africa (IDA & IBRD countries),TMN,,,,,9128239986,9128239986
1986,Middle income,MIC,,,,,40558519531,40558519531
1986,North America,NAC,,,,,200000.003,200000.003
1986,Not classified,INX,,,,,,
1986,OECD members,OED,,,,,5651009928,5651009928
1986,Other small states,OSS,,,,,2243810004,2243810004
1986,Pacific island small states,PSS,,,,,334230004.7,334230004.7
1986,Post-demographic dividend,PST,,,,,194010000.9,194010000.9
1986,Pre-demographic dividend,PRE,,,,,17836490100,17836490100
1986,Small states,SST,,,,,3274640027,3274640027
1986,South Asia,SAS,,,,,9959900075,9959900075
1986,South Asia (IDA & IBRD),TSA,,,,,9959900075,9959900075
1986,Sub-Saharan Africa,SSF,,,,,23453000006,23453000006
1986,Sub-Saharan Africa (excluding high income),SSA,,,,,23348600008,23348600008
1986,Sub-Saharan Africa (IDA & IBRD countries),TSS,,,,,21917170050,21917170050
1986,Upper middle income,UMC,,,,,9497320030,9497320030
1986,World,WLD,,,,,76260539063,76260539063
1987,Afghanistan,AFG,,,5511740,133.1,88349998.47,88349998.47
1987,Albania,ALB,,,129,41,,
1987,Algeria,DZA,,167000,,48.9,386320007.3,386320007.3
1987,American Samoa,ASM,,,,,,
1987,Andorra,AND,,,,9.8,,
1987,Angola,AGO,,91210,391733,132.8,242940002.4,242940002.4
1987,Antigua and Barbuda,ATG,,,,10.7,10770000.46,10770000.46
1987,Argentina,ARG,,13580,47,25.7,141399993.9,141399993.9
1987,Armenia,ARM,,,208,46.8,,
1987,Aruba,ABW,,,,,40040000.92,40040000.92
1987,Australia,AUS,,87600,,8.8,,
1987,Austria,AUT,,41228,,9.4,,
1987,Azerbaijan,AZE,,,,78,,
1987,"Bahamas, The",BHS,,,,22.6,1190000.057,1190000.057
1987,Bahrain,BHR,,2360,,20.1,15560000.42,15560000.42
1987,Bangladesh,BGD,,,,112.7,2816659912,2816659912
1987,Barbados,BRB,,,,18.1,9039999.962,9039999.962
1987,Belarus,BLR,,,,13.2,,
1987,Belgium,BEL,,22000,,9.2,,
1987,Belize,BLZ,,10000,,36.9,46060001.37,46060001.37
1987,Benin,BEN,,3050,50,110.8,240589996.3,240589996.3
1987,Bermuda,BMU,,,,,430000.0072,430000.0072
1987,Bhutan,BTN,,,,100.2,65120002.75,65120002.75
1987,Bolivia,BOL,,170,,92.4,507690002.4,507690002.4
1987,Bosnia and Herzegovina,BIH,,,,20.4,,
1987,Botswana,BWA,,5300,,38.9,289010009.8,289010009.8
1987,Brazil,BRA,,5280,,58.6,483279998.8,483279998.8
1987,British Virgin Islands,VGB,,,,19.4,3940000.057,3940000.057
1987,Brunei Darussalam,BRN,,,,10.5,4650000.095,4650000.095
1987,Bulgaria,BGR,,,138,14.3,,
1987,Burkina Faso,BFA,,270,50,101.5,487239990.2,487239990.2
1987,Burundi,BDI,,267500,186910,102.4,352929992.7,352929992.7
1987,Cabo Verde,CPV,,,,53.8,153910003.7,153910003.7
1987,Cambodia,KHM,,,48589,85.1,30809999.47,30809999.47
1987,Cameroon,CMR,,59190,,86.4,365450012.2,365450012.2
1987,Canada,CAN,,104843,,7.5,,
1987,Cayman Islands,CYM,,,,,3890000.105,3890000.105
1987,Central African Republic,CAF,,4250,160,116.2,317679992.7,317679992.7
1987,Chad,TCD,,,146858,115.5,368940002.4,368940002.4
1987,Channel Islands,CHI,,,,,,
1987,Chile,CHL,,,1906,18.5,42770000.46,42770000.46
1987,China,CHN,,280600,24,42.1,2242810059,2242810059
1987,Colombia,COL,,680,50,32.2,143970001.2,143970001.2
1987,Comoros,COM,,,,96.7,95610000.61,95610000.61
1987,"Congo, Dem. Rep.",COD,,320000,69428,123,1230069946,1230069946
1987,"Congo, Rep.",COG,,2120,,59.4,239889999.4,239889999.4
1987,Costa Rica,CRI,,31600,,17.2,436260009.8,436260009.8
1987,Cote d'Ivoire,CIV,,800,,104.9,423869995.1,423869995.1
1987,Croatia,HRV,,,,13.8,,
1987,Cuba,CUB,,2000,836,12.5,87839996.34,87839996.34
1987,Curacao,CUW,,,,,,
1987,Cyprus,CYP,,,,10.2,78419998.17,78419998.17
1987,Czechia,CZE,,,385,11.5,,
1987,Denmark,DNK,,30000,,8,,
1987,Djibouti,DJI,,13140,,97.5,186229995.7,186229995.7
1987,Dominica,DMA,,,,13.6,29200000.76,29200000.76
1987,Dominican Republic,DOM,,5000,,50.9,209960006.7,209960006.7
1987,Ecuador,ECU,,710,,48,345429992.7,345429992.7
1987,"Egypt, Arab Rep.",EGY,,1150,8,73.4,3284100098,3284100098
1987,El Salvador,SLV,,300,167605,53.5,829210022,829210022
1987,Equatorial Guinea,GNQ,,,,124,100599998.5,100599998.5
1987,Eritrea,ERI,,,167,103,3579999.924,3579999.924
1987,Estonia,EST,,,,14.5,,
1987,Eswatini,SWZ,,14550,,57.5,83389999.39,83389999.39
1987,Ethiopia,ETH,,310500,1487663,126.4,1151800049,1151800049
1987,Faroe Islands,FRO,,,,,,
1987,Fiji,FJI,,,,27,68860000.61,68860000.61
1987,Finland,FIN,,800,,5.9,,
1987,France,FRA,,179306,,8.1,,
1987,French Polynesia,PYF,,,,,506869995.1,506869995.1
1987,Gabon,GAB,,,,63.2,144509994.5,144509994.5
1987,"Gambia, The",GMB,,,,87.7,189240005.5,189240005.5
1987,Georgia,GEO,,,,41.8,,
1987,Germany,DEU,,596200,,8.3,,
1987,Ghana,GHA,,150,3916,89.2,737080017.1,737080017.1
1987,Gibraltar,GIB,,,,,28610000.61,28610000.61
1987,Greece,GRC,,4630,,11.2,,
1987,Greenland,GRL,,,,,,
1987,Grenada,GRD,,,,20.6,36020000.46,36020000.46
1987,Guam,GUM,,,,,,
1987,Guatemala,GTM,,12000,53700,66.8,458579986.6,458579986.6
1987,Guinea,GIN,,,50,146.7,387369995.1,387369995.1
1987,Guinea-Bissau,GNB,,,5000,139,201210006.7,201210006.7
1987,Guyana,GUY,,,,49.5,45729999.54,45729999.54
1987,Haiti,HTI,,,5080,108.2,393290008.5,393290008.5
1987,Honduras,HND,,63000,,51.3,470070007.3,470070007.3
1987,"Hong Kong SAR, China",HKG,,9530,,,38139999.39,38139999.39
1987,Hungary,HUN,,,329,17.6,,
1987,Iceland,ISL,,,,5.6,,
1987,India,IND,,6720,,96.2,2958860107,2958860107
1987,Indonesia,IDN,,2450,9680,68.9,1902810059,1902810059
1987,"Iran, Islamic Rep.",IRN,,2760000,10992,51.4,126599998.5,126599998.5
1987,Iraq,IRQ,,1000,410818,44.9,122150001.5,122150001.5
1987,Ireland,IRL,,540,,8.4,,
1987,Isle of Man,IMN,,,,,,
1987,Israel,ISR,,,,11,2483620117,2483620117
1987,Italy,ITA,,20413,,9.4,,
1987,Jamaica,JAM,,,,25.5,311769989,311769989
1987,Japan,JPN,,5601,,5,,
1987,Jordan,JOR,,859689,5,32.7,1167729980,1167729980
1987,Kazakhstan,KAZ,,,,47.1,,
1987,Kenya,KEN,,10220,,62.5,1002559998,1002559998
1987,Kiribati,KIR,,,,73.5,31840000.15,31840000.15
1987,"Korea, Dem. People's Rep.",PRK,,,,27.8,28690000.53,28690000.53
1987,"Korea, Rep.",KOR,,60,,17.4,12300000.19,12300000.19
1987,Kosovo,XKX,,,,106.3,,
1987,Kuwait,KWT,,,,17.2,5659999.847,5659999.847
1987,Kyrgyz Republic,KGZ,,,,59,,
1987,Lao PDR,LAO,,80,78894,115.5,90400001.53,90400001.53
1987,Latvia,LVA,,,,11.9,,
1987,Lebanon,LBN,,288657,,30.5,187059997.6,187059997.6
1987,Lesotho,LSO,,4000,,72.6,193589996.3,193589996.3
1987,Liberia,LBR,,170,,165.6,142130004.9,142130004.9
1987,Libya,LBY,,,250,41.5,10979999.54,10979999.54
1987,Liechtenstein,LIE,,,,,,
1987,Lithuania,LTU,,,,12,,
1987,Luxembourg,LUX,,,,8.6,,
1987,"Macao SAR, China",MAC,,500,,,200000.003,200000.003
1987,Madagascar,MDG,,,,103.7,594250000,594250000
1987,Malawi,MWI,,401640,450,151.3,487649993.9,487649993.9
1987,Malaysia,MYS,,99420,,16.5,547659973.1,547659973.1
1987,Maldives,MDV,,,,72.9,25930000.31,25930000.31
1987,Mali,MLI,,50,,127.5,661179992.7,661179992.7
1987,Malta,MLT,,,,11.3,-2470000.029,-2470000.029
1987,Marshall Islands,MHL,,,,41.5,,
1987,Mauritania,MRT,,50,,75.9,350170013.4,350170013.4
1987,Mauritius,MUS,,,,24.6,112150001.5,112150001.5
1987,Mexico,MEX,,177090,,40.9,311350006.1,311350006.1
1987,"Micronesia, Fed. Sts.",FSM,,,,42,,
1987,Moldova,MDA,,,,29.8,,
1987,Monaco,MCO,,,,4.9,,
1987,Mongolia,MNG,,,,86.7,8130000.114,8130000.114
1987,Montenegro,MNE,,,,18.6,,
1987,Morocco,MAR,,800,,71.2,760940002.4,760940002.4
1987,Mozambique,MOZ,,400,635000,169.5,1231510010,1231510010
1987,Myanmar,MMR,,,,86.5,491850006.1,491850006.1
1987,Namibia,NAM,,,75726,53.5,29729999.54,29729999.54
1987,Nauru,NRU,,,,57.8,140000.0006,140000.0006
1987,Nepal,NPL,,14800,,109.9,556780029.3,556780029.3
1987,Netherlands,NLD,,24000,,7.5,,
1987,New Caledonia,NCL,,,,,486589996.3,486589996.3
1987,New Zealand,NZL,,4200,,10.6,,
1987,Nicaragua,NIC,,9000,68540,56.6,263250000,263250000
1987,Niger,NER,,,,137.1,640479980.5,640479980.5
1987,Nigeria,NGA,,5100,5,124,114930000.3,114930000.3
1987,North Macedonia,MKD,,,,42.5,,
1987,Northern Mariana Islands,MNP,,,,,363040008.5,363040008.5
1987,Norway,NOR,,15000,,8.2,,
1987,Oman,OMN,,,,41.4,82849998.47,82849998.47
1987,Pakistan,PAK,,3159000,,112.5,1172739990,1172739990
1987,Palau,PLW,,,,30.2,,
1987,Panama,PAN,,1600,,28.3,68379997.25,68379997.25
1987,Papua New Guinea,PNG,,9620,,65.6,710650024.4,710650024.4
1987,Paraguay,PRY,,50,,40.2,88459999.08,88459999.08
1987,Peru,PER,,640,,65,541380004.9,541380004.9
1987,Philippines,PHL,,13170,90000,45.8,1134010010,1134010010
1987,Poland,POL,,,1475,16.5,,
1987,Portugal,PRT,,800,,14.5,,
1987,Puerto Rico,PRI,,,,,,
1987,Qatar,QAT,,,,21.4,4559999.943,4559999.943
1987,Romania,ROU,,,1890,27,,
1987,Russian Federation,RUS,,,8683,18.7,,
1987,Rwanda,RWA,,19470,353440,92.3,439239990.2,439239990.2
1987,Samoa,WSM,,,,27.3,63409999.85,63409999.85
1987,San Marino,SMR,,,,16.6,,
1987,Sao Tome and Principe,STP,,,,66.9,30760000.23,30760000.23
1987,Saudi Arabia,SAU,,,,43.7,36580001.83,36580001.83
1987,Senegal,SEN,,5180,,77.1,1206130005,1206130005
1987,Serbia,SRB,,1400,42,31.1,,
1987,Seychelles,SYC,,,,15.8,44150001.53,44150001.53
1987,Sierra Leone,SLE,,90,,157.6,122029998.8,122029998.8
1987,Singapore,SGP,,320,,7.9,39000000,39000000
1987,Sint Maarten (Dutch part),SXM,,,,,,
1987,Slovak Republic,SVK,,,,14.4,,
1987,Slovenia,SVN,,,,10.8,,
1987,Solomon Islands,SLB,,,,33.3,103330001.8,103330001.8
1987,Somalia,SOM,,840100,60162,112.9,1076459961,1076459961
1987,South Africa,ZAF,,,26150,52.1,,
1987,South Sudan,SSD,,,,156.6,,
1987,Spain,ESP,,9200,60,8.4,,
1987,Sri Lanka,LKA,,,219,21.3,730039978,730039978
1987,St. Kitts and Nevis,KNA,,,,28.2,14159999.85,14159999.85
1987,St. Lucia,LCA,,,,19.2,20180000.31,20180000.31
1987,St. Martin (French part),MAF,,,,,,
1987,St. Vincent and the Grenadines,VCT,,,,22.5,25059999.47,25059999.47
1987,Sudan,SDN,,807070,253166,85.7,1612010010,1612010010
1987,Suriname,SUR,,,,42.5,34830001.83,34830001.83
1987,Sweden,SWE,,130000,,6.3,,
1987,Switzerland,CHE,,31707,,7.1,,
1987,Syrian Arab Republic,SYR,,261694,20,33.5,1395310059,1395310059
1987,Tajikistan,TJK,,,,85.7,,
1987,Tanzania,TZA,,266200,2000,105.1,1633670044,1633670044
1987,Thailand,THA,,112740,,34.9,709599975.6,709599975.6
1987,Timor-Leste,TLS,,,,150,,
1987,Togo,TGO,,3460,5,94.7,217759994.5,217759994.5
1987,Tonga,TON,,,,20.8,40650001.53,40650001.53
1987,Trinidad and Tobago,TTO,,,,28.3,62299999.24,62299999.24
1987,Tunisia,TUN,,,6,48.8,510869995.1,510869995.1
1987,Turkiye,TUR,,2200,1085,64.5,593020019.5,593020019.5
1987,Turkmenistan,TKM,,,,70.3,,
1987,Turks and Caicos Islands,TCA,,,,13.6,18680000.31,18680000.31
1987,Tuvalu,TUV,,,,42.3,55549999.24,55549999.24
1987,Uganda,UGA,,88670,111071,112.7,548780029.3,548780029.3
1987,Ukraine,UKR,,,,17.4,,
1987,United Arab Emirates,ARE,,,,16.9,203029998.8,203029998.8
1987,United Kingdom,GBR,,100000,,9.1,,
1987,United States,USA,,365726,,10.2,,
1987,Uruguay,URY,,110,39,23.1,27500000,27500000
1987,Uzbekistan,UZB,,,,62.1,,
1987,Vanuatu,VUT,,,,33.8,96190002.44,96190002.44
1987,"Venezuela, RB",VEN,,1900,,27.8,40270000.46,40270000.46
1987,Viet Nam,VNM,,25000,325717,41,216190002.4,216190002.4
1987,Virgin Islands (U.S.),VIR,,,,,,
1987,West Bank and Gaza,PSE,,828482,2005,41.3,,
1987,"Yemen, Rep.",YEM,,73000,70000,97.8,879150024.4,879150024.4
1987,Zambia,ZMB,,144100,,106,764150024.4,764150024.4
1987,Zimbabwe,ZWE,,123610,3830,50.9,532830017.1,532830017.1
1987,Africa Eastern and Southern,AFE,,,,,13733100021,13733100021
1987,Africa Western and Central,AFW,,,,,7728979912,7728979912
1987,Arab World,ARB,,,,,12373330144,12373330144
1987,Caribbean small states,CSS,,,,,646309992.3,646309992.3
1987,Central Europe and the Baltics,CEB,,,,,,
1987,Early-demographic dividend,EAR,,,,,31397960557,31397960557
1987,East Asia & Pacific,EAS,,,,,10240680117,10240680117
1987,East Asia & Pacific (excluding high income),EAP,,,,,8805880117,8805880117
1987,East Asia & Pacific (IDA & IBRD countries),TEA,,,,,8544890115,8544890115
1987,Euro area,EMU,,,,,75949998.14,75949998.14
1987,Europe & Central Asia,ECS,,,,,863010015,863010015
1987,Europe & Central Asia (excluding high income),ECA,,,,,657120018,657120018
1987,Europe & Central Asia (IDA & IBRD countries),TEC,,,,,593020019.5,593020019.5
1987,European Union,EUU,,,,,75949998.14,75949998.14
1987,Fragile and conflict affected situations,FCS,,,,,15161740084,15161740084
1987,Heavily indebted poor countries (HIPC),HPC,,,,,20319290070,20319290070
1987,High income,HIC,,,,,4718600115,4718600115
1987,IBRD only,IBD,,,,,23802280285,23802280285
1987,IDA & IBRD total,IBT,,,,,54603620418,54603620418
1987,IDA blend,IDB,,,,,4472280046,4472280046
1987,IDA only,IDX,,,,,26329060087,26329060087
1987,IDA total,IDA,,,,,30801340134,30801340134
1987,Late-demographic dividend,LTE,,,,,9179829973,9179829973
1987,Latin America & Caribbean,LCN,,,,,7246860042,7246860042
1987,Latin America & Caribbean (excluding high income),LAC,,,,,6827030046,6827030046
1987,Latin America & the Caribbean (IDA & IBRD countries),TLA,,,,,6438580030,6438580030
1987,Least developed countries: UN classification,LDC,,,,,23010510008,23010510008
1987,Low & middle income,LMY,,,,,68459992188,68459992188
1987,Low income,LIC,,,,,15621550052,15621550052
1987,Lower middle income,LMC,,,,,28732820361,28732820361
1987,Middle East & North Africa,MEA,,,,,12053680274,12053680274
1987,Middle East & North Africa (excluding high income),MNA,,,,,9224290157,9224290157
1987,Middle East & North Africa (IDA & IBRD countries),TMN,,,,,9017440159,9017440159
1987,Middle income,MIC,,,,,39074898438,39074898438
1987,North America,NAC,,,,,430000.0072,430000.0072
1987,Not classified,INX,,,,,,
1987,OECD members,OED,,,,,4023290154,4023290154
1987,Other small states,OSS,,,,,2045860015,2045860015
1987,Pacific island small states,PSS,,,,,459970005.6,459970005.6
1987,Post-demographic dividend,PST,,,,,194819996.3,194819996.3
1987,Pre-demographic dividend,PRE,,,,,17863559996,17863559996
1987,Small states,SST,,,,,3152140013,3152140013
1987,South Asia,SAS,,,,,8414480019,8414480019
1987,South Asia (IDA & IBRD),TSA,,,,,8414480019,8414480019
1987,Sub-Saharan Africa,SSF,,,,,23276320075,23276320075
1987,Sub-Saharan Africa (excluding high income),SSA,,,,,23131570075,23131570075
1987,Sub-Saharan Africa (IDA & IBRD countries),TSS,,,,,21595210075,21595210075
1987,Upper middle income,UMC,,,,,10057700003,10057700003
1987,World,WLD,,,,,73096273438,73096273438
1988,Afghanistan,AFG,,,5622982,129,129160003.7,129160003.7
1988,Albania,ALB,,,358,38.8,9420000.076,9420000.076
1988,Algeria,DZA,,170000,5,46.1,292880004.9,292880004.9
1988,American Samoa,ASM,,,,,,
1988,Andorra,AND,,,,9.6,,
1988,Angola,AGO,,90350,407566,132.3,266910003.7,266910003.7
1988,Antigua and Barbuda,ATG,,,,10.8,14930000.31,14930000.31
1988,Argentina,ARG,,13578,46,25.6,232919998.2,232919998.2
1988,Armenia,ARM,,,300,58.6,,
1988,Aruba,ABW,,,,,35580001.83,35580001.83
1988,Australia,AUS,,90970,,8.4,,
1988,Austria,AUT,,39830,,8.9,,
1988,Azerbaijan,AZE,,,,76.9,,
1988,"Bahamas, The",BHS,,,,21.8,2450000.048,2450000.048
1988,Bahrain,BHR,,50,,19.8,-4590000.153,-4590000.153
1988,Bangladesh,BGD,,,5,108.8,2226459961,2226459961
1988,Barbados,BRB,,,,17.5,3089999.914,3089999.914
1988,Belarus,BLR,,,,12.7,,
1988,Belgium,BEL,,23117,,8.9,,
1988,Belize,BLZ,,30100,,35,45229999.54,45229999.54
1988,Benin,BEN,,1176,50,108.6,269200012.2,269200012.2
1988,Bermuda,BMU,,,,,70000.0003,70000.0003
1988,Bhutan,BTN,,,,96.3,59409999.85,59409999.85
1988,Bolivia,BOL,,220,,89.6,703299987.8,703299987.8
1988,Bosnia and Herzegovina,BIH,,,,18.8,,
1988,Botswana,BWA,,2325,,36.6,246139999.4,246139999.4
1988,Brazil,BRA,,5332,,56.6,342970001.2,342970001.2
1988,British Virgin Islands,VGB,,,,18.6,3289999.962,3289999.962
1988,Brunei Darussalam,BRN,,,,10.3,5730000.019,5730000.019
1988,Bulgaria,BGR,,,898,14.1,,
1988,Burkina Faso,BFA,,260,,100.3,496320007.3,496320007.3
1988,Burundi,BDI,,267500,190153,102.1,341350006.1,341350006.1
1988,Cabo Verde,CPV,,,,51,138119995.1,138119995.1
1988,Cambodia,KHM,,,97758,84.9,35729999.54,35729999.54
1988,Cameroon,CMR,,51160,,85,479309997.6,479309997.6
1988,Canada,CAN,,116434,,7.3,,
1988,Cayman Islands,CYM,,,,,20610000.61,20610000.61
1988,Central African Republic,CAF,,3148,170,116,341339996.3,341339996.3
1988,Chad,TCD,,,130790,114.2,454570007.3,454570007.3
1988,Channel Islands,CHI,,,,,,
1988,Chile,CHL,,300,608,18,79610000.61,79610000.61
1988,China,CHN,,284300,265,42.4,2912090088,2912090088
1988,Colombia,COL,,720,35,31.1,132009994.5,132009994.5
1988,Comoros,COM,,,,94,85860000.61,85860000.61
1988,"Congo, Dem. Rep.",COD,,340675,103537,121.9,964150024.4,964150024.4
1988,"Congo, Rep.",COG,,2160,,59,146539993.3,146539993.3
1988,Costa Rica,CRI,,278800,,15.6,332769989,332769989
1988,Cote d'Ivoire,CIV,,800,,104.7,736969970.7,736969970.7
1988,Croatia,HRV,,,,12.8,,
1988,Cuba,CUB,,2000,3874,11.9,101889999.4,101889999.4
1988,Curacao,CUW,,,,,,
1988,Cyprus,CYP,,60,11,10,77690002.44,77690002.44
1988,Czechia,CZE,,,5649,11.1,,
1988,Denmark,DNK,,27310,,7.9,,
1988,Djibouti,DJI,,1272,,95.3,155750000,155750000
1988,Dominica,DMA,,,,13.3,30719999.31,30719999.31
1988,Dominican Republic,DOM,,4686,,49.3,186009994.5,186009994.5
1988,Ecuador,ECU,,755,,46,264760009.8,264760009.8
1988,"Egypt, Arab Rep.",EGY,,1620,14,69.2,2653320068,2653320068
1988,El Salvador,SLV,,20350,166393,51,748929992.7,748929992.7
1988,Equatorial Guinea,GNQ,,,,122.8,81290000.92,81290000.92
1988,Eritrea,ERI,,,133,100.3,3329999.924,3329999.924
1988,Estonia,EST,,,,14.3,,
1988,Eswatini,SWZ,,29430,,55,69050003.05,69050003.05
1988,Ethiopia,ETH,,679532,1513307,124.2,1678859985,1678859985
1988,Faroe Islands,FRO,,,,,,
1988,Fiji,FJI,,,,26,91830001.83,91830001.83
1988,Finland,FIN,,1065,,5.8,,
1988,France,FRA,,183946,,7.9,,
1988,French Polynesia,PYF,,,,,548130004.9,548130004.9
1988,Gabon,GAB,,,,62,177119995.1,177119995.1
1988,"Gambia, The",GMB,,,,85.5,144759994.5,144759994.5
1988,Georgia,GEO,,,,41.5,,
1988,Germany,DEU,,610200,,7.8,,
1988,Ghana,GHA,,140,4769,85.9,947409973.1,947409973.1
1988,Gibraltar,GIB,,,,,27559999.47,27559999.47
1988,Greece,GRC,,8262,6,10.4,,
1988,Greenland,GRL,,,,,,
1988,Grenada,GRD,,,9,19.6,34810001.37,34810001.37
1988,Guam,GUM,,,,,,
1988,Guatemala,GTM,,223100,53753,64.3,390040008.5,390040008.5
1988,Guinea,GIN,,,50,143.8,419070007.3,419070007.3
1988,Guinea-Bissau,GNB,,,4999,136.6,170039993.3,170039993.3
1988,Guyana,GUY,,,,48.8,39869998.93,39869998.93
1988,Haiti,HTI,,,4699,105.5,232649993.9,232649993.9
1988,Honduras,HND,,237100,,49.2,512210022,512210022
1988,"Hong Kong SAR, China",HKG,,15359,,,37540000.92,37540000.92
1988,Hungary,HUN,,,3887,16.4,,
1988,Iceland,ISL,,,,5.5,,
1988,India,IND,,6645,10,93.6,3248790039,3248790039
1988,Indonesia,IDN,,2434,9301,66.6,2194469971,2194469971
1988,"Iran, Islamic Rep.",IRN,,2850000,58259,49,136509994.5,136509994.5
1988,Iraq,IRQ,,,508468,43.9,16360000.61,16360000.61
1988,Ireland,IRL,,480,,8.2,,
1988,Isle of Man,IMN,,,,,,
1988,Israel,ISR,,,5,10.5,2379739990,2379739990
1988,Italy,ITA,,19260,,9,,
1988,Jamaica,JAM,,,,24.8,328880004.9,328880004.9
1988,Japan,JPN,,6110,,4.8,,
1988,Jordan,JOR,,884040,7,31.5,803479980.5,803479980.5
1988,Kazakhstan,KAZ,,,,45.8,,
1988,Kenya,KEN,,12810,,63,1362599976,1362599976
1988,Kiribati,KIR,,,,71.3,25610000.61,25610000.61
1988,"Korea, Dem. People's Rep.",PRK,,,,28.9,15140000.34,15140000.34
1988,"Korea, Rep.",KOR,,120,,15.9,3950000.048,3950000.048
1988,Kosovo,XKX,,,,99.6,,
1988,Kuwait,KWT,,,,16.2,8500000,8500000
1988,Kyrgyz Republic,KGZ,,,,56.5,,
1988,Lao PDR,LAO,,,135866,112.3,107690002.4,107690002.4
1988,Latvia,LVA,,,,11.8,,
1988,Lebanon,LBN,,296518,439,29.2,250179992.7,250179992.7
1988,Lesotho,LSO,,4230,,70.7,191389999.4,191389999.4
1988,Liberia,LBR,,80,30,169.4,110819999.7,110819999.7
1988,Libya,LBY,,,659,39.5,9250000,9250000
1988,Liechtenstein,LIE,,,,,,
1988,Lithuania,LTU,,,,11.3,,
1988,Luxembourg,LUX,,,,8.2,,
1988,"Macao SAR, China",MAC,,440,,,529999.9714,529999.9714
1988,Madagascar,MDG,,,,101.2,491850006.1,491850006.1
1988,Malawi,MWI,,628133,5,149.8,628479980.5,628479980.5
1988,Malaysia,MYS,,104553,,15.7,172910003.7,172910003.7
1988,Maldives,MDV,,,,69.3,34659999.85,34659999.85
1988,Mali,MLI,,50,,125,749340026.9,749340026.9
1988,Malta,MLT,,,,10.8,-4719999.79,-4719999.79
1988,Marshall Islands,MHL,,,,40.3,,
1988,Mauritania,MRT,,,,73.9,312350006.1,312350006.1
1988,Mauritius,MUS,,,,23.2,96190002.44,96190002.44
1988,Mexico,MEX,,356400,,39.3,292179992.7,292179992.7
1988,"Micronesia, Fed. Sts.",FSM,,,,40.9,,
1988,Moldova,MDA,,,,28.7,,
1988,Monaco,MCO,,,,4.6,,
1988,Mongolia,MNG,,,,83.2,6070000.172,6070000.172
1988,Montenegro,MNE,,,,17,,
1988,Morocco,MAR,,800,5,68.5,818130004.9,818130004.9
1988,Mozambique,MOZ,,390,921237,167.4,1582959961,1582959961
1988,Myanmar,MMR,,,7,84.9,544669982.9,544669982.9
1988,Namibia,NAM,,,76591,51.8,36970001.22,36970001.22
1988,Nauru,NRU,,,,55.5,340000.0036,340000.0036
1988,Nepal,NPL,,15800,,105.5,596780029.3,596780029.3
1988,Netherlands,NLD,,25963,,7.2,,
1988,New Caledonia,NCL,,,,,431450012.2,431450012.2
1988,New Zealand,NZL,,4150,,10.1,,
1988,Nicaragua,NIC,,16000,86563,54.7,374140014.6,374140014.6
1988,Niger,NER,,,,136.7,620669982.9,620669982.9
1988,Nigeria,NGA,,5173,15,124.3,172860000.6,172860000.6
1988,North Macedonia,MKD,,,,39.4,,
1988,Northern Mariana Islands,MNP,,,,,290609985.4,290609985.4
1988,Norway,NOR,,10952,,7.9,,
1988,Oman,OMN,,,,37.8,9960000.038,9960000.038
1988,Pakistan,PAK,,3257577,274,110.6,1902030029,1902030029
1988,Palau,PLW,,,,30,,
1988,Panama,PAN,,1992,47,27.5,38669998.17,38669998.17
1988,Papua New Guinea,PNG,,9241,,64.5,689059997.6,689059997.6
1988,Paraguay,PRY,,50,,38.9,86919998.17,86919998.17
1988,Peru,PER,,654,5,62.1,486179992.7,486179992.7
1988,Philippines,PHL,,21109,90000,43.9,1084810059,1084810059
1988,Poland,POL,,,23266,16,,
1988,Portugal,PRT,,789,,13.5,,
1988,Puerto Rico,PRI,,,,,,
1988,Qatar,QAT,,,,20.2,2809999.943,2809999.943
1988,Romania,ROU,,,20247,26.9,,
1988,Russian Federation,RUS,,,33636,18.1,,
1988,Rwanda,RWA,,22202,327540,90.3,428750000,428750000
1988,Samoa,WSM,,,,26.4,47840000.15,47840000.15
1988,San Marino,SMR,,,,15.1,,
1988,Sao Tome and Principe,STP,,,,67.9,41049999.24,41049999.24
1988,Saudi Arabia,SAU,,,,40.8,28069999.69,28069999.69
1988,Senegal,SEN,,5203,5,74.5,1014400024,1014400024
1988,Serbia,SRB,,850,99,29,,
1988,Seychelles,SYC,,,49,15.1,34389999.39,34389999.39
1988,Sierra Leone,SLE,,60,8,156.6,174869995.1,174869995.1
1988,Singapore,SGP,,320,8,7.4,32959999.08,32959999.08
1988,Sint Maarten (Dutch part),SXM,,,,,,
1988,Slovak Republic,SVK,,,,13.8,,
1988,Slovenia,SVN,,,,10.1,,
1988,Solomon Islands,SLB,,,,32.6,86690002.44,86690002.44
1988,Somalia,SOM,,834000,351993,111.7,743659973.1,743659973.1
1988,South Africa,ZAF,,,24906,50.4,,
1988,South Sudan,SSD,,,,154,,
1988,Spain,ESP,,8691,,8.1,,
1988,Sri Lanka,LKA,,,3388,20.2,874369995.1,874369995.1
1988,St. Kitts and Nevis,KNA,,,,27,24790000.92,24790000.92
1988,St. Lucia,LCA,,,,18.7,29930000.31,29930000.31
1988,St. Martin (French part),MAF,,,,,,
1988,St. Vincent and the Grenadines,VCT,,,,21.3,28450000.76,28450000.76
1988,Sudan,SDN,,745000,347309,84.7,1580959961,1580959961
1988,Suriname,SUR,,,,41.2,39169998.17,39169998.17
1988,Sweden,SWE,,139783,,6.2,,
1988,Switzerland,CHE,,31949,,7,,
1988,Syrian Arab Republic,SYR,,269422,881,32.3,266709991.5,266709991.5
1988,Tajikistan,TJK,,,,82.7,,
1988,Tanzania,TZA,,265154,5,103.6,1665010010,1665010010
1988,Thailand,THA,,107799,,33.3,726159973.1,726159973.1
1988,Timor-Leste,TLS,,,,143.5,29999.99933,29999.99933
1988,Togo,TGO,,3422,5,93.3,342600006.1,342600006.1
1988,Tonga,TON,,,,20.2,30670000.08,30670000.08
1988,Trinidad and Tobago,TTO,,,,27.7,11010000.23,11010000.23
1988,Tunisia,TUN,,,7,46.8,533830017.1,533830017.1
1988,Turkiye,TUR,,4450,150,61.4,399850006.1,399850006.1
1988,Turkmenistan,TKM,,,,67.9,,
1988,Turks and Caicos Islands,TCA,,,,12.8,13430000.31,13430000.31
1988,Tuvalu,TUV,,,,42,24430000.31,24430000.31
1988,Uganda,UGA,,103102,21975,111,669130004.9,669130004.9
1988,Ukraine,UKR,,,,17,,
1988,United Arab Emirates,ARE,,,,15.9,-21430000.31,-21430000.31
1988,United Kingdom,GBR,,39755,,8.8,,
1988,United States,USA,,377769,,9.9,,
1988,Uruguay,URY,,110,33,22,58459999.08,58459999.08
1988,Uzbekistan,UZB,,,,60,,
1988,Vanuatu,VUT,,,,32.2,66410003.66,66410003.66
1988,"Venezuela, RB",VEN,,2007,,26.7,45259998.32,45259998.32
1988,Viet Nam,VNM,,27000,440379,39.8,254759994.5,254759994.5
1988,Virgin Islands (U.S.),VIR,,,,,,
1988,West Bank and Gaza,PSE,,856639,5014,39.4,,
1988,"Yemen, Rep.",YEM,,78157,77000,94.3,514219970.7,514219970.7
1988,Zambia,ZMB,,143568,,107.3,767440002.4,767440002.4
1988,Zimbabwe,ZWE,,174483,629,50.2,451570007.3,451570007.3
1988,Africa Eastern and Southern,AFE,,,,,14376240056,14376240056
1988,Africa Western and Central,AFW,,,,,8412119957,8412119957
1988,Arab World,ARB,,,,,9060259971,9060259971
1988,Caribbean small states,CSS,,,,,633330004.7,633330004.7
1988,Central Europe and the Baltics,CEB,,,,,,
1988,Early-demographic dividend,EAR,,,,,29695730043,29695730043
1988,East Asia & Pacific,EAS,,,,,10714040087,10714040087
1988,East Asia & Pacific (excluding high income),EAP,,,,,9375250085,9375250085
1988,East Asia & Pacific (IDA & IBRD countries),TEA,,,,,9102270080,9102270080
1988,Euro area,EMU,,,,,72970002.65,72970002.65
1988,Europe & Central Asia,ECS,,,,,663650010.1,663650010.1
1988,Europe & Central Asia (excluding high income),ECA,,,,,484210008.6,484210008.6
1988,Europe & Central Asia (IDA & IBRD countries),TEC,,,,,409270006.2,409270006.2
1988,European Union,EUU,,,,,72970002.65,72970002.65
1988,Fragile and conflict affected situations,FCS,,,,,13872359859,13872359859
1988,Heavily indebted poor countries (HIPC),HPC,,,,,21594749929,21594749929
1988,High income,HIC,,,,,4183099996,4183099996
1988,IBRD only,IBD,,,,,23291040158,23291040158
1988,IDA & IBRD total,IBT,,,,,54129620052,54129620052
1988,IDA blend,IDB,,,,,5557860000,5557860000
1988,IDA only,IDX,,,,,25280719894,25280719894
1988,IDA total,IDA,,,,,30838579894,30838579894
1988,Late-demographic dividend,LTE,,,,,9280300084,9280300084
1988,Latin America & Caribbean,LCN,,,,,7036839990,7036839990
1988,Latin America & Caribbean (excluding high income),LAC,,,,,6488019990,6488019990
1988,Latin America & the Caribbean (IDA & IBRD countries),TLA,,,,,6167779991,6167779991
1988,Least developed countries: UN classification,LDC,,,,,22490769923,22490769923
1988,Low & middle income,LMY,,,,,68724718750,68724718750
1988,Low income,LIC,,,,,14831839888,14831839888
1988,Lower middle income,LMC,,,,,29814110132,29814110132
1988,Middle East & North Africa,MEA,,,,,9084440017,9084440017
1988,Middle East & North Africa (excluding high income),MNA,,,,,6686100027,6686100027
1988,Middle East & North Africa (IDA & IBRD countries),TMN,,,,,6450620026,6450620026
1988,Middle income,MIC,,,,,39468359375,39468359375
1988,North America,NAC,,,,,70000.0003,70000.0003
1988,Not classified,INX,,,,,,
1988,OECD members,OED,,,,,3620109973,3620109973
1988,Other small states,OSS,,,,,1839139986,1839139986
1988,Pacific island small states,PSS,,,,,373820009.1,373820009.1
1988,Post-demographic dividend,PST,,,,,190169999.8,190169999.8
1988,Pre-demographic dividend,PRE,,,,,18536559936,18536559936
1988,Small states,SST,,,,,2846290000,2846290000
1988,South Asia,SAS,,,,,9071660057,9071660057
1988,South Asia (IDA & IBRD),TSA,,,,,9071660057,9071660057
1988,Sub-Saharan Africa,SSF,,,,,24548829911,24548829911
1988,Sub-Saharan Africa (excluding high income),SSA,,,,,24433149911,24433149911
1988,Sub-Saharan Africa (IDA & IBRD countries),TSS,,,,,22928019892,22928019892
1988,Upper middle income,UMC,,,,,9294530035,9294530035
1988,World,WLD,,,,,72730179688,72730179688
1989,Afghanistan,AFG,,,5643989,124.9,256519989,256519989
1989,Albania,ALB,,,367,36.9,18010000.23,18010000.23
1989,Algeria,DZA,,169103,5,44.5,278450012.2,278450012.2
1989,American Samoa,ASM,,,,,,
1989,Andorra,AND,,,,9.3,,
1989,Angola,AGO,,12899,408692,132.2,289190002.4,289190002.4
1989,Antigua and Barbuda,ATG,,,,10.9,7219999.79,7219999.79
1989,Argentina,ARG,,12634,103,25.6,338000000,338000000
1989,Armenia,ARM,,,,43.5,,
1989,Aruba,ABW,,,,,47470001.22,47470001.22
1989,Australia,AUS,,97915,,8,,
1989,Austria,AUT,,39405,,8.4,,
1989,Azerbaijan,AZE,,,,76.2,,
1989,"Bahamas, The",BHS,,,,20.9,7119999.886,7119999.886
1989,Bahrain,BHR,,150,,19.7,-4030000.21,-4030000.21
1989,Bangladesh,BGD,,,5,104.9,2400699951,2400699951
1989,Barbados,BRB,,,,16.8,1690000.057,1690000.057
1989,Belarus,BLR,,,,12.4,,
1989,Belgium,BEL,,25531,,8.6,,
1989,Belize,BLZ,,30150,,33.1,50500000,50500000
1989,Benin,BEN,,858,60,106.5,464769989,464769989
1989,Bermuda,BMU,,,,,170000.0018,170000.0018
1989,Bhutan,BTN,,,,92.5,61630001.07,61630001.07
1989,Bolivia,BOL,,270,26,86.7,808559997.6,808559997.6
1989,Bosnia and Herzegovina,BIH,,,,17.4,19999.99955,19999.99955
1989,Botswana,BWA,,1261,5,34.8,264850006.1,264850006.1
1989,Brazil,BRA,,5331,6,54.7,341239990.2,341239990.2
1989,British Virgin Islands,VGB,,,,17.9,9779999.733,9779999.733
1989,Brunei Darussalam,BRN,,,,10.3,5900000.095,5900000.095
1989,Bulgaria,BGR,,,869,14.2,,
1989,Burkina Faso,BFA,,360,,99.3,469339996.3,469339996.3
1989,Burundi,BDI,,267455,191441,102.5,358429992.7,358429992.7
1989,Cabo Verde,CPV,,,,48.5,153919998.2,153919998.2
1989,Cambodia,KHM,,,75725,84.9,41770000.46,41770000.46
1989,Cameroon,CMR,,48630,60,84.4,815000000,815000000
1989,Canada,CAN,,135752,,7,,
1989,Cayman Islands,CYM,,,,,2160000.086,2160000.086
1989,Central African Republic,CAF,,2493,310,115.7,321690002.4,321690002.4
1989,Chad,TCD,,,125863,112.9,439329986.6,439329986.6
1989,Channel Islands,CHI,,,,,,
1989,Chile,CHL,,300,1201,17.2,112819999.7,112819999.7
1989,China,CHN,,284300,413,42.6,3148969971,3148969971
1989,Colombia,COL,,700,65,30.1,124760002.1,124760002.1
1989,Comoros,COM,,,5,91.3,74940002.44,74940002.44
1989,"Congo, Dem. Rep.",COD,,340689,100786,120.8,1243670044,1243670044
1989,"Congo, Rep.",COG,,3401,,59,156580001.8,156580001.8
1989,Costa Rica,CRI,,278800,,14.4,404880004.9,404880004.9
1989,Cote d'Ivoire,CIV,,480,,104.5,689859985.4,689859985.4
1989,Croatia,HRV,,,,12,,
1989,Cuba,CUB,,3990,7680,11.3,100120002.7,100120002.7
1989,Curacao,CUW,,,,,,
1989,Cyprus,CYP,,,11,10,72089996.34,72089996.34
1989,Czechia,CZE,,,5790,10.7,,
1989,Denmark,DNK,,30726,,7.7,,
1989,Djibouti,DJI,,31409,,93.4,128690002.4,128690002.4
1989,Dominica,DMA,,,,13.1,39990001.68,39990001.68
1989,Dominican Republic,DOM,,3320,,47.7,225080001.8,225080001.8
1989,Ecuador,ECU,,757,,44.1,238119995.1,238119995.1
1989,"Egypt, Arab Rep.",EGY,,1740,13,65.8,2922550049,2922550049
1989,El Salvador,SLV,,20730,39582,48.6,700020019.5,700020019.5
1989,Equatorial Guinea,GNQ,,,,121.8,99580001.83,99580001.83
1989,Eritrea,ERI,,,43,97.3,,
1989,Estonia,EST,,,,14.1,,
1989,Eswatini,SWZ,,34908,,53.2,55520000.46,55520000.46
1989,Ethiopia,ETH,,710166,1474919,121.9,1243819946,1243819946
1989,Faroe Islands,FRO,,,,,,
1989,Fiji,FJI,,,,25.2,70019996.64,70019996.64
1989,Finland,FIN,,2000,,5.7,,
1989,France,FRA,,180258,,7.7,,
1989,French Polynesia,PYF,,,,,494829986.6,494829986.6
1989,Gabon,GAB,,,,61,225949996.9,225949996.9
1989,"Gambia, The",GMB,,,,83.4,174889999.4,174889999.4
1989,Georgia,GEO,,,,41.2,,
1989,Germany,DEU,,628500,,7.4,,
1989,Ghana,GHA,,80,4716,82.8,1176010010,1176010010
1989,Gibraltar,GIB,,,,,769999.9809,769999.9809
1989,Greece,GRC,,7490,6,9.7,,
1989,Greenland,GRL,,,,,,
1989,Grenada,GRD,,,5,18.7,24920000.08,24920000.08
1989,Guam,GUM,,,,,,
1989,Guatemala,GTM,,223100,45413,61.8,433170013.4,433170013.4
1989,Guinea,GIN,,,50,140.8,622340026.9,622340026.9
1989,Guinea-Bissau,GNB,,,5001,134.1,208119995.1,208119995.1
1989,Guyana,GUY,,,,47.9,67690002.44,67690002.44
1989,Haiti,HTI,,,3344,102.9,327649993.9,327649993.9
1989,Honduras,HND,,237188,5,47.2,422600006.1,422600006.1
1989,"Hong Kong SAR, China",HKG,,12022,,,67470001.22,67470001.22
1989,Hungary,HUN,,27000,4359,15.6,,
1989,Iceland,ISL,,,,5.3,,
1989,India,IND,,9549,13,91.2,2894709961,2894709961
1989,Indonesia,IDN,,999,7775,64.2,2551409912,2551409912
1989,"Iran, Islamic Rep.",IRN,,2850000,52798,46.6,158169998.2,158169998.2
1989,Iraq,IRQ,,,507986,43,25319999.69,25319999.69
1989,Ireland,IRL,,420,,8,,
1989,Isle of Man,IMN,,,,,,
1989,Israel,ISR,,,5,10.1,2207100098,2207100098
1989,Italy,ITA,,13893,,8.7,,
1989,Jamaica,JAM,,,,24.1,448059997.6,448059997.6
1989,Japan,JPN,,6479,,4.7,,
1989,Jordan,JOR,,916143,14,30.5,575469970.7,575469970.7
1989,Kazakhstan,KAZ,,,,44.7,,
1989,Kenya,KEN,,12654,,63.9,1758829956,1758829956
1989,Kiribati,KIR,,,,68.9,27840000.15,27840000.15
1989,"Korea, Dem. People's Rep.",PRK,,,,30.7,14100000.38,14100000.38
1989,"Korea, Rep.",KOR,,230,,14.6,66919998.17,66919998.17
1989,Kosovo,XKX,,,,93.5,,
1989,Kuwait,KWT,,210,,15,7699999.809,7699999.809
1989,Kyrgyz Republic,KGZ,,,,54.7,,
1989,Lao PDR,LAO,,,133496,109.2,169880004.9,169880004.9
1989,Latvia,LVA,,,,12.2,,
1989,Lebanon,LBN,,301221,2197,27.9,209860000.6,209860000.6
1989,Lesotho,LSO,,4248,5,69.1,233509994.5,233509994.5
1989,Liberia,LBR,,250,50,173.1,102519996.6,102519996.6
1989,Libya,LBY,,,653,37.5,16950000.76,16950000.76
1989,Liechtenstein,LIE,,,,,,
1989,Lithuania,LTU,,,,11.1,,
1989,Luxembourg,LUX,,,,7.8,,
1989,"Macao SAR, China",MAC,,422,,,490000.0095,490000.0095
1989,Madagascar,MDG,,,,98.4,599429992.7,599429992.7
1989,Malawi,MWI,,822503,5,146.7,714119995.1,714119995.1
1989,Malaysia,MYS,,110482,,15,200470001.2,200470001.2
1989,Maldives,MDV,,,,66,41349998.47,41349998.47
1989,Mali,MLI,,50,,122.6,772900024.4,772900024.4
1989,Malta,MLT,,,,10.4,-8789999.962,-8789999.962
1989,Marshall Islands,MHL,,,,39,,
1989,Mauritania,MRT,,15000,48236,72.3,438390014.6,438390014.6
1989,Mauritius,MUS,,,,21.6,97949996.95,97949996.95
1989,Mexico,MEX,,356507,,37.8,190110000.6,190110000.6
1989,"Micronesia, Fed. Sts.",FSM,,,,39.9,,
1989,Moldova,MDA,,,,27.9,,
1989,Monaco,MCO,,,,4.3,,
1989,Mongolia,MNG,,,,79.8,9560000.42,9560000.42
1989,Montenegro,MNE,,,,15.8,,
1989,Morocco,MAR,,303,5,65.9,854640014.6,854640014.6
1989,Mozambique,MOZ,,400,1120756,165.5,1375880005,1375880005
1989,Myanmar,MMR,,,,83.3,218809997.6,218809997.6
1989,Namibia,NAM,,,3704,50.2,98699996.95,98699996.95
1989,Nauru,NRU,,,,53.3,90000.00358,90000.00358
1989,Nepal,NPL,,16850,,100.9,678200012.2,678200012.2
1989,Netherlands,NLD,,16971,,7,,
1989,New Caledonia,NCL,,,,,482510009.8,482510009.8
1989,New Zealand,NZL,,4666,,9.7,,
1989,Nicaragua,NIC,,15210,97698,52.9,407679992.7,407679992.7
1989,Niger,NER,,,,135.6,523619995.1,523619995.1
1989,Nigeria,NGA,,3781,15,124.3,512099975.6,512099975.6
1989,North Macedonia,MKD,,,,36.1,,
1989,Northern Mariana Islands,MNP,,,,,294119995.1,294119995.1
1989,Norway,NOR,,18500,,7.5,,
1989,Oman,OMN,,,,34.6,40180000.31,40180000.31
1989,Pakistan,PAK,,3275715,409,108.8,1981630005,1981630005
1989,Palau,PLW,,,,30,,
1989,Panama,PAN,,1451,365,26.8,33950000.76,33950000.76
1989,Papua New Guinea,PNG,,7732,,63.4,582179992.7,582179992.7
1989,Paraguay,PRY,,50,,37.6,125790000.9,125790000.9
1989,Peru,PER,,691,26,59.3,537599975.6,537599975.6
1989,Philippines,PHL,,26651,90000,41.9,1170189941,1170189941
1989,Poland,POL,,,23072,15.6,,
1989,Portugal,PRT,,657,,12.5,,
1989,Puerto Rico,PRI,,,,,,
1989,Qatar,QAT,,,,19,7269999.981,7269999.981
1989,Romania,ROU,,,45978,25.7,,
1989,Russian Federation,RUS,,,68496,17.6,,
1989,Rwanda,RWA,,23290,319500,89.7,395140014.6,395140014.6
1989,Samoa,WSM,,,,25.6,46569999.69,46569999.69
1989,San Marino,SMR,,,,13.6,,
1989,Sao Tome and Principe,STP,,,,68.8,85250000,85250000
1989,Saudi Arabia,SAU,,,,38,21280000.69,21280000.69
1989,Senegal,SEN,,53345,15006,72.4,1193209961,1193209961
1989,Serbia,SRB,,955,96,26.6,,
1989,Seychelles,SYC,,,49,14.5,34509998.32,34509998.32
1989,Sierra Leone,SLE,,,8,155.6,169990005.5,169990005.5
1989,Singapore,SGP,,480,5,6.8,162990005.5,162990005.5
1989,Sint Maarten (Dutch part),SXM,,,,,,
1989,Slovak Republic,SVK,,,,13.2,,
1989,Slovenia,SVN,,,,9.4,,
1989,Solomon Islands,SLB,,,,31.8,74569999.69,74569999.69
1989,Somalia,SOM,,769630,360309,110.3,724539978,724539978
1989,South Africa,ZAF,,,17135,49,,
1989,South Sudan,SSD,,,,151.3,,
1989,Spain,ESP,,8676,,7.8,,
1989,Sri Lanka,LKA,,,7692,21.2,841780029.3,841780029.3
1989,St. Kitts and Nevis,KNA,,,,26.1,23620000.84,23620000.84
1989,St. Lucia,LCA,,,,18.2,30159999.85,30159999.85
1989,St. Martin (French part),MAF,,,,,,
1989,St. Vincent and the Grenadines,VCT,,,,20.4,24760000.23,24760000.23
1989,Sudan,SDN,,767729,438899,83.5,1287020020,1287020020
1989,Suriname,SUR,,,6601,40,98230003.36,98230003.36
1989,Sweden,SWE,,139783,,6.1,,
1989,Switzerland,CHE,,36763,,6.8,,
1989,Syrian Arab Republic,SYR,,276547,397,31.1,196729995.7,196729995.7
1989,Tajikistan,TJK,,,,81,,
1989,Tanzania,TZA,,265128,10,102,1534089966,1534089966
1989,Thailand,THA,,99935,,31.8,950080017.1,950080017.1
1989,Timor-Leste,TLS,,,,137.5,,
1989,Togo,TGO,,3401,5,92.1,335950012.2,335950012.2
1989,Tonga,TON,,,,19.6,39049999.24,39049999.24
1989,Trinidad and Tobago,TTO,,,,27.2,7969999.79,7969999.79
1989,Tunisia,TUN,,,7,44.9,474989990.2,474989990.2
1989,Turkiye,TUR,,33067,2764,58.4,222460006.7,222460006.7
1989,Turkmenistan,TKM,,,,65.9,,
1989,Turks and Caicos Islands,TCA,,,,12.1,15039999.96,15039999.96
1989,Tuvalu,TUV,,,,41.7,10899999.62,10899999.62
1989,Uganda,UGA,,129961,21358,109.1,882020019.5,882020019.5
1989,Ukraine,UKR,,,,16.6,,
1989,United Arab Emirates,ARE,,70,,15,-11390000.34,-11390000.34
1989,United Kingdom,GBR,,46014,,8.4,,
1989,United States,USA,,411496,,9.7,,
1989,Uruguay,URY,,110,203,20.9,51060001.37,51060001.37
1989,Uzbekistan,UZB,,,,58.6,,
1989,Vanuatu,VUT,,,,30.8,63020000.46,63020000.46
1989,"Venezuela, RB",VEN,,2118,,25.7,114830001.8,114830001.8
1989,Viet Nam,VNM,,23060,456936,38.5,196110000.6,196110000.6
1989,Virgin Islands (U.S.),VIR,,,,,,
1989,West Bank and Gaza,PSE,,886736,8041,37.6,,
1989,"Yemen, Rep.",YEM,,80130,77000,91.4,616809997.6,616809997.6
1989,Zambia,ZMB,,137180,,108.1,599479980.5,599479980.5
1989,Zimbabwe,ZWE,,175350,5,50.4,443700012.2,443700012.2
1989,Africa Eastern and Southern,AFE,,,,,14331689865,14331689865
1989,Africa Western and Central,AFW,,,,,9951039963,9951039963
1989,Arab World,ARB,,,,,8886360048,8886360048
1989,Caribbean small states,CSS,,,,,831930005.6,831930005.6
1989,Central Europe and the Baltics,CEB,,,,,,
1989,Early-demographic dividend,EAR,,,,,29752069888,29752069888
1989,East Asia & Pacific,EAS,,,,,11417459828,11417459828
1989,East Asia & Pacific (excluding high income),EAP,,,,,9838569831,9838569831
1989,East Asia & Pacific (IDA & IBRD countries),TEA,,,,,9571489835,9571489835
1989,Euro area,EMU,,,,,63299996.38,63299996.38
1989,Europe & Central Asia,ECS,,,,,514400003.9,514400003.9
1989,Europe & Central Asia (excluding high income),ECA,,,,,313480004.8,313480004.8
1989,Europe & Central Asia (IDA & IBRD countries),TEC,,,,,240490006.9,240490006.9
1989,European Union,EUU,,,,,63299996.38,63299996.38
1989,Fragile and conflict affected situations,FCS,,,,,13621809946,13621809946
1989,Heavily indebted poor countries (HIPC),HPC,,,,,22483039940,22483039940
1989,High income,HIC,,,,,4265740092,4265740092
1989,IBRD only,IBD,,,,,24302099883,24302099883
1989,IDA & IBRD total,IBT,,,,,56648819719,56648819719
1989,IDA blend,IDB,,,,,6593789940,6593789940
1989,IDA only,IDX,,,,,25752929895,25752929895
1989,IDA total,IDA,,,,,32346719835,32346719835
1989,Late-demographic dividend,LTE,,,,,9888130009,9888130009
1989,Latin America & Caribbean,LCN,,,,,7745680003,7745680003
1989,Latin America & Caribbean (excluding high income),LAC,,,,,7005359999,7005359999
1989,Latin America & the Caribbean (IDA & IBRD countries),TLA,,,,,6761040004,6761040004
1989,Least developed countries: UN classification,LDC,,,,,22891559908,22891559908
1989,Low & middle income,LMY,,,,,71123273438,71123273438
1989,Low income,LIC,,,,,14648400011,14648400011
1989,Lower middle income,LMC,,,,,31779289756,31779289756
1989,Middle East & North Africa,MEA,,,,,9178240134,9178240134
1989,Middle East & North Africa (excluding high income),MNA,,,,,6918920036,6918920036
1989,Middle East & North Africa (IDA & IBRD countries),TMN,,,,,6458630032,6458630032
1989,Middle income,MIC,,,,,42070281250,42070281250
1989,North America,NAC,,,,,170000.0018,170000.0018
1989,Not classified,INX,,,,,,
1989,OECD members,OED,,,,,3329050110,3329050110
1989,Other small states,OSS,,,,,2111799985,2111799985
1989,Pacific island small states,PSS,,,,,332059995.5,332059995.5
1989,Post-demographic dividend,PST,,,,,398130007.5,398130007.5
1989,Pre-demographic dividend,PRE,,,,,20233659912,20233659912
1989,Small states,SST,,,,,3275789986,3275789986
1989,South Asia,SAS,,,,,9156519947,9156519947
1989,South Asia (IDA & IBRD),TSA,,,,,9156519947,9156519947
1989,Sub-Saharan Africa,SSF,,,,,26496289848,26496289848
1989,Sub-Saharan Africa (excluding high income),SSA,,,,,26362199848,26362199848
1989,Sub-Saharan Africa (IDA & IBRD countries),TSS,,,,,24460649895,24460649895
1989,Upper middle income,UMC,,,,,9949279953,9949279953
1989,World,WLD,,,,,75122476563,75122476563
1990,Afghanistan,AFG,,50,6339095,120.9,196509994.5,196509994.5
1990,Albania,ALB,8379849949,,1822,35.4,16280000.69,16280000.69
1990,Algeria,DZA,1.77965E+11,169110,18,43.6,471670013.4,471670013.4
1990,American Samoa,ASM,,,,,,
1990,Andorra,AND,,,,9.1,,
1990,Angola,AGO,38835439390,11557,407760,132,396899993.9,396899993.9
1990,Antigua and Barbuda,ATG,724220082.8,,,11.1,6940000.057,6940000.057
1990,Argentina,ARG,2.34455E+11,11735,332,25.4,246320007.3,246320007.3
1990,Armenia,ARM,9803860532,,,41.8,,
1990,Aruba,ABW,1363755809,,,,49400001.53,49400001.53
1990,Australia,AUS,2.96616E+11,97915,,7.6,,
1990,Austria,AUT,1.49511E+11,34938,,8,,
1990,Azerbaijan,AZE,37694530104,,,75.9,,
1990,"Bahamas, The",BHS,5414326155,,,20,4809999.943,4809999.943
1990,Bahrain,BHR,13313767890,1780,39,19.6,207119995.1,207119995.1
1990,Bangladesh,BGD,1.04999E+11,145,477,101,2659610107,2659610107
1990,Barbados,BRB,2497441041,,,16.2,3230000.019,3230000.019
1990,Belarus,BLR,53250955636,,,12.1,,
1990,Belgium,BEL,1.86277E+11,25911,,8.4,,
1990,Belize,BLZ,827388115,30657,,31.3,49000000,49000000
1990,Benin,BEN,6263872719,456,,104.4,403700012.2,403700012.2
1990,Bermuda,BMU,2068741981,,,,62310001.37,62310001.37
1990,Bhutan,BTN,826885271.9,,,88.9,62580001.83,62580001.83
1990,Bolivia,BOL,16283841548,200,729,83.9,737140014.6,737140014.6
1990,Bosnia and Herzegovina,BIH,,,,16.1,19999.99955,19999.99955
1990,Botswana,BWA,7804598662,1178,5,33.8,216070007.3,216070007.3
1990,Brazil,BRA,9.97367E+11,5335,15,52.7,243000000,243000000
1990,British Virgin Islands,VGB,,,,17.3,8289999.962,8289999.962
1990,Brunei Darussalam,BRN,14450109617,,,10.2,5159999.847,5159999.847
1990,Bulgaria,BGR,65837101056,,1922,14.6,21469999.31,
1990,Burkina Faso,BFA,5192367142,350,,98.7,493350006.1,493350006.1
1990,Burundi,BDI,3341667975,268403,191619,103.2,402000000,402000000
1990,Cabo Verde,CPV,392082645.9,,,46.6,167729995.7,167729995.7
1990,Cambodia,KHM,,,54364,84.9,64720001.22,64720001.22
1990,Cameroon,CMR,23023129076,49876,100,84.6,673690002.4,673690002.4
1990,Canada,CAN,5.60185E+11,154761,,6.8,,
1990,Cayman Islands,CYM,,,,,4400000.095,4400000.095
1990,Central African Republic,CAF,1781544258,4284,100,115.4,370059997.6,370059997.6
1990,Chad,TCD,4160028467,,184804,111.7,465450012.2,465450012.2
1990,Channel Islands,CHI,,,,,,
1990,Chile,CHL,59203046244,58,14547,16.1,150690002.4,150690002.4
1990,China,CHN,1.11409E+12,287276,1426,42.7,2874679932,2874679932
1990,Colombia,COL,1.65735E+11,460,493,29.2,143710006.7,143710006.7
1990,Comoros,COM,652487293.1,,5,88.8,65510002.14,65510002.14
1990,"Congo, Dem. Rep.",COD,30520924084,416435,67423,119.7,1332170044,1332170044
1990,"Congo, Rep.",COG,8180638704,2990,,59.5,313390014.6,313390014.6
1990,Costa Rica,CRI,15671512277,276210,,14,350390014.6,350390014.6
1990,Cote d'Ivoire,CIV,32828468002,272281,,104.3,1001510010,1001510010
1990,Croatia,HRV,,,,11.2,,
1990,Cuba,CUB,,3988,13520,10.8,75739997.86,75739997.86
1990,Curacao,CUW,,,,,,
1990,Cyprus,CYP,7741075819,31,11,10,63130001.07,63130001.07
1990,Czechia,CZE,1.31494E+11,,6123,10.3,21379999.16,
1990,Denmark,DNK,93792929242,32887,,7.4,,
1990,Djibouti,DJI,,77606,5,91.6,306630004.9,306630004.9
1990,Dominica,DMA,302399702.3,,,12.9,28889999.39,28889999.39
1990,Dominican Republic,DOM,26139555397,1966,,46,139399993.9,139399993.9
1990,Ecuador,ECU,49360324946,510,5,42.3,221800003.1,221800003.1
1990,"Egypt, Arab Rep.",EGY,2.08225E+11,1991,50,62.9,9754799805,9754799805
1990,El Salvador,SLV,15417083622,20300,30019,46.3,561739990.2,561739990.2
1990,Equatorial Guinea,GNQ,273818554.4,,,120.9,89610000.61,89610000.61
1990,Eritrea,ERI,,,43,93.9,6789999.962,6789999.962
1990,Estonia,EST,,,,14,,
1990,Eswatini,SWZ,2890524132,42074,,51.8,85419998.17,85419998.17
1990,Ethiopia,ETH,19852712753,773764,1345928,119.5,1510640015,1510640015
1990,Faroe Islands,FRO,,,,,,
1990,Fiji,FJI,3057274612,,,24.3,80720001.22,80720001.22
1990,Finland,FIN,90487289758,2348,,5.5,,
1990,France,FRA,1.02798E+12,193000,,7.5,,
1990,French Polynesia,PYF,,,,,370350006.1,370350006.1
1990,Gabon,GAB,11756534670,417,,60.1,189389999.4,189389999.4
1990,"Gambia, The",GMB,1486275490,77,5,81.2,149360000.6,149360000.6
1990,Georgia,GEO,27489532136,,,41,,
1990,Germany,DEU,1.54605E+12,816000,,7,,
1990,Ghana,GHA,24331326718,8123,4690,80,831390014.6,831390014.6
1990,Gibraltar,GIB,,,,,819999.9928,819999.9928
1990,Greece,GRC,1.3574E+11,8488,16,9.1,,
1990,Greenland,GRL,,,,,,
1990,Grenada,GRD,455058016.6,,5,17.8,20530000.69,20530000.69
1990,Guam,GUM,,,,,,
1990,Guatemala,GTM,30046099837,223377,47988,59.5,304779998.8,304779998.8
1990,Guinea,GIN,5602180282,325000,,137.5,431459991.5,431459991.5
1990,Guinea-Bissau,GNB,986527797.3,3004,5001,131.7,194160003.7,194160003.7
1990,Guyana,GUY,2265679085,,,46.9,243460006.7,243460006.7
1990,Haiti,HTI,15093656087,,2092,100.4,247199996.9,247199996.9
1990,Honduras,HND,10157742843,237100,18,45.2,660890014.6,660890014.6
1990,"Hong Kong SAR, China",HKG,1.04107E+11,8161,,,56549999.24,56549999.24
1990,Hungary,HUN,,45123,5767,15.2,104500000,
1990,Iceland,ISL,,85,,5.1,,
1990,India,IND,1.04824E+12,212743,197,88.8,2077889893,2077889893
1990,Indonesia,IDN,5.59228E+11,3278,7168,61.8,2241860107,2241860107
1990,"Iran, Islamic Rep.",IRN,4.23591E+11,4174401,75889,44.5,174339996.3,174339996.3
1990,Iraq,IRQ,,900,1133805,42.3,98849998.47,98849998.47
1990,Ireland,IRL,48294449676,360,,7.6,,
1990,Isle of Man,IMN,,,,,,
1990,Israel,ISR,,,14,9.7,2426139893,2426139893
1990,Italy,ITA,1.05715E+12,10816,,8.4,,
1990,Jamaica,JAM,11520400107,,,23.5,425869995.1,425869995.1
1990,Japan,JPN,2.41779E+12,6819,,4.6,,
1990,Jordan,JOR,15634928111,944459,56,29.5,1407689941,1407689941
1990,Kazakhstan,KAZ,1.35062E+11,,,44,,
1990,Kenya,KEN,39584023664,14249,7,65,1767500000,1767500000
1990,Kiribati,KIR,90737314.44,,,66.6,28549999.24,28549999.24
1990,"Korea, Dem. People's Rep.",PRK,,,,33.4,11739999.77,11739999.77
1990,"Korea, Rep.",KOR,3.58187E+11,230,,13.4,57119998.93,57119998.93
1990,Kosovo,XKX,,,,87.9,,
1990,Kuwait,KWT,,,46,14.7,19139999.39,19139999.39
1990,Kyrgyz Republic,KGZ,11169144216,,,53.7,,
1990,Lao PDR,LAO,4363361273,,135634,106,151380004.9,151380004.9
1990,Latvia,LVA,,,,13.1,,
1990,Lebanon,LBN,10749795788,309021,6993,26.7,432850006.1,432850006.1
1990,Lesotho,LSO,1382707083,212,5,67.8,211570007.3,211570007.3
1990,Liberia,LBR,,,735687,175.8,176279998.8,176279998.8
1990,Libya,LBY,,,579,35.7,11970000.27,11970000.27
1990,Liechtenstein,LIE,,,,,,
1990,Lithuania,LTU,,,5,11.9,,
1990,Luxembourg,LUX,11436557393,687,,7.4,,
1990,"Macao SAR, China",MAC,9357954146,205,,,319999.9928,319999.9928
1990,Madagascar,MDG,14053427514,,,95.5,600280029.3,600280029.3
1990,Malawi,MWI,6409484619,926725,55,142.5,753330017.1,753330017.1
1990,Malaysia,MYS,1.22799E+11,14862,,14.3,619250000,619250000
1990,Maldives,MDV,,,,62.8,22360000.61,22360000.61
1990,Mali,MLI,6788150164,13411,,120.4,729530029.3,729530029.3
1990,Malta,MLT,3133464562,,,10,8159999.847,8159999.847
1990,Marshall Islands,MHL,93175260.97,,,37.7,,
1990,Mauritania,MRT,5362776843,60000,65995,71.2,356399993.9,356399993.9
1990,Mauritius,MUS,5301932569,,,20.1,128100006.1,128100006.1
1990,Mexico,MEX,6.71212E+11,356400,,36.2,265920013.4,265920013.4
1990,"Micronesia, Fed. Sts.",FSM,170343407.2,,,38.9,,
1990,Moldova,MDA,,,,27.6,,
1990,Monaco,MCO,,,,4.1,,
1990,Mongolia,MNG,7301345617,,,76.7,19110000.61,19110000.61
1990,Montenegro,MNE,,,,14.8,,
1990,Morocco,MAR,68178888696,311,14,63.6,1839040039,1839040039
1990,Mozambique,MOZ,3781513828,420,1247991,163.3,1493239990,1493239990
1990,Myanmar,MMR,16537727955,,24,81.7,218830001.8,218830001.8
1990,Namibia,NAM,5306206715,,532,48.9,183529998.8,183529998.8
1990,Nauru,NRU,,,,51.1,280000.0012,280000.0012
1990,Nepal,NPL,16195204675,17800,,96.4,528309997.6,528309997.6
1990,Netherlands,NLD,2.86706E+11,17337,,6.8,,
1990,New Caledonia,NCL,,,,,431519989,431519989
1990,New Zealand,NZL,49402032098,4666,,9.2,,
1990,Nicaragua,NIC,8235021428,16000,52617,50.9,517280029.3,517280029.3
1990,Niger,NER,6123738005,792,,133.8,582559997.6,582559997.6
1990,Nigeria,NGA,1.95839E+11,3571,15,124.2,370429992.7,370429992.7
1990,North Macedonia,MKD,11035686203,,,33.3,,
1990,Northern Mariana Islands,MNP,,,,,107569999.7,107569999.7
1990,Norway,NOR,78304855540,19581,,7,,
1990,Oman,OMN,47453070912,,,31.7,103019996.6,103019996.6
1990,Pakistan,PAK,2.32797E+11,3255975,485,106.9,1371819946,1371819946
1990,Palau,PLW,,,,30,,
1990,Panama,PAN,12905761672,1350,629,26.1,174520004.3,174520004.3
1990,Papua New Guinea,PNG,6636017059,7099,,62.4,631859985.4,631859985.4
1990,Paraguay,PRY,22746564704,66,19,36.4,81250000,81250000
1990,Peru,PER,74109386276,724,255,56.6,610659973.1,610659973.1
1990,Philippines,PHL,1.63908E+11,19860,11,39.9,1646000000,1646000000
1990,Poland,POL,2.35731E+11,,25632,15.2,2031709961,
1990,Portugal,PRT,1.17606E+11,867,,11.5,,
1990,Puerto Rico,PRI,47426597934,,,,,
1990,Qatar,QAT,,,,17.8,4269999.981,4269999.981
1990,Romania,ROU,1.2252E+11,,51282,24.4,390109985.4,
1990,Russian Federation,RUS,1.18786E+12,,117736,17.3,375089996.3,
1990,Rwanda,RWA,4047314173,23601,361317,91.7,442609985.4,442609985.4
1990,Samoa,WSM,363116845.6,,,24.9,57400001.53,57400001.53
1990,San Marino,SMR,,,,12.4,,
1990,Sao Tome and Principe,STP,,,,69.5,88930000.31,88930000.31
1990,Saudi Arabia,SAU,5.19803E+11,,,35.5,20040000.92,20040000.92
1990,Senegal,SEN,11680676918,58113,60006,71,1205540039,1205540039
1990,Serbia,SRB,,920,1745,24.4,,
1990,Seychelles,SYC,622568976.9,,58,14,55409999.85,55409999.85
1990,Sierra Leone,SLE,3306887501,125830,8,154.8,88319999.69,88319999.69
1990,Singapore,SGP,72561281483,146,,6.1,1419999.957,1419999.957
1990,Sint Maarten (Dutch part),SXM,,,,,,
1990,Slovak Republic,SVK,,,,12.6,10689999.58,
1990,Slovenia,SVN,,,,8.8,,
1990,Solomon Islands,SLB,419653845.7,,,31.1,65050003.05,65050003.05
1990,Somalia,SOM,,460000,470174,108.5,780159973.1,780159973.1
1990,South Africa,ZAF,2.60006E+11,,14781,47.8,,
1990,South Sudan,SSD,,,,148.5,,
1990,Spain,ESP,5.3194E+11,8303,,7.5,,
1990,Sri Lanka,LKA,41326115161,,208271,19.4,904739990.2,904739990.2
1990,St. Kitts and Nevis,KNA,363187191.8,,,25.4,12770000.46,12770000.46
1990,St. Lucia,LCA,958129037.9,,,17.8,18430000.31,18430000.31
1990,St. Martin (French part),MAF,,,,,,
1990,St. Vincent and the Grenadines,VCT,442777047.8,,,19.7,23350000.38,23350000.38
1990,Sudan,SDN,39278598135,1031050,523996,82.4,1316239990,1316239990
1990,Suriname,SUR,2677947940,,6620,38.8,99389999.39,99389999.39
1990,Sweden,SWE,1.7482E+11,109654,,5.9,,
1990,Switzerland,CHE,1.91141E+11,40943,,6.6,,
1990,Syrian Arab Republic,SYR,,289013,2148,30.1,1328750000,1328750000
1990,Tajikistan,TJK,13942341563,,,81,,
1990,Tanzania,TZA,23489201629,265184,10,100.5,1712729980,1712729980
1990,Thailand,THA,2.43592E+11,99821,18,30.3,1102739990,1102739990
1990,Timor-Leste,TLS,,,,131.9,159999.9964,159999.9964
1990,Togo,TGO,4270188010,3477,5,90.9,384510009.8,384510009.8
1990,Tonga,TON,211378052.5,,,18.9,42750000,42750000
1990,Trinidad and Tobago,TTO,8611422813,,,26.7,25930000.31,25930000.31
1990,Tunisia,TUN,31461134128,30,40,43.2,577520019.5,577520019.5
1990,Turkiye,TUR,4.60011E+11,28000,5508,55.5,1851599976,1851599976
1990,Turkmenistan,TKM,20006374783,,,64.5,,
1990,Turks and Caicos Islands,TCA,,,,11.4,17239999.77,17239999.77
1990,Tuvalu,TUV,14658401.67,,,41.4,8340000.153,8340000.153
1990,Uganda,UGA,11698327323,145718,58820,107,1004890015,1004890015
1990,Ukraine,UKR,3.95083E+11,,,16.4,426739990.2,
1990,United Arab Emirates,ARE,1.59315E+11,,,14.2,4949999.809,4949999.809
1990,United Kingdom,GBR,9.78436E+11,43625,,7.9,,
1990,United States,USA,5.96314E+12,464887,,9.4,,
1990,Uruguay,URY,20745002419,87,843,20.1,66120002.75,66120002.75
1990,Uzbekistan,UZB,54527249335,,,57.9,,
1990,Vanuatu,VUT,247184727.2,,,29.5,72970001.22,72970001.22
1990,"Venezuela, RB",VEN,1.88285E+11,1750,,24.7,118199996.9,118199996.9
1990,Viet Nam,VNM,79232694483,21150,496029,37.1,248059997.6,248059997.6
1990,Virgin Islands (U.S.),VIR,,,,,,
1990,West Bank and Gaza,PSE,,931338,8521,36,,
1990,"Yemen, Rep.",YEM,24197063980,2938,5,88.7,688900024.4,688900024.4
1990,Zambia,ZMB,11847058431,138049,,108.2,696289978,696289978
1990,Zimbabwe,ZWE,18145878006,190950,5,51.1,494089996.3,494089996.3
1990,Africa Eastern and Southern,AFE,5.62755E+11,4709569,4690534,102.3925979,15686299941,15686299941
1990,Africa Western and Central,AFW,3.61474E+11,932052,1056416,113.5603063,9561569992,9561569992
1990,Arab World,ARB,1.50893E+12,4279547,2212489,58.90292838,19795519804,19795519804
1990,Caribbean small states,CSS,37060376336,30657,6625,28.17115163,962600002.8,962600002.8
1990,Central Europe and the Baltics,CEB,7.85985E+11,45123,90731,16.05357056,2579859944,
1990,Early-demographic dividend,EAR,6.00152E+12,12079990,2159783,77.99033851,39982049756,39982049756
1990,East Asia & Pacific,EAS,5.86818E+12,571488,694674,43.6,11541750020,11541750020
1990,East Asia & Pacific (excluding high income),EAP,2.33373E+12,453346,694674,45.63608697,10458310027,10458310027
1990,East Asia & Pacific (IDA & IBRD countries),TEA,2.33081E+12,453346,694674,45.76547708,10174710027,10174710027
1990,Euro area,EMU,5.29311E+12,1119086,32,7.971688485,81980000.5,71290000.92
1990,Europe & Central Asia,ECS,9.98984E+12,1439904,217569,24.9,5606799902,2102329972
1990,Europe & Central Asia (excluding high income),ECA,2.56293E+12,28920,128733,38.2315805,2896699947,1935599973
1990,Europe & Central Asia (IDA & IBRD countries),TEC,2.96138E+12,28920,205647,35.8306232,5113019908,1867899976
1990,European Union,EUU,6.23136E+12,1306750,90758,10.1068124,2651149945,71290000.92
1990,Fragile and conflict affected situations,FCS,1.19973E+12,4761409,11530466,100.3626437,16067670065,15640930075
1990,Heavily indebted poor countries (HIPC),HPC,3.89369E+11,5630763,11718333,108.7460792,23658950210,23658950210
1990,High income,HIC,1.85754E+13,2152049,105012,10.6,7140959836,4582569891
1990,IBRD only,IBD,1.01678E+13,7274544,2453570,57.46619948,37996329660,34751209728
1990,IDA & IBRD total,IBT,1.13493E+13,16764665,14572624,70.20561952,72412349930,69167229998
1990,IDA blend,IDB,5.85045E+11,3524710,617,102.8237248,5962589935,5962589935
1990,IDA only,IDX,6.00128E+11,5965411,12118437,102.6809118,28453430335,28453430335
1990,IDA total,IDA,1.18523E+12,9490121,12119054,102.7284277,34416020270,34416020270
1990,Late-demographic dividend,LTE,5.31921E+12,1016017,927021,40.37714091,14464539948,11656940005
1990,Latin America & Caribbean,LCN,2.73107E+12,1188273,170746,43.5,7662740065,7662740065
1990,Latin America & Caribbean (excluding high income),LAC,2.4093E+12,1185028,154727,45.53904204,6951040053,6951040053
1990,Latin America & the Caribbean (IDA & IBRD countries),TLA,2.62831E+12,1184285,157226,44.06001243,6795570066,6795570066
1990,Least developed countries: UN classification,LDC,4.85492E+11,5154451,12258453,108.5288798,24071730251,24071730251
1990,Low & middle income,LMY,1.07211E+13,17696746,14501674,70.73121717,82555189331,81609109375
1990,Low income,LIC,2.21442E+11,4489342,11534224,110.5,16629580102,16629580102
1990,Lower middle income,LMC,3.64583E+12,10907686,1572611,83.1,39905170014,39478430023
1990,Middle East & North Africa,MEA,1.97208E+12,6902898,1228222,50.5,20999369674,20999369674
1990,Middle East & North Africa (excluding high income),MNA,1.06913E+12,6901118,1228123,52.92934764,18206529790,18206529790
1990,Middle East & North Africa (IDA & IBRD countries),TMN,1.06526E+12,5969780,1219602,53.14656692,17093009849,17093009849
1990,Middle income,MIC,1.05054E+13,13207404,2967450,66.20161519,53109628113,52286328125
1990,North America,NAC,6.5254E+12,619648,,9.2,62310001.37,62310001.37
1990,Not classified,INX,,,,,,
1990,OECD members,OED,1.83597E+13,2801359,58105,17.45769091,7413849864,5245569904
1990,Other small states,OSS,,126464,5666,64.5609124,2504360023,2504360023
1990,Pacific island small states,PSS,4812892354,,,29.55344716,356060006.4,356060006.4
1990,Post-demographic dividend,PST,1.7326E+13,2152286,27353,8.984052715,783589984.6,209499995.9
1990,Pre-demographic dividend,PRE,6.15155E+11,4602252,11492529,110.2069106,21102860118,21102860118
1990,Small states,SST,,157121,12291,54.96405483,3823020032,3823020032
1990,South Asia,SAS,1.45409E+12,3486713,6548525,92.3,7823819931,7823819931
1990,South Asia (IDA & IBRD),TSA,1.45409E+12,3486713,6548525,92.33944814,7823819931,7823819931
1990,Sub-Saharan Africa,SSF,9.23503E+11,5641621,5746950,106.9,26723930171,26723930171
1990,Sub-Saharan Africa (excluding high income),SSA,9.22881E+11,5641621,5746892,106.8983169,26578910171,26578910171
1990,Sub-Saharan Africa (IDA & IBRD countries),TSS,9.23503E+11,5641621,5746950,106.8918669,25412220149,25412220149
1990,Upper middle income,UMC,6.85272E+12,2299718,1394839,41.6,12932399859,12535839863
1990,World,WLD,2.9426E+13,19850545,19850545,64.6,89643302490,86123812500
1991,Afghanistan,AFG,,38,6306301,117.1,757070007.3,757070007.3
1991,Albania,ALB,6237344739,,3542,34,456700012.2,456700012.2
1991,Algeria,DZA,1.81776E+11,169124,55,43.1,293730011,293730011
1991,American Samoa,ASM,,,,,,
1991,Andorra,AND,,,,8.9,,
1991,Angola,AGO,40546779830,11022,381638,132,403440002.4,403440002.4
1991,Antigua and Barbuda,ATG,765007773,,,11.4,10250000,10250000
1991,Argentina,ARG,2.64521E+11,11529,196,25.1,381660003.7,381660003.7
1991,Armenia,ARM,8949561637,,,40.2,4340000.153,4340000.153
1991,Aruba,ABW,1522141299,,,,41029998.78,41029998.78
1991,Australia,AUS,3.08281E+11,53117,,7.1,,
1991,Austria,AUT,1.59887E+11,34508,,7.6,,
1991,Azerbaijan,AZE,38696484279,,,76.1,300000.0119,300000.0119
1991,"Bahamas, The",BHS,5363353458,,,19.1,4079999.924,4079999.924
1991,Bahrain,BHR,15309705679,,52,19.3,137350006.1,137350006.1
1991,Bangladesh,BGD,1.12333E+11,40260,613,97.1,2358969971,2358969971
1991,Barbados,BRB,2481206904,,,15.5,3289999.962,3289999.962
1991,Belarus,BLR,54391157109,,,12.1,275540008.5,
1991,Belgium,BEL,1.96106E+11,24071,,8.1,,
1991,Belize,BLZ,953332722,29969,,29.6,34240001.68,34240001.68
1991,Benin,BEN,6749352134,456,,102.2,390600006.1,390600006.1
1991,Bermuda,BMU,2063112005,,,,-6940000.057,-6940000.057
1991,Bhutan,BTN,851361840.7,,9504,85.3,78599998.47,78599998.47
1991,Bolivia,BOL,17721116845,341,67,81.1,709619995.1,709619995.1
1991,Bosnia and Herzegovina,BIH,,,,14.9,9999.999776,9999.999776
1991,Botswana,BWA,8670339888,1054,5,33.8,192940002.4,192940002.4
1991,Brazil,BRA,1.04174E+12,5389,11,50.6,276989990.2,276989990.2
1991,British Virgin Islands,VGB,,,,16.8,8560000.42,8560000.42
1991,Brunei Darussalam,BRN,15408743061,,,10.3,4440000.057,4440000.057
1991,Bulgaria,BGR,62315345866,,2733,15.1,484119995.1,
1991,Burkina Faso,BFA,5854833811,320,6,98.5,626039978,626039978
1991,Burundi,BDI,3627299689,270136,223942,103.9,380209991.5,380209991.5
1991,Cabo Verde,CPV,411033542.2,5,,45.4,156960006.7,156960006.7
1991,Cambodia,KHM,,,43166,84.8,134619995.1,134619995.1
1991,Cameroon,CMR,22895204383,45237,,85.5,772830017.1,772830017.1
1991,Canada,CAN,5.67048E+11,170916,5,6.6,,
1991,Cayman Islands,CYM,,,,,-370000.0048,-370000.0048
1991,Central African Republic,CAF,1831615145,12223,320,115,250800003.1,250800003.1
1991,Chad,TCD,4667782269,,72317,110.5,391040008.5,391040008.5
1991,Channel Islands,CHI,,,,,,
1991,Chile,CHL,66075694113,72,14006,14.9,170720001.2,170720001.2
1991,China,CHN,1.25845E+12,289061,2011,42.4,2623590088,2623590088
1991,Colombia,COL,1.74769E+11,450,738,28.3,188059997.6,188059997.6
1991,Comoros,COM,638156433,,,86.3,92669998.17,92669998.17
1991,"Congo, Dem. Rep.",COD,28895968775,482959,65816,118.6,701239990.2,701239990.2
1991,"Congo, Rep.",COG,8659871532,3395,5,60.5,191979995.7,191979995.7
1991,Costa Rica,CRI,16568555218,117492,,13.8,267859985.4,267859985.4
1991,Cote d'Ivoire,CIV,33952537963,230290,15,104.2,917359985.4,917359985.4
1991,Croatia,HRV,,,,11.3,,
1991,Cuba,CUB,,,17614,10.3,52099998.47,52099998.47
1991,Curacao,CUW,,,,,,
1991,Cyprus,CYP,8062041795,61,,9.9,62630001.07,62630001.07
1991,Czechia,CZE,1.20151E+11,691,4491,9.9,355049987.8,
1991,Denmark,DNK,98316116058,36100,,6.9,,
1991,Djibouti,DJI,,96144,10,90,151619995.1,151619995.1
1991,Dominica,DMA,316839604.8,,,12.8,25579999.92,25579999.92
1991,Dominican Republic,DOM,27278672515,1571,,44.4,112949996.9,112949996.9
1991,Ecuador,ECU,53219427160,280,27,40.5,291829986.6,291829986.6
1991,"Egypt, Arab Rep.",EGY,2.1769E+11,2245,98,60.2,8510219727,8510219727
1991,El Salvador,SLV,16176587069,20099,33048,44.1,444910003.7,444910003.7
1991,Equatorial Guinea,GNQ,280184707,,60,120.1,90099998.47,90099998.47
1991,Eritrea,ERI,,,500633,90.1,,
1991,Estonia,EST,,,,13.9,20040000.92,
1991,Eswatini,SWZ,3040879648,49569,,51.4,80550003.05,80550003.05
1991,Ethiopia,ETH,19059181820,529620,251243,116.9,1609579956,1609579956
1991,Faroe Islands,FRO,,,,,,
1991,Fiji,FJI,3075326294,,,23.5,70900001.53,70900001.53
1991,Finland,FIN,88040890348,4561,,5.3,,
1991,France,FRA,1.07389E+12,174756,,7.1,,
1991,French Polynesia,PYF,,,,,448329986.6,448329986.6
1991,Gabon,GAB,12897033198,220,,59.3,206250000,206250000
1991,"Gambia, The",GMB,1584278615,240,16,79.2,148820007.3,148820007.3
1991,Georgia,GEO,22422719058,,,40.7,340000.0036,340000.0036
1991,Germany,DEU,1.67999E+12,821500,5,6.6,,
1991,Ghana,GHA,26482752927,8128,4702,77.6,1254630005,1254630005
1991,Gibraltar,GIB,,,,,3539999.962,3539999.962
1991,Greece,GRC,1.44681E+11,8989,6,8.6,,
1991,Greenland,GRL,,,,,,
1991,Grenada,GRD,476965252.3,,5,17,22879999.16,22879999.16
1991,Guam,GUM,,,,,,
1991,Guatemala,GTM,32198519369,223236,52584,57.3,297079986.6,297079986.6
1991,Guinea,GIN,5942992521,547961,,134,550039978,550039978
1991,Guinea-Bissau,GNB,1071904196,4631,5006,129.2,166320007.3,166320007.3
1991,Guyana,GUY,2484192285,,,45.9,184520004.3,184520004.3
1991,Haiti,HTI,15897529391,,1857,97.8,265519989,265519989
1991,Honduras,HND,10152684494,101961,21,43.4,460059997.6,460059997.6
1991,"Hong Kong SAR, China",HKG,1.13765E+11,4414,,,51869998.93,51869998.93
1991,Hungary,HUN,86364426060,73838,4734,14.7,962630004.9,
1991,Iceland,ISL,,141,,4.9,,
1991,India,IND,1.09514E+12,210569,406,86.5,3723439941,3723439941
1991,Indonesia,IDN,6.17313E+11,3157,6164,59.4,2335209961,2335209961
1991,"Iran, Islamic Rep.",IRN,4.93602E+11,4404995,130366,42.6,276480011,276480011
1991,Iraq,IRQ,47861267895,87990,1321853,41.5,890210022,890210022
1991,Ireland,IRL,50891054985,300,,7.2,,
1991,Isle of Man,IMN,,,,,,
1991,Israel,ISR,,,28,9.2,2899639893,2899639893
1991,Italy,ITA,1.10971E+12,9796,,8.1,,
1991,Jamaica,JAM,12486226445,5,,22.9,240789993.3,240789993.3
1991,Japan,JPN,2.58556E+12,6397,,4.5,,
1991,Jordan,JOR,16423661658,989647,114,28.6,1265430054,1265430054
1991,Kazakhstan,KAZ,1.2427E+11,,,43.8,163949996.9,163949996.9
1991,Kenya,KEN,41511270740,120163,31,66.2,1281270020,1281270020
1991,Kiribati,KIR,93805834.06,,,64.3,27719999.31,27719999.31
1991,"Korea, Dem. People's Rep.",PRK,,,,36.9,12630000.11,12630000.11
1991,"Korea, Rep.",KOR,4.10211E+11,162,5,12.4,60080001.83,60080001.83
1991,Kosovo,XKX,,,,82.4,,
1991,Kuwait,KWT,,45590,49,13.2,16920000.08,16920000.08
1991,Kyrgyz Republic,KGZ,10629584272,,,53.6,,
1991,Lao PDR,LAO,4704734285,,122328,102.9,150179992.7,150179992.7
1991,Latvia,LVA,,,,14.2,4869999.886,
1991,Lebanon,LBN,16608577809,320731,8501,25.6,183970001.2,183970001.2
1991,Lesotho,LSO,1529052285,220,5,66.9,181710006.7,181710006.7
1991,Liberia,LBR,,,673433,177.3,241970001.2,241970001.2
1991,Libya,LBY,,,841,33.9,10680000.31,10680000.31
1991,Liechtenstein,LIE,,,,,,
1991,Lithuania,LTU,,,5,13.3,5929999.828,
1991,Luxembourg,LUX,12845347967,692,,6.9,,
1991,"Macao SAR, China",MAC,10028446410,116,,,140000.0006,140000.0006
1991,Madagascar,MDG,13612451223,,,92.6,654520019.5,654520019.5
1991,Malawi,MWI,7204724050,981812,50,138,806880004.9,806880004.9
1991,Malaysia,MYS,1.3907E+11,13947,5,13.6,361459991.5,361459991.5
1991,Maldives,MDV,,,,59.8,37189998.63,37189998.63
1991,Mali,MLI,7841953466,13120,14705,118.5,673260009.8,673260009.8
1991,Malta,MLT,3442105597,,,9.7,32439998.63,32439998.63
1991,Marshall Islands,MHL,96410824.87,,,36.5,409999.9964,409999.9964
1991,Mauritania,MRT,5643267109,35200,79874,70.5,316920013.4,316920013.4
1991,Mauritius,MUS,5724348355,,,19.1,96019996.64,96019996.64
1991,Mexico,MEX,7.24208E+11,360170,,34.8,410929992.7,410929992.7
1991,"Micronesia, Fed. Sts.",FSM,189183861.1,,,38,670000.0167,670000.0167
1991,Moldova,MDA,,,,27.8,,
1991,Monaco,MCO,,,,3.8,,
1991,Mongolia,MNG,6892048382,,,73.8,86669998.17,86669998.17
1991,Montenegro,MNE,,,,14.2,,
1991,Morocco,MAR,75570762413,322,46,61.3,2225879883,2225879883
1991,Mozambique,MOZ,4101950983,420,1316635,160.7,1579810059,1579810059
1991,Myanmar,MMR,17278064938,,40052,80,228970001.2,228970001.2
1991,Namibia,NAM,5933586894,136,204,47.7,267329986.6,267329986.6
1991,Nauru,NRU,,,,49,629999.9952,629999.9952
1991,Nepal,NPL,17809100162,28319,,91.9,509720001.2,509720001.2
1991,Netherlands,NLD,3.03631E+11,19020,,6.6,,
1991,New Caledonia,NCL,,,,,447630004.9,447630004.9
1991,New Zealand,NZL,50769865154,16760,,8.7,,
1991,Nicaragua,NIC,8497395717,14933,46789,48.9,1240170044,1240170044
1991,Niger,NER,6303004923,1385,,131.5,546239990.2,546239990.2
1991,Nigeria,NGA,2.03188E+11,3573,22,123.9,375049987.8,375049987.8
1991,North Macedonia,MKD,10704870901,,,31.2,,
1991,Northern Mariana Islands,MNP,,,,,36889999.39,36889999.39
1991,Norway,NOR,83449877443,29054,,6.4,,
1991,Oman,OMN,52037630866,,,29,19049999.24,19049999.24
1991,Pakistan,PAK,2.52851E+11,3099891,523,105,1665859985,1665859985
1991,Palau,PLW,,,,29.8,,
1991,Panama,PAN,14598906673,914,640,25.5,186860000.6,186860000.6
1991,Papua New Guinea,PNG,7515389695,6098,,61.3,575059997.6,575059997.6
1991,Paraguay,PRY,24337359043,66,8,35.2,174960006.7,174960006.7
1991,Peru,PER,78315887445,683,473,54,888640014.6,888640014.6
1991,Philippines,PHL,1.68711E+11,8972,15,38,1317869995,1317869995
1991,Poland,POL,2.26605E+11,550,21643,14.7,4113310059,
1991,Portugal,PRT,1.26894E+11,998,,10.6,,
1991,Puerto Rico,PRI,50160305815,,,,,
1991,Qatar,QAT,,,,16.6,4000000,4000000
1991,Romania,ROU,1.10301E+11,651,27177,23.4,486410003.7,
1991,Russian Federation,RUS,1.16605E+12,,155576,17.3,825239990.2,
1991,Rwanda,RWA,4078978400,34004,431239,96.8,543750000,543750000
1991,Samoa,WSM,366762423.5,,,24.2,64260002.14,64260002.14
1991,San Marino,SMR,,,,11.3,,
1991,Sao Tome and Principe,STP,,,,69.8,78099998.47,78099998.47
1991,Saudi Arabia,SAU,6.18031E+11,33261,,33.1,18139999.39,18139999.39
1991,Senegal,SEN,12396898393,71908,25137,70.3,913440002.4,913440002.4
1991,Serbia,SRB,,517,45826,22.6,,
1991,Seychelles,SYC,661389507.4,,67,13.6,32970001.22,32970001.22
1991,Sierra Leone,SLE,3499125492,28036,142614,153.9,150539993.3,150539993.3
1991,Singapore,SGP,80032441182,166,,5.5,9000000,9000000
1991,Sint Maarten (Dutch part),SXM,,,,,,
1991,Slovak Republic,SVK,,,,12.1,176339996.3,
1991,Slovenia,SVN,,,,8.2,,
1991,Solomon Islands,SLB,459876277.2,,,30.4,54180000.31,54180000.31
1991,Somalia,SOM,,,732596,106.4,265619995.1,265619995.1
1991,South Africa,ZAF,2.66061E+11,,11205,46.8,,
1991,South Sudan,SSD,,,,145.7,,
1991,Spain,ESP,5.63931E+11,4005,,7.1,,
1991,Sri Lanka,LKA,44688949015,15,209349,19.1,1016429993,1016429993
1991,St. Kitts and Nevis,KNA,368467981.1,,,24.8,10920000.08,10920000.08
1991,St. Lucia,LCA,994251883.5,,,17.4,33490001.68,33490001.68
1991,St. Martin (French part),MAF,,,,,,
1991,St. Vincent and the Grenadines,VCT,462948815.3,,,19.2,23120000.84,23120000.84
1991,Sudan,SDN,43656855025,729200,196242,81.1,1283089966,1283089966
1991,Suriname,SUR,2843259494,,5921,37.5,67709999.08,67709999.08
1991,Sweden,SWE,1.78661E+11,124457,,5.6,,
1991,Switzerland,CHE,1.95795E+11,45622,,6.4,,
1991,Syrian Arab Republic,SYR,,298260,3037,29,742830017.1,742830017.1
1991,Tajikistan,TJK,13390455921,,,82.9,,
1991,Tanzania,TZA,24786702722,288103,13,99.2,1530660034,1530660034
1991,Thailand,THA,2.73382E+11,88164,29,28.9,936229980.5,936229980.5
1991,Timor-Leste,TLS,,,,126.5,1320000.052,1320000.052
1991,Togo,TGO,4383694853,3406,17,89.8,290000000,290000000
1991,Tonga,TON,232544705.2,,,18.2,27719999.31,27719999.31
1991,Trinidad and Tobago,TTO,9179727086,,,26.3,-3000000,-3000000
1991,Tunisia,TUN,33795030942,130,61,41.6,506589996.3,506589996.3
1991,Turkiye,TUR,4.8015E+11,30462,6452,52.7,2289149902,2289149902
1991,Turkmenistan,TKM,19730438724,,,63.9,,
1991,Turks and Caicos Islands,TCA,,,,10.9,24350000.38,24350000.38
1991,Tuvalu,TUV,15701053.61,,,41,8380000.114,8380000.114
1991,Uganda,UGA,12765645661,162521,39386,104.7,965309997.6,965309997.6
1991,Ukraine,UKR,3.72909E+11,,,16.4,541590026.9,
1991,United Arab Emirates,ARE,1.66119E+11,,,13.5,-12840000.15,-12840000.15
1991,United Kingdom,GBR,1.00037E+12,43368,,7.4,,
1991,United States,USA,6.15813E+12,513885,8,9.1,,
1991,Uruguay,URY,22205501233,81,601,19.5,57529998.78,57529998.78
1991,Uzbekistan,UZB,56093884433,,,57.7,,
1991,Vanuatu,VUT,263587524.2,,,28.4,68879997.25,68879997.25
1991,"Venezuela, RB",VEN,2.13592E+11,1720,,23.9,44520000.46,44520000.46
1991,Viet Nam,VNM,86794811024,20148,498323,35.6,307970001.2,307970001.2
1991,Virgin Islands (U.S.),VIR,,,,,,
1991,West Bank and Gaza,PSE,,987508,65177,34.5,,
1991,"Yemen, Rep.",YEM,26589690566,29977,74,86.4,410529998.8,410529998.8
1991,Zambia,ZMB,12243272191,140676,,108,1229060059,1229060059
1991,Zimbabwe,ZWE,19797264615,197627,128,51.8,551229980.5,551229980.5
1991,Africa Eastern and Southern,AFE,5.82539E+11,3999242,4151078,101.3107516,14730480038,14730480038
1991,Africa Western and Central,AFW,3.78467E+11,1009734,1018249,112.6929423,9516330109,9516330109
1991,Arab World,ARB,1.67825E+12,3825329,2408680,57.31736182,17332609682,17332609682
1991,Caribbean small states,CSS,39175779704,29974,5926,27.35159496,657869999.9,657869999.9
1991,Central Europe and the Baltics,CEB,7.3476E+11,75730,60783,15.52572286,6608700047,
1991,Early-demographic dividend,EAR,6.50373E+12,12026944,1269442,75.8759668,41444389416,41444389416
1991,East Asia & Pacific,EAS,6.40865E+12,510679,712098,43,10677219986,10677219986
1991,East Asia & Pacific (excluding high income),EAP,2.59756E+12,429547,712093,45.30162937,9614839995,9614839995
1991,East Asia & Pacific (IDA & IBRD countries),TEA,2.59432E+12,429547,712093,45.40720205,9382900002,9382900002
1991,Euro area,EMU,5.6208E+12,1103257,16,7.635058976,302249996.7,95069999.69
1991,Europe & Central Asia,ECS,1.02834E+13,1488708,272190,24.5,13674770033,3349219919
1991,Europe & Central Asia (excluding high income),ECA,2.51745E+12,30979,214129,38.22975602,7005589991,3143449915
1991,Europe & Central Asia (IDA & IBRD countries),TEC,2.89325E+12,32180,262949,35.73568258,9640999995,2914789912
1991,European Union,EUU,6.53556E+12,1339544,60794,9.657429924,6703770047,95069999.69
1991,Fragile and conflict affected situations,FCS,1.23287E+12,4026168,11127309,99.3808049,15172919996,14631329969
1991,Heavily indebted poor countries (HIPC),HPC,4.06944E+11,4742660,11130997,107.0680949,24130290108,24130290108
1991,High income,HIC,1.95293E+13,2303580,73522,10.1,10908709942,4784129890
1991,IBRD only,IBD,1.07185E+13,7477450,2733336,57.12889663,43149319595,36423109512
1991,IDA & IBRD total,IBT,1.19659E+13,16140321,14293113,70.18774026,76589869662,69863659579
1991,IDA blend,IDB,6.18994E+11,3475989,714,102.1323522,5747529993,5747529993
1991,IDA only,IDX,6.32186E+11,5186882,11559063,100.6717364,27693020074,27693020074
1991,IDA total,IDA,1.25133E+12,8662871,11559777,101.1605983,33440550067,33440550067
1991,Late-demographic dividend,LTE,5.56573E+12,903817,987561,39.55373669,17188499954,11562289905
1991,Latin America & Caribbean,LCN,2.92584E+12,890961,174606,41.8,8362359991,8362359991
1991,Latin America & Caribbean (excluding high income),LAC,2.56684E+12,888174,159359,43.81017433,7607899988,7607899988
1991,Latin America & the Caribbean (IDA & IBRD countries),TLA,2.81695E+12,890961,156992,42.34463497,7521369991,7521369991
1991,Least developed countries: UN classification,LDC,5.1283E+11,4544317,11676788,106.406766,23099080026,23099080026
1991,Low & middle income,LMY,1.13246E+13,17123841,14311770,70.74505489,87530399902,83329429688
1991,Low income,LIC,2.32271E+11,3582308,10975628,108.8,15977200038,15977200038
1991,Lower middle income,LMC,3.84028E+12,11268378,1603834,81.3,40006359574,39464769547
1991,Middle East & North Africa,MEA,2.21986E+12,7465924,1530362,48.8,20025889650,20025889650
1991,Middle East & North Africa (excluding high income),MNA,1.18278E+12,7387073,1530233,51.1663251,16911189754,16911189754
1991,Middle East & North Africa (IDA & IBRD countries),TMN,1.1785E+12,6399565,1465056,51.38823691,15468169716,15468169716
1991,Middle income,MIC,1.10982E+13,13541533,3336142,66.12535209,55897747803,53771257813
1991,North America,NAC,6.72724E+12,684801,13,8.9,-6940000.057,-6940000.057
1991,Not classified,INX,,,,,,
1991,OECD members,OED,1.92381E+13,2726900,52126,16.81228626,11924609822,6286439774
1991,Other small states,OSS,,152421,14929,63.72536827,2320370012,2300330011
1991,Pacific island small states,PSS,4942482872,,,28.72471033,323750000,323750000
1991,Post-demographic dividend,PST,1.81101E+13,2221959,29606,8.657445711,2844040021,219179997.8
1991,Pre-demographic dividend,PRE,6.41819E+11,4276421,12098683,109.1402752,20825730149,20825730149
1991,Small states,SST,,182395,20855,54.1963483,3301990012,3281950011
1991,South Asia,SAS,1.53391E+12,3379092,6526696,89.9,10147279896,10147279896
1991,South Asia (IDA & IBRD),TSA,1.53391E+12,3379092,6526696,89.87127207,10147279896,10147279896
1991,Sub-Saharan Africa,SSF,9.60303E+11,5008976,5169327,105.9,25979400063,25979400063
1991,Sub-Saharan Africa (excluding high income),SSA,9.59642E+11,5008976,5169260,105.9055578,25856330063,25856330063
1991,Sub-Saharan Africa (IDA & IBRD countries),TSS,9.60303E+11,5008976,5169327,105.8989711,24429150063,24429150063
1991,Upper middle income,UMC,7.25096E+12,2273155,1732308,40.8,15559919984,13975019991
1991,World,WLD,3.1006E+13,19429141,19429141,64.4,97902079102,87915359375
1992,Afghanistan,AFG,,60025,4552153,113.5,301920013.4,301920013.4
1992,Albania,ALB,5920987337,3000,4355,32.8,562070007.3,562070007.3
1992,Algeria,DZA,1.89265E+11,219314,69,42.8,489040008.5,489040008.5
1992,American Samoa,ASM,,,,,,
1992,Andorra,AND,,,,8.7,,
1992,Angola,AGO,39049622587,11002,300494,132.1,461459991.5,461459991.5
1992,Antigua and Barbuda,ATG,791506006.1,,,11.7,6639999.866,6639999.866
1992,Argentina,ARG,2.92024E+11,11515,111,24.4,341290008.5,341290008.5
1992,Armenia,ARM,5327344967,300000,195000,38.6,36270000.46,36270000.46
1992,Aruba,ABW,1648407758,,,,45220001.22,45220001.22
1992,Australia,AUS,3.19061E+11,52604,,6.7,,
1992,Austria,AUT,1.66954E+11,62355,,7.2,,
1992,Azerbaijan,AZE,30633636930,246000,300000,76.3,9670000.076,9670000.076
1992,"Bahamas, The",BHS,5275724134,374,,18.2,3930000.067,3930000.067
1992,Bahrain,BHR,16706160236,,53,18.8,110059997.6,110059997.6
1992,Bangladesh,BGD,1.21146E+11,245154,53921,93.1,2070969971,2070969971
1992,Barbados,BRB,2393289360,,,14.9,1529999.971,1529999.971
1992,Belarus,BLR,50290136477,,,12.2,367540008.5,
1992,Belgium,BEL,2.03645E+11,24292,,7.7,,
1992,Belize,BLZ,1092431752,20351,,28,38380001.07,38380001.07
1992,Benin,BEN,7107339440,293,,100.1,382570007.3,382570007.3
1992,Bermuda,BMU,2108867924,,,,-6559999.943,-6559999.943
1992,Bhutan,BTN,910826502,,75442,81.9,71830001.83,71830001.83
1992,Bolivia,BOL,18423392428,491,28,78.3,917210022,917210022
1992,Bosnia and Herzegovina,BIH,,,437501,21.7,17950000.76,17950000.76
1992,Botswana,BWA,9126612877,497,5,34.2,153750000,153750000
1992,Brazil,BRA,1.05968E+12,5439,11,48.3,-457739990.2,-457739990.2
1992,British Virgin Islands,VGB,,,,16.4,7420000.076,7420000.076
1992,Brunei Darussalam,BRN,16509841818,,,10.3,6119999.886,6119999.886
1992,Bulgaria,BGR,59100367030,218,2980,15.4,214199996.9,
1992,Burkina Faso,BFA,6002195549,5670,61,98.3,600309997.6,600309997.6
1992,Burundi,BDI,3747433157,271745,184129,104.5,431140014.6,431140014.6
1992,Cabo Verde,CPV,466382565.8,,,44.9,162059997.6,162059997.6
1992,Cambodia,KHM,,,28849,85,271309997.6,271309997.6
1992,Cameroon,CMR,22691038874,42233,84,86.7,976070007.3,976070007.3
1992,Canada,CAN,5.85191E+11,183723,5,6.4,,
1992,Cayman Islands,CYM,,,,,100000.0015,100000.0015
1992,Central African Republic,CAF,1753010156,19040,325,114.6,236410003.7,236410003.7
1992,Chad,TCD,5156158295,70,66378,109.3,330549987.8,330549987.8
1992,Channel Islands,CHI,,,,,,
1992,Chile,CHL,76266172939,142,14042,13.7,170960006.7,170960006.7
1992,China,CHN,1.47022E+12,288123,82576,41.9,3757939941,3757939941
1992,Colombia,COL,1.85982E+11,478,841,27.5,333769989,333769989
1992,Comoros,COM,708381116.6,,,83.8,64919998.17,64919998.17
1992,"Congo, Dem. Rep.",COD,26451258850,391127,81269,117.5,379649993.9,379649993.9
1992,"Congo, Rep.",COG,9088568283,3385,7,61.7,155039993.3,155039993.3
1992,Costa Rica,CRI,18505369445,114392,5,13.4,204110000.6,204110000.6
1992,Cote d'Ivoire,CIV,34641359038,174076,37,103.9,1026569946,1026569946
1992,Croatia,HRV,,403000,168570,10,9999.999776,9999.999776
1992,Cuba,CUB,,5092,21273,9.8,33130001.07,33130001.07
1992,Curacao,CUW,,,,,,
1992,Cyprus,CYP,9020870655,80,,9.5,39279998.78,39279998.78
1992,Czechia,CZE,1.22267E+11,9399,3327,9.3,190949996.9,
1992,Denmark,DNK,1.02525E+11,39124,,6.5,,
1992,Djibouti,DJI,,28000,10,88.7,149169998.2,149169998.2
1992,Dominica,DMA,330636638.4,,,12.7,17270000.46,17270000.46
1992,Dominican Republic,DOM,31031006150,510,,42.8,104569999.7,104569999.7
1992,Ecuador,ECU,55583117055,204,38,38.7,300980011,300980011
1992,"Egypt, Arab Rep.",EGY,2.32609E+11,5509,210,57.6,5574810059,5574810059
1992,El Salvador,SLV,17707037453,19903,30854,42,570969970.7,570969970.7
1992,Equatorial Guinea,GNQ,386139482,,115,119.2,82819999.69,82819999.69
1992,Eritrea,ERI,1835577957,,503200,86,1379999.995,1379999.995
1992,Estonia,EST,,,59,13.7,139399993.9,
1992,Eswatini,SWZ,3210519363,55580,,51.8,80589996.34,80589996.34
1992,Ethiopia,ETH,17802951528,431824,313131,114,1617930054,1617930054
1992,Faroe Islands,FRO,,,,,,
1992,Fiji,FJI,3337280306,,19,22.7,97910003.66,97910003.66
1992,Finland,FIN,87080489521,5950,,5,,
1992,France,FRA,1.11593E+12,156512,,6.7,,
1992,French Polynesia,PYF,,,,,432839996.3,432839996.3
1992,Gabon,GAB,12783325605,272,17,58.8,92330001.83,92330001.83
1992,"Gambia, The",GMB,1675130600,3632,25,77.2,152199996.9,152199996.9
1992,Georgia,GEO,12636475832,,,40.4,22610000.61,22610000.61
1992,Germany,DEU,1.75132E+12,1236000,5,6.2,,
1992,Ghana,GHA,28137061087,12114,4776,75.8,837750000,837750000
1992,Gibraltar,GIB,,,,,4199999.809,4199999.809
1992,Greece,GRC,1.49014E+11,8456,,8.2,,
1992,Greenland,GRL,,,,,,
1992,Grenada,GRD,483682662.3,,,16.1,17770000.46,17770000.46
1992,Guam,GUM,,,,,,
1992,Guatemala,GTM,34525670760,222929,53940,55.1,304929992.7,304929992.7
1992,Guinea,GIN,6277250168,478491,16,130.4,606760009.8,606760009.8
1992,Guinea-Bissau,GNB,1108391582,12163,5006,126.9,149220001.2,149220001.2
1992,Guyana,GUY,2737917534,,,44.8,97120002.75,97120002.75
1992,Haiti,HTI,15396434303,,2483,95.1,151910003.7,151910003.7
1992,Honduras,HND,11014750163,100348,41,41.7,447940002.4,447940002.4
1992,"Hong Kong SAR, China",HKG,1.23612E+11,2605,,,-51409999.85,-51409999.85
1992,Hungary,HUN,85625931336,32412,3994,13.8,319559997.6,
1992,Iceland,ISL,,154,,4.8,,
1992,India,IND,1.1815E+12,258372,1021,84.3,3203590088,3203590088
1992,Indonesia,IDN,6.72405E+11,3530,6829,57.1,2253040039,2253040039
1992,"Iran, Islamic Rep.",IRN,5.21501E+11,4150723,128781,40.8,159050003.1,159050003.1
1992,Iraq,IRQ,64906517042,115000,1343824,40.8,189330001.8,189330001.8
1992,Ireland,IRL,53791042217,500,,6.8,,
1992,Isle of Man,IMN,,,,,,
1992,Israel,ISR,,,37,8.7,3431250000,3431250000
1992,Italy,ITA,1.14447E+12,9242,,7.7,,
1992,Jamaica,JAM,13020514308,90,,22.3,191960006.7,191960006.7
1992,Japan,JPN,2.66663E+12,6669,,4.4,,
1992,Jordan,JOR,19208409264,1042393,183,27.8,564679992.7,564679992.7
1992,Kazakhstan,KAZ,1.20366E+11,,,44,15829999.92,15829999.92
1992,Kenya,KEN,42117832022,402194,61,67.2,1194150024,1194150024
1992,Kiribati,KIR,96785195.29,,,62.3,33930000.31,33930000.31
1992,"Korea, Dem. People's Rep.",PRK,,,,41.1,14479999.54,14479999.54
1992,"Korea, Rep.",KOR,4.45567E+11,149,5,11.4,-23040000.92,-23040000.92
1992,Kosovo,XKX,,,,77.5,,
1992,Kuwait,KWT,59112619826,44879,77,12.7,8859999.657,8859999.657
1992,Kyrgyz Republic,KGZ,9367397735,,,53.9,22620000.84,22620000.84
1992,Lao PDR,LAO,5079488590,,96158,99.7,189830001.8,189830001.8
1992,Latvia,LVA,,,5,15.2,116629997.3,
1992,Lebanon,LBN,19779466090,330231,10257,24.5,152740005.5,152740005.5
1992,Lesotho,LSO,1672688469,117,,66.5,200419998.2,200419998.2
1992,Liberia,LBR,,100048,520914,176.8,167389999.4,167389999.4
1992,Libya,LBY,,,687,32.3,4429999.828,4429999.828
1992,Liechtenstein,LIE,,,,,,
1992,Lithuania,LTU,,,10,14.3,130520004.3,
1992,Luxembourg,LUX,13377150138,2208,,6.5,,
1992,"Macao SAR, China",MAC,11621070336,15,,,159999.9964,159999.9964
1992,Madagascar,MDG,14087077454,,,89.9,496709991.5,496709991.5
1992,Malawi,MWI,6828552438,1058498,50,132.9,801450012.2,801450012.2
1992,Malaysia,MYS,1.54878E+11,11399,5,13,233470001.2,233470001.2
1992,Maldives,MDV,,,,56.8,40049999.24,40049999.24
1992,Mali,MLI,7762506432,13109,71190,116.8,605320007.3,605320007.3
1992,Malta,MLT,3685694629,,,9.3,6030000.21,6030000.21
1992,Marshall Islands,MHL,105649394.8,,,35.3,6039999.962,6039999.962
1992,Mauritania,MRT,5880044246,37500,79594,69.9,270600006.1,270600006.1
1992,Mauritius,MUS,6236106670,,,18.6,63029998.78,63029998.78
1992,Mexico,MEX,7.69847E+11,360991,,33.3,439239990.2,439239990.2
1992,"Micronesia, Fed. Sts.",FSM,201250510,,,37.3,15199999.81,15199999.81
1992,Moldova,MDA,,,,28.6,16209999.08,
1992,Monaco,MCO,,,,3.6,,
1992,Mongolia,MNG,6396613350,,,71.1,124389999.4,124389999.4
1992,Montenegro,MNE,,,,13.8,,
1992,Morocco,MAR,75671548097,319,92,59.2,1274920044,1274920044
1992,Mozambique,MOZ,3938472571,299,1445474,158,2030300049,2030300049
1992,Myanmar,MMR,18464987020,,245127,78.4,135270004.3,135270004.3
1992,Namibia,NAM,6505115413,171,17,47,193000000,193000000
1992,Nauru,NRU,,,,46.9,639999.9857,639999.9857
1992,Nepal,NPL,18962933643,95251,,87.6,512590026.9,512590026.9
1992,Netherlands,NLD,3.15848E+11,29721,,6.3,,
1992,New Caledonia,NCL,,,,,474850006.1,474850006.1
1992,New Zealand,NZL,52629421953,17310,,8.2,,
1992,Nicaragua,NIC,8724621292,14450,44275,46.8,857909973.1,857909973.1
1992,Niger,NER,6575626150,3699,22006,128.6,493100006.1,493100006.1
1992,Nigeria,NGA,2.17443E+11,4782,75,123.5,349890014.6,349890014.6
1992,North Macedonia,MKD,10230013174,32000,,29.8,,
1992,Northern Mariana Islands,MNP,,,,,9439999.58,9439999.58
1992,Norway,NOR,88402485598,29846,,5.9,,
1992,Oman,OMN,57701687331,,,26.6,56900001.53,56900001.53
1992,Pakistan,PAK,2.78542E+11,1629218,1088,102.9,1134280029,1134280029
1992,Palau,PLW,,,,29.6,9999.999776,9999.999776
1992,Panama,PAN,16156244983,1007,652,25,290440002.4,290440002.4
1992,Papua New Guinea,PNG,8751190603,6686,,60.4,692830017.1,692830017.1
1992,Paraguay,PRY,25314260247,45,10,34.1,82300003.05,82300003.05
1992,Peru,PER,79667685040,640,727,51.3,570109985.4,570109985.4
1992,Philippines,PHL,1.73277E+11,6721,45,36.4,2014469971,2014469971
1992,Poland,POL,2.37598E+11,2719,14518,14.3,1959869995,
1992,Portugal,PRT,1.31199E+11,1778,,9.7,,
1992,Puerto Rico,PRI,53644928608,,,,,
1992,Qatar,QAT,,,,15.6,3789999.962,3789999.962
1992,Romania,ROU,1.02924E+11,520,25118,22.8,365679992.7,
1992,Russian Federation,RUS,1.01933E+12,,213802,17.4,2572429932,
1992,Rwanda,RWA,4416940919,25162,434731,104.2,487329986.6,487329986.6
1992,Samoa,WSM,374370417.2,,,23.5,72629997.25,72629997.25
1992,San Marino,SMR,,,,10.2,,
1992,Sao Tome and Principe,STP,,,,69.8,80589996.34,80589996.34
1992,Saudi Arabia,SAU,6.57321E+11,28660,,31,55099998.47,55099998.47
1992,Senegal,SEN,12846810384,71620,15463,70.1,892340026.9,892340026.9
1992,Serbia,SRB,,516430,90081,21.2,,
1992,Seychelles,SYC,724984896.4,,52,13.2,28110000.61,28110000.61
1992,Sierra Leone,SLE,2898420585,5866,253591,153,184210006.7,184210006.7
1992,Singapore,SGP,87291408492,115,,5,24299999.24,24299999.24
1992,Sint Maarten (Dutch part),SXM,,,,,,
1992,Slovak Republic,SVK,38070737638,,,11.6,93080001.83,
1992,Slovenia,SVN,,74100,,7.6,,
1992,Solomon Islands,SLB,530091705.4,,,29.7,65610000.61,65610000.61
1992,Somalia,SOM,,480,812196,105.1,1002580017,1002580017
1992,South Africa,ZAF,2.66309E+11,,9241,46.2,,
1992,South Sudan,SSD,,,,142.6,,
1992,Spain,ESP,5.82141E+11,4040,,6.7,,
1992,Sri Lanka,LKA,47718490372,21,128115,18.7,692179992.7,692179992.7
1992,St. Kitts and Nevis,KNA,392953305.7,,,24.4,11069999.69,11069999.69
1992,St. Lucia,LCA,1097785610,,,17.1,36990001.68,36990001.68
1992,St. Martin (French part),MAF,,,,,,
1992,St. Vincent and the Grenadines,VCT,503698488.9,,,18.9,25069999.69,25069999.69
1992,Sudan,SDN,47588886189,725900,267767,79.8,741109985.4,741109985.4
1992,Suriname,SUR,2919687047,52,2545,36.4,119559997.6,119559997.6
1992,Sweden,SWE,1.80616E+11,131069,,5.2,,
1992,Switzerland,CHE,2.0017E+11,51930,,6.1,,
1992,Syrian Arab Republic,SYR,,312352,4408,27.9,266010009.8,266010009.8
1992,Tajikistan,TJK,9723884661,3000,60008,86,19350000.38,19350000.38
1992,Tanzania,TZA,25499704280,292148,19,98,1826900024,1826900024
1992,Thailand,THA,3.02214E+11,63625,33,27.5,901630004.9,901630004.9
1992,Timor-Leste,TLS,,,,121.5,209999.9934,209999.9934
1992,Togo,TGO,4305117439,3353,105,88.7,307149993.9,307149993.9
1992,Tonga,TON,238443500,,,17.6,35279998.78,35279998.78
1992,Trinidad and Tobago,TTO,10336547094,,,26,8760000.229,8760000.229
1992,Tunisia,TUN,37263254361,111,88,39.9,518109985.4,518109985.4
1992,Turkiye,TUR,5.2036E+11,28477,10089,50,449880004.9,449880004.9
1992,Turkmenistan,TKM,17159930001,,,63.9,10060000.42,10060000.42
1992,Turks and Caicos Islands,TCA,,,,10.3,19850000.38,19850000.38
1992,Tuvalu,TUV,16506714.43,,,40.5,11890000.34,11890000.34
1992,Uganda,UGA,13502883208,196290,32456,102.3,1003440002,1003440002
1992,Ukraine,UKR,3.43648E+11,,39,16.5,737359985.4,
1992,United Arab Emirates,ARE,1.75588E+11,,,12.8,-13170000.08,-13170000.08
1992,United Kingdom,GBR,1.02727E+12,64717,,6.9,,
1992,United States,USA,6.52033E+12,579938,8,8.8,,
1992,Uruguay,URY,24512930941,90,431,19.1,84819999.69,84819999.69
1992,Uzbekistan,UZB,50946525816,,,57.8,1629999.995,1629999.995
1992,Vanuatu,VUT,276564579.4,,,27.5,59209999.08,59209999.08
1992,"Venezuela, RB",VEN,2.31699E+11,1990,5,23.3,44729999.54,44729999.54
1992,Viet Nam,VNM,96448124221,16263,517111,34.1,675090026.9,675090026.9
1992,Virgin Islands (U.S.),VIR,,,,,,
1992,West Bank and Gaza,PSE,,1055436,95343,33.1,,
1992,"Yemen, Rep.",YEM,29427755085,59680,31,84.4,344950012.2,344950012.2
1992,Zambia,ZMB,12305534370,142104,1990,107.3,1390250000,1390250000
1992,Zimbabwe,ZWE,18422915439,237713,8,52.5,1096510010,1096510010
1992,Africa Eastern and Southern,AFE,5.84698E+11,4242851,4386290,100.2981467,15747409929,15747409929
1992,Africa Western and Central,AFW,3.97009E+11,991416,1039785,111.9724663,8986280006,8986280006
1992,Arab World,ARB,1.80196E+12,4005764,2614889,55.52981363,11828940120,11828940120
1992,Caribbean small states,CSS,41376373940,20867,2545,26.57363968,576050010.2,576050010.2
1992,Central Europe and the Baltics,CEB,7.36917E+11,522368,218581,15.146085,3529899977,9999.999776
1992,Early-demographic dividend,EAR,6.9343E+12,10697352,1706024,73.9334892,35023300234,35023300234
1992,East Asia & Pacific,EAS,6.91222E+12,475814,976757,42.1,12756370003,12756370003
1992,East Asia & Pacific (excluding high income),EAP,2.92758E+12,396347,976752,44.51420152,11877010003,11877010003
1992,East Asia & Pacific (IDA & IBRD countries),TEA,2.92392E+12,396347,976752,44.56000006,11647830004,11647830004
1992,Euro area,EMU,5.82995E+12,1615234,79,7.254234466,524939996.2,45309998.99
1992,Europe & Central Asia,ECS,1.03556E+13,3509249,1529461,24.2,11596909902,3321279989
1992,Europe & Central Asia (excluding high income),ECA,2.3303E+12,1129125,1313855,38.3869039,5888609991,3135419996
1992,Europe & Central Asia (IDA & IBRD countries),TEC,2.70795E+12,1535364,1522061,35.83142695,7401239925,1167950016
1992,European Union,EUU,6.75334E+12,2233695,218586,9.187146942,3575209975,45319998.99
1992,Fragile and conflict affected situations,FCS,1.2643E+12,4104639,10026663,98.42835222,14381860194,13644500208
1992,Heavily indebted poor countries (HIPC),HPC,4.15201E+11,4697253,9714970,105.5122308,23503250140,23503250140
1992,High income,HIC,2.0427E+13,3298404,230968,9.7,8570289987,5254600007
1992,IBRD only,IBD,1.11963E+13,8872778,3968045,56.13950919,35975350072,29742060163
1992,IDA & IBRD total,IBT,1.25012E+13,16593708,14376307,69.38971474,67982120307,61748830397
1992,IDA blend,IDB,6.5501E+11,2326211,1342,101.4105337,5957680099,5957680099
1992,IDA only,IDX,6.53309E+11,5394719,10406920,98.77144305,26049090135,26049090135
1992,IDA total,IDA,1.30898E+12,7720930,10408262,99.65753754,32006770235,32006770235
1992,Late-demographic dividend,LTE,5.74717E+12,1977379,1596693,38.80109705,16220809945,10957510033
1992,Latin America & Caribbean,LCN,3.08233E+12,881523,172312,40.1,7160219988,7160219988
1992,Latin America & Caribbean (excluding high income),LAC,2.68759E+12,877920,157182,41.96981772,6414869972,6414869972
1992,Latin America & the Caribbean (IDA & IBRD countries),TLA,2.96737E+12,876057,151039,40.56391455,6331039980,6331039980
1992,Least developed countries: UN classification,LDC,5.30363E+11,4789360,10465754,104.3743228,22707080197,22707080197
1992,Low & middle income,LMY,1.18236E+13,17244768,14269535,69.94773294,81416541504,76456601563
1992,Low income,LIC,2.37363E+11,3700032,9570596,107.2,15142890152,15142890152
1992,Lower middle income,LMC,4.02153E+12,10117927,1796065,79.6,36391630263,35654270278
1992,Middle East & North Africa,MEA,2.37326E+12,7392607,1584150,47.2,13728500113,13728500113
1992,Middle East & North Africa (excluding high income),MNA,1.26773E+12,7319068,1583983,49.62663222,10069680116,10069680116
1992,Middle East & North Africa (IDA & IBRD countries),TMN,1.26314E+12,6263632,1488640,49.85579915,9687240119,9687240119
1992,Middle income,MIC,1.15917E+13,13544736,4698939,65.25265001,52034950928,48127210938
1992,North America,NAC,7.10763E+12,763661,13,8.6,-6559999.943,-6559999.943
1992,Not classified,INX,,,,,,
1992,OECD members,OED,2.01248E+13,3321397,46950,16.09931563,7956179977,5006169991
1992,Other small states,OSS,,100666,80801,62.79978146,2068979975,1929579981
1992,Pacific island small states,PSS,5338178080,,19,27.93443382,398349999.8,398349999.8
1992,Post-demographic dividend,PST,1.88514E+13,3224589,637717,8.333968464,1975429990,15300000.35
1992,Pre-demographic dividend,PRE,6.79331E+11,4645842,10560074,108.0772023,20285420132,20285420132
1992,Small states,SST,,121533,83365,53.3701242,3043379985,2903979991
1992,South Asia,SAS,1.65986E+12,2288041,4811740,87.5,8027410122,8027410122
1992,South Asia (IDA & IBRD),TSA,1.65986E+12,2288041,4811740,87.49176728,8027410122,8027410122
1992,Sub-Saharan Africa,SSF,9.81197E+11,5234267,5426075,105,26587390232,26587390232
1992,Sub-Saharan Africa (excluding high income),SSA,9.80471E+11,5234267,5426023,105.0345028,26476460231,26476460231
1992,Sub-Saharan Africa (IDA & IBRD countries),TSS,9.81197E+11,5234267,5426075,105.0283906,24887360156,24887360156
1992,Upper middle income,UMC,7.56272E+12,3426809,2902874,39.9,13523119896,10352739960
1992,World,WLD,3.24181E+13,20545162,20545162,63.6,87721348633,81652468750
1993,Afghanistan,AFG,,32131,3374575,110.2,334480011,334480011
1993,Albania,ALB,6640762795,3000,4747,31.7,405029998.8,405029998.8
1993,Algeria,DZA,1.89682E+11,219067,84,42.3,461769989,461769989
1993,American Samoa,ASM,,,,,,
1993,Andorra,AND,,,,8.4,,
1993,Angola,AGO,30387804667,10873,323822,132.1,435290008.5,435290008.5
1993,Antigua and Barbuda,ATG,853048521.6,,,12,4550000.191,4550000.191
1993,Argentina,ARG,3.2348E+11,11623,97,23.5,356730011,356730011
1993,Armenia,ARM,4973702540,334000,200116,37,173190002.4,173190002.4
1993,Aruba,ABW,1810796527,,,,38860000.61,38860000.61
1993,Australia,AUS,3.3888E+11,53505,,6.3,,
1993,Austria,AUT,1.71812E+11,57687,,6.7,,
1993,Azerbaijan,AZE,24115654422,228840,328005,76.4,33860000.61,33860000.61
1993,"Bahamas, The",BHS,5417400642,59,,17.4,1620000.005,1620000.005
1993,Bahrain,BHR,19303201194,,59,18,157270004.3,157270004.3
1993,Bangladesh,BGD,1.29861E+11,198950,57154,89.2,1629829956,1629829956
1993,Barbados,BRB,2469448757,,,14.4,7429999.828,7429999.828
1993,Belarus,BLR,47569536599,,,12.3,272559997.6,
1993,Belgium,BEL,2.06467E+11,24908,,7.3,,
1993,Belize,BLZ,1188074944,8912,,26.6,47240001.68,47240001.68
1993,Benin,BEN,7700436168,156239,62,98,405820007.3,405820007.3
1993,Bermuda,BMU,2223805865,,,,-6449999.809,-6449999.809
1993,Bhutan,BTN,950937386.8,,85334,78.5,81400001.53,81400001.53
1993,Bolivia,BOL,19665282457,669,40,75.5,785489990.2,785489990.2
1993,Bosnia and Herzegovina,BIH,,,618428,21,98150001.53,98150001.53
1993,Botswana,BWA,9521965415,517,5,35.1,191449996.9,191449996.9
1993,Brazil,BRA,1.13822E+12,6198,9,46,230169998.2,230169998.2
1993,British Virgin Islands,VGB,,,,16,4960000.038,4960000.038
1993,Brunei Darussalam,BRN,16952657549,,,10.2,5050000.191,5050000.191
1993,Bulgaria,BGR,59605697992,443,3157,15.4,170839996.3,
1993,Burkina Faso,BFA,6357151656,6597,61,98.1,678929992.7,678929992.7
1993,Burundi,BDI,3596877422,271883,871376,109.5,312399993.9,312399993.9
1993,Cabo Verde,CPV,519014153.2,,,44.8,169460006.7,169460006.7
1993,Cambodia,KHM,11255158194,5,9751,85.4,410519989,410519989
1993,Cameroon,CMR,21386362252,44013,170,88.1,764469970.7,764469970.7
1993,Canada,CAN,6.15003E+11,183241,5,6.2,,
1993,Cayman Islands,CYM,,,,,-479999.9893,-479999.9893
1993,Central African Republic,CAF,1800579181,44129,309,114.1,235199996.9,235199996.9
1993,Chad,TCD,4449152370,62,212923,108.1,321350006.1,321350006.1
1993,Channel Islands,CHI,,,,,,
1993,Chile,CHL,84364777740,237,15265,12.7,246369995.1,246369995.1
1993,China,CHN,1.71403E+12,287424,111507,41,3945780029,3945780029
1993,Colombia,COL,2.00644E+11,296,1040,26.6,157500000,157500000
1993,Comoros,COM,746971274.3,,,81.5,66800003.05,66800003.05
1993,"Congo, Dem. Rep.",COD,23431061208,572070,74817,116.5,255460006.7,255460006.7
1993,"Congo, Rep.",COG,9212848507,13646,7,63.4,172440002.4,172440002.4
1993,Costa Rica,CRI,20288502129,24834,5,13,168539993.3,168539993.3
1993,Cote d'Ivoire,CIV,35394216903,251578,41,103.6,1056939941,1056939941
1993,Croatia,HRV,,287000,151689,9.5,,
1993,Cuba,CUB,,3611,22409,9.4,64639999.39,64639999.39
1993,Curacao,CUW,,,,,,
1993,Cyprus,CYP,9299338840,81,,9.1,51689998.63,51689998.63
1993,Czechia,CZE,1.25243E+11,188,5017,8.6,145270004.3,
1993,Denmark,DNK,1.04966E+11,44570,,6.1,,
1993,Djibouti,DJI,,34065,36,87.6,194929992.7,194929992.7
1993,Dominica,DMA,345789671,,,12.7,13270000.46,13270000.46
1993,Dominican Republic,DOM,34105997825,1330,,41.2,-16139999.39,-16139999.39
1993,Ecuador,ECU,58023399118,232,48,36.8,267279998.8,267279998.8
1993,"Egypt, Arab Rep.",EGY,2.4503E+11,6709,257,54.9,3636620117,3636620117
1993,El Salvador,SLV,19181426142,161,26125,40,533140014.6,533140014.6
1993,Equatorial Guinea,GNQ,438905740.5,,214,118.4,76230003.36,76230003.36
1993,Eritrea,ERI,2131914134,5,427208,81.6,105150001.5,105150001.5
1993,Estonia,EST,,,95,13.4,64379997.25,
1993,Eswatini,SWZ,3388705730,48890,,53.3,80559997.56,80559997.56
1993,Ethiopia,ETH,20620215798,272632,251828,110.7,1562949951,1562949951
1993,Faroe Islands,FRO,,,,,,
1993,Fiji,FJI,3489155295,,89,22,89540000.92,89540000.92
1993,Finland,FIN,88554495710,8511,,4.8,,
1993,France,FRA,1.1352E+12,166269,,6.2,,
1993,French Polynesia,PYF,,,,,464720001.2,464720001.2
1993,Gabon,GAB,13602793197,,17,58.2,141509994.5,141509994.5
1993,"Gambia, The",GMB,1766489509,2182,27,75.1,120019996.6,120019996.6
1993,Georgia,GEO,9145754022,,6010,40,163690002.4,163690002.4
1993,Germany,DEU,1.77531E+12,1418000,8,5.8,,
1993,Ghana,GHA,30200999387,150095,4471,74.5,872280029.3,872280029.3
1993,Gibraltar,GIB,,,,,-19999.99955,-19999.99955
1993,Greece,GRC,1.50105E+11,7859,,8,,
1993,Greenland,GRL,,,,,,
1993,Grenada,GRD,485448555.9,,,15.4,11079999.92,11079999.92
1993,Guam,GUM,,,,,,
1993,Guatemala,GTM,36732053741,4689,50265,53.1,316100006.1,316100006.1
1993,Guinea,GIN,6750181176,577156,27,126.7,572159973.1,572159973.1
1993,Guinea-Bissau,GNB,1158492175,20727,5006,124.3,137110000.6,137110000.6
1993,Guyana,GUY,3031948599,,,43.7,129660003.7,129660003.7
1993,Haiti,HTI,14906122837,,3861,92.5,187490005.5,187490005.5
1993,Honduras,HND,12008283754,65,450,40.1,413309997.6,413309997.6
1993,"Hong Kong SAR, China",HKG,1.3439E+11,1846,,,40509998.32,40509998.32
1993,Hungary,HUN,87150561358,3019,5014,12.6,237539993.3,
1993,Iceland,ISL,,160,,4.6,,
1993,India,IND,1.26697E+12,262802,1491,82.2,1965150024,1965150024
1993,Indonesia,IDN,7.33061E+11,2402,7925,54.8,2157669922,2157669922
1993,"Iran, Islamic Rep.",IRN,5.26009E+11,2495038,115516,39.3,200009994.5,200009994.5
1993,Iraq,IRQ,86571105756,109066,771074,40.2,244770004.3,244770004.3
1993,Ireland,IRL,56548780671,119,,6.4,,
1993,Isle of Man,IMN,,,,,,
1993,Israel,ISR,,,114,8.2,2084560059,2084560059
1993,Italy,ITA,1.16161E+12,50266,,7.3,,
1993,Jamaica,JAM,14584363943,60,5,21.7,168929992.7,168929992.7
1993,Japan,JPN,2.71678E+12,6495,,4.4,,
1993,Jordan,JOR,20546022622,1140664,239,27,441339996.3,441339996.3
1993,Kazakhstan,KAZ,1.11883E+11,5000,,44.5,23229999.54,23229999.54
1993,Kenya,KEN,43268452791,301595,83,67.7,1255810059,1255810059
1993,Kiribati,KIR,99940892.51,,,60.4,22190000.53,22190000.53
1993,"Korea, Dem. People's Rep.",PRK,,,,45.5,19540000.92,19540000.92
1993,"Korea, Rep.",KOR,4.87498E+11,,5,10.5,-53150001.53,-53150001.53
1993,Kosovo,XKX,,,,72.7,,
1993,Kuwait,KWT,81082709699,30000,91,12.5,2690000.057,2690000.057
1993,Kyrgyz Republic,KGZ,8106974352,21242,,54,149190002.4,149190002.4
1993,Lao PDR,LAO,5507336139,,74500,96.4,206559997.6,206559997.6
1993,Latvia,LVA,,,5,15.7,47990001.68,
1993,Lebanon,LBN,22428172435,335846,10629,23.5,202830001.8,202830001.8
1993,Lesotho,LSO,1772435891,60,55,66.6,209429992.7,209429992.7
1993,Liberia,LBR,,150155,704048,174.4,177550003.1,177550003.1
1993,Libya,LBY,,1183,595,30.9,4039999.962,4039999.962
1993,Liechtenstein,LIE,,,,,,
1993,Lithuania,LTU,,,15,14.2,94809997.56,
1993,Luxembourg,LUX,14269473603,225,,6.1,,
1993,"Macao SAR, China",MAC,12513478964,10,,,209999.9934,209999.9934
1993,Madagascar,MDG,14723818721,,,87.3,500890014.6,500890014.6
1993,Malawi,MWI,7667911939,713605,43,128,704489990.2,704489990.2
1993,Malaysia,MYS,1.74237E+11,145,5,12.4,169619995.1,169619995.1
1993,Maldives,MDV,,,,53.9,34599998.47,34599998.47
1993,Mali,MLI,8198580672,15224,98575,115.2,542469970.7,542469970.7
1993,Malta,MLT,3942119385,505,,9,49189998.63,49189998.63
1993,Marshall Islands,MHL,114649612.4,,,34.4,45939998.63,45939998.63
1993,Mauritania,MRT,6372980244,51548,67887,69.5,455549987.8,455549987.8
1993,Mauritius,MUS,6708358590,,,18.7,38189998.63,38189998.63
1993,Mexico,MEX,7.58505E+11,52472,,32,627890014.6,627890014.6
1993,"Micronesia, Fed. Sts.",FSM,222792275.8,,,36.6,91610000.61,91610000.61
1993,Moldova,MDA,,,5,29.6,46860000.61,
1993,Monaco,MCO,,,,3.5,,
1993,Mongolia,MNG,6340734898,,,68.6,124150001.5,124150001.5
1993,Montenegro,MNE,,,,13.6,,
1993,Morocco,MAR,76891519773,336,105,57.1,1119479980,1119479980
1993,Mozambique,MOZ,4459142206,202,1172548,154.5,1773130005,1773130005
1993,Myanmar,MMR,20370790813,,281571,76.7,113480003.4,113480003.4
1993,Namibia,NAM,6554122350,584,133,46.6,219199996.9,219199996.9
1993,Nauru,NRU,,,,44.8,680000.0072,680000.0072
1993,Nepal,NPL,20159768607,105344,,83.4,392089996.3,392089996.3
1993,Netherlands,NLD,3.27402E+11,43521,,6.1,,
1993,New Caledonia,NCL,,,,,550989990.2,550989990.2
1993,New Zealand,NZL,56892712755,3942,,7.8,,
1993,Nicaragua,NIC,8896329669,5642,33056,44.7,457510009.8,457510009.8
1993,Niger,NER,6753143029,16686,22306,125,483109985.4,483109985.4
1993,Nigeria,NGA,2.18067E+11,4819,95,123,424079986.6,424079986.6
1993,North Macedonia,MKD,9690279846,31452,1895,28.3,4989999.771,4989999.771
1993,Northern Mariana Islands,MNP,,,,,143380004.9,143380004.9
1993,Norway,NOR,93072757481,38375,,5.4,,
1993,Oman,OMN,62638954686,,,24.3,185380004.9,185380004.9
1993,Pakistan,PAK,2.90156E+11,1479266,1420,100.8,1110410034,1110410034
1993,Palau,PLW,,,,29.3,9999.999776,9999.999776
1993,Panama,PAN,17441539494,964,677,24.5,117879997.3,117879997.3
1993,Papua New Guinea,PNG,10589297812,7670,,59.4,518530029.3,518530029.3
1993,Paraguay,PRY,27193516881,50,15,33.1,112430000.3,112430000.3
1993,Peru,PER,85832535565,736,1967,48.5,787659973.1,787659973.1
1993,Philippines,PHL,1.81254E+11,2476,111,34.9,1698989990,1698989990
1993,Poland,POL,2.52323E+11,810,13385,13.9,1511660034,
1993,Portugal,PRT,1.31565E+11,600,,8.8,,
1993,Puerto Rico,PRI,57467107056,,,,,
1993,Qatar,QAT,,,,14.7,5130000.114,5130000.114
1993,Romania,ROU,1.06974E+11,1170,23566,22.4,247750000,
1993,Russian Federation,RUS,9.53032E+11,,243312,17.6,3527760010,
1993,Rwanda,RWA,4154991773,277000,450459,112.8,513320007.3,513320007.3
1993,Samoa,WSM,398957247.9,,,22.8,69639999.39,69639999.39
1993,San Marino,SMR,,,,9.3,,
1993,Sao Tome and Principe,STP,,,,69.5,66769996.64,66769996.64
1993,Saudi Arabia,SAU,6.63725E+11,24025,5,29,33349998.47,33349998.47
1993,Senegal,SEN,13330209428,73001,22594,70.2,702099975.6,702099975.6
1993,Serbia,SRB,,479110,58255,19.8,,
1993,Seychelles,SYC,796372890.8,,27,12.8,28909999.85,28909999.85
1993,Sierra Leone,SLE,3007907588,16274,311181,152,306619995.1,306619995.1
1993,Singapore,SGP,99600913925,5,,4.5,25940000.53,25940000.53
1993,Sint Maarten (Dutch part),SXM,,,,,,
1993,Slovak Republic,SVK,39786963856,1521,,11.1,75529998.78,
1993,Slovenia,SVN,,45000,28429,7.1,10770000.46,10770000.46
1993,Solomon Islands,SLB,564362943.6,,,29,71290000.92,71290000.92
1993,Somalia,SOM,,399,574612,104.6,1406640015,1406640015
1993,South Africa,ZAF,2.75985E+11,250000,9087,45.9,414670013.4,414670013.4
1993,South Sudan,SSD,,,,139.1,,
1993,Spain,ESP,5.89793E+11,4990,,6.3,,
1993,Sri Lanka,LKA,52220232605,19,91837,18.2,729679992.7,729679992.7
1993,St. Kitts and Nevis,KNA,429629674.4,,,24,15319999.69,15319999.69
1993,St. Lucia,LCA,1130360896,,,16.8,35029998.78,35029998.78
1993,St. Martin (French part),MAF,,,,,,
1993,St. Vincent and the Grenadines,VCT,537556230.5,,,18.8,19250000,19250000
1993,Sudan,SDN,50942657575,745200,393868,78.5,647489990.2,647489990.2
1993,Suriname,SUR,2788637733,50,894,35.2,121180000.3,121180000.3
1993,Sweden,SWE,1.81078E+11,162386,,4.8,,
1993,Switzerland,CHE,2.04656E+11,56586,,5.8,,
1993,Syrian Arab Republic,SYR,,359814,5412,26.8,327339996.3,327339996.3
1993,Tajikistan,TJK,8321856470,300,70108,88.5,41189998.63,41189998.63
1993,Tanzania,TZA,26418897724,564520,32,96.8,1360739990,1360739990
1993,Thailand,THA,3.34907E+11,119232,33,26.1,681809997.6,681809997.6
1993,Timor-Leste,TLS,,,,116.6,660000.0262,660000.0262
1993,Togo,TGO,3741865567,3280,291055,87.5,134490005.5,134490005.5
1993,Tonga,TON,253219842.7,,,17.1,41659999.85,41659999.85
1993,Trinidad and Tobago,TTO,10510755593,,,25.7,2190000.057,2190000.057
1993,Tunisia,TUN,38981863537,99,106,38.2,352429992.7,352429992.7
1993,Turkiye,TUR,5.7561E+11,23267,16767,47.3,653140014.6,653140014.6
1993,Turkmenistan,TKM,17830178826,15400,,64.2,46540000.92,46540000.92
1993,Turks and Caicos Islands,TCA,,,,9.8,16510000.23,16510000.23
1993,Tuvalu,TUV,17592625.78,,,40,7389999.866,7389999.866
1993,Uganda,UGA,14973886430,286500,33406,100.2,882780029.3,882780029.3
1993,Ukraine,UKR,3.01839E+11,,133,16.8,465510009.8,
1993,United Arab Emirates,ARE,1.82017E+11,434,,12.3,-14229999.54,-14229999.54
1993,United Kingdom,GBR,1.0778E+12,80230,,6.6,,
1993,United States,USA,6.85856E+12,623056,10,8.5,,
1993,Uruguay,URY,25760854488,131,164,18.8,160809997.6,160809997.6
1993,Uzbekistan,UZB,50954586461,8000,,57.8,11390000.34,11390000.34
1993,Vanuatu,VUT,285202300.2,,,26.7,54919998.17,54919998.17
1993,"Venezuela, RB",VEN,2.37844E+11,2225,135,22.9,56000000,56000000
1993,Viet Nam,VNM,1.06705E+11,5084,527625,32.6,373329986.6,373329986.6
1993,Virgin Islands (U.S.),VIR,,,,,,
1993,West Bank and Gaza,PSE,,1117275,81472,31.9,264089996.3,264089996.3
1993,"Yemen, Rep.",YEM,31330896906,54450,37,82.7,434529998.8,434529998.8
1993,Zambia,ZMB,13453484707,141126,1573,105.9,1232359985,1232359985
1993,Zimbabwe,ZWE,19057902004,100476,14,53.3,726200012.2,726200012.2
1993,Africa Eastern and Southern,AFE,5.97651E+11,4558137,4584996,99.23758126,14906450096,14906450096
1993,Africa Western and Central,AFW,4.0226E+11,1597411,1741076,111.225102,8867279915,8867279915
1993,Arab World,ARB,1.89752E+12,4230180,1906568,53.91969761,10630240070,10630240070
1993,Caribbean small states,CSS,43772463761,9081,899,25.89674645,576749997.3,576749997.3
1993,Central Europe and the Baltics,CEB,7.66021E+11,339151,230372,14.66888595,2606540024,10770000.46
1993,Early-demographic dividend,EAR,7.27171E+12,8748246,1643657,71.99231747,29945950119,29945950119
1993,East Asia & Pacific,EAS,7.4574E+12,490241,1013122,41,12353129930,12353129930
1993,East Asia & Pacific (excluding high income),EAP,3.30857E+12,424438,1013117,43.46830436,11166139936,11166139936
1993,East Asia & Pacific (IDA & IBRD countries),TEA,3.30443E+12,424438,1013117,43.43985808,10895969940,10895969940
1993,Euro area,EMU,5.92715E+12,1830062,28552,6.822512011,394359993,111649997.7
1993,Europe & Central Asia,ECS,1.04635E+13,3654105,1778161,23.9,14472640175,5636520130
1993,Europe & Central Asia (excluding high income),ECA,2.2524E+12,1150054,1550938,38.48765735,8575130137,5443950130
1993,Europe & Central Asia (IDA & IBRD countries),TEC,2.64877E+12,1439034,1739578,35.86841158,8046530070,1803590022
1993,European Union,EUU,6.87794E+12,2329648,230380,8.720010252,2707420021,111649997.7
1993,Fragile and conflict affected situations,FCS,1.26225E+12,4148430,8635217,97.5384354,13985359947,13519849937
1993,Heavily indebted poor countries (HIPC),HPC,4.30287E+11,5476241,9404502,104.0137508,21837919838,21837919838
1993,High income,HIC,2.12095E+13,3432506,243645,9.2,6816860076,4391930049
1993,IBRD only,IBD,1.18107E+13,6823798,3646828,54.91559121,33248190080,27005250031
1993,IDA & IBRD total,IBT,1.31629E+13,14975445,13728786,68.38601502,63315059977,57072119929
1993,IDA blend,IDB,6.70006E+11,1959485,1878,100.6728698,5321620101,5321620101
1993,IDA only,IDX,6.86002E+11,6192162,10080080,96.95195091,24745249796,24745249796
1993,IDA total,IDA,1.35614E+12,8151647,10081958,98.1935405,30066869898,30066869898
1993,Late-demographic dividend,LTE,6.15336E+12,1916939,1637938,37.85862014,16960750002,11438819960
1993,Latin America & Caribbean,LCN,3.24044E+12,125246,156527,38.4,7334150003,7334150003
1993,Latin America & Caribbean (excluding high income),LAC,2.82576E+12,121630,140286,40.19141646,6421149999,6421149999
1993,Latin America & the Caribbean (IDA & IBRD countries),TLA,3.11863E+12,121576,134118,38.86123492,6533860001,6533860001
1993,Least developed countries: UN classification,LDC,5.47186E+11,5414280,10198527,102.3789897,21395409831,21395409831
1993,Low & middle income,LMY,1.24506E+13,15803794,13627759,68.94603924,79465166504,73053976563
1993,Low income,LIC,2.47004E+11,3861207,9275680,105.6,14721959923,14721959923
1993,Lower middle income,LMC,4.13746E+12,8818993,1786347,78,30523219985,30057709975
1993,Middle East & North Africa,MEA,2.47263E+12,5928576,985831,45.6,10667000122,10667000122
1993,Middle East & North Africa (excluding high income),MNA,1.31871E+12,5873612,985562,48.09645842,8163660056,8163660056
1993,Middle East & North Africa (IDA & IBRD countries),TMN,1.31393E+12,4756337,904090,48.33029038,7620090064,7620090064
1993,Middle income,MIC,1.2209E+13,11942587,4352079,64.13246963,50372600098,45889070313
1993,North America,NAC,7.47579E+12,806297,15,8.3,-6449999.809,-6449999.809
1993,Not classified,INX,,,,,,
1993,OECD members,OED,2.0861E+13,3187145,85179,15.53045267,6072800102,3895620075
1993,Other small states,OSS,,107771,91008,62.3256277,2189939976,2125559979
1993,Pacific island small states,PSS,5615484634,,89,27.21326489,494869998.9,494869998.9
1993,Post-demographic dividend,PST,1.94778E+13,3376849,834319,7.979625929,1634769996,248239997.3
1993,Pre-demographic dividend,PRE,7.0262E+11,5196491,9755625,106.9959288,19285979908,19285979908
1993,Small states,SST,,116852,91996,52.82977277,3261559972,3197179975
1993,South Asia,SAS,1.77215E+12,2078512,3611811,85.3,6277640015,6277640015
1993,South Asia (IDA & IBRD),TSA,1.77215E+12,2078512,3611811,85.25147807,6277640015,6277640015
1993,Sub-Saharan Africa,SSF,9.99356E+11,6155548,6326072,104.1,25036889870,25036889870
1993,Sub-Saharan Africa (excluding high income),SSA,9.98558E+11,6155548,6326045,104.120855,24931749866,24931749866
1993,Sub-Saharan Africa (IDA & IBRD countries),TSS,9.99356E+11,6155548,6326072,104.1146814,23940969887,23940969887
1993,Upper middle income,UMC,8.06537E+12,3123594,2565732,38.8,16026030042,12008010038
1993,World,WLD,3.38305E+13,19238525,19238525,62.7,82760242676,77204132813
1994,Afghanistan,AFG,,19134,2731166,106.9,330589996.3,330589996.3
1994,Albania,ALB,7345719058,3000,5021,30.6,225869995.1,225869995.1
1994,Algeria,DZA,1.91989E+11,219073,20744,41.7,417450012.2,417450012.2
1994,American Samoa,ASM,,,,,,
1994,Andorra,AND,,,,8.1,,
1994,Angola,AGO,31452407440,10684,282570,131.9,642289978,642289978
1994,Antigua and Barbuda,ATG,929436515.5,,,12.4,6030000.21,6030000.21
1994,Argentina,ARG,3.4967E+11,11903,467,22.6,227039993.3,227039993.3
1994,Armenia,ARM,5354227561,304040,201837,35.4,288250000,288250000
1994,Aruba,ABW,2001192964,,,,27350000.38,27350000.38
1994,Australia,AUS,3.59153E+11,57575,,6,,
1994,Austria,AUT,1.79696E+11,40703,60,6.2,,
1994,Azerbaijan,AZE,19778392232,231635,299092,76.1,215899993.9,215899993.9
1994,"Bahamas, The",BHS,5707317281,,,16.6,1320000.052,1320000.052
1994,Bahrain,BHR,19666117521,,74,16.8,128350006.1,128350006.1
1994,Bangladesh,BGD,1.37794E+11,116227,56196,85.2,1862550049,1862550049
1994,Barbados,BRB,2572897544,,5,14,3960000.038,3960000.038
1994,Belarus,BLR,42900860181,1824,37,12.4,164399993.9,
1994,Belgium,BEL,2.17681E+11,19497,,6.8,,
1994,Belize,BLZ,1215839943,8857,8,25.3,46869998.93,46869998.93
1994,Benin,BEN,8023775040,70403,72,96,348339996.3,348339996.3
1994,Bermuda,BMU,2284912523,,,,-16079999.92,-16079999.92
1994,Bhutan,BTN,1019335108,,103270,75.3,88870002.75,88870002.75
1994,Bolivia,BOL,21022650005,734,177,72.8,731510009.8,731510009.8
1994,Bosnia and Herzegovina,BIH,3548815792,,776090,17,590530029.3,590530029.3
1994,Botswana,BWA,10078125442,503,22,36.1,122139999.4,122139999.4
1994,Brazil,BRA,1.23057E+12,2223,41,43.5,317160003.7,317160003.7
1994,British Virgin Islands,VGB,,,,15.7,16379999.16,16379999.16
1994,Brunei Darussalam,BRN,17859283753,,,10,4860000.134,4860000.134
1994,Bulgaria,BGR,61985310816,1054,4692,15.3,221490005.5,
1994,Burkina Faso,BFA,6578285936,49990,69,97.7,604849975.6,604849975.6
1994,Burundi,BDI,3532983822,300302,389698,104.7,426420013.4,426420013.4
1994,Cabo Verde,CPV,631783971.7,,,44.7,173699996.9,173699996.9
1994,Cambodia,KHM,7494075219,12,8536,86,386829986.6,386829986.6
1994,Cameroon,CMR,22253004111,44036,236,89.2,1001900024,1001900024
1994,Canada,CAN,6.56367E+11,186555,5,6,,
1994,Cayman Islands,CYM,,,,,-1299999.952,-1299999.952
1994,Central African Republic,CAF,1929140675,47790,264,113.7,225940002.4,225940002.4
1994,Chad,TCD,5004797081,105,211968,107.1,293350006.1,293350006.1
1994,Channel Islands,CHI,,,,,,
1994,Chile,CHL,91998300375,216,15475,11.8,194809997.6,194809997.6
1994,China,CHN,1.97886E+12,287065,113908,39.8,3595620117,3595620117
1994,Colombia,COL,2.16844E+11,312,1361,25.8,115550003.1,115550003.1
1994,Comoros,COM,722664523,,5,79.4,52720001.22,52720001.22
1994,"Congo, Dem. Rep.",COD,22998089277,1724365,73279,115.6,332279998.8,332279998.8
1994,"Congo, Rep.",COG,8892706399,15522,33,65.3,494369995.1,494369995.1
1994,Costa Rica,CRI,21658169269,24630,222,12.7,115139999.4,115139999.4
1994,Cote d'Ivoire,CIV,36443284890,360106,102,103,2174820068,2174820068
1994,Croatia,HRV,,183600,76256,9,152800003.1,152800003.1
1994,Cuba,CUB,,1993,23320,9,66339996.34,66339996.34
1994,Curacao,CUW,,,,,,
1994,Cyprus,CYP,10058296232,67,6,8.5,65150001.53,65150001.53
1994,Czechia,CZE,1.31639E+11,1186,4650,7.9,212679992.7,
1994,Denmark,DNK,1.12924E+11,49564,11,5.7,,
1994,Djibouti,DJI,,33410,18065,86.6,170050003.1,170050003.1
1994,Dominica,DMA,353295525.2,,,12.8,26040000.92,26040000.92
1994,Dominican Republic,DOM,35740120737,1252,30,39.6,79680000.31,79680000.31
1994,Ecuador,ECU,61785987863,238,174,34.9,264450012.2,264450012.2
1994,"Egypt, Arab Rep.",EGY,2.60206E+11,7218,501,52.2,3888560059,3888560059
1994,El Salvador,SLV,20510254124,153,30736,37.9,404910003.7,404910003.7
1994,Equatorial Guinea,GNQ,523001000,,340,117.6,41869998.93,41869998.93
1994,Eritrea,ERI,2639522931,704,422432,77.1,222320007.3,222320007.3
1994,Estonia,EST,,,296,13,62340000.15,
1994,Eswatini,SWZ,3544158528,645,11,55.6,78410003.66,78410003.66
1994,Ethiopia,ETH,21732368694,348074,226429,107.2,1495619995,1495619995
1994,Faroe Islands,FRO,,,,,,
1994,Fiji,FJI,3745410371,,156,21.3,56830001.83,56830001.83
1994,Finland,FIN,94029890955,9511,,4.5,,
1994,France,FRA,1.18678E+12,195288,20,5.7,,
1994,French Polynesia,PYF,,,,,498480011,498480011
1994,Gabon,GAB,14409093540,597,22,57.8,247690002.4,247690002.4
1994,"Gambia, The",GMB,1806996272,2206,24,73.1,92379997.25,92379997.25
1994,Georgia,GEO,8369585505,,5114,39.5,263750000,263750000
1994,Germany,DEU,1.8566E+12,1354600,449,5.5,,
1994,Ghana,GHA,31863833925,113665,14284,73.6,705109985.4,705109985.4
1994,Gibraltar,GIB,,,,,829999.9833,829999.9833
1994,Greece,GRC,1.56377E+11,7773,93,7.7,,
1994,Greenland,GRL,,,,,,
1994,Grenada,GRD,504211843.3,,5,14.7,32689998.63,32689998.63
1994,Guam,GUM,,,,,,
1994,Guatemala,GTM,39029754883,4672,49606,51.1,266769989,266769989
1994,Guinea,GIN,7168037726,553236,101,122.9,487390014.6,487390014.6
1994,Guinea-Bissau,GNB,1221094281,23909,5011,121.8,268190002.4,268190002.4
1994,Guyana,GUY,3360916546,,69,42.7,96400001.53,96400001.53
1994,Haiti,HTI,13405016322,,9800,89.8,984640014.6,984640014.6
1994,Honduras,HND,12290700845,106,1212,38.5,349390014.6,349390014.6
1994,"Hong Kong SAR, China",HKG,1.45545E+11,1698,257,,34369998.93,34369998.93
1994,Hungary,HUN,91634907275,2904,4468,11.6,280750000,
1994,Iceland,ISL,,160,,4.4,,
1994,India,IND,1.38019E+12,258342,3266,80.1,2738389893,2738389893
1994,Indonesia,IDN,8.05168E+11,97,8727,52.6,1648709961,1648709961
1994,"Iran, Islamic Rep.",IRN,5.28118E+11,2236350,121288,37.9,177169998.2,177169998.2
1994,Iraq,IRQ,91827934234,119581,749833,39.5,378519989,378519989
1994,Ireland,IRL,61080708183,400,5,6.2,,
1994,Isle of Man,IMN,,,,,,
1994,Israel,ISR,,,888,7.6,2008729980,2008729980
1994,Italy,ITA,1.21193E+12,73058,145,6.8,,
1994,Jamaica,JAM,15101868913,38,10,21.1,183179992.7,183179992.7
1994,Japan,JPN,2.85699E+12,5942,7,4.2,,
1994,Jordan,JOR,22028020076,1240385,440,26.3,470760009.8,470760009.8
1994,Kazakhstan,KAZ,99873557756,5028,24,44.9,74379997.25,74379997.25
1994,Kenya,KEN,45355908720,252423,8772,67.6,886650024.4,886650024.4
1994,Kiribati,KIR,103834968.7,,,58.7,21469999.31,21469999.31
1994,"Korea, Dem. People's Rep.",PRK,,,,49.8,7650000.095,7650000.095
1994,"Korea, Rep.",KOR,5.44058E+11,,17,9.7,-118889999.4,-118889999.4
1994,Kosovo,XKX,,,,68,,
1994,Kuwait,KWT,89800509589,30020,758,12.4,5820000.172,5820000.172
1994,Kyrgyz Republic,KGZ,6617022853,21239,13,53.7,221070007.3,221070007.3
1994,Lao PDR,LAO,6083881088,,54895,93.3,236679992.7,236679992.7
1994,Latvia,LVA,,,95,15.8,74830001.83,
1994,Lebanon,LBN,24763785557,343480,15649,22.5,316200012.2,316200012.2
1994,Lesotho,LSO,1918537648,57,,67.1,164429992.7,164429992.7
1994,Liberia,LBR,,120164,797834,170.3,93699996.95,93699996.95
1994,Libya,LBY,,2001,669,29.6,5349999.905,5349999.905
1994,Liechtenstein,LIE,,,,,,
1994,Lithuania,LTU,,,63,13.3,104040000.9,
1994,Luxembourg,LUX,15131052422,300,,5.6,,
1994,"Macao SAR, China",MAC,13324260408,9,,,409999.9964,409999.9964
1994,Madagascar,MDG,15031903345,73,,84.6,385470001.2,385470001.2
1994,Malawi,MWI,7029678712,90242,60,123.8,608580017.1,608580017.1
1994,Malaysia,MYS,1.94351E+11,5298,83,11.9,99190002.44,99190002.44
1994,Maldives,MDV,,,,50.9,32349998.47,32349998.47
1994,Mali,MLI,8690173749,15800,172903,113.6,611219970.7,611219970.7
1994,Malta,MLT,4253830786,424,7,8.7,68209999.08,68209999.08
1994,Marshall Islands,MHL,123980560.3,,,33.7,72389999.39,72389999.39
1994,Mauritania,MRT,6309845160,82225,68039,69.1,351079986.6,351079986.6
1994,Mauritius,MUS,7135002868,,,19.1,22229999.54,22229999.54
1994,Mexico,MEX,8.12981E+11,47357,248,30.6,553599975.6,553599975.6
1994,"Micronesia, Fed. Sts.",FSM,226333532.8,,,36,152720001.2,152720001.2
1994,Moldova,MDA,,,455,30.7,81720001.22,
1994,Monaco,MCO,,,,3.3,,
1994,Mongolia,MNG,6614361990,,,66.2,180380004.9,180380004.9
1994,Montenegro,MNE,,,,13.5,,
1994,Morocco,MAR,86848604643,336,179,55,931640014.6,931640014.6
1994,Mozambique,MOZ,4851918428,313,234495,150.4,1720079956,1720079956
1994,Myanmar,MMR,22216377957,,204512,74.9,172970001.2,172970001.2
1994,Namibia,NAM,6809880161,1145,65,46.6,191080001.8,191080001.8
1994,Nauru,NRU,,,,42.9,16079999.92,16079999.92
1994,Nepal,NPL,22281961820,123270,5,79.4,483720001.2,483720001.2
1994,Netherlands,NLD,3.44294E+11,62152,75,5.9,,
1994,New Caledonia,NCL,,,,,554000000,554000000
1994,New Zealand,NZL,61890065210,3668,,7.5,,
1994,Nicaragua,NIC,9389579933,314,28596,42.6,763599975.6,763599975.6
1994,Niger,NER,7025281854,15070,22019,120.8,499410003.7,499410003.7
1994,Nigeria,NGA,2.18681E+11,6025,587,122.2,269079986.6,269079986.6
1994,North Macedonia,MKD,9723199009,14891,346,25.7,148339996.3,148339996.3
1994,Northern Mariana Islands,MNP,,,,,3720000.029,3720000.029
1994,Norway,NOR,99865812987,44617,,5,,
1994,Oman,OMN,66456148830,,5,22.3,224289993.3,224289993.3
1994,Pakistan,PAK,3.07428E+11,1055435,4431,98.6,1466329956,1466329956
1994,Palau,PLW,,,,28.8,320339996.3,320339996.3
1994,Panama,PAN,18321715140,972,486,24.1,44900001.53,44900001.53
1994,Papua New Guinea,PNG,11458088489,8461,,58.5,510179992.7,510179992.7
1994,Paraguay,PRY,29251223503,60,64,32.1,88459999.08,88459999.08
1994,Peru,PER,98455605269,656,4333,45.7,483269989,483269989
1994,Philippines,PHL,1.93222E+11,668,435,33.6,1135780029,1135780029
1994,Poland,POL,2.71351E+11,393,35934,13.4,2669830078,
1994,Portugal,PRT,1.35671E+11,248,25,8.1,,
1994,Puerto Rico,PRI,61151191274,,12,,,
1994,Qatar,QAT,,,49,13.8,3950000.048,3950000.048
1994,Romania,ROU,1.13554E+11,1170,22273,22.2,216229995.7,
1994,Russian Federation,RUS,8.51032E+11,,251394,17.7,2474040039,
1994,Rwanda,RWA,2111331957,6000,2257570,189.9,1042949951,1042949951
1994,Samoa,WSM,397118209.1,,,22.1,55779998.78,55779998.78
1994,San Marino,SMR,,,,8.4,,
1994,Sao Tome and Principe,STP,,,28,68.6,69459999.08,69459999.08
1994,Saudi Arabia,SAU,6.81686E+11,17965,180,27.1,18450000.76,18450000.76
1994,Senegal,SEN,13608395968,72994,25619,70.6,849119995.1,849119995.1
1994,Serbia,SRB,,450694,54975,18.5,68349998.47,68349998.47
1994,Seychelles,SYC,793560291.5,,553,12.6,18540000.92,18540000.92
1994,Sierra Leone,SLE,3012312779,15866,275298,150.7,371700012.2,371700012.2
1994,Singapore,SGP,1.13015E+11,10,8,4.2,16579999.92,16579999.92
1994,Sint Maarten (Dutch part),SXM,,,,,,
1994,Slovak Republic,SVK,43158271774,159,12,10.6,113180000.3,
1994,Slovenia,SVN,,29156,14829,6.6,45560001.37,45560001.37
1994,Solomon Islands,SLB,623104064,,,28.3,63369998.93,63369998.93
1994,Somalia,SOM,,389,631420,104.5,832609985.4,832609985.4
1994,South Africa,ZAF,2.90898E+11,91894,1514,45.8,436670013.4,436670013.4
1994,South Sudan,SSD,,,,135.3,,
1994,Spain,ESP,6.16744E+11,5351,42,5.9,,
1994,Sri Lanka,LKA,56322092412,11,114454,17.6,610369995.1,610369995.1
1994,St. Kitts and Nevis,KNA,462068248.3,,,23.7,8689999.58,8689999.58
1994,St. Lucia,LCA,1172954250,,,16.5,44529998.78,44529998.78
1994,St. Martin (French part),MAF,,,,,,
1994,St. Vincent and the Grenadines,VCT,542185440.6,,7,18.8,15619999.89,15619999.89
1994,Sudan,SDN,52554045264,727174,405129,77.1,566869995.1,566869995.1
1994,Suriname,SUR,2945025290,39,915,34,89959999.08,89959999.08
1994,Sweden,SWE,1.92213E+11,200774,11,4.4,,
1994,Switzerland,CHE,2.11681E+11,75295,8,5.5,,
1994,Syrian Arab Republic,SYR,,372750,7087,25.6,839450012.2,839450012.2
1994,Tajikistan,TJK,6689156538,695,57143,89,98300003.05,98300003.05
1994,Tanzania,TZA,27406056137,883250,62,95.5,1321619995,1321619995
1994,Thailand,THA,3.69413E+11,100817,135,24.9,617219970.7,617219970.7
1994,Timor-Leste,TLS,,,,111.9,330000.0131,330000.0131
1994,Togo,TGO,4394363706,12367,167866,86.2,169580001.8,169580001.8
1994,Tonga,TON,271435724.5,,,16.6,41880001.07,41880001.07
1994,Trinidad and Tobago,TTO,11118148902,,12,25.5,28440000.53,28440000.53
1994,Tunisia,TUN,41079753443,11,208,36.4,150080001.8,150080001.8
1994,Turkiye,TUR,5.55833E+11,24927,28872,44.7,242820007.3,242820007.3
1994,Turkmenistan,TKM,15060463438,15400,7,64.7,40020000.46,40020000.46
1994,Turks and Caicos Islands,TCA,,,,9.3,23159999.85,23159999.85
1994,Tuvalu,TUV,19816051.17,,,39.3,10109999.66,10109999.66
1994,Uganda,UGA,16272991500,286500,31446,98.5,1038000000,1038000000
1994,Ukraine,UKR,2.37687E+11,5193,917,17,416670013.4,
1994,United Arab Emirates,ARE,1.98724E+11,380,,11.7,-11199999.81,-11199999.81
1994,United Kingdom,GBR,1.14315E+12,85159,106,6.3,,
1994,United States,USA,7.28724E+12,631046,364,8.2,,
1994,Uruguay,URY,28226748879,116,363,18.4,104580001.8,104580001.8
1994,Uzbekistan,UZB,49336463281,8000,29060,57.6,39259998.32,39259998.32
1994,Vanuatu,VUT,317746214.4,,,26.1,55479999.54,55479999.54
1994,"Venezuela, RB",VEN,2.37216E+11,2172,370,22.5,35009998.32,35009998.32
1994,Viet Nam,VNM,1.18616E+11,5000,539095,31.1,1225359985,1225359985
1994,Virgin Islands (U.S.),VIR,,,,,,
1994,West Bank and Gaza,PSE,5207987403,1178777,82559,30.8,676049987.8,676049987.8
1994,"Yemen, Rep.",YEM,34150964282,48305,151,81.1,225190002.4,225190002.4
1994,Zambia,ZMB,12555571158,141126,15,103.8,959580017.1,959580017.1
1994,Zimbabwe,ZWE,21262488312,2194,38,54.3,790979980.5,790979980.5
1994,Africa Eastern and Southern,AFE,6.22103E+11,4868057,4965613,99.42048894,14351230021,14351230021
1994,Africa Western and Central,AFW,4.10564E+11,1622076,1762691,110.3406147,10274689892,10274689892
1994,Arab World,ARB,1.99411E+12,4423480,2001744,52.44575603,10642240072,10642240072
1994,Caribbean small states,CSS,45986166241,8934,1031,25.28500499,583729990.8,583729990.8
1994,Central Europe and the Baltics,CEB,8.14236E+11,219622,163568,14.25805657,4153730080,198360004.4
1994,Early-demographic dividend,EAR,7.64858E+12,7612027,3439183,70.49287606,31495549839,31495549839
1994,East Asia & Pacific,EAS,8.14972E+12,476320,930771,39.8,12117930041,12117930041
1994,East Asia & Pacific (excluding high income),EAP,3.7248E+12,407418,930482,42.25308313,11118030031,11118030031
1994,East Asia & Pacific (IDA & IBRD countries),TEA,3.72015E+12,407418,930482,42.14381684,10675700040,10675700040
1994,Euro area,EMU,6.20201E+12,1798687,16222,6.382709073,533310005.2,178920002
1994,Europe & Central Asia,ECS,1.06615E+13,3530705,1875021,23.4,14219830214,4271770075
1994,Europe & Central Asia (excluding high income),ECA,2.03457E+12,1087620,1715089,37.99810307,7891880096,3935510071
1994,Europe & Central Asia (IDA & IBRD countries),TEC,2.45533E+12,1272783,1849552,35.37313379,8914020157,2669640030
1994,European Union,EUU,7.21253E+12,2239332,164517,8.28163869,4287090080,331720005
1994,Fragile and conflict affected situations,FCS,1.21209E+12,5421616,6598756,96.3581544,15897949919,15481279906
1994,Heavily indebted poor countries (HIPC),HPC,4.40406E+11,6144254,9204830,103.5228477,23973159981,23973159981
1994,High income,HIC,2.24417E+13,3379681,179526,8.8,7921580068,4187699998
1994,IBRD only,IBD,1.24523E+13,6280639,3728691,53.59600994,33669490166,27425110039
1994,IDA & IBRD total,IBT,1.38488E+13,14472673,13600727,67.41124597,66679020123,60434639996
1994,IDA blend,IDB,6.92451E+11,1392096,43325,99.73172165,5808489955,5808489955
1994,IDA only,IDX,7.07657E+11,6799938,9828711,95.79777807,27201040002,27201040002
1994,IDA total,IDA,1.40027E+12,8192034,9872036,97.11065015,33009529957,33009529957
1994,Late-demographic dividend,LTE,6.58291E+12,1832829,1679696,36.65477501,17618820217,11926650101
1994,Latin America & Caribbean,LCN,3.47283E+12,109013,168124,36.7,7817220003,7817220003
1994,Latin America & Caribbean (excluding high income),LAC,3.04511E+12,105537,151332,38.33623511,7148560012,7148560012
1994,Latin America & the Caribbean (IDA & IBRD countries),TLA,3.34282E+12,107020,144787,37.09297501,6702919973,6702919973
1994,Least developed countries: UN classification,LDC,5.64751E+11,5941736,9888321,101.141244,22184919913,22184919913
1994,Low & middle income,LMY,1.31009E+13,15464804,13554815,67.98037498,81407250488,75193070313
1994,Low income,LIC,2.55382E+11,4227592,9063618,105.2,14751369933,14751369933
1994,Lower middle income,LMC,4.28389E+12,8292561,1793661,76.6,34206899986,33790229973
1994,Middle East & North Africa,MEA,2.57309E+12,5850466,1019334,44.1,12121570067,12121570067
1994,Middle East & North Africa (excluding high income),MNA,1.36511E+12,5801677,1017373,46.67772999,9674970087,9674970087
1994,Middle East & North Africa (IDA & IBRD countries),TMN,1.36017E+12,4622900,934814,46.91821768,7970420114,7970420114
1994,Middle income,MIC,1.28507E+13,11237212,4491197,62.93579526,50723909912,47365589844
1994,North America,NAC,7.94589E+12,817601,369,8,-16079999.92,-16079999.92
1994,Not classified,INX,,,,,,
1994,OECD members,OED,2.20215E+13,3240476,108856,14.86471151,6674970039,3157319965
1994,Other small states,OSS,,63123,127848,62.10814066,2167300008,2104960008
1994,Pacific island small states,PSS,6010316914,,156,26.54165647,866449996,866449996
1994,Post-demographic dividend,PST,2.05074E+13,3337727,907037,7.581430909,2265930035,865900028.9
1994,Pre-demographic dividend,PRE,7.20362E+11,6064074,7708767,105.582236,19953220011,19953220011
1994,Small states,SST,,72057,129035,52.58088484,3617479995,3555139994
1994,South Asia,SAS,1.91784E+12,1572419,3012788,83,7613169891,7613169891
1994,South Asia (IDA & IBRD),TSA,1.91784E+12,1572419,3012788,82.99899612,7613169891,7613169891
1994,Sub-Saharan Africa,SSF,1.03201E+12,6490133,6728304,103.9,26711679901,26711679901
1994,Sub-Saharan Africa (excluding high income),SSA,1.03122E+12,6490133,6727751,103.8814948,26651269901,26651269901
1994,Sub-Saharan Africa (IDA & IBRD countries),TSS,1.03201E+12,6490133,6728304,103.8753515,24802789948,24802789948
1994,Upper middle income,UMC,8.56174E+12,2944651,2697536,37.5,14974850111,12033200071
1994,World,WLD,3.57086E+13,18846657,18846657,61.9,86941203125,79250953125
1995,Afghanistan,AFG,,19605,2679132,103.9,270570007.3,270570007.3
1995,Albania,ALB,8498893387,4721,5804,29.6,227940002.4,227940002.4
1995,Algeria,DZA,2.03463E+11,192489,1522,41,366640014.6,366640014.6
1995,American Samoa,ASM,,,,,,
1995,Andorra,AND,,,,7.9,,
1995,Angola,AGO,36928723190,10878,246653,131.4,547150024.4,547150024.4
1995,Antigua and Barbuda,ATG,907556623.8,,,12.6,2930000.067,2930000.067
1995,Argentina,ARG,3.46845E+11,10314,330,21.6,167830001.8,167830001.8
1995,Armenia,ARM,5843688839,218950,201439,33.9,290070007.3,290070007.3
1995,Aruba,ABW,2095198113,,,,33419998.17,33419998.17
1995,Australia,AUS,3.78773E+11,62145,,5.8,,
1995,Austria,AUT,1.88359E+11,34385,49,5.7,,
1995,Azerbaijan,AZE,17810336856,233682,200519,75.2,150289993.3,150289993.3
1995,"Bahamas, The",BHS,6082143683,8,,15.8,5809999.943,5809999.943
1995,Bahrain,BHR,20867579696,,70,15.6,120099998.5,120099998.5
1995,Bangladesh,BGD,1.47888E+11,51117,56958,81.3,1232329956,1232329956
1995,Barbados,BRB,2679753330,,,13.7,389999.9857,389999.9857
1995,Belarus,BLR,39245201758,28988,84,12.4,269079986.6,
1995,Belgium,BEL,2.27546E+11,31691,5,6.3,,
1995,Belize,BLZ,1249280420,8750,8,24.2,25229999.54,25229999.54
1995,Benin,BEN,8687249860,23843,50,94,343299987.8,343299987.8
1995,Bermuda,BMU,2435449296,,,,-2299999.952,-2299999.952
1995,Bhutan,BTN,1114330568,,104746,72.1,78489997.86,78489997.86
1995,Bolivia,BOL,22467594792,680,180,70,837400024.4,837400024.4
1995,Bosnia and Herzegovina,BIH,4376862882,,769753,11.8,1207619995,1207619995
1995,Botswana,BWA,11012844537,266,27,37.5,116910003.7,116910003.7
1995,Brazil,BRA,1.30944E+12,2050,52,41.1,286640014.6,286640014.6
1995,British Virgin Islands,VGB,,,,15.4,1860000.014,1860000.014
1995,Brunei Darussalam,BRN,19050412633,,5,9.7,3490000.01,3490000.01
1995,Bulgaria,BGR,65091902596,1318,4157,15.4,139300003.1,
1995,Burkina Faso,BFA,7100150653,29777,60,97.1,609809997.6,609809997.6
1995,Burundi,BDI,3321387280,173016,350575,104.2,357570007.3,357570007.3
1995,Cabo Verde,CPV,736701435.3,,,44.1,149100006.1,149100006.1
1995,Cambodia,KHM,8408954585,12,61224,86.6,582229980.5,582229980.5
1995,Cameroon,CMR,23377133850,45781,2018,90,545700012.2,545700012.2
1995,Canada,CAN,6.88184E+11,152110,5,5.8,,
1995,Cayman Islands,CYM,,,,,-620000.0048,-620000.0048
1995,Central African Republic,CAF,2111404422,33856,241,113.1,183410003.7,183410003.7
1995,Chad,TCD,5172927196,100,59726,106,289339996.3,289339996.3
1995,Channel Islands,CHI,,,,,,
1995,Chile,CHL,1.04524E+11,280,14274,11.1,154589996.3,154589996.3
1995,China,CHN,2.24166E+12,288310,104691,38.4,3626120117,3626120117
1995,Colombia,COL,2.32909E+11,220,1902,24.9,223669998.2,223669998.2
1995,Comoros,COM,764454836.5,,10,77.5,49220001.22,49220001.22
1995,"Congo, Dem. Rep.",COD,23644698459,1433760,89742,114.6,236639999.4,236639999.4
1995,"Congo, Rep.",COG,9441012304,19404,172,67.2,156059997.6,156059997.6
1995,Costa Rica,CRI,23030854950,24226,209,12.7,57849998.47,57849998.47
1995,Cote d'Ivoire,CIV,39858773328,297908,203,102.4,1462959961,1462959961
1995,Croatia,HRV,37211914169,198647,245572,8.7,68419998.17,68419998.17
1995,Cuba,CUB,,1831,24857,8.6,82819999.69,82819999.69
1995,Curacao,CUW,,,,,,
1995,Cyprus,CYP,11127968146,53,9,8,28870000.84,28870000.84
1995,Czechia,CZE,1.43136E+11,2655,2040,7.1,184240005.5,
1995,Denmark,DNK,1.18783E+11,64850,18,5.4,,
1995,Djibouti,DJI,,27310,18092,85.6,117800003.1,117800003.1
1995,Dominica,DMA,371636217.7,,,12.8,28299999.24,28299999.24
1995,Dominican Republic,DOM,38564143998,982,30,38.1,106529998.8,106529998.8
1995,Ecuador,ECU,64502522020,204,203,33,225839996.3,225839996.3
1995,"Egypt, Arab Rep.",EGY,2.77996E+11,5401,870,49.4,2618459961,2618459961
1995,El Salvador,SLV,21931666240,153,23534,35.9,361649993.9,361649993.9
1995,Equatorial Guinea,GNQ,627338831.6,,342,116.5,42639999.39,42639999.39
1995,Eritrea,ERI,2771900738,1081,286711,72.7,195509994.5,195509994.5
1995,Estonia,EST,9309409484,,350,12.4,72830001.83,
1995,Eswatini,SWZ,3793091058,712,15,58.7,73720001.22,73720001.22
1995,Ethiopia,ETH,23547651713,393479,100986,103.7,1123630005,1123630005
1995,Faroe Islands,FRO,,,,,,
1995,Fiji,FJI,3919546550,9,222,20.8,57400001.53,57400001.53
1995,Finland,FIN,1.0005E+11,10191,,4.3,,
1995,France,FRA,1.23719E+12,155240,14,5.3,,
1995,French Polynesia,PYF,,,,,543719970.7,543719970.7
1995,Gabon,GAB,15442952506,790,27,57.4,181009994.5,181009994.5
1995,"Gambia, The",GMB,1861156295,6598,156,71.1,57380001.07,57380001.07
1995,Georgia,GEO,8767259397,100,305,38.9,275359985.4,275359985.4
1995,Germany,DEU,1.9248E+12,1267900,384,5.3,,
1995,Ghana,GHA,33869838491,83201,13594,72.7,775090026.9,775090026.9
1995,Gibraltar,GIB,,,,,280000.0012,280000.0012
1995,Greece,GRC,1.63008E+11,4428,221,7.4,,
1995,Greenland,GRL,,,,,,
1995,Grenada,GRD,525746876.7,,6,14.2,12069999.69,12069999.69
1995,Guam,GUM,,,,,,
1995,Guatemala,GTM,41820075723,1497,42901,49.2,253229995.7,253229995.7
1995,Guinea,GIN,7655549754,672293,441,119.1,498750000,498750000
1995,Guinea-Bissau,GNB,1301554190,15350,830,119.2,147500000,147500000
1995,Guyana,GUY,3604040265,,59,41.7,88760002.14,88760002.14
1995,Haiti,HTI,15040716965,,13927,87.1,953210022,953210022
1995,Honduras,HND,13325084859,63,1218,37.1,456519989,456519989
1995,"Hong Kong SAR, China",HKG,1.52124E+11,1479,202,,19280000.69,19280000.69
1995,Hungary,HUN,94949944810,11394,2349,10.8,-320380004.9,
1995,Iceland,ISL,6407343169,197,,4.2,,
1995,India,IND,1.51587E+12,227481,5011,78,1932859985,1932859985
1995,Indonesia,IDN,8.89624E+11,19,9836,50.5,1231160034,1231160034
1995,"Iran, Islamic Rep.",IRN,5.52138E+11,2071988,112360,36.5,196240005.5,196240005.5
1995,Iraq,IRQ,95741068677,116722,718717,38.9,453839996.3,453839996.3
1995,Ireland,IRL,68369714366,400,,6.1,,
1995,Isle of Man,IMN,,,,,,
1995,Israel,ISR,1.13675E+11,,937,7.1,530669982.9,530669982.9
1995,Italy,ITA,1.27306E+12,74298,120,6.4,,
1995,Jamaica,JAM,15780869181,21,11,20.5,153259994.5,153259994.5
1995,Japan,JPN,2.99364E+12,5432,5,4.1,,
1995,Jordan,JOR,23884497850,1329466,511,25.6,628359985.4,628359985.4
1995,Kazakhstan,KAZ,93606446932,15561,137,44.7,72139999.39,72139999.39
1995,Kenya,KEN,48347362777,234665,9320,67.1,838159973.1,838159973.1
1995,Kiribati,KIR,106012285,,,57.3,19209999.08,19209999.08
1995,"Korea, Dem. People's Rep.",PRK,,,,53.2,16440000.53,16440000.53
1995,"Korea, Rep.",KOR,6.08872E+11,5,29,9,25430000.31,25430000.31
1995,Kosovo,XKX,,,,63.5,,
1995,Kuwait,KWT,96137790393,3306,764,12.3,4969999.79,4969999.79
1995,Kyrgyz Republic,KGZ,6389354035,13407,20,52.7,284910003.7,284910003.7
1995,Lao PDR,LAO,6648197165,,58197,90.3,266589996.3,266589996.3
1995,Latvia,LVA,13712401278,,158,15.6,79180000.31,
1995,Lebanon,LBN,26913527191,351640,13513,21.6,234919998.2,234919998.2
1995,Lesotho,LSO,2023229312,,,67.5,145910003.7,145910003.7
1995,Liberia,LBR,,120082,744627,164.8,156580001.8,156580001.8
1995,Libya,LBY,,3973,622,28.5,6969999.79,6969999.79
1995,Liechtenstein,LIE,,,,,,
1995,Lithuania,LTU,21523652368,,107,12,220610000.6,
1995,Luxembourg,LUX,15669586828,700,,5.3,,
1995,"Macao SAR, China",MAC,14052110086,8,,,-4900000.095,-4900000.095
1995,Madagascar,MDG,15604722802,,77,81.9,366420013.4,366420013.4
1995,Malawi,MWI,8377725382,1018,37,120.2,546030029.3,546030029.3
1995,Malaysia,MYS,2.1793E+11,5279,82,11.5,113669998.2,113669998.2
1995,Maldives,MDV,1568467197,,,47.8,58060001.37,58060001.37
1995,Mali,MLI,8954114839,17916,77218,112.1,661020019.5,661020019.5
1995,Malta,MLT,4618485738,410,13,8.3,14399999.62,14399999.62
1995,Marshall Islands,MHL,136976671.7,,,33.3,47869998.93,47869998.93
1995,Mauritania,MRT,7074763246,34392,84310,68.6,263380004.9,263380004.9
1995,Mauritius,MUS,7596961973,,12,19.8,29770000.46,29770000.46
1995,Mexico,MEX,7.77809E+11,38717,361,29.4,381410003.7,381410003.7
1995,"Micronesia, Fed. Sts.",FSM,247288514.2,,,35.4,101529998.8,101529998.8
1995,Moldova,MDA,9289797040,,524,31.4,88459999.08,
1995,Monaco,MCO,,,,3,,
1995,Mongolia,MNG,7183662439,,,63.6,143800003.1,143800003.1
1995,Montenegro,MNE,,,,13.5,,
1995,Morocco,MAR,83876737439,38,300,53,622969970.7,622969970.7
1995,Mozambique,MOZ,5065598991,130,125561,145.4,1371619995,1371619995
1995,Myanmar,MMR,24316137910,,152301,73.2,147479995.7,147479995.7
1995,Namibia,NAM,7223762436,1679,12,47,229050003.1,229050003.1
1995,Nauru,NRU,,,,41.1,3930000.067,3930000.067
1995,Nepal,NPL,23538237235,124751,27,75.6,428760009.8,428760009.8
1995,Netherlands,NLD,3.62467E+11,79949,86,5.7,,
1995,New Caledonia,NCL,,,,,544590026.9,544590026.9
1995,New Zealand,NZL,65673247003,3766,,7.2,,
1995,Nicaragua,NIC,10153213392,577,23936,40.6,691590026.9,691590026.9
1995,Niger,NER,7348843211,27620,10289,116.3,343070007.3,343070007.3
1995,Nigeria,NGA,2.23104E+11,8118,1942,121.1,254380004.9,254380004.9
1995,North Macedonia,MKD,9816424876,9048,12881,22,94580001.83,94580001.83
1995,Northern Mariana Islands,MNP,,,,,-759999.9905,-759999.9905
1995,Norway,NOR,1.06197E+11,47607,,4.6,,
1995,Oman,OMN,71239993769,,9,20.4,87069999.69,87069999.69
1995,Pakistan,PAK,3.29451E+11,1202493,5277,96.3,495480011,495480011
1995,Palau,PLW,,,,28.2,217440002.4,217440002.4
1995,Panama,PAN,19033570653,867,158,23.7,53740001.68,53740001.68
1995,Papua New Guinea,PNG,11310851271,9600,2000,57.6,550609985.4,550609985.4
1995,Paraguay,PRY,31902197124,60,51,31.3,115930000.3,115930000.3
1995,Peru,PER,1.0797E+11,610,5902,42.7,489779998.8,489779998.8
1995,Philippines,PHL,2.06398E+11,776,515,32.4,947450012.2,947450012.2
1995,Poland,POL,2.96624E+11,600,19731,12.6,4389200195,
1995,Portugal,PRT,1.44448E+11,248,23,7.4,,
1995,Puerto Rico,PRI,65273562221,,12,,,
1995,Qatar,QAT,,,30,13.1,4170000.076,4170000.076
1995,Romania,ROU,1.23162E+11,192,16977,22.1,371730011,
1995,Russian Federation,RUS,8.32875E+11,,207027,17.6,2353629883,
1995,Rwanda,RWA,2914896306,7792,1819367,129.6,904659973.1,904659973.1
1995,Samoa,WSM,432503361.8,,,21.4,48470001.22,48470001.22
1995,San Marino,SMR,,,,7.7,,
1995,Sao Tome and Principe,STP,,,32,67.3,113980003.4,113980003.4
1995,Saudi Arabia,SAU,6.97457E+11,13169,261,25.4,16899999.62,16899999.62
1995,Senegal,SEN,14653542059,66762,17587,71,781190002.4,781190002.4
1995,Serbia,SRB,36802984030,650695,86116,16.8,117110000.6,117110000.6
1995,Seychelles,SYC,814130232.6,,339,12.4,14279999.73,14279999.73
1995,Sierra Leone,SLE,2829447365,4677,379491,149.3,264339996.3,264339996.3
1995,Singapore,SGP,1.23664E+11,109,8,4,15229999.54,15229999.54
1995,Sint Maarten (Dutch part),SXM,,,,,,
1995,Slovak Republic,SVK,46638131616,2339,24,10.1,125209999.1,
1995,Slovenia,SVN,27118426019,22314,12858,6.2,66279998.78,66279998.78
1995,Solomon Islands,SLB,700350675.9,2000,34,27.7,58590000.15,58590000.15
1995,Somalia,SOM,,628,638695,104.5,255809997.6,255809997.6
1995,South Africa,ZAF,3.06205E+11,101408,492,45.9,533299987.8,533299987.8
1995,South Sudan,SSD,,,,131.3,,
1995,Spain,ESP,6.4704E+11,5840,36,5.5,,
1995,Sri Lanka,LKA,60665830883,12,107587,17,481299987.8,481299987.8
1995,St. Kitts and Nevis,KNA,497152732.5,,,23.3,4650000.095,4650000.095
1995,St. Lucia,LCA,1218485814,,,16.3,61619998.93,61619998.93
1995,St. Martin (French part),MAF,,,,,,
1995,St. Vincent and the Grenadines,VCT,596547175.4,,7,18.9,58250000,58250000
1995,Sudan,SDN,56873854329,674071,445277,75.6,295179992.7,295179992.7
1995,Suriname,SUR,3006779546,,817,32.8,100489997.9,100489997.9
1995,Sweden,SWE,2.03966E+11,199194,25,4,,
1995,Switzerland,CHE,2.17159E+11,82943,27,5.2,,
1995,Syrian Arab Republic,SYR,,378729,7995,24.5,376670013.4,376670013.4
1995,Tajikistan,TJK,5981458529,620,58960,87.6,87459999.08,87459999.08
1995,Tanzania,TZA,28979621469,829671,69,93.9,1058500000,1058500000
1995,Thailand,THA,4.07786E+11,106565,209,23.7,761570007.3,761570007.3
1995,Timor-Leste,TLS,,,,107.3,19999.99955,19999.99955
1995,Togo,TGO,4838513136,10877,93152,84.8,235220001.2,235220001.2
1995,Tonga,TON,297575411.2,,,16.2,39810001.37,39810001.37
1995,Trinidad and Tobago,TTO,11783759564,,12,25.3,30770000.46,30770000.46
1995,Tunisia,TUN,42927472591,195,327,34.4,94069999.69,94069999.69
1995,Turkiye,TUR,6.08278E+11,12841,44866,42.1,398730011,398730011
1995,Turkmenistan,TKM,14269168930,23324,45,65,43060001.37,43060001.37
1995,Turks and Caicos Islands,TCA,,,,8.9,7710000.038,7710000.038
1995,Tuvalu,TUV,19219094.67,,5,38.5,10909999.85,10909999.85
1995,Uganda,UGA,18528717052,229348,24161,97.3,1053150024,1053150024
1995,Ukraine,UKR,2.13065E+11,5193,1702,17.2,424850006.1,
1995,United Arab Emirates,ARE,2.1646E+11,409,,11.3,5440000.057,5440000.057
1995,United Kingdom,GBR,1.19667E+12,90908,75,6.1,,
1995,United States,USA,7.63975E+12,623279,243,7.9,,
1995,Uruguay,URY,28401457507,121,263,18,83779998.78,83779998.78
1995,Uzbekistan,UZB,49917660937,2623,142,57.3,90690002.44,90690002.44
1995,Vanuatu,VUT,327665925.5,,,25.6,56490001.68,56490001.68
1995,"Venezuela, RB",VEN,2.5176E+11,1612,478,22.1,53560001.37,53560001.37
1995,Viet Nam,VNM,1.32658E+11,34400,543536,29.6,891650024.4,891650024.4
1995,Virgin Islands (U.S.),VIR,,,,,,
1995,West Bank and Gaza,PSE,5695698794,1224996,72762,29.7,649500000,649500000
1995,"Yemen, Rep.",YEM,36843820114,53453,366,79.7,204770004.3,204770004.3
1995,Zambia,ZMB,13190296822,129965,22,101.7,2470810059,2470810059
1995,Zimbabwe,ZWE,21742646341,515,37,55.5,608570007.3,608570007.3
1995,Africa Eastern and Southern,AFE,6.63584E+11,4224082,4138229,96.5279817,13457149872,13457149872
1995,Africa Western and Central,AFW,4.28231E+11,1519345,1486476,109.1538866,8316189999,8316189999
1995,Arab World,ARB,2.09008E+12,4410387,2005023,51.03840828,7477209940,7477209940
1995,Caribbean small states,CSS,48303751431,8779,920,24.66248217,572529992.5,572529992.5
1995,Central Europe and the Baltics,CEB,8.78479E+11,239459,304323,13.70883419,5396620209,134699996.9
1995,Early-demographic dividend,EAR,8.08539E+12,7613559,2825104,68.18051113,24855580014,24855580014
1995,East Asia & Pacific,EAS,8.86234E+12,519914,933101,38.6,11399130153,11399130153
1995,East Asia & Pacific (excluding high income),EAP,4.16624E+12,446970,932852,40.91391272,10255410155,10255410155
1995,East Asia & Pacific (IDA & IBRD countries),TEA,4.16103E+12,446970,932852,40.73161812,9924000160,9924000160
1995,Euro area,EMU,6.48606E+12,1690386,14457,6.002216967,607380001.1,109549999.2
1995,Europe & Central Asia,ECS,1.10846E+13,3610234,1895739,22.8,15058190050,4186560022
1995,Europe & Central Asia (excluding high income),ECA,2.03734E+12,1221071,1594481,37.37774306,7660339970,3893230022
1995,Europe & Central Asia (IDA & IBRD countries),TEC,2.49433E+12,1420510,1876761,34.85481302,11444630085,3408380001
1995,European Union,EUU,7.56898E+12,2169236,305326,7.783658952,5439890209,177969997.4
1995,Fragile and conflict affected situations,FCS,1.23205E+12,5042125,5853676,95.39815505,12229910067,11805060061
1995,Heavily indebted poor countries (HIPC),HPC,4.72857E+11,5405321,8083939,100.4776842,21470880184,21470880184
1995,High income,HIC,2.35903E+13,3256066,318956,8.4,7608850180,2486229972
1995,IBRD only,IBD,1.32675E+13,6345699,3669856,52.22827273,32493580213,24457330129
1995,IDA & IBRD total,IBT,1.47478E+13,13859774,12399080,66.00029429,60726050328,52689800244
1995,IDA blend,IDB,7.24933E+11,1523208,21143,98.54121172,3906409999,3906409999
1995,IDA only,IDX,7.59478E+11,5990867,8708081,92.93735403,24326060116,24326060116
1995,IDA total,IDA,1.48417E+12,7514075,8729224,94.80268147,28232470115,28232470115
1995,Late-demographic dividend,LTE,7.10579E+12,1967034,1540448,35.38136751,18541340191,11061100101
1995,Latin America & Caribbean,LCN,3.59295E+12,93843,155698,35.1,7416390046,7416390046
1995,Latin America & Caribbean (excluding high income),LAC,3.13258E+12,90955,140442,36.57299315,6867010049,6867010049
1995,Latin America & the Caribbean (IDA & IBRD countries),TLA,3.45625E+12,92004,130829,35.43276659,6521080054,6521080054
1995,Least developed countries: UN classification,LDC,6.10507E+11,5227228,8741162,98.05884357,20297040115,20297040115
1995,Low & middle income,LMY,1.39379E+13,14884282,12198836,66.55124309,72936431641,67187421875
1995,Low income,LIC,2.74251E+11,3632963,7934472,101.8,13491900141,13491900141
1995,Lower middle income,LMC,4.55107E+12,8112440,1721468,75,26949750019,26524900013
1995,Middle East & North Africa,MEA,2.6931E+12,5773694,950041,42.6,7600919930,7600919930
1995,Middle East & North Africa (excluding high income),MNA,1.43225E+12,5756400,947957,45.21678794,6817199950,6817199950
1995,Middle East & North Africa (IDA & IBRD countries),TMN,1.42682E+12,4531404,875195,45.46209719,5921709952,5921709952
1995,Middle income,MIC,1.36695E+13,11251319,4264364,61.60742981,43497851074,40222531250
1995,North America,NAC,8.33037E+12,775389,248,7.7,-2299999.952,-2299999.952
1995,Not classified,INX,,,,,,
1995,OECD members,OED,2.30893E+13,3113292,101531,14.24805644,6589520187,1838629990
1995,Other small states,OSS,,53365,125117,61.95975923,1848700021,1775870019
1995,Pacific island small states,PSS,6379836785,2009,261,25.98282014,661650005.1,661650005.1
1995,Post-demographic dividend,PST,2.14828E+13,3271455,1065067,7.223274016,2415599989,1497899992
1995,Pre-demographic dividend,PRE,7.60056E+11,5289912,7087614,104.1789345,17662230110,17662230110
1995,Small states,SST,,64153,126298,52.31016828,3082880018,3010050016
1995,South Asia,SAS,2.0925E+12,1625459,2958738,80.7,4977849957,4977849957
1995,South Asia (IDA & IBRD),TSA,2.0925E+12,1625459,2958738,80.71212235,4977849957,4977849957
1995,Sub-Saharan Africa,SSF,1.09102E+12,5743427,5624705,101.7,23166270112,23166270112
1995,Sub-Saharan Africa (excluding high income),SSA,1.09021E+12,5743427,5624366,101.6725376,23109350113,23109350113
1995,Sub-Saharan Africa (IDA & IBRD countries),TSS,1.09102E+12,5743427,5624705,101.6671197,21936780122,21936780122
1995,Upper middle income,UMC,9.11318E+12,3138879,2542896,36.2,15801579966,12951110095
1995,World,WLD,3.77046E+13,18141960,18141960,60.6,78479613281,69589882813
1996,Afghanistan,AFG,,18779,2674234,101,218539993.3,218539993.3
1996,Albania,ALB,9442065337,4927,5784,28.6,295440002.4,295440002.4
1996,Algeria,DZA,2.15683E+11,190267,2245,40,383600006.1,383600006.1
1996,American Samoa,ASM,,,,,,
1996,Andorra,AND,,,,7.6,,
1996,Angola,AGO,42698219731,9379,249686,130.6,606039978,606039978
1996,Antigua and Barbuda,ATG,985210373.3,,,12.8,5030000.21,5030000.21
1996,Argentina,ARG,3.72715E+11,10430,218,20.7,152589996.3,152589996.3
1996,Armenia,ARM,6299716421,218950,203232,32.4,396750000,396750000
1996,Aruba,ABW,2158860032,,,,26409999.85,26409999.85
1996,Australia,AUS,4.03323E+11,67298,,5.6,,
1996,Austria,AUT,1.95478E+11,89116,53,5.3,,
1996,Azerbaijan,AZE,18372211992,233693,236086,73.6,126069999.7,126069999.7
1996,"Bahamas, The",BHS,6455090380,47,,15.1,2099999.905,
1996,Bahrain,BHR,22123020634,,64,14.3,168300003.1,168300003.1
1996,Bangladesh,BGD,1.57407E+11,30690,57962,77.5,1205599976,1205599976
1996,Barbados,BRB,2837329608,,,13.5,7199999.809,7199999.809
1996,Belarus,BLR,41082756177,30525,499,12.2,104989997.9,
1996,Belgium,BEL,2.3101E+11,36060,5,5.9,,
1996,Belize,BLZ,1285224422,8534,5,23.2,28690000.53,28690000.53
1996,Benin,BEN,9228850211,5961,42,92.2,355100006.1,355100006.1
1996,Bermuda,BMU,2544534463,,,,-4730000.019,-4730000.019
1996,Bhutan,BTN,1197883489,,106820,69,71000000,71000000
1996,Bolivia,BOL,23876799317,697,177,67.2,962280029.3,962280029.3
1996,Bosnia and Herzegovina,BIH,8421846650,,993868,10.8,1134660034,1134660034
1996,Botswana,BWA,11868268299,211,22,36.6,89150001.53,89150001.53
1996,Brazil,BRA,1.36287E+12,2212,84,38.7,306070007.3,306070007.3
1996,British Virgin Islands,VGB,,,,15.2,1620000.005,1620000.005
1996,Brunei Darussalam,BRN,19957590747,,,9.4,2990000.01,
1996,Bulgaria,BGR,57276942586,1431,3246,15.6,227570007.3,
1996,Burkina Faso,BFA,8026534869,28381,64,96.1,532770019.5,532770019.5
1996,Burundi,BDI,3111624749,20734,428680,103.2,142850006.1,142850006.1
1996,Cabo Verde,CPV,835310718.6,,,42.7,154529998.8,154529998.8
1996,Cambodia,KHM,9067918520,18,62240,86.9,480529998.8,480529998.8
1996,Cameroon,CMR,24808566399,46407,2111,90.5,513599975.6,513599975.6
1996,Canada,CAN,7.12131E+11,138427,10,5.6,,
1996,Cayman Islands,CYM,,,,,-2380000.114,-2380000.114
1996,Central African Republic,CAF,2064059018,36564,240,112.4,201389999.4,201389999.4
1996,Chad,TCD,5384292339,100,58443,105,373700012.2,373700012.2
1996,Channel Islands,CHI,,,,,,
1996,Chile,CHL,1.16332E+11,307,12801,10.6,227229995.7,227229995.7
1996,China,CHN,2.50921E+12,290099,105806,37,3044570068,3044570068
1996,Colombia,COL,2.4205E+11,222,2168,24.1,241750000,241750000
1996,Comoros,COM,768396583.7,,10,75.7,48930000.31,48930000.31
1996,"Congo, Dem. Rep.",COD,23831269615,675972,158794,113.5,210080001.8,210080001.8
1996,"Congo, Rep.",COG,10026355706,20451,214,69.3,558260009.8,558260009.8
1996,Costa Rica,CRI,23769259601,23176,136,12.7,-3420000.076,-3420000.076
1996,Cote d'Ivoire,CIV,43725798492,327696,272,101.5,1202209961,1202209961
1996,Croatia,HRV,40122296827,165395,310090,8.3,163660003.7,163660003.7
1996,Cuba,CUB,,1700,25462,8.2,75029998.78,75029998.78
1996,Curacao,CUW,,,,,,
1996,Cyprus,CYP,11454092870,45,9,7.5,31430000.31,31430000.31
1996,Czechia,CZE,1.51528E+11,2266,977,6.4,163929992.7,
1996,Denmark,DNK,1.24953E+11,66371,34,5.2,,
1996,Djibouti,DJI,,25080,18096,84.7,115129997.3,115129997.3
1996,Dominica,DMA,390188324,,,13,54299999.24,54299999.24
1996,Dominican Republic,DOM,41617747418,637,29,36.7,100550003.1,100550003.1
1996,Ecuador,ECU,66821015587,213,216,31.1,295440002.4,295440002.4
1996,"Egypt, Arab Rep.",EGY,2.97208E+11,6026,1198,46.7,2908479980,2908479980
1996,El Salvador,SLV,22514453638,148,19639,34,344309997.6,344309997.6
1996,Equatorial Guinea,GNQ,1064155007,,398,115.2,40439998.63,40439998.63
1996,Eritrea,ERI,3083998266,2105,332222,68.7,210960006.7,210960006.7
1996,Estonia,EST,9755862844,,1309,11.7,74809997.56,
1996,Eswatini,SWZ,4010942247,575,16,61.6,40959999.08,40959999.08
1996,Ethiopia,ETH,26958449213,390528,96264,100.3,1049339966,1049339966
1996,Faroe Islands,FRO,,,,,,
1996,Fiji,FJI,4182895190,7,305,20.3,59419998.17,59419998.17
1996,Finland,FIN,1.02942E+11,11382,,4.1,,
1996,France,FRA,1.27625E+12,151331,46,4.9,,
1996,French Polynesia,PYF,,,,,492420013.4,492420013.4
1996,Gabon,GAB,16295772628,797,22,56.9,157089996.3,157089996.3
1996,"Gambia, The",GMB,1937374850,6923,308,69.1,47119998.93,47119998.93
1996,Georgia,GEO,9927697210,95,48485,38,408040008.5,408040008.5
1996,Germany,DEU,1.97239E+12,1266000,421,5,,
1996,Ghana,GHA,36077372484,35613,15100,71.7,809830017.1,809830017.1
1996,Gibraltar,GIB,,,,,-340000.0036,-340000.0036
1996,Greece,GRC,1.71331E+11,5780,247,7.1,,
1996,Greenland,GRL,,,,,,
1996,Grenada,GRD,559134249.3,,10,13.7,13899999.62,13899999.62
1996,Guam,GUM,,,,,,
1996,Guatemala,GTM,43845381741,1560,40341,47.4,219080001.8,219080001.8
1996,Guinea,GIN,8143532329,663849,520,115.3,380440002.4,380440002.4
1996,Guinea-Bissau,GNB,1479129916,15401,854,116.4,239039993.3,239039993.3
1996,Guyana,GUY,3961998892,,54,40.7,114750000,114750000
1996,Haiti,HTI,15950312961,,15119,84.5,446890014.6,446890014.6
1996,Honduras,HND,13822909693,63,1256,35.7,292709991.5,292709991.5
1996,"Hong Kong SAR, China",HKG,1.61506E+11,1350,102,,14460000.04,14460000.04
1996,Hungary,HUN,96433632943,7537,3082,10.3,254809997.6,
1996,Iceland,ISL,6662592816,232,5,4,,
1996,India,IND,1.66016E+12,233371,7546,75.8,2246159912,2246159912
1996,Indonesia,IDN,9.76739E+11,61,11365,48.4,1040400024,1040400024
1996,"Iran, Islamic Rep.",IRN,5.97953E+11,2030359,104122,35.2,173389999.4,173389999.4
1996,Iraq,IRQ,1.08239E+11,112957,714727,38.2,463920013.4,463920013.4
1996,Ireland,IRL,74500268162,69,,6.1,,
1996,Isle of Man,IMN,,,,,,
1996,Israel,ISR,1.22621E+11,,1121,6.7,3460280029,3460280029
1996,Italy,ITA,1.31114E+12,64712,109,6,,
1996,Jamaica,JAM,16051535435,23,18,20,77000000,77000000
1996,Japan,JPN,3.14399E+12,5278,,4,,
1996,Jordan,JOR,24829416672,1390473,707,25,618330017.1,618330017.1
1996,Kazakhstan,KAZ,95796952655,15577,40163,44,164699996.9,164699996.9
1996,Kenya,KEN,51274183725,223640,9390,66.2,731919982.9,731919982.9
1996,Kiribati,KIR,109783053.4,,,56.1,17059999.47,17059999.47
1996,"Korea, Dem. People's Rep.",PRK,,,10,55.1,33470001.22,33470001.22
1996,"Korea, Rep.",KOR,6.68944E+11,5,40,8.3,-161000000,-161000000
1996,Kosovo,XKX,,,,59.1,,
1996,Kuwait,KWT,98490450088,3831,854,12.1,31270000.46,
1996,Kyrgyz Republic,KGZ,6967282943,16707,17118,51,252889999.4,252889999.4
1996,Lao PDR,LAO,7238965736,,46908,87.4,296929992.7,296929992.7
1996,Latvia,LVA,14274144869,,1956,15.2,91430000.31,
1996,Lebanon,LBN,30499363217,358666,10888,20.7,302329986.6,302329986.6
1996,Lesotho,LSO,2175588263,,,67.5,131600006.1,131600006.1
1996,Liberia,LBR,,120060,783992,158.3,218059997.6,218059997.6
1996,Libya,LBY,,7747,271,27.4,4590000.153,4590000.153
1996,Liechtenstein,LIE,,,,,,
1996,Lithuania,LTU,22998849009,,659,10.7,116610000.6,
1996,Luxembourg,LUX,16453577595,700,,4.9,,
1996,"Macao SAR, China",MAC,14249405183,,,,370000.0048,370000.0048
1996,Madagascar,MDG,16232752838,,76,79.1,440799987.8,440799987.8
1996,Malawi,MWI,9155313660,1267,40,117.1,621390014.6,621390014.6
1996,Malaysia,MYS,2.44118E+11,5305,105,11.1,-406410003.7,-406410003.7
1996,Maldives,MDV,1722702483,,,44.7,31260000.23,31260000.23
1996,Mali,MLI,9761412678,18234,55192,110.5,614200012.2,614200012.2
1996,Malta,MLT,4911289362,357,18,7.9,99519996.64,99519996.64
1996,Marshall Islands,MHL,125113639.2,,,33.2,99769996.64,99769996.64
1996,Mauritania,MRT,7623505608,15877,83231,68.1,336359985.4,336359985.4
1996,Mauritius,MUS,8168338859,,10,20.3,27659999.85,27659999.85
1996,Mexico,MEX,8.45698E+11,34569,520,28.2,320730011,320730011
1996,"Micronesia, Fed. Sts.",FSM,243802557.6,,,34.6,169399993.9,169399993.9
1996,Moldova,MDA,8903926794,,5826,31.6,50479999.54,
1996,Monaco,MCO,,,,2.8,,
1996,Mongolia,MNG,7478694418,,5,60.9,175740005.5,175740005.5
1996,Montenegro,MNE,,,,13.5,,
1996,Morocco,MAR,95980475703,36,302,51.1,804820007.3,804820007.3
1996,Mozambique,MOZ,5736213481,200,34656,139.6,1163430054,1163430054
1996,Myanmar,MMR,26417125954,,143019,71.5,51020000.46,51020000.46
1996,Namibia,NAM,7590781889,2198,13,47.4,237740005.5,237740005.5
1996,Nauru,NRU,,,,39.5,4800000.191,4800000.191
1996,Nepal,NPL,25246362675,126814,44,71.9,403910003.7,403910003.7
1996,Netherlands,NLD,3.80738E+11,102573,97,5.5,,
1996,New Caledonia,NCL,,,,,483250000,483250000
1996,New Zealand,NZL,68806615170,3790,,6.9,,
1996,Nicaragua,NIC,10995056701,557,22818,38.6,1078579956,1078579956
1996,Niger,NER,7490921267,25842,10359,111.9,321399993.9,321399993.9
1996,Nigeria,NGA,2.36722E+11,8486,4751,119.6,243399993.9,243399993.9
1996,North Macedonia,MKD,10114625347,5089,13039,18.9,133669998.2,133669998.2
1996,Northern Mariana Islands,MNP,,,,,-1419999.957,-1419999.957
1996,Norway,NOR,1.17532E+11,48409,,4.4,,
1996,Oman,OMN,74754033241,,8,18.9,103180000.3,103180000.3
1996,Pakistan,PAK,3.51743E+11,1202703,7499,93.9,759130004.9,759130004.9
1996,Palau,PLW,,,,27.7,95169998.17,95169998.17
1996,Panama,PAN,20172800115,864,146,23.4,59709999.08,59709999.08
1996,Papua New Guinea,PNG,12408712487,10175,2006,56.7,537760009.8,537760009.8
1996,Paraguay,PRY,32997580915,53,45,30.5,77290000.92,77290000.92
1996,Peru,PER,1.13024E+11,659,6695,39.8,426290008.5,426290008.5
1996,Philippines,PHL,2.22494E+11,685,599,31.4,975340026.9,975340026.9
1996,Poland,POL,3.19736E+11,600,12868,11.5,1486099976,
1996,Portugal,PRT,1.50171E+11,297,218,7,,
1996,Puerto Rico,PRI,68006591479,,12,,,
1996,Qatar,QAT,,,17,12.5,3910000.086,
1996,Romania,ROU,1.29961E+11,261,11872,21.9,296980011,
1996,Russian Federation,RUS,8.17527E+11,246689,173722,17.4,1869219971,
1996,Rwanda,RWA,3346593417,25257,469132,131.1,613869995.1,613869995.1
1996,Samoa,WSM,472040143.2,,,20.7,41279998.78,41279998.78
1996,San Marino,SMR,,,,7,,
1996,Sao Tome and Principe,STP,,,47,65.4,62360000.61,62360000.61
1996,Saudi Arabia,SAU,7.28959E+11,9852,244,23.9,14239999.77,14239999.77
1996,Senegal,SEN,15223261548,65042,17630,71.2,720809997.6,720809997.6
1996,Serbia,SRB,39824414749,563210,103963,15.1,82819999.69,82819999.69
1996,Seychelles,SYC,911923336.3,,138,12.2,24590000.15,24590000.15
1996,Sierra Leone,SLE,2931785643,13536,375100,147.5,238380004.9,238380004.9
1996,Singapore,SGP,1.35337E+11,10,18,3.8,15760000.23,
1996,Sint Maarten (Dutch part),SXM,,,,,,
1996,Slovak Republic,SVK,50549836646,1387,57,9.7,127080001.8,
1996,Slovenia,SVN,28453904912,10014,3369,5.8,103559997.6,103559997.6
1996,Solomon Islands,SLB,724655312.3,2000,34,27.2,52180000.31,52180000.31
1996,Somalia,SOM,,700,636984,104.5,113839996.3,113839996.3
1996,South Africa,ZAF,3.25219E+11,22645,286,46.3,488910003.7,488910003.7
1996,South Sudan,SSD,,,,127.4,,
1996,Spain,ESP,6.77322E+11,5672,217,5.2,,
1996,Sri Lanka,LKA,64124093400,11,109576,16.4,390869995.1,390869995.1
1996,St. Kitts and Nevis,KNA,535835124.6,,,22.8,8609999.657,8609999.657
1996,St. Lucia,LCA,1277059249,,,16.1,48240001.68,48240001.68
1996,St. Martin (French part),MAF,,,,,,
1996,St. Vincent and the Grenadines,VCT,615293438.5,,13,19,32639999.39,32639999.39
1996,Sudan,SDN,61343268476,393874,475302,74.1,281070007.3,281070007.3
1996,Suriname,SUR,3092451078,,754,31.7,146039993.3,146039993.3
1996,Sweden,SWE,2.11601E+11,191159,37,3.8,,
1996,Switzerland,CHE,2.22825E+11,84413,32,5.1,,
1996,Syrian Arab Republic,SYR,,379894,8611,23.3,260079986.6,260079986.6
1996,Tajikistan,TJK,5073784030,1166,107508,84.8,138429992.7,138429992.7
1996,Tanzania,TZA,30851282078,498732,66,91.9,1089630005,1089630005
1996,Thailand,THA,4.38722E+11,107962,282,22.6,829859985.4,829859985.4
1996,Timor-Leste,TLS,,,,102.9,119999.9973,119999.9973
1996,Togo,TGO,5362474160,12588,25587,83.2,185729995.7,185729995.7
1996,Tonga,TON,308495112.9,,5,15.9,37880001.07,37880001.07
1996,Trinidad and Tobago,TTO,12855619210,,17,25.1,19559999.47,19559999.47
1996,Tunisia,TUN,46837260126,172,410,32.5,160759994.5,160759994.5
1996,Turkiye,TUR,6.61605E+11,8166,50355,39.7,280730011,280730011
1996,Turkmenistan,TKM,15503970689,15582,2936,64.6,33340000.15,33340000.15
1996,Turks and Caicos Islands,TCA,,,,8.5,5630000.114,5630000.114
1996,Tuvalu,TUV,18404290.9,,5,37.7,13010000.23,13010000.23
1996,Uganda,UGA,20579695938,264294,28335,96.2,868580017.1,868580017.1
1996,Ukraine,UKR,1.9527E+11,3585,6106,17.2,576559997.6,
1996,United Arab Emirates,ARE,2.33205E+11,464,,10.9,7059999.943,
1996,United Kingdom,GBR,1.27831E+12,98577,69,6,,
1996,United States,USA,8.07312E+12,607005,141,7.7,,
1996,Uruguay,URY,30534706956,130,202,17.5,44959999.08,44959999.08
1996,Uzbekistan,UZB,51695775105,2894,69745,56.7,101190002.4,101190002.4
1996,Vanuatu,VUT,341430896,,,25.2,43080001.83,43080001.83
1996,"Venezuela, RB",VEN,2.55863E+11,1591,558,21.5,44240001.68,44240001.68
1996,Viet Nam,VNM,1.47704E+11,34400,518335,28.2,1127569946,1127569946
1996,Virgin Islands (U.S.),VIR,,,,,,
1996,West Bank and Gaza,PSE,5870463773,1270333,80202,28.7,724190002.4,724190002.4
1996,"Yemen, Rep.",YEM,39257385063,53546,1154,78.2,311700012.2,311700012.2
1996,Zambia,ZMB,14267070076,131139,39,99.7,771770019.5,771770019.5
1996,Zimbabwe,ZWE,24434682889,594,36,55.8,469089996.3,469089996.3
1996,Africa Eastern and Southern,AFE,7.12994E+11,2664044,2920244,94.98192859,10511330006,10511330006
1996,Africa Western and Central,AFW,4.56541E+11,1467808,1434430,107.7410077,8369310028,8369310028
1996,Arab World,ARB,2.2257E+12,4219795,2035525,49.54711976,8166089997,8123849997
1996,Caribbean small states,CSS,50901969785,8604,871,24.20753253,558059992.8,555959992.9
1996,Central Europe and the Baltics,CEB,9.21091E+11,188891,349485,13.04727889,3106539986,267220001.2
1996,Early-demographic dividend,EAR,8.70479E+12,7536895,1584063,66.2292669,27407349977,27407349977
1996,East Asia & Pacific,EAS,9.59877E+12,528443,891189,37.2,9953860060,9935110060
1996,East Asia & Pacific (excluding high income),EAP,4.61491E+12,450712,891029,39.58324898,9094910047,9094910047
1996,East Asia & Pacific (IDA & IBRD countries),TEA,4.60914E+12,450712,891019,39.34995162,8786480044,8786480044
1996,Euro area,EMU,6.70213E+12,1745495,8790,5.632629252,644439994.8,234509994.5
1996,Europe & Central Asia,ECS,1.1486E+13,3778644,2429519,21.9,11949549947,4399650041
1996,Europe & Central Asia (excluding high income),ECA,2.06662E+12,1368286,2081681,36.27422744,7302600006,3936690037
1996,Europe & Central Asia (IDA & IBRD countries),TEC,2.55651E+12,1534542,2416511,33.77477374,8324290009,3712390049
1996,European Union,EUU,7.83374E+12,2180515,350996,7.3105025,3237489983,398169998.2
1996,Fragile and conflict affected situations,FCS,1.27486E+12,3903846,5952157,93.88539922,11563650054,10987090057
1996,Heavily indebted poor countries (HIPC),HPC,5.07054E+11,3883423,6803564,98.54695714,18651050045,18651050045
1996,High income,HIC,2.47949E+13,3249373,363845,8,8087110015,5412270037
1996,IBRD only,IBD,1.42527E+13,6404191,4036413,50.77753426,28992680007,24380780048
1996,IDA & IBRD total,IBT,1.5832E+13,12371342,11612655,64.67059658,54110829968,49498930009
1996,IDA blend,IDB,7.71902E+11,1515357,96080,97.0459483,4277499972,4277499972
1996,IDA only,IDX,8.11751E+11,4451794,7480162,90.86383401,20840649988,20840649988
1996,IDA total,IDA,1.58333E+12,5967151,7576242,92.92340986,25118149961,25118149961
1996,Late-demographic dividend,LTE,7.61476E+12,2134601,1638050,34.00621707,14724529963,10681100006
1996,Latin America & Caribbean,LCN,3.79327E+12,88392,149513,33.5,9142479960,9140379960
1996,Latin America & Caribbean (excluding high income),LAC,3.31093E+12,85453,135723,34.85046481,8597859968,8597859968
1996,Latin America & the Caribbean (IDA & IBRD countries),TLA,3.64985E+12,86645,124039,33.7860135,6186040009,6186040009
1996,Least developed countries: UN classification,LDC,6.56998E+11,3699466,7447530,95.85291665,16874660070,16874660070
1996,Low & middle income,LMY,1.49734E+13,13474227,11369583,65.22297239,68872462402,63934312500
1996,Low income,LIC,2.94975E+11,2504779,6654633,99.8,10664000095,10664000095
1996,Lower middle income,LMC,4.8923E+12,7721056,1823569,73.3,27926249759,27349689761
1996,Middle East & North Africa,MEA,2.87909E+12,5840060,945259,40.9,11298060029,11255820028
1996,Middle East & North Africa (excluding high income),MNA,1.55205E+12,5825556,942933,43.59788922,7410299999,7410299999
1996,Middle East & North Africa (IDA & IBRD countries),TMN,1.54648E+12,4555223,862731,43.84244489,6507130001,6507130001
1996,Middle income,MIC,1.46848E+13,10969448,4714950,60.22192944,42449421631,39620601563
1996,North America,NAC,8.7878E+12,745432,151,7.5,-4730000.019,-4730000.019
1996,Not classified,INX,,,,,,
1996,OECD members,OED,2.42977E+13,3132900,93159,13.63087875,6784630011,4469860044
1996,Other small states,OSS,,51819,128176,61.26224469,1899679994,1817969997
1996,Pacific island small states,PSS,6729891642,2007,349,25.48009359,633049988.7,633049988.7
1996,Post-demographic dividend,PST,2.25117E+13,3268525,1349272,6.932028097,2902720025,1442490031
1996,Pre-demographic dividend,PRE,8.20143E+11,3785170,7162549,102.5131652,15306280042,15306280042
1996,Small states,SST,,62430,129396,51.86333294,3090789976,3006979978
1996,South Asia,SAS,2.27508E+12,1612368,2963681,78.4,5326469885,5326469885
1996,South Asia (IDA & IBRD),TSA,2.27508E+12,1612368,2963681,78.36559915,5326469885,5326469885
1996,Sub-Saharan Africa,SSF,1.16865E+12,4131852,4354674,100.2,20887150063,20887150063
1996,Sub-Saharan Africa (excluding high income),SSA,1.16774E+12,4131852,4354536,100.1896841,20822120064,20822120064
1996,Sub-Saharan Africa (IDA & IBRD countries),TSS,1.16865E+12,4131852,4354674,100.1844689,18980420021,18980420021
1996,Upper middle income,UMC,9.78676E+12,3248392,2891381,34.8,13967800131,11715540155
1996,World,WLD,3.99425E+13,16725191,16725191,59.4,75330570313,69289820313
1997,Afghanistan,AFG,,5,2676675,98.3,330290008.5,330290008.5
1997,Albania,ALB,8556035108,34,5381,27.5,232360000.6,232360000.6
1997,Algeria,DZA,2.21816E+11,170736,3409,39,347130004.9,347130004.9
1997,American Samoa,ASM,,,,,,
1997,Andorra,AND,,,,7.3,,
1997,Angola,AGO,46594068742,9361,267687,129.1,510730011,510730011
1997,Antigua and Barbuda,ATG,1057036091,,,12.9,5900000.095,5900000.095
1997,Argentina,ARG,4.09895E+11,10522,157,19.8,132389999.4,132389999.4
1997,Armenia,ARM,6621177138,219000,203690,31,230750000,230750000
1997,Aruba,ABW,2350843673,,,,38049999.24,38049999.24
1997,Australia,AUS,4.26004E+11,66056,,5.4,,
1997,Austria,AUT,2.02601E+11,84394,54,5,,
1997,Azerbaijan,AZE,19772991831,233716,234949,71.3,253839996.3,253839996.3
1997,"Bahamas, The",BHS,7017892807,58,,14.6,4989999.771,
1997,Bahrain,BHR,23200581591,,82,13.1,204559997.6,204559997.6
1997,Bangladesh,BGD,1.67311E+11,21603,44375,73.7,1176589966,1176589966
1997,Barbados,BRB,3023068963,,,13.4,8189999.58,8189999.58
1997,Belarus,BLR,46555399158,50,300,11.9,82980003.36,
1997,Belgium,BEL,2.41624E+11,36060,9,5.5,,
1997,Belize,BLZ,1354237915,8387,,22.3,18889999.39,18889999.39
1997,Benin,BEN,9926367674,2914,41,90.3,310350006.1,310350006.1
1997,Bermuda,BMU,2707480241,,,,-11000000,
1997,Bhutan,BTN,1284022548,,108702,66,79889999.39,79889999.39
1997,Bolivia,BOL,25491843211,331,163,64.4,882409973.1,882409973.1
1997,Bosnia and Herzegovina,BIH,11513256422,40000,849240,10.2,1235739990,1235739990
1997,Botswana,BWA,13078107282,280,16,36.9,168860000.6,168860000.6
1997,Brazil,BRA,1.43344E+12,2260,103,36.4,299329986.6,299329986.6
1997,British Virgin Islands,VGB,,,,15,2490000.01,2490000.01
1997,Brunei Darussalam,BRN,20003072180,,,9.1,439999.9976,
1997,Bulgaria,BGR,47798644413,382,3049,15.7,306839996.3,
1997,Burkina Faso,BFA,8680713155,1799,112,94.9,525219970.7,525219970.7
1997,Burundi,BDI,3114954588,22027,519116,101.8,80040000.92,80040000.92
1997,Cabo Verde,CPV,944190020.7,,,40.4,163009994.5,163009994.5
1997,Cambodia,KHM,9593870835,16,103239,86.6,438769989,438769989
1997,Cameroon,CMR,26378902879,47057,2250,90.6,693200012.2,693200012.2
1997,Canada,CAN,7.5539E+11,125176,12,5.5,,
1997,Cayman Islands,CYM,,,,,-5030000.21,
1997,Central African Republic,CAF,2210932526,38490,139,111.6,119230003.4,119230003.4
1997,Chad,TCD,5786785017,298,55026,103.8,317510009.8,317510009.8
1997,Channel Islands,CHI,,,,,,
1997,Chile,CHL,1.27085E+11,270,9775,10.3,165669998.2,165669998.2
1997,China,CHN,2.78825E+12,291506,106731,35.4,2632280029,2632280029
1997,Colombia,COL,2.5467E+11,223,2376,23.3,261890014.6,261890014.6
1997,Comoros,COM,813148632.5,,5,74,41509998.32,41509998.32
1997,"Congo, Dem. Rep.",COD,22880526501,297536,173994,112.2,221389999.4,221389999.4
1997,"Congo, Rep.",COG,10135527149,20700,21143,71.1,370989990.2,370989990.2
1997,Costa Rica,CRI,25503234174,23114,86,12.6,8489999.771,8489999.771
1997,Cote d'Ivoire,CIV,48771606525,208509,355,100.3,608179992.7,608179992.7
1997,Croatia,HRV,43237134960,68863,349307,8,59200000.76,59200000.76
1997,Cuba,CUB,,1274,24911,7.9,93410003.66,93410003.66
1997,Curacao,CUW,,,,,,
1997,Cyprus,CYP,11926813873,38,7,7,60290000.92,
1997,Czechia,CZE,1.52755E+11,1731,695,5.8,162199996.9,
1997,Denmark,DNK,1.31746E+11,68106,33,5,,
1997,Djibouti,DJI,,23589,8143,83.6,114029998.8,114029998.8
1997,Dominica,DMA,405591978.3,,,13.2,18120000.84,18120000.84
1997,Dominican Republic,DOM,46097032587,638,50,35.4,84470001.22,84470001.22
1997,Ecuador,ECU,70915090522,218,215,29.3,217669998.2,217669998.2
1997,"Egypt, Arab Rep.",EGY,3.18939E+11,6486,1720,44,2813139893,2813139893
1997,El Salvador,SLV,23621379795,106,17124,32.2,360709991.5,360709991.5
1997,Equatorial Guinea,GNQ,2705971402,,474,113.6,35139999.39,35139999.39
1997,Eritrea,ERI,3385289345,2606,319076,65,171699996.9,171699996.9
1997,Estonia,EST,11167391134,,1265,11,93839996.34,
1997,Eswatini,SWZ,4206706006,591,17,63.7,36470001.22,36470001.22
1997,Ethiopia,ETH,28282750744,323064,84386,96.8,808179992.7,808179992.7
1997,Faroe Islands,FRO,,,,,,
1997,Fiji,FJI,4161415792,,326,19.9,60979999.54,60979999.54
1997,Finland,FIN,1.1202E+11,12017,,3.9,,
1997,France,FRA,1.33384E+12,146558,60,4.6,,
1997,French Polynesia,PYF,,,,,506209991.5,506209991.5
1997,Gabon,GAB,17528018690,864,17,56.3,55099998.47,55099998.47
1997,"Gambia, The",GMB,2067351925,7276,421,67.2,54310001.37,54310001.37
1997,Georgia,GEO,11161200302,161,47159,36.9,337820007.3,337820007.3
1997,Germany,DEU,2.01581E+12,1049000,443,4.8,,
1997,Ghana,GHA,38239544275,22853,14772,70.4,666000000,666000000
1997,Gibraltar,GIB,,,,,479999.9893,479999.9893
1997,Greece,GRC,1.82903E+11,5520,175,6.8,,
1997,Greenland,GRL,,,,,,
1997,Grenada,GRD,597303071.8,,11,13.4,11359999.66,11359999.66
1997,Guam,GUM,,,,,,
1997,Guatemala,GTM,46547913294,1501,37506,45.7,350760009.8,350760009.8
1997,Guinea,GIN,8713204010,435294,641,111.6,530789978,530789978
1997,Guinea-Bissau,GNB,1602437867,15982,865,113.7,176229995.7,176229995.7
1997,Guyana,GUY,4279421496,,37,39.8,313019989,313019989
1997,Haiti,HTI,16664214864,,15479,81.8,404809997.6,404809997.6
1997,Honduras,HND,14707825439,9,1243,34.3,375309997.6,375309997.6
1997,"Hong Kong SAR, China",HKG,1.72669E+11,1224,47,,11060000.42,
1997,Hungary,HUN,1.01102E+11,5890,2670,9.9,235830001.8,
1997,Iceland,ISL,7286026713,252,5,3.8,,
1997,India,IND,1.75718E+12,223072,8918,73.5,2098360107,2098360107
1997,Indonesia,IDN,1.04028E+12,29,8800,46.4,933799987.8,933799987.8
1997,"Iran, Islamic Rep.",IRN,6.16478E+11,1982553,93986,33.8,250830001.8,250830001.8
1997,Iraq,IRQ,1.33489E+11,104032,707342,37.6,305029998.8,305029998.8
1997,Ireland,IRL,83169328097,430,,6.1,,
1997,Isle of Man,IMN,,,,,,
1997,Israel,ISR,1.29462E+11,,988,6.3,1838699951,
1997,Italy,ITA,1.3583E+12,66601,112,5.6,,
1997,Jamaica,JAM,16142115051,31,21,19.4,101419998.2,101419998.2
1997,Japan,JPN,3.22959E+12,4846,,3.8,,
1997,Jordan,JOR,26093223821,1438102,720,24.4,617979980.5,617979980.5
1997,Kazakhstan,KAZ,99105536694,15585,40772,42.7,163080001.8,163080001.8
1997,Kenya,KEN,52406072915,232097,9563,65.1,602059997.6,602059997.6
1997,Kiribati,KIR,113537456.5,,,54.9,21379999.16,21379999.16
1997,"Korea, Dem. People's Rep.",PRK,,,,55,129020004.3,129020004.3
1997,"Korea, Rep.",KOR,7.22469E+11,5,50,7.8,-175580001.8,-175580001.8
1997,Kosovo,XKX,,,,54.8,,
1997,Kuwait,KWT,1.02667E+11,3787,824,11.9,1740000.01,
1997,Kyrgyz Republic,KGZ,7790165527,15276,16321,49,255460006.7,255460006.7
1997,Lao PDR,LAO,7869843561,,37369,84.6,311929992.7,311929992.7
1997,Latvia,LVA,15783361316,,1916,14.4,113300003.1,
1997,Lebanon,LBN,31352610401,365160,10228,19.8,360299987.8,360299987.8
1997,Lesotho,LSO,2295069416,,,67.3,125870002.7,125870002.7
1997,Liberia,LBR,,126882,493324,151,107410003.7,107410003.7
1997,Libya,LBY,,8477,266,26.5,5409999.847,5409999.847
1997,Liechtenstein,LIE,,,,,,
1997,Lithuania,LTU,25275089803,5,650,9.8,144029998.8,
1997,Luxembourg,LUX,17820545611,700,,4.6,,
1997,"Macao SAR, China",MAC,14454559994,,,,449999.9881,449999.9881
1997,Madagascar,MDG,17122569961,,74,76.1,1168390015,1168390015
1997,Malawi,MWI,9666385980,278,37,114.1,467190002.4,467190002.4
1997,Malaysia,MYS,2.66513E+11,5277,88,10.7,-233949996.9,-233949996.9
1997,Maldives,MDV,1899575600,,,41.5,29040000.92,29040000.92
1997,Mali,MLI,10409251171,12552,18014,108.6,598659973.1,598659973.1
1997,Malta,MLT,5470099659,334,14,7.6,33639999.39,33639999.39
1997,Marshall Islands,MHL,119067669.6,,,33.3,78029998.78,78029998.78
1997,Mauritania,MRT,7441302816,7512,70294,67.3,321260009.8,321260009.8
1997,Mauritius,MUS,8781779913,,,20.2,59330001.83,59330001.83
1997,Mexico,MEX,9.19184E+11,31892,663,26.9,143800003.1,143800003.1
1997,"Micronesia, Fed. Sts.",FSM,232975230.4,,,33.8,122480003.4,122480003.4
1997,Moldova,MDA,9206651251,,5137,31.1,92110000.61,92110000.61
1997,Monaco,MCO,,,,2.5,,
1997,Mongolia,MNG,7904108062,,10,58.1,226229995.7,226229995.7
1997,Montenegro,MNE,,,,13.4,,
1997,Morocco,MAR,96111792079,42,309,49.2,653630004.9,653630004.9
1997,Mozambique,MOZ,6494562651,69,33652,132.8,1345280029,1345280029
1997,Myanmar,MMR,28494384241,,135771,69.8,76980003.36,76980003.36
1997,Namibia,NAM,8047542338,2502,,47.6,233649993.9,233649993.9
1997,Nauru,NRU,,,,38,4150000.095,4150000.095
1997,Nepal,NPL,26978289338,129158,49,68.4,414630004.9,414630004.9
1997,Netherlands,NLD,4.06142E+11,118057,77,5.4,,
1997,New Caledonia,NCL,,,,,467000000,467000000
1997,New Zealand,NZL,72317627659,3652,,6.7,,
1997,Nicaragua,NIC,11628315283,462,22495,36.7,490649993.9,490649993.9
1997,Niger,NER,7736492190,7374,2783,108.1,463410003.7,463410003.7
1997,Nigeria,NGA,2.47877E+11,9071,3043,117.6,273709991.5,273709991.5
1997,North Macedonia,MKD,10437205443,3500,12742,17.3,133479995.7,133479995.7
1997,Northern Mariana Islands,MNP,,,,,939999.9976,939999.9976
1997,Norway,NOR,1.26025E+11,47372,,4.3,,
1997,Oman,OMN,80631186065,,8,17.4,136309997.6,136309997.6
1997,Pakistan,PAK,3.61438E+11,1202733,5983,91.5,895960022,895960022
1997,Palau,PLW,,,,27.1,51540000.92,51540000.92
1997,Panama,PAN,21846504478,618,123,23.1,59659999.85,59659999.85
1997,Papua New Guinea,PNG,12129853121,8198,806,55.9,525460022,525460022
1997,Paraguay,PRY,34990670009,48,19,29.8,103190002.4,103190002.4
1997,Peru,PER,1.2242E+11,744,6608,37,571479980.5,571479980.5
1997,Philippines,PHL,2.38069E+11,306,526,30.6,777309997.6,777309997.6
1997,Poland,POL,3.45397E+11,835,7292,10.4,1233630005,
1997,Portugal,PRT,1.59607E+11,310,213,6.6,,
1997,Puerto Rico,PRI,72555329509,,,,,
1997,Qatar,QAT,,,18,12,2809999.943,
1997,Romania,ROU,1.25494E+11,631,8955,21.4,306820007.3,
1997,Russian Federation,RUS,8.4311E+11,237720,198055,17.1,1304859985,
1997,Rwanda,RWA,3875790678,34227,67996,129.1,335209991.5,335209991.5
1997,Samoa,WSM,483269750.4,,,20.1,39419998.17,39419998.17
1997,San Marino,SMR,1146105222,,,6.4,,
1997,Sao Tome and Principe,STP,,,42,63.1,49020000.46,49020000.46
1997,Saudi Arabia,SAU,7.49714E+11,5833,358,22.4,3559999.943,3559999.943
1997,Senegal,SEN,15957411198,57220,17163,71.2,590440002.4,590440002.4
1997,Serbia,SRB,43430952565,550064,106649,13.5,133300003.1,133300003.1
1997,Seychelles,SYC,1040763003,,32,12.1,23840000.15,23840000.15
1997,Sierra Leone,SLE,2807067608,13015,329322,145.5,165970001.2,165970001.2
1997,Singapore,SGP,1.4912E+11,5,20,3.6,3049999.952,
1997,Sint Maarten (Dutch part),SXM,,,,,,
1997,Slovak Republic,SVK,54296477938,746,69,9.3,98779998.78,
1997,Slovenia,SVN,30350857451,5133,3414,5.4,138880004.9,138880004.9
1997,Solomon Islands,SLB,730413361.8,800,34,26.7,53909999.85,53909999.85
1997,Somalia,SOM,,622,608086,104.5,116680000.3,116680000.3
1997,South Africa,ZAF,3.39429E+11,6816,241,47,703039978,703039978
1997,South Sudan,SSD,,,,123.1,,
1997,Spain,ESP,7.17536E+11,5512,214,4.9,,
1997,Sri Lanka,LKA,69408103199,21,122277,15.9,305970001.2,305970001.2
1997,St. Kitts and Nevis,KNA,582270986.1,,,22.2,9880000.114,9880000.114
1997,St. Lucia,LCA,1290063944,5,,15.9,34439998.63,34439998.63
1997,St. Martin (French part),MAF,,,,,,
1997,St. Vincent and the Grenadines,VCT,647842622.1,,13,19.1,6539999.962,6539999.962
1997,Sudan,SDN,73828388883,374414,364571,72.4,200000000,200000000
1997,Suriname,SUR,3325087562,11,663,30.6,112629997.3,112629997.3
1997,Sweden,SWE,2.19433E+11,186719,39,3.6,,
1997,Switzerland,CHE,2.32048E+11,83205,54,4.9,,
1997,Syrian Arab Republic,SYR,,383907,8653,22.3,247520004.3,247520004.3
1997,Tajikistan,TJK,5248022214,2176,75880,81.1,123089996.3,123089996.3
1997,Tanzania,TZA,32489639569,570367,59,89.5,1304609985,1304609985
1997,Thailand,THA,4.33999E+11,169154,268,21.6,702539978,702539978
1997,Timor-Leste,TLS,,,,98.8,689999.9976,689999.9976
1997,Togo,TGO,6239224576,12682,7182,81.5,162529998.8,162529998.8
1997,Tonga,TON,317654266.4,,5,15.6,36470001.22,36470001.22
1997,Trinidad and Tobago,TTO,14061092217,,20,25.1,47360000.61,47360000.61
1997,Tunisia,TUN,50237270582,497,703,30.5,272079986.6,272079986.6
1997,Turkiye,TUR,7.223E+11,2448,47339,37.4,6309999.943,6309999.943
1997,Turkmenistan,TKM,13973394812,15787,3179,63.8,28709999.08,28709999.08
1997,Turks and Caicos Islands,TCA,,,,8.1,5440000.057,5440000.057
1997,Tuvalu,TUV,20594444.61,,5,36.7,12140000.34,12140000.34
1997,Uganda,UGA,22002242561,188512,55232,94.8,1131020020,1131020020
1997,Ukraine,UKR,1.92678E+11,4566,6348,17.1,405320007.3,
1997,United Arab Emirates,ARE,2.56656E+11,519,,10.5,2359999.895,
1997,United Kingdom,GBR,1.34611E+12,107933,75,5.8,,
1997,United States,USA,8.57755E+12,563813,75,7.5,,
1997,Uruguay,URY,33716274851,134,87,16.8,47700000.76,47700000.76
1997,Uzbekistan,UZB,55321769366,3150,69068,55.8,164509994.5,164509994.5
1997,Vanuatu,VUT,364360912.2,,,24.9,40049999.24,40049999.24
1997,"Venezuela, RB",VEN,2.76857E+11,290,606,20.7,4980000.019,4980000.019
1997,Viet Nam,VNM,1.62499E+11,15000,476795,26.9,1117140015,1117140015
1997,Virgin Islands (U.S.),VIR,,,,,,
1997,West Bank and Gaza,PSE,6847577971,1308438,76812,27.8,857479980.5,857479980.5
1997,"Yemen, Rep.",YEM,42023362385,40965,1721,76.4,482730011,482730011
1997,Zambia,ZMB,15066626466,165072,62,97.9,838840026.9,838840026.9
1997,Zimbabwe,ZWE,25522331833,800,37,55.3,457589996.3,457589996.3
1997,Africa Eastern and Southern,AFE,7.56744E+11,2231241,2503981,93.28858335,11173139956,11173139956
1997,Africa Western and Central,AFW,4.8463E+11,1048344,1037381,105.9304181,7236790020,7236790020
1997,Arab World,ARB,2.36424E+12,4243118,1864272,48.11056481,8107249854,8100339854
1997,Caribbean small states,CSS,53783024705,8492,765,23.62469636,692739983.1,687749983.3
1997,Central Europe and the Baltics,CEB,9.52657E+11,84216,379282,12.40013246,2893350010,198080005.6
1997,Early-demographic dividend,EAR,9.23977E+12,7426336,1117508,64.26725509,24256269801,22417569849
1997,East Asia & Pacific,EAS,1.02126E+13,566074,870890,35.9,9284220007,9262780007
1997,East Asia & Pacific (excluding high income),EAP,5.00951E+12,490286,870773,38.11567016,8463760018,8463760018
1997,East Asia & Pacific (IDA & IBRD countries),TEA,5.00324E+12,490286,870773,37.86441139,8029730014,8029730014
1997,Euro area,EMU,6.98564E+12,1531415,8692,5.329280271,682760002.1,172520004.3
1997,Europe & Central Asia,ECS,1.19968E+13,3446233,2303061,20.9,10592049958,3853270005
1997,Europe & Central Asia (excluding high income),ECA,2.16245E+12,1343615,1925258,35.040405,6776369959,3484349993
1997,Europe & Central Asia (IDA & IBRD countries),TEC,2.67665E+12,1413944,2290812,32.5679141,7090209998,3449759993
1997,European Union,EUU,8.15261E+12,1864572,380732,6.899115679,2987280010,231720005
1997,Fragile and conflict affected situations,FCS,1.36482E+12,3399299,5847086,92.0282892,11254089988,10848769980
1997,Heavily indebted poor countries (HIPC),HPC,5.46325E+11,3018010,5976327,96.42949728,17857239971,17857239971
1997,High income,HIC,2.60653E+13,2878948,390373,7.6,6098709948,1793979988
1997,IBRD only,IBD,1.52213E+13,6275523,3895211,49.23570058,26604889913,22964439908
1997,IDA & IBRD total,IBT,1.68896E+13,11366767,10622769,63.17341137,51074559904,47434109899
1997,IDA blend,IDB,8.00219E+11,1523811,112243,95.28908038,4278620019,4278620019
1997,IDA only,IDX,8.73177E+11,3567433,6615315,88.56584913,20191049972,20191049972
1997,IDA total,IDA,1.6724E+12,5091244,6727558,90.79974253,24469669991,24469669991
1997,Late-demographic dividend,LTE,8.15458E+12,2155046,1621499,32.51580915,13798879990,10575019994
1997,Latin America & Caribbean,LCN,4.06188E+12,83146,140554,31.9,7021209917,7021589917
1997,Latin America & Caribbean (excluding high income),LAC,3.53841E+12,81776,129906,33.11615108,6552279919,6552619919
1997,Latin America & the Caribbean (IDA & IBRD countries),TLA,3.90844E+12,81814,115643,32.15838663,5644929932,5644929932
1997,Least developed countries: UN classification,LDC,7.06048E+11,2943581,6620964,93.39644948,17277750000,17277750000
1997,Low & middle income,LMY,1.59739E+13,12604838,10348258,63.71104988,67581239258,63291519531
1997,Low income,LIC,3.2153E+11,1904582,5820457,97.6,11294750042,11294750042
1997,Lower middle income,LMC,5.13872E+12,7403460,1778243,71.4,25912839912,25507519905
1997,Middle East & North Africa,MEA,3.02975E+12,5843457,916304,39.4,9679899794,7834289843
1997,Middle East & North Africa (excluding high income),MNA,1.63806E+12,5832984,914012,42.07481966,7456219849,7456219849
1997,Middle East & North Africa (IDA & IBRD countries),TMN,1.63148E+12,4524546,837200,42.31460456,6469809872,6469809872
1997,Middle income,MIC,1.56599E+13,10700256,4527801,58.69221127,39361218750,37261218750
1997,North America,NAC,9.33565E+12,688989,87,7.3,-11000000,
1997,Not classified,INX,,,,,,
1997,OECD members,OED,2.55917E+13,2854581,80898,12.98338851,4469769970,549460018.6
1997,Other small states,OSS,,51708,120125,60.62019849,1841569982,1684189985
1997,Pacific island small states,PSS,6747079476,800,370,25.03260649,520550000.7,520550000.7
1997,Post-demographic dividend,PST,2.36254E+13,2911069,1242360,6.663626122,2751140002,1399829997
1997,Pre-demographic dividend,PRE,8.95332E+11,2991625,6757823,100.5312329,15259990034,15259990034
1997,Small states,SST,,61000,121260,51.29439421,3054859966,2892489969
1997,South Asia,SAS,2.39972E+12,1576592,2966979,76,5330730110,5330730110
1997,South Asia (IDA & IBRD),TSA,2.39972E+12,1576592,2966979,75.93266921,5330730110,5330730110
1997,Sub-Saharan Africa,SSF,1.24044E+12,3279585,3541362,98.5,20825939896,20825939896
1997,Sub-Saharan Africa (excluding high income),SSA,1.23939E+12,3279585,3541330,98.47033365,20766959896,20766959896
1997,Sub-Saharan Africa (IDA & IBRD countries),TSS,1.24044E+12,3279585,3541362,98.46561849,18509149979,18509149979
1997,Upper middle income,UMC,1.05162E+13,3296796,2749558,33.3,12978089925,11283409940
1997,World,WLD,4.22286E+13,15484076,15484076,58,72681269531,65084859375
1998,Afghanistan,AFG,,,2667118,95.6,237289993.3,237289993.3
1998,Albania,ALB,9451851026,22334,5353,26.4,379070007.3,379070007.3
1998,Algeria,DZA,2.35753E+11,165226,5717,38,595619995.1,595619995.1
1998,American Samoa,ASM,,,,,,
1998,Andorra,AND,,,,7,,
1998,Angola,AGO,49328898270,10603,319420,127.1,484500000,484500000
1998,Antigua and Barbuda,ATG,1119505957,,,12.9,12760000.23,12760000.23
1998,Argentina,ARG,4.30468E+11,2259,140,19,96620002.75,96620002.75
1998,Armenia,ARM,7184486827,310012,193147,29.6,275070007.3,275070007.3
1998,Aruba,ABW,2424658707,,,,17020000.46,17020000.46
1998,Australia,AUS,4.53605E+11,69714,,5.3,,
1998,Austria,AUT,2.12786E+11,80294,63,4.8,,
1998,Azerbaijan,AZE,21995097662,221636,329655,68.3,166940002.4,166940002.4
1998,"Bahamas, The",BHS,6777266598,78,,14.2,32259998.32,
1998,Bahrain,BHR,24585528467,,94,12.1,277750000,277750000
1998,Bangladesh,BGD,1.77953E+11,22275,4659,70,1350160034,1350160034
1998,Barbados,BRB,3171077304,,,13.4,24459999.08,24459999.08
1998,Belarus,BLR,51034060777,75,292,11.4,59250000,
1998,Belgium,BEL,2.48642E+11,15501,14,5.2,,
1998,Belize,BLZ,1423260744,3483,,21.5,20010000.23,20010000.23
1998,Benin,BEN,10435702280,2898,45,88.6,283070007.3,283070007.3
1998,Bermuda,BMU,2844734029,,,,819999.9928,
1998,Bhutan,BTN,1375266837,,105690,63,75370002.75,75370002.75
1998,Bolivia,BOL,27075267755,345,187,61.5,785820007.3,785820007.3
1998,Bosnia and Herzegovina,BIH,13459124891,40000,640077,9.6,1313660034,1313660034
1998,Botswana,BWA,13283981574,2133,16,36.6,139740005.5,139740005.5
1998,Brazil,BRA,1.45447E+12,2345,134,34.3,334890014.6,334890014.6
1998,British Virgin Islands,VGB,,,,14.8,1450000.048,1450000.048
1998,Brunei Darussalam,BRN,20115237017,,,8.8,409999.9964,
1998,Bulgaria,BGR,51009935495,241,3121,15.5,333920013.4,
1998,Burkina Faso,BFA,9419919591,562,100,93.6,570020019.5,570020019.5
1998,Burundi,BDI,3299640118,25092,502555,99.7,99839996.34,99839996.34
1998,Cabo Verde,CPV,1074334388,,,37.5,192619995.1,192619995.1
1998,Cambodia,KHM,10156058093,20,76575,85.6,425750000,425750000
1998,Cameroon,CMR,27936380680,47826,1349,90.2,706409973.1,706409973.1
1998,Canada,CAN,7.93674E+11,119355,16,5.4,,
1998,Cayman Islands,CYM,,,,,409999.9964,
1998,Central African Republic,CAF,2340903900,43006,168,110.7,164899993.9,164899993.9
1998,Chad,TCD,6258717899,8807,61294,102.6,245520004.3,245520004.3
1998,Channel Islands,CHI,,,,,,
1998,Chile,CHL,1.33888E+11,306,7005,10.1,140820007.3,140820007.3
1998,China,CHN,3.04086E+12,292345,109396,33.8,3106669922,3106669922
1998,Colombia,COL,2.59004E+11,226,3536,22.6,253820007.3,253820007.3
1998,Comoros,COM,832847028.3,,27,72.5,55529998.78,55529998.78
1998,"Congo, Dem. Rep.",COD,22762256755,240214,158828,110.7,181699996.9,181699996.9
1998,"Congo, Rep.",COG,10632690290,27176,17141,72.3,88949996.95,88949996.95
1998,Costa Rica,CRI,27635655743,22986,50,12.3,42959999.08,42959999.08
1998,Cote d'Ivoire,CIV,51423528839,151187,531,98.9,1366670044,1366670044
1998,Croatia,HRV,44811398843,29027,338085,7.7,60389999.39,60389999.39
1998,Cuba,CUB,,1065,23559,7.6,113760002.1,113760002.1
1998,Curacao,CUW,,,,,,
1998,Cyprus,CYP,12738476317,77,10,6.5,49630001.07,
1998,Czechia,CZE,1.5419E+11,1805,1929,5.2,637630004.9,
1998,Denmark,DNK,1.36927E+11,68996,28,4.9,,
1998,Djibouti,DJI,,23577,3222,82.4,107949996.9,107949996.9
1998,Dominica,DMA,425637307.8,,,13.4,26840000.15,26840000.15
1998,Dominican Republic,DOM,49745882146,614,42,34.3,149860000.6,149860000.6
1998,Ecuador,ECU,74055798175,244,507,27.6,248169998.2,248169998.2
1998,"Egypt, Arab Rep.",EGY,3.40511E+11,6276,2606,41.5,2842310059,2842310059
1998,El Salvador,SLV,24520802254,30,12591,30.5,260640014.6,260640014.6
1998,Equatorial Guinea,GNQ,3386999598,,419,111.7,32869998.93,32869998.93
1998,Eritrea,ERI,3484074363,2501,346779,61.8,238940002.4,238940002.4
1998,Estonia,EST,11714087871,,792,10.2,130690002.4,
1998,Eswatini,SWZ,4364831114,589,29,65.5,48000000,48000000
1998,Ethiopia,ETH,27612017241,262158,70663,93.5,943890014.6,943890014.6
1998,Faroe Islands,FRO,,,,,,
1998,Fiji,FJI,4262961224,,301,19.6,55000000,55000000
1998,Finland,FIN,1.21507E+11,12288,5,3.8,,
1998,France,FRA,1.40595E+12,140213,62,4.4,,
1998,French Polynesia,PYF,,,,,511029998.8,511029998.8
1998,Gabon,GAB,18341758861,1127,27,55.6,62689998.63,62689998.63
1998,"Gambia, The",GMB,2163792351,10316,574,65.3,55189998.63,55189998.63
1998,Georgia,GEO,11637268190,19,35665,35.6,294809997.6,294809997.6
1998,Germany,DEU,2.07954E+12,949200,689,4.7,,
1998,Ghana,GHA,40487581442,14558,13625,68.7,944809997.6,944809997.6
1998,Gibraltar,GIB,,,,,280000.0012,280000.0012
1998,Greece,GRC,1.93336E+11,6145,173,6.4,,
1998,Greenland,GRL,,,,,,
1998,Grenada,GRD,675020119.7,,19,13.1,8289999.962,8289999.962
1998,Guam,GUM,,,,,,
1998,Guatemala,GTM,49422370160,814,32745,44,324769989,324769989
1998,Guinea,GIN,9132367513,482463,911,107.9,494119995.1,494119995.1
1998,Guinea-Bissau,GNB,1165121017,6604,8885,111,135679992.7,135679992.7
1998,Guyana,GUY,4254923080,,38,38.9,102639999.4,102639999.4
1998,Haiti,HTI,17219454967,,13539,79.3,512960022,512960022
1998,Honduras,HND,15407355414,9,1097,41.8,404730011,404730011
1998,"Hong Kong SAR, China",HKG,1.64341E+11,1037,39,,8850000.381,
1998,Hungary,HUN,1.06755E+11,3504,1243,9.5,332709991.5,
1998,Iceland,ISL,7871117926,286,5,3.6,,
1998,India,IND,1.88685E+12,185516,9663,71.3,2089010010,2089010010
1998,Indonesia,IDN,9.13896E+11,51,9054,44.6,1564500000,1564500000
1998,"Iran, Islamic Rep.",IRN,6.36384E+11,1931332,89967,32.5,213169998.2,213169998.2
1998,Iraq,IRQ,1.82046E+11,104022,675030,36.9,167460006.7,167460006.7
1998,Ireland,IRL,93163033079,600,,6.1,,
1998,Isle of Man,IMN,,,,,,
1998,Israel,ISR,1.36308E+11,22,832,6.1,1623060059,
1998,Italy,ITA,1.4239E+12,5440,76,5.3,,
1998,Jamaica,JAM,15942712051,33,26,18.9,29079999.92,29079999.92
1998,Japan,JPN,3.22445E+12,4483,,3.6,,
1998,Jordan,JOR,27181731041,1488225,897,23.8,582250000,582250000
1998,Kazakhstan,KAZ,98316803274,8343,20458,40.9,273179992.7,273179992.7
1998,Kenya,KEN,54739599666,238187,6037,63.6,568890014.6,568890014.6
1998,Kiribati,KIR,122344234.1,,,53.8,25969999.31,25969999.31
1998,"Korea, Dem. People's Rep.",PRK,,,5,53.1,153470001.2,153470001.2
1998,"Korea, Rep.",KOR,6.93125E+11,,63,7.3,-61369998.93,-61369998.93
1998,Kosovo,XKX,,,,50.6,,
1998,Kuwait,KWT,1.07624E+11,4181,827,11.6,9609999.657,
1998,Kyrgyz Republic,KGZ,8045001342,14560,7450,46.8,269529998.8,269529998.8
1998,Lao PDR,LAO,8274180221,,29018,81.8,279489990.2,279489990.2
1998,Latvia,LVA,17035304614,,1014,13.3,139610000.6,
1998,Lebanon,LBN,32867730259,371294,9782,18.9,479899993.9,479899993.9
1998,Lesotho,LSO,2356588650,,,67.4,86290000.92,86290000.92
1998,Liberia,LBR,,96310,365390,143.5,103959999.1,103959999.1
1998,Libya,LBY,,10555,432,25.6,7699999.809,7699999.809
1998,Liechtenstein,LIE,,,,,,
1998,Lithuania,LTU,27553157362,30,276,9.3,185839996.3,
1998,Luxembourg,LUX,18800835361,700,,4.3,,
1998,"Macao SAR, China",MAC,13949145001,,,,670000.0167,670000.0167
1998,Madagascar,MDG,17993542987,,66,73.2,679320007.3,679320007.3
1998,Malawi,MWI,10155952565,1241,27,110.6,597640014.6,597640014.6
1998,Malaysia,MYS,2.49678E+11,50603,87,10.1,230770004.3,230770004.3
1998,Maldives,MDV,2064925512,,,38.3,31760000.23,31760000.23
1998,Mali,MLI,11323435574,13594,3699,106.5,489470001.2,489470001.2
1998,Malta,MLT,5798390467,291,15,7.3,32630001.07,32630001.07
1998,Marshall Islands,MHL,119421201.5,,,33.6,60400001.53,60400001.53
1998,Mauritania,MRT,7734088540,26,70221,66.1,227830001.8,227830001.8
1998,Mauritius,MUS,9419847793,,12,19.4,56479999.54,56479999.54
1998,Mexico,MEX,9.7753E+11,28242,1011,25.8,61939998.63,61939998.63
1998,"Micronesia, Fed. Sts.",FSM,242313186.2,,,32.9,108400001.5,108400001.5
1998,Moldova,MDA,8701179080,,2750,30,57830001.83,57830001.83
1998,Monaco,MCO,,,,2.3,,
1998,Mongolia,MNG,8260034933,,17,55.1,214369995.1,214369995.1
1998,Montenegro,MNE,,,,13.3,,
1998,Morocco,MAR,1.04229E+11,901,351,47.4,744500000,744500000
1998,Mozambique,MOZ,7219912075,51,56,125.6,1498719971,1498719971
1998,Myanmar,MMR,30475379890,,133408,68.2,102790000.9,102790000.9
1998,Namibia,NAM,8405993282,3816,1900,47,259170013.4,259170013.4
1998,Nauru,NRU,,,,36.6,3990000.01,3990000.01
1998,Nepal,NPL,28104868450,126104,95,65,425779998.8,425779998.8
1998,Netherlands,NLD,4.35241E+11,131481,57,5.3,,
1998,New Caledonia,NCL,,,,,467250000,467250000
1998,New Zealand,NZL,73702330234,4099,,6.5,,
1998,Nicaragua,NIC,12195659713,471,21390,37.5,722849975.6,722849975.6
1998,Niger,NER,8603783380,3691,418,104.6,411160003.7,411160003.7
1998,Nigeria,NGA,2.57137E+11,6782,3998,115.2,284019989,284019989
1998,North Macedonia,MKD,10937637130,1700,1934,16.4,145610000.6,145610000.6
1998,Northern Mariana Islands,MNP,,,,,280000.0012,280000.0012
1998,Norway,NOR,1.24964E+11,45325,,4.1,,
1998,Oman,OMN,83693245280,,8,16.2,772739990.2,772739990.2
1998,Pakistan,PAK,3.74827E+11,1202462,6860,89.2,1007799988,1007799988
1998,Palau,PLW,,,,26.5,130399993.9,130399993.9
1998,Panama,PAN,23714307388,1179,86,22.7,43830001.83,43830001.83
1998,Papua New Guinea,PNG,11804044935,8198,216,55.1,642479980.5,642479980.5
1998,Paraguay,PRY,35408576404,34,16,29.1,81449996.95,81449996.95
1998,Peru,PER,1.23313E+11,425,7065,34.3,695229980.5,695229980.5
1998,Philippines,PHL,2.39511E+11,303,45601,29.8,778599975.6,778599975.6
1998,Poland,POL,3.66838E+11,895,1880,9.4,1271140015,
1998,Portugal,PRT,1.69548E+11,329,21,6.3,,
1998,Puerto Rico,PRI,77429965753,,,,,
1998,Qatar,QAT,,,21,11.6,3690000.057,
1998,Romania,ROU,1.24793E+11,983,10924,20.4,515969970.7,
1998,Russian Federation,RUS,8.07029E+11,128575,172724,16.7,1731189941,
1998,Rwanda,RWA,4266621916,33398,77738,124.6,500309997.6,500309997.6
1998,Samoa,WSM,499435737.5,,,19.4,49639999.39,49639999.39
1998,San Marino,SMR,1245531913,,5,5.9,,
1998,Sao Tome and Principe,STP,,,39,60.5,41209999.08,41209999.08
1998,Saudi Arabia,SAU,7.80088E+11,5531,362,21.1,20260000.23,20260000.23
1998,Senegal,SEN,17088855763,60822,9712,70.7,701369995.1,701369995.1
1998,Serbia,SRB,45387088377,502035,115289,12.3,157020004.3,157020004.3
1998,Seychelles,SYC,1078446386,,38,12,34669998.17,34669998.17
1998,Sierra Leone,SLE,2889332564,9862,406070,143.3,150539993.3,150539993.3
1998,Singapore,SGP,1.47494E+11,5,21,3.5,1799999.952,
1998,Sint Maarten (Dutch part),SXM,,,,,,
1998,Slovak Republic,SVK,57264840682,418,143,8.9,220360000.6,
1998,Slovenia,SVN,31817861133,3462,3299,5.1,56419998.17,56419998.17
1998,Solomon Islands,SLB,748173959.8,210,34,26.3,44369998.93,44369998.93
1998,Somalia,SOM,,338,557953,104.5,118389999.4,118389999.4
1998,South Africa,ZAF,3.44966E+11,8387,184,47.5,735340026.9,735340026.9
1998,South Sudan,SSD,,,,118.5,,
1998,Spain,ESP,7.68151E+11,5918,57,4.7,,
1998,Sri Lanka,LKA,73487105301,25,114971,15.3,400880004.9,400880004.9
1998,St. Kitts and Nevis,KNA,585958559.8,,,21.5,9210000.038,9210000.038
1998,St. Lucia,LCA,1386596341,,5,15.8,8659999.847,8659999.847
1998,St. Martin (French part),MAF,,,,,,
1998,St. Vincent and the Grenadines,VCT,681930575.4,,24,19.2,28700000.76,28700000.76
1998,Sudan,SDN,77876053191,391496,390001,70.7,306359985.4,306359985.4
1998,Suriname,SUR,3439850367,,491,29.5,83910003.66,83910003.66
1998,Sweden,SWE,2.29138E+11,178782,39,3.5,,
1998,Switzerland,CHE,2.40735E+11,81875,76,4.8,,
1998,Syrian Arab Republic,SYR,,391004,8132,21.3,202580001.8,202580001.8
1998,Tajikistan,TJK,5589049133,3634,56350,76.8,228220001.2,228220001.2
1998,Tanzania,TZA,34073764615,543881,100,86.4,1386469971,1386469971
1998,Thailand,THA,4.05379E+11,138334,290,20.6,821489990.2,821489990.2
1998,Timor-Leste,TLS,,,,94.7,2509999.99,2509999.99
1998,Togo,TGO,6164339572,11816,3500,79.6,175720001.2,175720001.2
1998,Tonga,TON,329127831.6,,,15.3,32930000.31,32930000.31
1998,Trinidad and Tobago,TTO,15374615018,,25,25,20780000.69,20780000.69
1998,Tunisia,TUN,53232988562,525,931,28.5,204309997.6,204309997.6
1998,Turkiye,TUR,5.58278E+11,2529,45019,35.1,43849998.47,43849998.47
1998,Turkmenistan,TKM,15133947615,14626,1562,62.2,35430000.31,35430000.31
1998,Turks and Caicos Islands,TCA,,,,7.8,7750000,7750000
1998,Tuvalu,TUV,24054552.26,,5,35.7,8989999.771,8989999.771
1998,Uganda,UGA,23341301018,204543,13294,92.9,925590026.9,925590026.9
1998,Ukraine,UKR,1.91145E+11,6101,4599,16.7,696859985.4,
1998,United Arab Emirates,ARE,2.60302E+11,532,5,10.2,4780000.21,
1998,United Kingdom,GBR,1.38661E+12,121715,88,5.7,,
1998,United States,USA,9.06282E+12,533951,50,7.4,,
1998,Uruguay,URY,35636512730,163,72,16,37599998.47,37599998.47
1998,Uzbekistan,UZB,58350044864,1070,51722,54.5,191300003.1,191300003.1
1998,Vanuatu,VUT,372798175,,,24.6,48000000,48000000
1998,"Venezuela, RB",VEN,2.80796E+11,157,568,19.8,56060001.37,56060001.37
1998,Viet Nam,VNM,1.73801E+11,15000,435437,25.7,1390089966,1390089966
1998,Virgin Islands (U.S.),VIR,,,,,,
1998,West Bank and Gaza,PSE,7917243110,1348288,77517,26.9,873200012.2,873200012.2
1998,"Yemen, Rep.",YEM,45048975154,61380,1928,74.2,536320007.3,536320007.3
1998,Zambia,ZMB,15177433255,168564,75,96,487359985.4,487359985.4
1998,Zimbabwe,ZWE,26554255581,1656,40,54.3,366859985.4,366859985.4
1998,Africa Eastern and Southern,AFE,7.79402E+11,2138848,2445877,91.02152453,10808109959,10808109959
1998,Africa Western and Central,AFW,5.0773E+11,999433,968077,103.8871378,7802730003,7802730003
1998,Arab World,ARB,2.52349E+12,4373377,1806064,46.67596219,9141040046,9122960046
1998,Caribbean small states,CSS,55258354023,3594,628,23.1515546,407600002.3,375340004
1998,Central Europe and the Baltics,CEB,9.93783E+11,40365,362706,11.70376577,3884679993,116809997.6
1998,Early-demographic dividend,EAR,9.324E+12,7364542,1022948,62.29118885,26300630152,24677570093
1998,East Asia & Pacific,EAS,1.03143E+13,584402,839567,34.4,11649499827,11543459823
1998,East Asia & Pacific (excluding high income),EAP,5.10632E+12,505064,839444,36.63402608,10625599823,10625599823
1998,East Asia & Pacific (IDA & IBRD countries),TEA,5.09994E+12,505064,839439,36.38739548,10127599819,10127599819
1998,Euro area,EMU,7.33449E+12,1352387,6766,5.112619904,815180000.3,89049999.24
1998,Europe & Central Asia,ECS,1.22571E+13,3162779,2048220,19.9,13137669962,4302090040
1998,Europe & Central Asia (excluding high income),ECA,1.97989E+12,1277490,1687167,33.53089634,8125130015,3988350047
1998,Europe & Central Asia (IDA & IBRD countries),TEC,2.5166E+12,1308395,2038056,31.16184514,8500239975,3891910049
1998,European Union,EUU,8.54895E+12,1636620,364015,6.548380694,3966939995,149439998.6
1998,Fragile and conflict affected situations,FCS,1.45174E+12,3382763,5716301,90.00662319,11646629931,10949769946
1998,Heavily indebted poor countries (HIPC),HPC,5.71877E+11,2865826,5785203,94.17158265,18142949993,18142949993
1998,High income,HIC,2.71065E+13,2630216,370670,7.3,7756920039,2492669995
1998,IBRD only,IBD,1.5548E+13,6140179,3706134,47.71503374,30022869948,25414540022
1998,IDA & IBRD total,IBT,1.72923E+13,11106804,10101909,61.61929664,55264659925,50656329999
1998,IDA blend,IDB,8.31489E+11,1533357,87712,93.33105865,4179329926,4179329926
1998,IDA only,IDX,9.18874E+11,3433268,6308063,86.18319805,21062460051,21062460051
1998,IDA total,IDA,1.74908E+12,4966625,6395775,88.56265494,25241789977,25241789977
1998,Late-demographic dividend,LTE,8.45369E+12,2112350,1582587,31.03427408,16788989832,12679649902
1998,Latin America & Caribbean,LCN,4.20517E+12,65508,125968,30.5,7325749966,7293419968
1998,Latin America & Caribbean (excluding high income),LAC,3.66239E+12,63625,118174,31.76110792,6866179958,6866519958
1998,Latin America & the Caribbean (IDA & IBRD countries),TLA,4.04448E+12,64365,102409,30.85558604,5605900032,5605900032
1998,Least developed countries: UN classification,LDC,7.42912E+11,2868423,6403899,90.80600289,16976310018,16976310018
1998,Low & middle income,LMY,1.6341E+13,12423447,9844269,62.13477376,72500550781,67148890625
1998,Low income,LIC,3.36645E+11,1817984,5645241,95.1,10704000004,10704000004
1998,Lower middle income,LMC,5.41498E+12,7330877,1675351,69.5,28993329986,28296470001
1998,Middle East & North Africa,MEA,3.21039E+12,5913162,878676,37.9,10420390117,8779250058
1998,Middle East & North Africa (excluding high income),MNA,1.76731E+12,5902605,876512,40.48325876,7675870067,7675870067
1998,Middle East & North Africa (IDA & IBRD countries),TMN,1.75966E+12,4554317,798995,40.71666856,6684070056,6684070056
1998,Middle income,MIC,1.60129E+13,10605463,4199028,57.15283706,44177251221,41356031250
1998,North America,NAC,9.85934E+12,653306,66,7.2,819999.9928,
1998,Not classified,INX,,,,,,
1998,OECD members,OED,2.6464E+13,2641115,69611,12.4192681,5079480080,538440010.1
1998,Other small states,OSS,,48816,121820,59.67888816,1912530004,1728110000
1998,Pacific island small states,PSS,6929943982,210,340,24.6226022,568089994.7,568089994.7
1998,Post-demographic dividend,PST,2.45479E+13,2662447,1018132,6.461053216,3810240027,1553380035
1998,Pre-demographic dividend,PRE,9.81021E+11,2914481,6591791,98.29386959,14723979978,14723979978
1998,Small states,SST,,52620,122788,50.59407671,2888220001,2671539999
1998,South Asia,SAS,2.55984E+12,1536382,2909056,73.6,5618050032,5618050032
1998,South Asia (IDA & IBRD),TSA,2.55984E+12,1536382,2909056,73.6057058,5618050032,5618050032
1998,Sub-Saharan Africa,SSF,1.28625E+12,3138281,3413954,96.3,20429819969,20429819969
1998,Sub-Saharan Africa (excluding high income),SSA,1.28517E+12,3138281,3413916,96.32315292,20362279972,20362279972
1998,Sub-Saharan Africa (IDA & IBRD countries),TSS,1.28625E+12,3138281,3413954,96.31870371,18728800011,18728800011
1998,Upper middle income,UMC,1.05907E+13,3274586,2523677,31.8,14500539957,12376180002
1998,World,WLD,4.36392E+13,15053820,15053820,56.5,79154901367,69754210938
1999,Afghanistan,AFG,,,2601690,93.1,209179992.7,209179992.7
1999,Albania,ALB,10792578625,3932,6286,25.2,701239990.2,701239990.2
1999,Algeria,DZA,2.46725E+11,165249,7140,36.8,200009994.5,200009994.5
1999,American Samoa,ASM,,,,,,
1999,Andorra,AND,,,,6.8,,
1999,Angola,AGO,51115326929,13068,353472,124.8,562469970.7,562469970.7
1999,Antigua and Barbuda,ATG,1177374335,,,12.8,12069999.69,12069999.69
1999,Argentina,ARG,4.21755E+11,2335,585,18.2,99010002.14,99010002.14
1999,Armenia,ARM,7526162157,296215,193228,28.3,296299987.8,296299987.8
1999,Aruba,ABW,2489269109,,,,-11460000.04,-11460000.04
1999,Australia,AUS,4.79115E+11,64879,,5.2,,
1999,Austria,AUT,2.2064E+11,82076,47,4.7,,
1999,Azerbaijan,AZE,23955634496,221642,311131,64.8,236860000.6,236860000.6
1999,"Bahamas, The",BHS,7711081931,98,,14,16909999.85,
1999,Bahrain,BHR,26004071347,,124,11.3,84419998.17,84419998.17
1999,Bangladesh,BGD,1.88889E+11,22209,4470,66.5,1381260010,1381260010
1999,Barbados,BRB,3226526897,,,13.6,-980000.0191,-980000.0191
1999,Belarus,BLR,53512859528,261,1505,10.7,60650001.53,
1999,Belgium,BEL,2.60169E+11,16747,15,5,,
1999,Belize,BLZ,1572521689,2891,11,20.7,61930000.31,61930000.31
1999,Benin,BEN,11148038683,3652,44,86.8,299950012.2,299950012.2
1999,Bermuda,BMU,2982406331,,,,119999.9973,
1999,Bhutan,BTN,1505995818,,107619,60.1,90519996.64,90519996.64
1999,Bolivia,BOL,27574030464,349,176,58.6,732349975.6,732349975.6
1999,Bosnia and Herzegovina,BIH,14959079596,65645,598193,9.1,1854630005,1854630005
1999,Botswana,BWA,14773475557,1291,10,36.1,81569999.69,81569999.69
1999,Brazil,BRA,1.48187E+12,2374,194,32.3,129740005.5,129740005.5
1999,British Virgin Islands,VGB,,,,14.7,3240000.01,3240000.01
1999,Brunei Darussalam,BRN,21021308134,,,8.5,2000000,
1999,Bulgaria,BGR,47685594922,542,2652,14.9,378459991.5,
1999,Burkina Faso,BFA,10259110712,672,101,92.3,569760009.8,569760009.8
1999,Burundi,BDI,3312343716,22107,527437,97.3,110580001.8,110580001.8
1999,Cabo Verde,CPV,1211742127,,,34.2,201020004.3,201020004.3
1999,Cambodia,KHM,11607730739,20,38318,83.2,344709991.5,344709991.5
1999,Cameroon,CMR,29608124920,49227,1651,89.2,608770019.5,608770019.5
1999,Canada,CAN,8.46413E+11,123303,19,5.3,,
1999,Cayman Islands,CYM,,,,,4480000.019,
1999,Central African Republic,CAF,2459352225,49310,190,109.7,162399993.9,162399993.9
1999,Chad,TCD,6303577860,23477,58792,101.2,265649993.9,265649993.9
1999,Channel Islands,CHI,,,,,,
1999,Chile,CHL,1.35404E+11,326,1539,9.8,91000000,91000000
1999,China,CHN,3.31997E+12,293297,111950,31.9,2867000000,2867000000
1999,Colombia,COL,2.51612E+11,232,4412,21.8,461279998.8,461279998.8
1999,Comoros,COM,860837025.3,9,27,71,31149999.62,31149999.62
1999,"Congo, Dem. Rep.",COD,22097352047,285270,255942,108.9,195919998.2,195919998.2
1999,"Congo, Rep.",COG,10504103233,39870,27297,72.7,209000000,209000000
1999,Costa Rica,CRI,29206311773,22903,73,11.8,8170000.076,8170000.076
1999,Cote d'Ivoire,CIV,52756702600,138433,561,97.3,620169982.9,620169982.9
1999,Croatia,HRV,44854986334,28374,353721,7.4,71699996.95,71699996.95
1999,Cuba,CUB,,956,23322,7.3,87910003.66,87910003.66
1999,Curacao,CUW,,,,,,
1999,Cyprus,CYP,13501942398,112,17,6.1,78970001.22,
1999,Czechia,CZE,1.58334E+11,1232,1243,4.8,469670013.4,
1999,Denmark,DNK,1.41846E+11,68982,25,4.8,,
1999,Djibouti,DJI,,23266,1879,81.1,102879997.3,102879997.3
1999,Dominica,DMA,433163858.9,,,13.7,11920000.08,11920000.08
1999,Dominican Republic,DOM,53443489095,621,45,33.3,252149993.9,252149993.9
1999,Ecuador,ECU,71540165655,309,492,26.1,214679992.7,214679992.7
1999,"Egypt, Arab Rep.",EGY,3.66213E+11,6553,3486,39.3,2312139893,2312139893
1999,El Salvador,SLV,25403976469,21,12408,28.9,268269989,268269989
1999,Equatorial Guinea,GNQ,4316220022,,422,109.4,30010000.23,30010000.23
1999,Eritrea,ERI,3533649355,2972,347134,58.9,218080001.8,218080001.8
1999,Estonia,EST,11694825364,,634,9.4,123620002.7,
1999,Eswatini,SWZ,4556957565,613,27,66.6,39189998.63,39189998.63
1999,Ethiopia,ETH,29446594244,257683,71040,90.3,913500000,913500000
1999,Faroe Islands,FRO,,,,,,
1999,Fiji,FJI,4703463407,,328,19.4,48020000.46,48020000.46
1999,Finland,FIN,1.27935E+11,12866,5,3.6,,
1999,France,FRA,1.47052E+12,129722,60,4.3,,
1999,French Polynesia,PYF,,,,,504739990.2,504739990.2
1999,Gabon,GAB,16938747929,15069,27,54.7,69290000.92,69290000.92
1999,"Gambia, The",GMB,2334719455,17216,678,63.5,47110000.61,47110000.61
1999,Georgia,GEO,12139872995,5181,29873,33.9,345790008.5,345790008.5
1999,Germany,DEU,2.15851E+12,975500,1297,4.5,,
1999,Ghana,GHA,42864702809,13256,13288,66.7,811229980.5,811229980.5
1999,Gibraltar,GIB,,,,,39999.99911,39999.99911
1999,Greece,GRC,1.98712E+11,6283,163,6,,
1999,Greenland,GRL,,,,,,
1999,Grenada,GRD,731754272.6,,35,13,13829999.92,13829999.92
1999,Guam,GUM,,,,,,
1999,Guatemala,GTM,52046949578,731,28082,42.5,381359985.4,381359985.4
1999,Guinea,GIN,9614095954,501544,1148,104.2,332059997.6,332059997.6
1999,Guinea-Bissau,GNB,1193657421,7120,3187,108.1,78269996.64,78269996.64
1999,Guyana,GUY,4442611992,,47,38,78540000.92,78540000.92
1999,Haiti,HTI,17935383850,,8768,76.8,317119995.1,317119995.1
1999,Honduras,HND,15509539250,8,1066,31.8,1049099976,1049099976
1999,"Hong Kong SAR, China",HKG,1.70835E+11,973,17,,4130000.114,
1999,Hungary,HUN,1.11315E+11,4980,797,9.1,384010009.8,
1999,Iceland,ISL,8198700509,245,5,3.4,,
1999,India,IND,2.0827E+12,180031,9846,68.9,1801489990,1801489990
1999,Indonesia,IDN,9.34107E+11,162492,9023,42.8,2371719971,2371719971
1999,"Iran, Islamic Rep.",IRN,6.58277E+11,1835688,86845,31,208240005.5,208240005.5
1999,Iraq,IRQ,2.1707E+11,128913,642875,36.3,113080001.8,113080001.8
1999,Ireland,IRL,1.01534E+11,2829,,6.1,,
1999,Isle of Man,IMN,,,,,,
1999,Israel,ISR,1.42835E+11,123,473,5.8,1356819946,
1999,Italy,ITA,1.45719E+12,6004,49,5,,
1999,Jamaica,JAM,16336763408,33,33,18.4,-21420000.08,-21420000.08
1999,Japan,JPN,3.25897E+12,4233,,3.4,,
1999,Jordan,JOR,28499101771,1542413,970,23.2,599729980.5,599729980.5
1999,Kazakhstan,KAZ,1.02394E+11,14799,9059,38.9,213910003.7,213910003.7
1999,Kenya,KEN,56790752484,223696,6131,61.8,414250000,414250000
1999,Kiribati,KIR,122159605.3,,,52.6,27860000.61,27860000.61
1999,"Korea, Dem. People's Rep.",PRK,,,10,49.4,298609985.4,298609985.4
1999,"Korea, Rep.",KOR,7.83493E+11,5,72,6.8,-58680000.31,-58680000.31
1999,Kosovo,XKX,,,,46.6,,
1999,Kuwait,KWT,1.07189E+11,4333,988,11.3,11680000.31,
1999,Kyrgyz Republic,KGZ,8456627113,10849,4003,44.7,263959991.5,263959991.5
1999,Lao PDR,LAO,9003844817,,21393,79.2,302250000,302250000
1999,Latvia,LVA,17703496314,5,903,12.3,146119995.1,
1999,Lebanon,LBN,33155730923,377612,7677,18.1,275540008.5,275540008.5
1999,Lesotho,LSO,2401174510,,,67.7,45060001.37,45060001.37
1999,Liberia,LBR,,96310,294685,135.7,135100006.1,135100006.1
1999,Libya,LBY,1.03142E+11,10531,563,24.9,6630000.114,6630000.114
1999,Liechtenstein,LIE,,,,,,
1999,Lithuania,LTU,27562011697,38,251,8.9,195419998.2,
1999,Luxembourg,LUX,21456887316,700,,4,,
1999,"Macao SAR, China",MAC,13812053171,,,,370000.0048,370000.0048
1999,Madagascar,MDG,19104587199,28,53,70.2,496239990.2,496239990.2
1999,Malawi,MWI,10612400039,1692,34,106.1,616500000,616500000
1999,Malaysia,MYS,2.68736E+11,50509,83,9.4,153419998.2,153419998.2
1999,Maldives,MDV,2223344903,,,35,35580001.83,35580001.83
1999,Mali,MLI,12137649018,8302,381,104.2,504760009.8,504760009.8
1999,Malta,MLT,6221723889,271,23,7,38299999.24,38299999.24
1999,Marshall Islands,MHL,119584094.5,,,33.8,83330001.83,83330001.83
1999,Mauritania,MRT,8131170158,221,29942,64.6,306589996.3,306589996.3
1999,Mauritius,MUS,9802007176,43,5,18.1,60619998.93,60619998.93
1999,Mexico,MEX,1.0186E+12,24506,1358,24.7,78220001.22,78220001.22
1999,"Micronesia, Fed. Sts.",FSM,249105322.2,,,32.1,150039993.3,150039993.3
1999,Moldova,MDA,8526590938,10,2405,28.3,153160003.7,153160003.7
1999,Monaco,MCO,,,,2.1,,
1999,Mongolia,MNG,8633625609,,25,52,209820007.3,209820007.3
1999,Montenegro,MNE,,,,13,,
1999,Morocco,MAR,1.07492E+11,901,373,45.7,964679992.7,964679992.7
1999,Mozambique,MOZ,8178183273,219,26,118.7,1173469971,1173469971
1999,Myanmar,MMR,33524972562,,131661,66.7,100400001.5,100400001.5
1999,Namibia,NAM,8811665858,7612,702,46,257779998.8,257779998.8
1999,Nauru,NRU,,,5,35.4,8289999.962,8289999.962
1999,Nepal,NPL,29758555949,127942,178,61.8,393829986.6,393829986.6
1999,Netherlands,NLD,4.62797E+11,138633,29,5.2,,
1999,New Caledonia,NCL,,,,,451940002.4,451940002.4
1999,New Zealand,NZL,78923926226,4801,,6.3,,
1999,Nicaragua,NIC,13237700347,471,20572,33.2,841789978,841789978
1999,Niger,NER,8705873817,350,508,101.4,265119995.1,265119995.1
1999,Nigeria,NGA,2.62284E+11,6942,4440,112.4,207770004.3,207770004.3
1999,North Macedonia,MKD,11547023140,21200,2091,15.5,389519989,389519989
1999,Northern Mariana Islands,MNP,,,,,159999.9964,159999.9964
1999,Norway,NOR,1.36417E+11,43441,,4,,
1999,Oman,OMN,85154027074,,8,15.1,69099998.47,69099998.47
1999,Pakistan,PAK,3.94022E+11,1202015,8011,86.9,797900024.4,797900024.4
1999,Palau,PLW,,,,26,36740001.68,36740001.68
1999,Panama,PAN,24990526491,1315,73,22.4,34950000.76,34950000.76
1999,Papua New Guinea,PNG,12192508479,6664,6,54.4,367739990.2,367739990.2
1999,Paraguay,PRY,35417039691,20,20,28.5,93199996.95,93199996.95
1999,Peru,PER,1.2692E+11,700,7205,31.6,587570007.3,587570007.3
1999,Philippines,PHL,2.51014E+11,166,45516,29.2,783390014.6,783390014.6
1999,Poland,POL,3.88184E+11,937,1238,8.7,1763280029,
1999,Portugal,PRT,1.81041E+11,364,16,5.9,,
1999,Puerto Rico,PRI,82753187707,,,,,
1999,Qatar,QAT,,6,6,11.2,8979999.542,
1999,Romania,ROU,1.25764E+11,1234,8560,19.1,562159973.1,
1999,Russian Federation,RUS,8.70676E+11,80061,28319,16.2,2888949951,
1999,Rwanda,RWA,4515043815,34363,88934,118,529650024.4,529650024.4
1999,Samoa,WSM,517542605.3,,,18.8,37740001.68,37740001.68
1999,San Marino,SMR,1377385409,,5,5.4,,
1999,Sao Tome and Principe,STP,,,29,57.6,41930000.31,41930000.31
1999,Saudi Arabia,SAU,7.61311E+11,5560,233,19.9,25049999.24,25049999.24
1999,Senegal,SEN,18418554573,21537,11598,69.5,754619995.1,754619995.1
1999,Serbia,SRB,41689067683,501263,172506,11.5,1098949951,1098949951
1999,Seychelles,SYC,1114117282,,30,12,18329999.92,18329999.92
1999,Sierra Leone,SLE,2872055891,6566,490047,141,106160003.7,106160003.7
1999,Singapore,SGP,1.58126E+11,,24,3.3,-1809999.943,
1999,Sint Maarten (Dutch part),SXM,,,,,,
1999,Slovak Republic,SVK,57813914071,436,178,8.5,471029998.8,
1999,Slovenia,SVN,33876856910,4380,3293,4.8,47930000.31,47930000.31
1999,Solomon Islands,SLB,755032148.4,,34,25.9,59759998.32,59759998.32
1999,Somalia,SOM,,130,524604,104.5,171160003.7,171160003.7
1999,South Africa,ZAF,3.58223E+11,14539,190,48,783989990.2,783989990.2
1999,South Sudan,SSD,,,,113.9,,
1999,Spain,ESP,8.05891E+11,6708,49,4.5,,
1999,Sri Lanka,LKA,77727588970,18,116698,14.7,205229995.7,205229995.7
1999,St. Kitts and Nevis,KNA,613349162.6,,,20.8,6440000.057,6440000.057
1999,St. Lucia,LCA,1443689047,,10,15.7,32520000.46,32520000.46
1999,St. Martin (French part),MAF,,,,,,
1999,St. Vincent and the Grenadines,VCT,710283462.4,,36,19.3,21260000.23,21260000.23
1999,Sudan,SDN,81424921243,390995,485449,68.9,360410003.7,360410003.7
1999,Suriname,SUR,3439489286,,413,28.5,51720001.22,51720001.22
1999,Sweden,SWE,2.4334E+11,159504,30,3.4,,
1999,Switzerland,CHE,2.48201E+11,82273,90,4.7,,
1999,Syrian Arab Republic,SYR,,384846,6693,20.4,262399993.9,262399993.9
1999,Tajikistan,TJK,5877495418,4541,45166,72.3,160600006.1,160600006.1
1999,Tanzania,TZA,36234599990,622203,117,82.7,1393329956,1393329956
1999,Thailand,THA,4.29888E+11,100133,315,19.6,1054739990,1054739990
1999,Timor-Leste,TLS,,,162472,90.8,267809997.6,267809997.6
1999,Togo,TGO,6406348945,12113,3695,77.7,97319999.69,97319999.69
1999,Tonga,TON,346151668.1,,,14.9,30420000.08,30420000.08
1999,Trinidad and Tobago,TTO,16842450848,,24,24.9,38950000.76,38950000.76
1999,Tunisia,TUN,57251648611,444,1236,26.7,359250000,359250000
1999,Turkiye,TUR,5.46531E+11,2810,44012,33,41430000.31,41430000.31
1999,Turkmenistan,TKM,17879511412,18461,1051,60.1,35430000.31,35430000.31
1999,Turks and Caicos Islands,TCA,,,,7.4,9779999.733,9779999.733
1999,Tuvalu,TUV,24012053.48,,5,34.8,6809999.943,6809999.943
1999,Uganda,UGA,25576622727,218191,13929,90.3,850239990.2,850239990.2
1999,Ukraine,UKR,1.93451E+11,2687,12235,16.2,865849975.6,
1999,United Arab Emirates,ARE,2.71632E+11,501,5,9.9,4650000.095,
1999,United Kingdom,GBR,1.43858E+12,148921,102,5.6,,
1999,United States,USA,9.63117E+12,521134,38,7.2,,
1999,Uruguay,URY,35589063842,83,36,15.4,34419998.17,34419998.17
1999,Uzbekistan,UZB,61716743123,1015,45527,52.8,189910003.7,189910003.7
1999,Vanuatu,VUT,379326912,,,24.3,48650001.53,48650001.53
1999,"Venezuela, RB",VEN,2.67752E+11,186,554,19,62889999.39,62889999.39
1999,Viet Nam,VNM,1.84664E+11,15000,405378,24.6,1477439941,1477439941
1999,Virgin Islands (U.S.),VIR,,,,,,
1999,West Bank and Gaza,PSE,8693635892,1384655,100602,26,807770019.5,807770019.5
1999,"Yemen, Rep.",YEM,47408626627,60477,2021,71.7,631090026.9,631090026.9
1999,Zambia,ZMB,16107044137,206386,86,93.8,857989990.2,857989990.2
1999,Zimbabwe,ZWE,26708240183,2071,40,53.1,317540008.5,317540008.5
1999,Africa Eastern and Southern,AFE,8.1283E+11,2305181,2675448,88.51139842,10492840012,10492840012
1999,Africa Western and Central,AFW,5.23136E+11,1011187,942682,101.5690239,6607859993,6607859993
1999,Arab World,ARB,2.61148E+12,4487615,1816901,45.34063094,7708389907,7683079907
1999,Caribbean small states,CSS,58681060190,3022,609,22.75703978,323690003.4,306780003.5
1999,Central Europe and the Baltics,CEB,1.02479E+12,42158,373470,11.02643154,4613400009,119629997.3
1999,Early-demographic dividend,EAR,9.69137E+12,7528687,978981,60.14625036,25339769740,23982949794
1999,East Asia & Pacific,EAS,1.08941E+13,703172,926635,32.9,12464239880,12440919880
1999,East Asia & Pacific (excluding high income),EAP,5.47862E+12,628281,926517,34.97141728,11542389887,11542389887
1999,East Asia & Pacific (IDA & IBRD countries),TEA,5.47177E+12,628281,926512,34.75718049,10838099903,10838099903
1999,Euro area,EMU,7.63478E+12,1383674,7029,4.900904983,1101389996,86229999.54
1999,Europe & Central Asia,ECS,1.27464E+13,3174640,1882064,18.7,17405199778,6938539927
1999,Europe & Central Asia (excluding high income),ECA,2.04676E+12,1251114,1509242,31.95005971,10563209778,6617619927
1999,Europe & Central Asia (IDA & IBRD countries),TEC,2.60585E+12,1281659,1872761,29.67326216,12572739861,6053389938
1999,European Union,EUU,8.89611E+12,1649459,375295,6.209937026,4730670010,157929996.5
1999,Fragile and conflict affected situations,FCS,1.5034E+12,3503297,5986131,88.03312166,10950750007,10084900032
1999,Heavily indebted poor countries (HIPC),HPC,5.9891E+11,3032252,5884953,91.45191539,17362269842,17362269842
1999,High income,HIC,2.83733E+13,2655470,376606,7.1,7101339952,1480099984
1999,IBRD only,IBD,1.63729E+13,6247356,3523989,46.01124522,33549049552,27029699630
1999,IDA & IBRD total,IBT,1.8201E+13,11355830,10115940,59.88605545,57629609455,51110259533
1999,IDA blend,IDB,8.64101E+11,1531500,255984,91.24571694,3709260054,3709260054
1999,IDA only,IDX,9.70545E+11,3576974,6335967,83.50845773,20371299849,20371299849
1999,IDA total,IDA,1.83298E+12,5108474,6591951,86.09250141,24080559903,24080559903
1999,Late-demographic dividend,LTE,8.95118E+12,2029796,1421955,29.3654866,19659519792,13581169841
1999,Latin America & Caribbean,LCN,4.26856E+12,61468,111589,28.9,7833209913,7812179913
1999,Latin America & Caribbean (excluding high income),LAC,3.72878E+12,59460,109316,29.98871116,7466689913,7467049913
1999,Latin America & the Caribbean (IDA & IBRD countries),TLA,4.10049E+12,60414,88267,29.16816595,6045029899,6045029899
1999,Least developed countries: UN classification,LDC,7.8561E+11,3037620,6643817,88.08949653,16728029908,16728029908
1999,Low & middle income,LMY,1.7241E+13,12708986,9874047,60.37219261,75192910645,68920890625
1999,Low income,LIC,3.53274E+11,1880409,5777260,92.4,10458729980,10458729980
1999,Lower middle income,LMC,5.77254E+12,7368839,1748642,67.5,28003059645,27137209669
1999,Middle East & North Africa,MEA,3.3231E+12,5932342,864220,36.3,8905449865,7523319919
1999,Middle East & North Africa (excluding high income),MNA,1.8794E+12,5921548,862360,38.93723077,7306449924,7306449924
1999,Middle East & North Africa (IDA & IBRD countries),TMN,1.87097E+12,4536893,761758,39.16188641,6035669894,6035669894
1999,Middle income,MIC,1.68966E+13,10828577,4096787,55.41696305,47208648438,43014738281
1999,North America,NAC,1.04806E+13,644437,57,7.1,119999.9973,
1999,Not classified,INX,,,,,,
1999,OECD members,OED,2.76918E+13,2663061,62515,11.85972686,5579319994,669350000.4
1999,Other small states,OSS,,72873,277928,58.38091364,1834409994,1620839991
1999,Pacific island small states,PSS,7441131748,,372,24.22851754,537659999.4,537659999.4
1999,Post-demographic dividend,PST,2.57354E+13,2707418,999382,6.218102887,4409629995,2053250004
1999,Pre-demographic dividend,PRE,1.04718E+12,3098741,6850845,95.86583307,13642449886,13642449886
1999,Small states,SST,,75895,278909,49.72420789,2695759997,2465279994
1999,South Asia,SAS,2.79338E+12,1532215,2848512,71.2,4914989998,4914989998
1999,South Asia (IDA & IBRD),TSA,2.79338E+12,1532215,2848512,71.14673069,4914989998,4914989998
1999,Sub-Saharan Africa,SSF,1.33498E+12,3316368,3618130,93.9,18663859930,18663859930
1999,Sub-Saharan Africa (excluding high income),SSA,1.33387E+12,3316368,3618100,93.92626949,18615519930,18615519930
1999,Sub-Saharan Africa (IDA & IBRD countries),TSS,1.33498E+12,3316368,3618130,93.92198969,17223079901,17223079901
1999,Upper middle income,UMC,1.11155E+13,3459738,2348145,30.3,17657629840,14329569896
1999,World,WLD,4.57877E+13,15364642,15364642,55,80049930664,70483460938
2000,Afghanistan,AFG,,,3587327,90.6,213789993.3,213789993.3
2000,Albania,ALB,11927761912,521,6801,24.1,494459991.5,494459991.5
2000,Algeria,DZA,2.61903E+11,169654,8015,35.6,316529998.8,316529998.8
2000,American Samoa,ASM,,,,,,
2000,Andorra,AND,,,,6.5,,
2000,Angola,AGO,53870124026,12086,433756,121.9,459929992.7,459929992.7
2000,Antigua and Barbuda,ATG,1278740622,,,12.6,13649999.62,13649999.62
2000,Argentina,ARG,4.27907E+11,2383,608,17.6,89669998.17,89669998.17
2000,Armenia,ARM,8150774535,280586,5787,27,314709991.5,314709991.5
2000,Aruba,ABW,2739557506,,,,19979999.54,
2000,Australia,AUS,5.04664E+11,60219,,5.1,,
2000,Austria,AUT,2.35393E+11,15493,33,4.6,,
2000,Azerbaijan,AZE,27217678656,280,284278,61.1,190710006.7,190710006.7
2000,"Bahamas, The",BHS,8212979644,98,,14,7949999.809,
2000,Bahrain,BHR,28002664527,,92,10.7,85500000,85500000
2000,Bangladesh,BGD,2.03393E+11,21623,5404,63.1,1363170044,1363170044
2000,Barbados,BRB,3446366000,,5,13.8,2990000.01,2990000.01
2000,Belarus,BLR,57899283447,453,2515,10,56729999.54,
2000,Belgium,BEL,2.84882E+11,18821,20,4.8,,
2000,Belize,BLZ,1817300103,1248,12,20,24530000.69,24530000.69
2000,Benin,BEN,12068417544,4290,47,85,386420013.4,386420013.4
2000,Bermuda,BMU,3334145032,,,,90000.00358,
2000,Bhutan,BTN,1591786777,,108943,57.4,72680000.31,72680000.31
2000,Bolivia,BOL,28905904150,352,177,55.8,640429992.7,640429992.7
2000,Bosnia and Herzegovina,BIH,17250844237,38150,504980,8.7,1175949951,1175949951
2000,Botswana,BWA,15408480267,3549,5,35.1,44130001.07,44130001.07
2000,Brazil,BRA,1.58194E+12,2718,220,30.4,305410003.7,305410003.7
2000,British Virgin Islands,VGB,,,,14.6,7800000.191,
2000,Brunei Darussalam,BRN,22110111948,,,8.2,990000.0095,
2000,Bulgaria,BGR,52475648464,1470,2404,14.3,472769989,
2000,Burkina Faso,BFA,10689665669,692,124,90.8,310790008.5,310790008.5
2000,Burundi,BDI,3358361145,27133,568070,94.7,144960006.7,144960006.7
2000,Cabo Verde,CPV,1416212063,,,31,152160003.7,152160003.7
2000,Cambodia,KHM,13057018292,29,36851,79.2,482799987.8,482799987.8
2000,Cameroon,CMR,31439325482,43680,2067,87.7,583010009.8,583010009.8
2000,Canada,CAN,9.00997E+11,126991,25,5.3,,
2000,Cayman Islands,CYM,,,,,-5869999.886,
2000,Central African Republic,CAF,2452459053,55658,135,108.5,104709999.1,104709999.1
2000,Chad,TCD,6389680765,17689,54955,99.9,203850006.1,203850006.1
2000,Channel Islands,CHI,,,,,,
2000,Chile,CHL,1.45356E+11,366,858,9.2,70809997.56,70809997.56
2000,China,CHN,3.68344E+12,294109,110967,30,2209110107,2209110107
2000,Colombia,COL,2.64838E+11,244,9278,21.2,307480011,307480011
2000,Comoros,COM,975837880.4,13,25,69.6,30780000.69,30780000.69
2000,"Congo, Dem. Rep.",COD,21036248250,332509,371705,106.9,282220001.2,282220001.2
2000,"Congo, Rep.",COG,11555896476,123190,27570,72.1,50590000.15,50590000.15
2000,Costa Rica,CRI,31023503202,5519,55,11.1,47610000.61,47610000.61
2000,Cote d'Ivoire,CIV,53808532299,120694,771,95.6,538500000,538500000
2000,Croatia,HRV,47674243237,22437,335200,7.2,102360000.6,102360000.6
2000,Cuba,CUB,,951,20077,7,72800003.05,72800003.05
2000,Curacao,CUW,2929974137,,,,,
2000,Cyprus,CYP,14776730418,73,12,5.7,90330001.83,
2000,Czechia,CZE,1.66528E+11,1186,809,4.5,737390014.6,
2000,Denmark,DNK,1.53053E+11,71017,26,4.7,,
2000,Djibouti,DJI,,23238,1911,79.6,102790000.9,102790000.9
2000,Dominica,DMA,453344035.2,,,14.1,20139999.39,20139999.39
2000,Dominican Republic,DOM,57202129278,506,48,32.5,82120002.75,82120002.75
2000,Ecuador,ECU,73959714523,1598,669,24.7,234559997.6,234559997.6
2000,"Egypt, Arab Rep.",EGY,3.98366E+11,6840,3954,37.2,2048620117,2048620117
2000,El Salvador,SLV,26272540436,57,7753,27.4,263619995.1,263619995.1
2000,Equatorial Guinea,GNQ,5217963392,,504,106.9,35909999.85,35909999.85
2000,Eritrea,ERI,3500163737,1984,376847,56.3,275089996.3,275089996.3
2000,Estonia,EST,13163957434,,460,8.7,105739997.9,
2000,Eswatini,SWZ,4742225186,690,16,67.7,17780000.69,17780000.69
2000,Ethiopia,ETH,31942592634,197960,66396,87,1033489990,1033489990
2000,Faroe Islands,FRO,,,,,,
2000,Fiji,FJI,4728252304,,401,19.2,42150001.53,42150001.53
2000,Finland,FIN,1.3867E+11,13271,5,3.5,,
2000,France,FRA,1.58955E+12,132508,74,4.1,,
2000,French Polynesia,PYF,,,,,658229980.5,
2000,Gabon,GAB,16996326421,17978,27,53.7,20370000.84,20370000.84
2000,"Gambia, The",GMB,2518932393,12016,751,61.7,72239997.86,72239997.86
2000,Georgia,GEO,12643135950,7621,21818,32.1,253039993.3,253039993.3
2000,Germany,DEU,2.23651E+12,906000,1182,4.4,,
2000,Ghana,GHA,45457748575,12714,14760,64.6,835710022,835710022
2000,Gibraltar,GIB,,,,,50000.00075,
2000,Greece,GRC,2.10929E+11,6653,124,5.6,,
2000,Greenland,GRL,,,,,,
2000,Grenada,GRD,784910649.6,,23,12.8,21819999.69,21819999.69
2000,Guam,GUM,,,,,,
2000,Guatemala,GTM,55146958033,720,20709,41,361410003.7,361410003.7
2000,Guinea,GIN,10078006490,427210,1489,100.6,224190002.4,224190002.4
2000,Guinea-Bissau,GNB,1286947550,7587,880,105.3,133240005.5,133240005.5
2000,Guyana,GUY,4481300307,,35,37.1,90970001.22,90970001.22
2000,Haiti,HTI,18501302341,,7564,74.4,269359985.4,269359985.4
2000,Honduras,HND,17017380291,12,904,30.6,583659973.1,583659973.1
2000,"Hong Kong SAR, China",HKG,1.88093E+11,980,10,,5199999.809,
2000,Hungary,HUN,1.21056E+11,5053,512,8.7,419079986.6,
2000,Iceland,ISL,8375644962,235,5,3.2,,
2000,India,IND,2.21169E+12,170940,11397,66.7,1804239990,1804239990
2000,Indonesia,IDN,1.00227E+12,122611,9152,41,2006810059,2006810059
2000,"Iran, Islamic Rep.",IRN,7.12542E+11,1868000,88266,29.6,177539993.3,177539993.3
2000,Iraq,IRQ,2.59552E+11,127787,526165,35.6,160119995.1,160119995.1
2000,Ireland,IRL,1.1496E+11,2530,5,6,,
2000,Isle of Man,IMN,,,,,,
2000,Israel,ISR,1.61552E+11,4067,414,5.6,1153459961,
2000,Italy,ITA,1.54186E+12,6813,46,4.7,,
2000,Jamaica,JAM,16853684523,33,37,17.9,35110000.61,35110000.61
2000,Japan,JPN,3.4612E+12,3752,5,3.3,,
2000,Jordan,JOR,30382165163,1610630,915,22.6,783960022,783960022
2000,Kazakhstan,KAZ,1.14976E+11,20576,2537,36.8,230520004.3,230520004.3
2000,Kenya,KEN,58425661389,206108,2367,59.8,721809997.6,721809997.6
2000,Kiribati,KIR,132735138.8,,,51.5,25020000.46,25020000.46
2000,"Korea, Dem. People's Rep.",PRK,,,15,44.5,119489997.9,119489997.9
2000,"Korea, Rep.",KOR,8.71476E+11,5,69,6.4,-185729995.7,
2000,Kosovo,XKX,,,,42.8,,
2000,Kuwait,KWT,1.14763E+11,2776,688,11,5900000.095,
2000,Kyrgyz Republic,KGZ,9118967542,10609,747,42.5,261739990.2,261739990.2
2000,Lao PDR,LAO,9741773302,,16090,76.6,297720001.2,297720001.2
2000,Latvia,LVA,19036465479,5,484,11.5,148479995.7,
2000,Lebanon,LBN,34361876744,382744,10208,17.2,308200012.2,308200012.2
2000,Lesotho,LSO,2550741194,,,68.3,59200000.76,59200000.76
2000,Liberia,LBR,2826442612,69307,266926,127.6,100599998.5,100599998.5
2000,Libya,LBY,1.0936E+11,11541,603,24.1,22799999.24,
2000,Liechtenstein,LIE,,70,,,,
2000,Lithuania,LTU,29560654736,48,155,8.6,158679992.7,
2000,Luxembourg,LUX,24052314193,759,,3.8,,
2000,"Macao SAR, China",MAC,14936688340,,5,,1039999.962,
2000,Madagascar,MDG,20408165566,50,51,67.5,473339996.3,473339996.3
2000,Malawi,MWI,11023878031,3900,34,100.1,642690002.4,642690002.4
2000,Malaysia,MYS,2.99171E+11,50477,79,8.7,63740001.68,63740001.68
2000,Maldives,MDV,2361158642,,,31.8,23969999.31,23969999.31
2000,Mali,MLI,12405082021,8412,364,101.7,451230011,451230011
2000,Malta,MLT,7607871634,191,17,6.7,36740001.68,36740001.68
2000,Marshall Islands,MHL,123949277.6,,,33.9,67879997.25,67879997.25
2000,Mauritania,MRT,7989586730,350,29742,62.7,332049987.8,332049987.8
2000,Mauritius,MUS,10846330427,,29,16.6,32130001.07,32130001.07
2000,Mexico,MEX,1.09675E+12,18452,1288,23.7,-12739999.77,-12739999.77
2000,"Micronesia, Fed. Sts.",FSM,267063239.8,,,31.3,137250000,137250000
2000,Moldova,MDA,8903552805,64,2650,26.1,183660003.7,183660003.7
2000,Monaco,MCO,,,,1.9,,
2000,Mongolia,MNG,8930412912,,25,48.8,222419998.2,222419998.2
2000,Montenegro,MNE,3631276475,,,12.6,,
2000,Morocco,MAR,1.12765E+11,2107,394,44,655859985.4,655859985.4
2000,Mozambique,MOZ,8462177944,206,24,112,1408800049,1408800049
2000,Myanmar,MMR,38542011314,,137121,65.1,128720001.2,128720001.2
2000,Namibia,NAM,9325989410,27263,2307,44.9,240970001.2,240970001.2
2000,Nauru,NRU,,,5,34.3,5619999.886,5619999.886
2000,Nepal,NPL,32319580728,129234,227,58.7,423420013.4,423420013.4
2000,Netherlands,NLD,5.07657E+11,146174,14,5.1,,
2000,New Caledonia,NCL,,,,,572530029.3,
2000,New Zealand,NZL,82948259346,4919,,6.1,,
2000,Nicaragua,NIC,14092863916,330,5070,31.6,732869995.1,732869995.1
2000,Niger,NER,8795517441,59,483,98.2,316799987.8,316799987.8
2000,Nigeria,NGA,2.8168E+11,7271,5735,109.6,248960006.7,248960006.7
2000,North Macedonia,MKD,12467402234,9048,2175,14.3,394880004.9,394880004.9
2000,Northern Mariana Islands,MNP,,,,,250000,
2000,Norway,NOR,1.66116E+11,47700,,3.9,,
2000,Oman,OMN,92788112935,,5,14.1,107860000.6,107860000.6
2000,Pakistan,PAK,4.20115E+11,2001460,10134,84.8,675659973.1,675659973.1
2000,Palau,PLW,190000016.6,,,25.5,44409999.85,44409999.85
2000,Panama,PAN,26250658776,1307,70,21.9,42439998.63,42439998.63
2000,Papua New Guinea,PNG,12157660320,5862,6,53.6,495410003.7,495410003.7
2000,Paraguay,PRY,35381261095,19,20,27.9,93839996.34,93839996.34
2000,Peru,PER,1.33293E+11,686,6948,29.3,520400024.4,520400024.4
2000,Philippines,PHL,2.67951E+11,175,45481,28.7,688979980.5,688979980.5
2000,Poland,POL,4.0838E+11,1011,859,8.1,2333199951,
2000,Portugal,PRT,1.94277E+11,416,24,5.5,,
2000,Puerto Rico,PRI,87396998785,,,,,
2000,Qatar,QAT,57299323490,31,,10.7,2960000.038,
2000,Romania,ROU,1.31266E+11,1677,7348,18,696080017.1,
2000,Russian Federation,RUS,1.00058E+12,26265,40309,15.5,2377729980,
2000,Rwanda,RWA,5003847646,28398,119051,109.6,488450012.2,488450012.2
2000,Samoa,WSM,556223624.3,,,18.1,47369998.93,47369998.93
2000,San Marino,SMR,1439289273,,5,5,,
2000,Sao Tome and Principe,STP,,,23,54.5,56500000,56500000
2000,Saudi Arabia,SAU,8.22356E+11,5308,77,18.8,24629999.16,24629999.16
2000,Senegal,SEN,19568024377,20762,11077,67.7,653489990.2,653489990.2
2000,Serbia,SRB,45247763192,484390,146749,10.9,1847949951,1847949951
2000,Seychelles,SYC,1187817301,,25,11.9,35240001.68,35240001.68
2000,Sierra Leone,SLE,3132522585,6543,402798,138.6,264339996.3,264339996.3
2000,Singapore,SGP,1.76324E+11,,21,3,-289999.9917,
2000,Sint Maarten (Dutch part),SXM,,,,,,
2000,Slovak Republic,SVK,61316947193,444,216,8.2,187559997.6,
2000,Slovenia,SVN,35809963208,2814,3278,4.6,102260002.1,102260002.1
2000,Solomon Islands,SLB,661899656.6,,34,25.6,120629997.3,120629997.3
2000,Somalia,SOM,,555,475644,104.5,161539993.3,161539993.3
2000,South Africa,ZAF,3.81725E+11,15058,168,48.9,760479980.5,760479980.5
2000,South Sudan,SSD,,,,109.1,,
2000,Spain,ESP,8.75796E+11,6982,75,4.4,,
2000,Sri Lanka,LKA,84257883581,12,124156,14.2,250240005.5,250240005.5
2000,St. Kitts and Nevis,KNA,690237881.9,,,19.9,5840000.153,5840000.153
2000,St. Lucia,LCA,1477116233,,12,15.6,12619999.89,12619999.89
2000,St. Martin (French part),MAF,,,,,,
2000,St. Vincent and the Grenadines,VCT,738280795.3,,48,19.3,8000000,8000000
2000,Sudan,SDN,88553822726,414928,494351,67,341339996.3,341339996.3
2000,Suriname,SUR,3591278180,,334,27.5,51349998.47,51349998.47
2000,Sweden,SWE,2.62827E+11,157206,17,3.4,,
2000,Switzerland,CHE,2.63645E+11,57624,69,4.7,,
2000,Syrian Arab Republic,SYR,,390987,5868,19.6,203020004.3,203020004.3
2000,Tajikistan,TJK,6510999129,15364,59937,67.6,166080001.8,166080001.8
2000,Tanzania,TZA,38730712024,680862,310,78.6,1492410034,1492410034
2000,Thailand,THA,4.59214E+11,104966,213,18.7,698450012.2,698450012.2
2000,Timor-Leste,TLS,1104976411,,122202,87,399820007.3,399820007.3
2000,Togo,TGO,6500158264,12223,4022,75.7,104650001.5,104650001.5
2000,Tonga,TON,357094850.6,,5,14.6,26090000.15,26090000.15
2000,Trinidad and Tobago,TTO,18412716474,,24,24.9,-4590000.153,-4590000.153
2000,Tunisia,TUN,61306340480,428,1205,25,320690002.4,320690002.4
2000,Turkiye,TUR,6.09051E+11,3096,47154,30.9,450109985.4,450109985.4
2000,Turkmenistan,TKM,19284575687,14188,299,57.6,50450000.76,50450000.76
2000,Turks and Caicos Islands,TCA,,,,7.1,9100000.381,9100000.381
2000,Tuvalu,TUV,24317744.11,,5,34,7409999.847,7409999.847
2000,Uganda,UGA,26977872894,236622,32405,87.2,1275180054,1275180054
2000,Ukraine,UKR,2.09505E+11,2927,19310,15.6,840789978,
2000,United Arab Emirates,ARE,3.07933E+11,560,17,9.6,5019999.981,
2000,United Kingdom,GBR,1.56307E+12,186247,109,5.6,,
2000,United States,USA,1.02509E+13,508209,173,7.1,,
2000,Uruguay,URY,35692946019,74,48,14.9,30719999.31,30719999.31
2000,Uzbekistan,UZB,65535424280,38349,3628,50.7,232009994.5,232009994.5
2000,Vanuatu,VUT,410904307.4,,,24.1,59729999.54,59729999.54
2000,"Venezuela, RB",VEN,2.83914E+11,130,469,18.3,126099998.5,126099998.5
2000,Viet Nam,VNM,2.01665E+11,15945,370753,23.6,1746180054,1746180054
2000,Virgin Islands (U.S.),VIR,,,,,,
2000,West Bank and Gaza,PSE,8129898809,1428891,110641,25.3,999530029.3,999530029.3
2000,"Yemen, Rep.",YEM,51479850739,60543,2104,68.8,461600006.1,461600006.1
2000,Zambia,ZMB,17113922255,250940,91,90.4,1182209961,1182209961
2000,Zimbabwe,ZWE,26477761563,4127,109,52.2,239809997.6,239809997.6
2000,Africa Eastern and Southern,AFE,8.60198E+11,2444941,2943809,85.83172601,11800730036,11800730036
2000,Africa Western and Central,AFW,5.54274E+11,968325,825227,99.14004419,6047509985,6047509985
2000,Arab World,ARB,2.85004E+12,4639911,1672624,43.91885207,7481300151,7444620152
2000,Caribbean small states,CSS,62238255447,1379,530,22.42220349,290379999.4,282429999.6
2000,Central Europe and the Baltics,CEB,1.08627E+12,36145,351725,10.38378121,5463599945,204620002.7
2000,Early-demographic dividend,EAR,1.03749E+13,8438167,970228,58.16039901,24176290134,23000030174
2000,East Asia & Pacific,EAS,1.18244E+13,664049,849515,31.2,11568960221,10501440207
2000,East Asia & Pacific (excluding high income),EAP,6.01224E+12,594174,849400,33.16007827,10501440207,10501440207
2000,East Asia & Pacific (IDA & IBRD countries),TEA,6.00473E+12,594174,849390,33.0008419,10023720208,10023720208
2000,Euro area,EMU,8.1358E+12,1259995,6224,4.704172183,829789989.5,139000003.8
2000,Europe & Central Asia,ECS,1.3745E+13,2765224,1505244,17.6,17441299746,6943929864
2000,Europe & Central Asia (excluding high income),ECA,2.2971E+12,953957,1154078,29.99764395,10364699834,6739309861
2000,Europe & Central Asia (IDA & IBRD countries),TEC,2.88463E+12,979082,1497485,27.85122236,13125929787,6348629871
2000,European Union,EUU,9.47906E+12,1521052,353399,5.908150062,5590669949,241360004.4
2000,Fragile and conflict affected situations,FCS,1.63063E+12,3655065,6975134,85.89697763,11283640074,10420050097
2000,Heavily indebted poor countries (HIPC),HPC,6.30969E+11,3119830,6925065,88.62532591,17486490072,17486490072
2000,High income,HIC,3.03507E+13,2531120,353854,6.8,7812569931,671170001.3
2000,IBRD only,IBD,1.77388E+13,5966750,3107432,44.2333269,31977330132,25177230218
2000,IDA & IBRD total,IBT,1.9687E+13,12001044,10676388,57.88968462,56632050241,49831950327
2000,IDA blend,IDB,9.1809E+11,2430047,174302,89.13566285,3903969995,3903969995
2000,IDA only,IDX,1.03654E+12,3604247,7394654,80.7152188,20750750114,20750750114
2000,IDA total,IDA,1.95275E+12,6034294,7568956,83.53411819,24654720109,24654720109
2000,Late-demographic dividend,LTE,9.80277E+12,1709142,1153035,27.71551007,19100250083,11887570132
2000,Latin America & Caribbean,LCN,4.52578E+12,37803,83363,27.5,6744469909,6722819910
2000,Latin America & Caribbean (excluding high income),LAC,3.95373E+12,35828,81854,28.60251453,6373469916,6373879916
2000,Latin America & the Caribbean (IDA & IBRD countries),TLA,4.34776E+12,36754,63281,27.82261453,5069209973,5069209973
2000,Least developed countries: UN classification,LDC,8.39496E+11,3065611,7738359,85.16492947,17835660131,17835660131
2000,Low & middle income,LMY,1.8675E+13,13403884,10462180,58.34628213,74373127930,69021828125
2000,Low income,LIC,3.73969E+11,1885961,6831330,89.5,10993850075,10993850075
2000,Lower middle income,LMC,6.16897E+12,8391851,1730984,65.4,27227700218,26386910240
2000,Middle East & North Africa,MEA,3.62847E+12,6096323,761559,34.8,8298060132,7107920172
2000,Middle East & North Africa (excluding high income),MNA,2.04611E+12,6083390,760249,37.34075634,6875990170,6853190170
2000,Middle East & North Africa (IDA & IBRD countries),TMN,2.03827E+12,4654499,649608,37.55084401,5561730137,5538930138
2000,Middle income,MIC,1.83096E+13,11517923,3630850,53.49367861,44480749512,40709929688
2000,North America,NAC,1.11553E+13,635200,198,7,90000.00358,
2000,Not classified,INX,,,,,,
2000,OECD members,OED,2.96073E+13,2522849,67920,11.29358264,6023389898,965529996.9
2000,Other small states,OSS,2.35387E+11,92864,238239,57.09070985,1852170024,1652150024
2000,Pacific island small states,PSS,7488628685,,450,23.86627037,583559994.7,583559994.7
2000,Post-demographic dividend,PST,2.74982E+13,2554439,891388,6.04403798,4012409923,1506749958
2000,Pre-demographic dividend,PRE,1.13839E+12,3233316,7801814,93.24033967,14781600100,14781600100
2000,Small states,SST,3.05234E+11,94243,239219,48.90649297,2726110018,2518140019
2000,South Asia,SAS,2.97335E+12,2323269,3847588,68.8,4827170019,4827170019
2000,South Asia (IDA & IBRD),TSA,2.97335E+12,2323269,3847588,68.84055554,4827170019,4827170019
2000,Sub-Saharan Africa,SSF,1.41344E+12,3413266,3769036,91.4,19577660112,19577660112
2000,Sub-Saharan Africa (excluding high income),SSA,1.41225E+12,3413266,3769011,91.38530319,19506510111,19506510111
2000,Sub-Saharan Africa (IDA & IBRD countries),TSS,1.41344E+12,3413266,3769036,91.38114669,18024290117,18024290117
2000,Upper middle income,UMC,1.21318E+13,3126072,1899866,28.7,16144850015,13214820046
2000,World,WLD,4.92079E+13,15935134,15935134,53.1,80600627930,69789578125
2001,Afghanistan,AFG,,10,3809763,88,676179992.7,676179992.7
2001,Albania,ALB,13159425507,291,7627,22.9,426429992.7,426429992.7
2001,Algeria,DZA,2.75838E+11,169417,8399,34.3,329269989,329269989
2001,American Samoa,ASM,,,,,,
2001,Andorra,AND,,,,6.3,,
2001,Angola,AGO,57400615763,12245,470616,118.5,445799987.8,445799987.8
2001,Antigua and Barbuda,ATG,1248082617,,5,12.3,11399999.62,11399999.62
2001,Argentina,ARG,4.18257E+11,2384,660,17,253229995.7,253229995.7
2001,Armenia,ARM,9134510732,264337,7206,25.8,317750000,317750000
2001,Aruba,ABW,2918819033,,,,-2900000.095,
2001,Australia,AUS,5.32484E+11,57885,,5,,
2001,Austria,AUT,2.38924E+11,14375,27,4.5,,
2001,Azerbaijan,AZE,30586137071,363,268755,57.3,303940002.4,303940002.4
2001,"Bahamas, The",BHS,8618475437,,,14.1,10590000.15,
2001,Bahrain,BHR,29346798120,,46,10.3,105639999.4,105639999.4
2001,Bangladesh,BGD,2.18535E+11,22169,5544,60,1365900024,1365900024
2001,Barbados,BRB,3440651766,,6,14,-200000.003,-200000.003
2001,Belarus,BLR,62001283967,581,3691,9.2,64650001.53,
2001,Belgium,BEL,2.96187E+11,12252,11,4.7,,
2001,Belize,BLZ,1951935933,1128,,19.4,33970001.22,33970001.22
2001,Benin,BEN,12998438893,4794,52,83.3,444160003.7,444160003.7
2001,Bermuda,BMU,3655493462,,,,29999.99933,
2001,Bhutan,BTN,1763540647,,110844,54.7,85169998.17,85169998.17
2001,Bolivia,BOL,30054823272,348,157,53.1,1040910034,1040910034
2001,Bosnia and Herzegovina,BIH,17998883307,32744,447326,8.4,1018390015,1018390015
2001,Botswana,BWA,15795105481,3577,,34.7,42169998.17,42169998.17
2001,Brazil,BRA,1.64006E+12,2877,251,28.6,369100006.1,369100006.1
2001,British Virgin Islands,VGB,,,,14.5,3589999.914,
2001,Brunei Darussalam,BRN,23228621564,,,8,519999.9809,
2001,Bulgaria,BGR,55744295512,2984,2122,13.7,543679992.7,
2001,Burkina Faso,BFA,11653376976,457,90,89.2,622070007.3,622070007.3
2001,Burundi,BDI,3504620319,27895,553987,91.9,230820007.3,230820007.3
2001,Cabo Verde,CPV,1480435651,,5,28.4,128929992.7,128929992.7
2001,Cambodia,KHM,14439092934,47,34756,73.6,525289978,525289978
2001,Cameroon,CMR,33537786363,41186,2729,85.9,743059997.6,743059997.6
2001,Canada,CAN,9.37787E+11,129227,5,5.3,,
2001,Cayman Islands,CYM,,,,,-1289999.962,
2001,Central African Republic,CAF,2619674574,49233,28698,107.2,115129997.3,115129997.3
2001,Chad,TCD,7295337455,12950,46282,98.4,302390014.6,302390014.6
2001,Channel Islands,CHI,,,,,,
2001,Chile,CHL,1.53318E+11,389,834,8.7,83389999.39,83389999.39
2001,China,CHN,4.08039E+12,295321,117403,27.9,2011859985,2011859985
2001,Colombia,COL,2.75349E+11,213,17937,20.6,595770019.5,595770019.5
2001,Comoros,COM,1021101328,12,25,68.3,43569999.69,43569999.69
2001,"Congo, Dem. Rep.",COD,21058433801,362014,392142,104.8,396529998.8,396529998.8
2001,"Congo, Rep.",COG,12265570087,119146,24237,70.4,113279998.8,113279998.8
2001,Costa Rica,CRI,32829932495,8104,86,10.5,32500000,32500000
2001,Cote d'Ivoire,CIV,53835657715,126239,856,93.8,315859985.4,315859985.4
2001,Croatia,HRV,50092693954,21875,290283,6.9,173479995.7,173479995.7
2001,Cuba,CUB,,1033,18950,6.8,88019996.64,88019996.64
2001,Curacao,CUW,2975140381,,,,,
2001,Cyprus,CYP,16041159833,84,5,5.3,79980003.36,
2001,Czechia,CZE,1.80062E+11,1217,1177,4.3,531510009.8,
2001,Denmark,DNK,1.57778E+11,73284,5,4.6,,
2001,Djibouti,DJI,,23172,451,78,92699996.95,92699996.95
2001,Dominica,DMA,463261703.2,,5,14.5,28850000.38,28850000.38
2001,Dominican Republic,DOM,59929458422,,45,31.8,163940002.4,163940002.4
2001,Ecuador,ECU,78662851588,1680,649,23.5,263440002.4,263440002.4
2001,"Egypt, Arab Rep.",EGY,4.21741E+11,7223,4677,35.3,1965140015,1965140015
2001,El Salvador,SLV,27100751612,69,7147,26,378859985.4,378859985.4
2001,Equatorial Guinea,GNQ,8717168579,,526,104.4,22889999.39,22889999.39
2001,Eritrea,ERI,3892379614,2272,333222,53.9,451220001.2,451220001.2
2001,Estonia,EST,14320141253,6,483,8,114489997.9,
2001,Eswatini,SWZ,4900211499,690,15,68.9,45330001.83,45330001.83
2001,Ethiopia,ETH,35373636956,152554,58980,83.7,1675380005,1675380005
2001,Faroe Islands,FRO,,,,,,
2001,Fiji,FJI,4931473135,,731,19.2,41180000.31,41180000.31
2001,Finland,FIN,1.44232E+11,12726,,3.4,,
2001,France,FRA,1.68704E+12,131601,41,3.9,,
2001,French Polynesia,PYF,,,,,640650024.4,
2001,Gabon,GAB,17750333018,15576,24,52.6,13130000.11,13130000.11
2001,"Gambia, The",GMB,2725072345,8131,732,60,78510002.14,78510002.14
2001,Georgia,GEO,13549227807,7902,17490,30,437660003.7,437660003.7
2001,Germany,DEU,2.33659E+12,903000,1028,4.3,,
2001,Ghana,GHA,48341165653,11787,14547,62.3,980679992.7,980679992.7
2001,Gibraltar,GIB,,,,,1190000.057,
2001,Greece,GRC,2.27657E+11,6927,93,5.2,,
2001,Greenland,GRL,,,,,,
2001,Grenada,GRD,786350606,,53,12.8,15810000.42,15810000.42
2001,Guam,GUM,,,,,,
2001,Guatemala,GTM,57704717527,724,16868,39.5,335859985.4,335859985.4
2001,Guinea,GIN,10682053944,178446,2009,97.1,437739990.2,437739990.2
2001,Guinea-Bissau,GNB,1344746606,7332,917,102.5,101879997.3,101879997.3
2001,Guyana,GUY,4686715520,,36,36.3,93169998.17,93169998.17
2001,Haiti,HTI,18853286386,,7246,72.3,256420013.4,256420013.4
2001,Honduras,HND,17874630463,20,783,29.4,819530029.3,819530029.3
2001,"Hong Kong SAR, China",HKG,1.9341E+11,1392,5,,4400000.095,
2001,Hungary,HUN,1.34583E+11,4700,949,8.2,703229980.5,
2001,Iceland,ISL,9085391496,204,,3,,
2001,India,IND,2.37062E+12,169548,11560,64.4,2407199951,2407199951
2001,Indonesia,IDN,1.06219E+12,73542,8972,39.4,1896359985,1896359985
2001,"Iran, Islamic Rep.",IRN,7.46024E+11,1868000,92490,28.1,165710006.7,165710006.7
2001,Iraq,IRQ,2.70075E+11,128142,530508,35,199869995.1,199869995.1
2001,Ireland,IRL,1.25937E+11,3585,5,5.8,,
2001,Isle of Man,IMN,,,,,,
2001,Israel,ISR,1.65745E+11,4159,361,5.4,242169998.2,
2001,Italy,ITA,1.5975E+12,8541,36,4.5,,
2001,Jamaica,JAM,17465166963,,37,17.4,100930000.3,100930000.3
2001,Japan,JPN,3.55284E+12,3198,5,3.1,,
2001,Jordan,JOR,32703860718,1663289,773,22,671789978,671789978
2001,Kazakhstan,KAZ,1.33438E+11,19529,2803,34.7,206289993.3,206289993.3
2001,Kenya,KEN,62000154074,239221,2551,57.5,714799987.8,714799987.8
2001,Kiribati,KIR,133729633.5,,,50.5,20659999.85,20659999.85
2001,"Korea, Dem. People's Rep.",PRK,,,17,39.1,196360000.6,196360000.6
2001,"Korea, Rep.",KOR,9.34349E+11,5,83,6.1,-126120002.7,
2001,Kosovo,XKX,,,,39.2,,
2001,Kuwait,KWT,1.17599E+11,1255,696,10.8,7429999.828,
2001,Kyrgyz Republic,KGZ,9820623525,9295,687,40.6,187570007.3,187570007.3
2001,Lao PDR,LAO,10534163476,,12625,74,294100006.1,294100006.1
2001,Latvia,LVA,21141932581,5,610,10.8,175880004.9,
2001,Lebanon,LBN,36485140939,387734,8754,16.3,301109985.4,301109985.4
2001,Lesotho,LSO,2701101655,39,,68.8,85000000,85000000
2001,Liberia,LBR,2974520493,54753,244603,119.5,58810001.37,58810001.37
2001,Libya,LBY,1.09853E+11,11662,877,23.4,11119999.89,
2001,Liechtenstein,LIE,,140,,,,
2001,Lithuania,LTU,32755896379,283,210,8.2,218039993.3,
2001,Luxembourg,LUX,24785450209,1201,,3.5,,
2001,"Macao SAR, China",MAC,15714385103,,5,,829999.9833,
2001,Madagascar,MDG,22115904531,34,36,64.8,572719970.7,572719970.7
2001,Malawi,MWI,10711450875,6200,26,92.6,625760009.8,625760009.8
2001,Malaysia,MYS,3.07495E+11,50456,77,8.1,41180000.31,41180000.31
2001,Maldives,MDV,2319141111,,,28.6,31139999.39,31139999.39
2001,Mali,MLI,14634971329,8439,311,99,551500000,551500000
2001,Malta,MLT,7751139264,175,7,6.5,3000000,3000000
2001,Marshall Islands,MHL,135393298.7,,,33.9,95480003.36,95480003.36
2001,Mauritania,MRT,8104272960,363,29850,60.4,440940002.4,440940002.4
2001,Mauritius,MUS,11461958552,14,30,15.3,32819999.69,32819999.69
2001,Mexico,MEX,1.11692E+12,15452,1592,22.7,155039993.3,155039993.3
2001,"Micronesia, Fed. Sts.",FSM,278999337.1,,,30.6,190100006.1,190100006.1
2001,Moldova,MDA,9659498528,156,3731,23.8,178669998.2,178669998.2
2001,Monaco,MCO,,,,1.8,,
2001,Mongolia,MNG,9401240897,,57,45.4,247139999.4,247139999.4
2001,Montenegro,MNE,4112855995,,,12.1,,
2001,Morocco,MAR,1.2421E+11,2093,357,42.3,766229980.5,766229980.5
2001,Mozambique,MOZ,9698683087,206,45,105.6,1496689941,1496689941
2001,Myanmar,MMR,44323919821,,145849,63.6,161710006.7,161710006.7
2001,Namibia,NAM,9648429869,30886,2295,44,177690002.4,177690002.4
2001,Nauru,NRU,,,,33.4,15939999.58,15939999.58
2001,Nepal,NPL,34633980663,130945,300,55.8,508700012.2,508700012.2
2001,Netherlands,NLD,5.32517E+11,151919,5,5,,
2001,New Caledonia,NCL,,,,,485119995.1,
2001,New Zealand,NZL,87413791347,5251,,5.9,,
2001,Nicaragua,NIC,14837037902,322,4397,30.1,1333510010,1333510010
2001,Niger,NER,9647348782,79,478,94.7,408799987.8,408799987.8
2001,Nigeria,NGA,3.05071E+11,7201,6077,106.6,250570007.3,250570007.3
2001,North Macedonia,MKD,12312800671,4362,12192,13.2,389970001.2,389970001.2
2001,Northern Mariana Islands,MNP,,,,,,
2001,Norway,NOR,1.70753E+11,50122,,3.8,,
2001,Oman,OMN,99131804520,,5,13.2,7719999.79,7719999.79
2001,Pakistan,PAK,4.44849E+11,2198792,12326,82.9,2549479980,2549479980
2001,Palau,PLW,206792506.5,,,25.1,44049999.24,44049999.24
2001,Panama,PAN,26996220337,1471,36,21.4,54369998.93,54369998.93
2001,Papua New Guinea,PNG,12416488541,4941,6,52.9,419410003.7,419410003.7
2001,Paraguay,PRY,35876636533,19,6,27.3,92430000.31,92430000.31
2001,Peru,PER,1.37138E+11,681,6500,27.1,634669982.9,634669982.9
2001,Philippines,PHL,2.82342E+11,132,45469,28.2,736409973.1,736409973.1
2001,Poland,POL,4.25389E+11,1295,3187,7.6,1619430054,
2001,Portugal,PRT,2.0237E+11,444,14,5.1,,
2001,Puerto Rico,PRI,95008109248,,,,,
2001,Qatar,QAT,60874207259,67,,10.4,5969999.79,
2001,Romania,ROU,1.44294E+11,1792,6052,17.4,1077869995,
2001,Russian Federation,RUS,1.07459E+12,17970,45154,14.8,1637119995,
2001,Rwanda,RWA,5550700580,34793,84508,100,473899993.9,473899993.9
2001,Samoa,WSM,610786811.8,,,17.6,66269996.64,66269996.64
2001,San Marino,SMR,1553813127,,,4.6,,
2001,Sao Tome and Principe,STP,266092579.1,,21,51.4,63500000,63500000
2001,Saudi Arabia,SAU,8.30702E+11,245266,29,17.7,16969999.31,16969999.31
2001,Senegal,SEN,20871435854,20703,8554,65.2,658619995.1,658619995.1
2001,Serbia,SRB,48644847037,400306,144231,10.4,2139969971,2139969971
2001,Seychelles,SYC,1186993209,,14,11.9,19120000.84,19120000.84
2001,Sierra Leone,SLE,2999845745,10498,179097,136.1,519200012.2,519200012.2
2001,Singapore,SGP,1.78366E+11,,15,2.8,-50000.00075,
2001,Sint Maarten (Dutch part),SXM,,,,,,
2001,Slovak Republic,SVK,66635373503,461,189,7.9,275700012.2,
2001,Slovenia,SVN,37753169201,2411,762,4.3,212949996.9,212949996.9
2001,Solomon Islands,SLB,622960680.4,,42,25.3,115330001.8,115330001.8
2001,Somalia,SOM,,587,440120,104.5,239529998.8,239529998.8
2001,South Africa,ZAF,4.00864E+11,18594,131,49.4,678599975.6,678599975.6
2001,South Sudan,SSD,,,,104.4,,
2001,Spain,ESP,9.37663E+11,6804,45,4.2,,
2001,Sri Lanka,LKA,84824709043,13,122414,13.8,332920013.4,332920013.4
2001,St. Kitts and Nevis,KNA,742866863.2,,,19,15229999.54,15229999.54
2001,St. Lucia,LCA,1458919732,,9,15.6,26799999.24,26799999.24
2001,St. Martin (French part),MAF,,,,,,
2001,St. Vincent and the Grenadines,VCT,768111549.1,,67,19.2,12810000.42,12810000.42
2001,Sudan,SDN,96434903004,349209,489931,65.1,304000000,304000000
2001,Suriname,SUR,3826419876,,239,26.7,39310001.37,39310001.37
2001,Sweden,SWE,2.66286E+11,146480,5,3.4,,
2001,Switzerland,CHE,2.73426E+11,58471,60,4.6,,
2001,Syrian Arab Republic,SYR,,399596,4861,18.8,258010009.8,258010009.8
2001,Tajikistan,TJK,7295551098,15346,56107,63,248820007.3,248820007.3
2001,Tanzania,TZA,42007536722,646899,369,74.2,1846540039,1846540039
2001,Thailand,THA,4.85733E+11,110711,90,17.8,347760009.8,347760009.8
2001,Timor-Leste,TLS,1314578836,,73042,83.4,344980011,344980011
2001,Togo,TGO,6701334443,12257,4356,73.8,72389999.39,72389999.39
2001,Tonga,TON,378828855.7,,,14.2,32549999.24,32549999.24
2001,Trinidad and Tobago,TTO,19612376983,,16,24.7,-11760000.23,-11760000.23
2001,Tunisia,TUN,65067332559,92,1364,23.4,569070007.3,569070007.3
2001,Turkiye,TUR,5.95834E+11,3466,47085,28.9,278890014.6,278890014.6
2001,Turkmenistan,TKM,20575613011,14003,305,54.8,104620002.7,104620002.7
2001,Turks and Caicos Islands,TCA,,,,6.8,9449999.809,9449999.809
2001,Tuvalu,TUV,24865611.3,,5,33.3,12489999.77,12489999.77
2001,Uganda,UGA,29015619249,199735,40133,83.5,1271400024,1271400024
2001,Ukraine,UKR,2.33077E+11,2958,26712,15,790109985.4,
2001,United Arab Emirates,ARE,3.19276E+11,554,18,9.3,3890000.105,
2001,United Kingdom,GBR,1.64902E+12,233389,104,5.5,,
2001,United States,USA,1.05819E+13,515851,220,7,,
2001,Uruguay,URY,35094095476,86,45,14.4,23819999.69,23819999.69
2001,Uzbekistan,UZB,69802173548,39579,3454,48.1,214250000,214250000
2001,Vanuatu,VUT,405886442.4,,,23.9,54150001.53,54150001.53
2001,"Venezuela, RB",VEN,3.00164E+11,62,464,17.8,70489997.86,70489997.86
2001,Viet Nam,VNM,2.18979E+11,15945,353211,22.7,1765420044,1765420044
2001,Virgin Islands (U.S.),VIR,,,,,,
2001,West Bank and Gaza,PSE,7539062474,1483394,349158,24.6,1526260010,1526260010
2001,"Yemen, Rep.",YEM,54641893781,69462,1976,65.9,568130004.9,568130004.9
2001,Zambia,ZMB,18429915643,284173,55,85.6,857809997.6,857809997.6
2001,Zimbabwe,ZWE,27464058606,8708,257,51.8,242309997.6,242309997.6
2001,Africa Eastern and Southern,AFE,9.11903E+11,2380557,2869509,82.80680922,12925740023,12925740023
2001,Africa Western and Central,AFW,5.96251E+11,689570,595030,96.53686652,7298939981,7298939981
2001,Arab World,ARB,2.96248E+12,4942589,1872875,42.51322148,8434359970,8405949971
2001,Caribbean small states,CSS,65069335548,1128,473,21.95838825,376910000.6,366320000.5
2001,Central Europe and the Baltics,CEB,1.16277E+12,37029,306024,9.865685988,5646260033,386429992.7
2001,Early-demographic dividend,EAR,1.08182E+13,8918714,1166946,56.14835031,28744329949,28491039951
2001,East Asia & Pacific,EAS,1.25582E+13,618826,792465,29.6,10993760026,9972990009
2001,East Asia & Pacific (excluding high income),EAP,6.5455E+12,551095,792352,31.45905485,9972990009,9972990009
2001,East Asia & Pacific (IDA & IBRD countries),TEA,6.53732E+12,551095,792335,31.35075135,9479820010,9479820010
2001,Euro area,EMU,8.54781E+12,1256800,3571,4.509173322,1080040009,215949996.9
2001,Europe & Central Asia,ECS,1.44563E+13,2685766,1402064,16.7,15867320023,7084460004
2001,Europe & Central Asia (excluding high income),ECA,2.42632E+12,836172,1096678,28.12196541,10023029981,6698030011
2001,Europe & Central Asia (IDA & IBRD countries),TEC,3.04632E+12,861134,1396200,26.18493472,12359560028,6626700005
2001,European Union,EUU,9.96204E+12,1510427,307351,5.642868308,5729240036,389429992.7
2001,Fragile and conflict affected situations,FCS,1.7418E+12,3637441,7337812,83.5911957,14285929984,13484699999
2001,Heavily indebted poor countries (HIPC),HPC,6.71688E+11,2734076,6804380,85.60378906,21734110050,21734110050
2001,High income,HIC,3.15572E+13,2815825,307878,6.6,6828090054,740519988.3
2001,IBRD only,IBD,1.88298E+13,5867490,3048215,42.66842713,32748919902,27004939878
2001,IDA & IBRD total,IBT,2.09069E+13,11769744,10447482,56.15860969,63431569959,57687589935
2001,IDA blend,IDB,9.78609E+11,2658774,125549,86.89148741,5846519978,5846519978
2001,IDA only,IDX,1.10565E+12,3243480,7273718,77.78089131,24836130079,24836130079
2001,IDA total,IDA,2.08224E+12,5902254,7399267,80.84974289,30682650057,30682650057
2001,Late-demographic dividend,LTE,1.05416E+13,1607867,1144963,25.8561196,18726410100,12594670019
2001,Latin America & Caribbean,LCN,4.66054E+12,37062,85126,26.3,8439460057,8433450057
2001,Latin America & Caribbean (excluding high income),LAC,4.05565E+12,35054,83684,27.25380276,7973070066,7973460066
2001,Latin America & the Caribbean (IDA & IBRD countries),TLA,4.47217E+12,36029,66170,26.52085059,7323800056,7323800056
2001,Least developed countries: UN classification,LDC,9.04966E+11,2693107,7612688,82.12430701,20920070032,20920070032
2001,Low & middle income,LMY,1.98414E+13,13227201,10514635,56.58565533,79741065186,75814445313
2001,Low income,LIC,4.03375E+11,1768696,6715311,86.3,13562859966,13562859966
2001,Lower middle income,LMC,6.57959E+12,8433272,1707678,63.3,32635120045,31845010059
2001,Middle East & North Africa,MEA,3.77047E+12,6464752,1005807,33.3,7916219975,7645639977
2001,Middle East & North Africa (excluding high income),MNA,2.15044E+12,6213276,1004645,35.72012395,7523429978,7512309978
2001,Middle East & North Africa (IDA & IBRD countries),TMN,2.14321E+12,4729882,655487,35.91408608,5898149968,5887029968
2001,Middle income,MIC,1.94478E+13,11458505,3799324,51.85183374,49125351807,46078671875
2001,North America,NAC,1.15234E+13,645078,225,6.9,29999.99933,
2001,Not classified,INX,,,,,,
2001,OECD members,OED,3.07572E+13,2568903,77254,10.91688076,5112870071,1358540024
2001,Other small states,OSS,2.51994E+11,89965,189482,56.22712937,1718130000,1517169999
2001,Pacific island small states,PSS,7767251271,,778,23.57557266,688200007.4,688200007.4
2001,Post-demographic dividend,PST,2.86238E+13,2595306,794012,5.877772247,4237319964,1507040004
2001,Pre-demographic dividend,PRE,1.21458E+12,2921061,7717025,90.37822387,16976019962,16976019962
2001,Small states,SST,3.24952E+11,91093,190733,48.21430174,2783240008,2571690007
2001,South Asia,SAS,3.17637E+12,2521477,4072751,66.5,7956689972,7956689972
2001,South Asia (IDA & IBRD),TSA,3.17637E+12,2521477,4072751,66.52467016,7956689972,7956689972
2001,Sub-Saharan Africa,SSF,1.50717E+12,3070127,3464539,88.6,22068159970,22068159970
2001,Sub-Saharan Africa (excluding high income),SSA,1.50598E+12,3070127,3464525,88.54882981,22026149970,22026149970
2001,Sub-Saharan Africa (IDA & IBRD countries),TSS,1.50717E+12,3070127,3464539,88.54504469,20413549924,20413549924
2001,Upper middle income,UMC,1.28587E+13,3025233,2091646,27.1,15891449915,13634879926
2001,World,WLD,5.15911E+13,16043088,16043088,51.6,85979541992,76524601563
2002,Afghanistan,AFG,19805683002,,2510294,85.4,1801040039,1801040039
2002,Albania,ALB,14221986237,18,10758,21.7,455579986.6,455579986.6
2002,Algeria,DZA,2.95824E+11,169233,12088,32.9,288380004.9,288380004.9
2002,American Samoa,ASM,,,,,,
2002,Andorra,AND,,,9,6,,
2002,Angola,AGO,66261666029,12249,435415,114.7,607000000,607000000
2002,Antigua and Barbuda,ATG,1280557557,,5,11.9,16540000.92,16540000.92
2002,Argentina,ARG,3.78499E+11,2428,764,16.4,153580001.8,153580001.8
2002,Armenia,ARM,10501422442,247549,13244,24.6,426630004.9,426630004.9
2002,Aruba,ABW,2935918444,,,,16540000.92,
2002,Australia,AUS,5.65686E+11,59422,9,5,,
2002,Austria,AUT,2.51985E+11,14122,72,4.4,,
2002,Azerbaijan,AZE,33994826285,453,260217,53.6,462519989,462519989
2002,"Bahamas, The",BHS,8989531444,,,14.2,5989999.771,
2002,Bahrain,BHR,30802185155,,49,10,88669998.17,88669998.17
2002,Bangladesh,BGD,2.30448E+11,22024,5804,57,1150319946,1150319946
2002,Barbados,BRB,3521789383,,6,14.2,6849999.905,6849999.905
2002,Belarus,BLR,66144476954,612,6366,8.5,61080001.83,
2002,Belgium,BEL,3.129E+11,12560,21,4.5,,
2002,Belize,BLZ,2083716267,1048,,18.9,32240001.68,32240001.68
2002,Benin,BEN,13813951246,5014,228,81.5,336459991.5,336459991.5
2002,Bermuda,BMU,3657603009,,,,29999.99933,
2002,Bhutan,BTN,1987900605,,112524,52.1,87180000.31,87180000.31
2002,Bolivia,BOL,31281912250,352,215,50.5,890200012.2,890200012.2
2002,Bosnia and Herzegovina,BIH,19535754438,28020,406456,8.2,831520019.5,831520019.5
2002,Botswana,BWA,17014907428,2798,5,36,53639999.39,53639999.39
2002,Brazil,BRA,1.71648E+12,3176,438,26.8,315500000,315500000
2002,British Virgin Islands,VGB,,,,14.5,-170000.0018,
2002,Brunei Darussalam,BRN,24504099646,,,7.9,-1139999.986,
2002,Bulgaria,BGR,61023649905,3642,2843,13.2,486230011,
2002,Burkina Faso,BFA,12350171718,457,970,87.5,672190002.4,672190002.4
2002,Burundi,BDI,3717503266,40532,574552,88.9,259529998.8,259529998.8
2002,Cabo Verde,CPV,1582456312,,5,26.2,141960006.7,141960006.7
2002,Cambodia,KHM,15628875019,192,33451,67.4,578590026.9,578590026.9
2002,Cameroon,CMR,35585380266,58288,5228,83.9,922219970.7,922219970.7
2002,Canada,CAN,9.71004E+11,129935,52,5.3,,
2002,Cayman Islands,CYM,,,,,-2750000,
2002,Central African Republic,CAF,2756721239,50720,25368,105.8,85489997.86,85489997.86
2002,Chad,TCD,8038154505,33455,47340,97,344230011,344230011
2002,Channel Islands,CHI,,,,,,
2002,Chile,CHL,1.60695E+11,414,1705,8.3,11119999.89,11119999.89
2002,China,CHN,4.52248E+12,297273,132099,25.7,1951060059,1951060059
2002,Colombia,COL,2.86642E+11,208,30624,20,664099975.6,664099975.6
2002,Comoros,COM,1061125551,,40,66.9,41040000.92,41040000.92
2002,"Congo, Dem. Rep.",COD,22017063914,332978,421355,102.6,1736849976,1736849976
2002,"Congo, Rep.",COG,13027484159,109201,27994,67.8,86699996.95,86699996.95
2002,Costa Rica,CRI,34480838464,12433,97,10.2,25750000,25750000
2002,Cote d'Ivoire,CIV,53181796090,44751,23731,91.8,1623839966,1623839966
2002,Croatia,HRV,54959526278,8392,274822,6.6,190779998.8,190779998.8
2002,Cuba,CUB,,1001,18035,6.5,94970001.22,94970001.22
2002,Curacao,CUW,3033506239,,,,,
2002,Cyprus,CYP,16716334244,171,5,5,50000000,
2002,Czechia,CZE,1.8612E+11,1296,6985,4.1,251619995.1,
2002,Denmark,DNK,1.6472E+11,73600,6,4.5,,
2002,Djibouti,DJI,,21702,470,76.4,107959999.1,107959999.1
2002,Dominica,DMA,457176562.6,,6,15,39869998.93,39869998.93
2002,Dominican Republic,DOM,63599354106,,82,31.2,223529998.8,223529998.8
2002,Ecuador,ECU,83161704042,3225,815,22.5,343880004.9,343880004.9
2002,"Egypt, Arab Rep.",EGY,4.38552E+11,80488,6442,33.6,1887239990,1887239990
2002,El Salvador,SLV,27956041648,74,6630,24.7,365799987.8,365799987.8
2002,Equatorial Guinea,GNQ,10576078610,,549,101.7,31270000.46,31270000.46
2002,Eritrea,ERI,4071849497,3619,318167,51.8,334029998.8,334029998.8
2002,Estonia,EST,16087733550,6,1058,7.3,86449996.95,
2002,Eswatini,SWZ,5194562093,653,20,69.8,31879999.16,31879999.16
2002,Ethiopia,ETH,36469110586,132939,61235,80.2,1930729980,1930729980
2002,Faroe Islands,FRO,,,,,,
2002,Fiji,FJI,5168598261,,1071,19.2,50000000,50000000
2002,Finland,FIN,1.48764E+11,12485,8,3.3,,
2002,France,FRA,1.76293E+12,132182,92,3.7,,
2002,French Polynesia,PYF,,,,,642469970.7,
2002,Gabon,GAB,17982084376,13468,34,51.5,108589996.3,108589996.3
2002,"Gambia, The",GMB,2677598286,12117,858,58.2,91069999.69,91069999.69
2002,Georgia,GEO,14513618438,4194,16970,27.8,454799987.8,454799987.8
2002,Germany,DEU,2.4069E+12,980001,924,4.2,,
2002,Ghana,GHA,51303833682,33506,15675,60.1,999500000,999500000
2002,Gibraltar,GIB,,,,,9999.999776,
2002,Greece,GRC,2.46559E+11,2778,296,4.9,,
2002,Greenland,GRL,,,,,,
2002,Grenada,GRD,826056803.3,,73,12.8,14310000.42,14310000.42
2002,Guam,GUM,,,,,,
2002,Guatemala,GTM,60854041910,732,13892,38.2,369380004.9,369380004.9
2002,Guinea,GIN,11408821682,182164,3417,93.8,371119995.1,371119995.1
2002,Guinea-Bissau,GNB,1352250287,7639,978,99.5,92489997.86,92489997.86
2002,Guyana,GUY,4813669771,,50,35.5,66790000.92,66790000.92
2002,Haiti,HTI,19348514043,,7722,70.2,221860000.6,221860000.6
2002,Honduras,HND,18834745107,28,675,28.2,531520019.5,531520019.5
2002,"Hong Kong SAR, China",HKG,1.99678E+11,1490,,,5190000.057,
2002,Hungary,HUN,1.47568E+11,6075,3515,7.6,248550003.1,
2002,Iceland,ISL,9375292904,197,13,2.8,,
2002,India,IND,2.49915E+12,168853,14349,62.1,2311530029,2311530029
2002,Indonesia,IDN,1.12728E+12,28593,9907,37.8,1759609985,1759609985
2002,"Iran, Islamic Rep.",IRN,8.18861E+11,1306599,138362,26.6,166410003.7,166410003.7
2002,Iraq,IRQ,2.51797E+11,134190,422504,34.3,171220001.2,171220001.2
2002,Ireland,IRL,1.38491E+11,5366,5,5.5,,
2002,Isle of Man,IMN,,,,,,
2002,Israel,ISR,1.71114E+11,4170,561,5.2,1056989990,
2002,Italy,ITA,1.63968E+12,10031,223,4.3,,
2002,Jamaica,JAM,18091633898,,147,17.1,46139999.39,46139999.39
2002,Japan,JPN,3.64793E+12,2658,14,3,,
2002,Jordan,JOR,35134569206,1699469,1280,21.4,822530029.3,822530029.3
2002,Kazakhstan,KAZ,1.48798E+11,20610,6317,32.6,266799987.8,266799987.8
2002,Kenya,KEN,63310783947,233671,3089,55,560400024.4,560400024.4
2002,Kiribati,KIR,140957750.8,,,49.8,31510000.23,31510000.23
2002,"Korea, Dem. People's Rep.",PRK,,,256,34.2,391320007.3,391320007.3
2002,"Korea, Rep.",KOR,1.01945E+12,15,244,5.8,-99059997.56,
2002,Kosovo,XKX,,,,35.8,,
2002,Kuwait,KWT,1.23032E+11,1521,705,10.6,8510000.229,
2002,Kyrgyz Republic,KGZ,9971953125,7705,2952,38.7,231110000.6,231110000.6
2002,Lao PDR,LAO,11331549145,,11233,71.3,322299987.8,322299987.8
2002,Latvia,LVA,23289297251,5,3080,10.3,117650001.5,
2002,Lebanon,LBN,38322179490,392059,26313,15.4,297730011,297730011
2002,Lesotho,LSO,2763055435,,5,69.3,112449996.9,112449996.9
2002,Liberia,LBR,3134555549,64946,275414,111.7,80720001.22,80720001.22
2002,Libya,LBY,1.10495E+11,11666,1443,22.7,10489999.77,
2002,Liechtenstein,LIE,,126,,,,
2002,Lithuania,LTU,36085738869,363,1365,7.9,206169998.2,
2002,Luxembourg,LUX,26135003699,1201,,3.3,,
2002,"Macao SAR, China",MAC,17381401552,,13,,1529999.971,
2002,Madagascar,MDG,19673684596,,52,62.4,550219970.7,550219970.7
2002,Malawi,MWI,11063324870,2170,48,84.5,549219970.7,549219970.7
2002,Malaysia,MYS,3.29123E+11,50614,117,7.6,115680000.3,115680000.3
2002,Maldives,MDV,2526476913,,,25.6,28950000.76,28950000.76
2002,Mali,MLI,15324754471,9093,525,96.3,629200012.2,629200012.2
2002,Malta,MLT,8148196482,311,7,6.3,17420000.08,17420000.08
2002,Marshall Islands,MHL,142648071.3,,,33.9,77250000,77250000
2002,Mauritania,MRT,8344284749,398,30130,57.9,547580017.1,547580017.1
2002,Mauritius,MUS,11828582943,,39,14.4,36930000.31,36930000.31
2002,Mexico,MEX,1.1376E+12,12953,1668,21.8,196559997.6,196559997.6
2002,"Micronesia, Fed. Sts.",FSM,284897534.3,,,31.8,153330001.8,153330001.8
2002,Moldova,MDA,10575228307,172,10121,21.6,207009994.5,207009994.5
2002,Monaco,MCO,,,,1.6,,
2002,Mongolia,MNG,9999655716,,277,42.1,244289993.3,244289993.3
2002,Montenegro,MNE,4329976770,,,11.4,,
2002,Morocco,MAR,1.30851E+11,2127,1266,40.6,549750000,549750000
2002,Mozambique,MOZ,10764993862,206,129,100,3353080078,3353080078
2002,Myanmar,MMR,50282815479,,148493,62.1,158399993.9,158399993.9
2002,Namibia,NAM,10268035188,21649,1298,43.3,206080001.8,206080001.8
2002,Nauru,NRU,,,,32.6,23760000.23,23760000.23
2002,Nepal,NPL,35216020999,132432,899,53.1,462649993.9,462649993.9
2002,Netherlands,NLD,5.56285E+11,148349,32,4.9,,
2002,New Caledonia,NCL,,,,,497380004.9,
2002,New Zealand,NZL,92024844754,5760,,5.8,,
2002,Nicaragua,NIC,15181883396,324,4049,28.8,613929992.7,613929992.7
2002,Niger,NER,10279603015,296,829,90.9,440209991.5,440209991.5
2002,Nigeria,NGA,3.57319E+11,7353,24559,103.7,427540008.5,427540008.5
2002,North Macedonia,MKD,12919361273,2815,8102,12.8,407690002.4,407690002.4
2002,Northern Mariana Islands,MNP,,,,,,
2002,Norway,NOR,1.72705E+11,50421,5,3.7,,
2002,Oman,OMN,99568448537,,19,12.4,110029998.8,110029998.8
2002,Pakistan,PAK,4.63114E+11,1227429,23164,81.1,2716800049,2716800049
2002,Palau,PLW,217532707.8,,,24.7,39490001.68,39490001.68
2002,Panama,PAN,28028130018,1565,44,20.9,42849998.47,42849998.47
2002,Papua New Guinea,PNG,12589966050,4941,12,52.1,407190002.4,407190002.4
2002,Paraguay,PRY,36427986315,19,26,26.8,88949996.95,88949996.95
2002,Peru,PER,1.46871E+11,679,6431,25.1,679609985.4,679609985.4
2002,Philippines,PHL,2.97399E+11,109,45606,27.8,722010009.8,722010009.8
2002,Poland,POL,4.51281E+11,1586,16713,7.3,1388189941,
2002,Portugal,PRT,2.12109E+11,460,60,4.7,,
2002,Puerto Rico,PRI,97373121485,,,,,
2002,Qatar,QAT,66263168993,46,10,10,7389999.866,
2002,Romania,ROU,1.55642E+11,1839,8842,17.1,631239990.2,
2002,Russian Federation,RUS,1.1679E+12,14966,91625,13.9,1860599976,
2002,Rwanda,RWA,6380874460,30861,75251,90.2,528320007.3,528320007.3
2002,Samoa,WSM,655365564.6,,,17.2,58950000.76,58950000.76
2002,San Marino,SMR,1582934314,,5,4.3,,
2002,Sao Tome and Principe,STP,279320278.4,,41,48.2,40810001.37,40810001.37
2002,Saudi Arabia,SAU,8.19865E+11,245290,104,16.7,21569999.69,21569999.69
2002,Senegal,SEN,21211285157,20706,12069,62.3,657380004.9,657380004.9
2002,Serbia,SRB,54159510181,354400,327582,9.8,3043379883,3043379883
2002,Seychelles,SYC,1220113485,,43,12,84080001.83,84080001.83
2002,Sierra Leone,SLE,3854683386,63491,141473,133.4,558820007.3,558820007.3
2002,Singapore,SGP,1.88253E+11,,40,2.6,10199999.81,
2002,Sint Maarten (Dutch part),SXM,,,,,,
2002,Slovak Republic,SVK,71578545707,443,596,7.6,237539993.3,
2002,Slovenia,SVN,40372330212,384,853,4.1,83089996.34,83089996.34
2002,Solomon Islands,SLB,614955074.3,,55,25.1,53279998.78,53279998.78
2002,Somalia,SOM,,193,432304,104.5,227059997.6,227059997.6
2002,South Africa,ZAF,4.22176E+11,23336,271,49.8,764679992.7,764679992.7
2002,South Sudan,SSD,,,,99.8,,
2002,Spain,ESP,1.00975E+12,6783,58,4.1,,
2002,Sri Lanka,LKA,89562167168,22,133240,13.4,329179992.7,329179992.7
2002,St. Kitts and Nevis,KNA,764763330,,,18.1,38569999.69,38569999.69
2002,St. Lucia,LCA,1487827823,,12,15.7,46220001.22,46220001.22
2002,St. Martin (French part),MAF,,,,,,
2002,St. Vincent and the Grenadines,VCT,821755823.6,,81,19.1,6389999.866,6389999.866
2002,Sudan,SDN,1.0382E+11,328177,508863,63.2,444750000,444750000
2002,Suriname,SUR,3994865421,,101,25.8,19180000.31,19180000.31
2002,Sweden,SWE,2.76018E+11,142170,27,3.3,,
2002,Switzerland,CHE,2.81956E+11,54081,55,4.5,,
2002,Syrian Arab Republic,SYR,,408515,18908,18.2,87440002.44,87440002.44
2002,Tajikistan,TJK,8209454322,3437,63264,58.6,215660003.7,215660003.7
2002,Tanzania,TZA,45688353048,689373,578,69.8,1874609985,1874609985
2002,Thailand,THA,5.23636E+11,112614,342,17,361769989,361769989
2002,Timor-Leste,TLS,1245608268,,28097,80,356600006.1,356600006.1
2002,Togo,TGO,7066208237,12295,10441,71.8,77430000.31,77430000.31
2002,Tonga,TON,403384928.6,,7,13.8,30959999.08,30959999.08
2002,Trinidad and Tobago,TTO,21498879206,,35,24.5,-16200000.76,-16200000.76
2002,Tunisia,TUN,66955392002,93,2543,22.1,314540008.5,314540008.5
2002,Turkiye,TUR,6.12447E+11,3302,193697,27.1,413000000,413000000
2002,Turkmenistan,TKM,20950031463,13691,797,52,59610000.61,59610000.61
2002,Turks and Caicos Islands,TCA,,,,6.5,5570000.172,5570000.172
2002,Tuvalu,TUV,27658211.53,,5,32.7,16129999.16,16129999.16
2002,Uganda,UGA,32041170370,217301,40414,79.3,1069030029,1069030029
2002,Ukraine,UKR,2.49349E+11,2940,85258,14.3,707150024.4,
2002,United Arab Emirates,ARE,3.32142E+11,165,29,9.1,5760000.229,
2002,United Kingdom,GBR,1.72714E+12,260687,158,5.4,,
2002,United States,USA,1.09291E+13,485173,383,6.9,,
2002,Uruguay,URY,32885279569,97,60,14.1,24049999.24,24049999.24
2002,Uzbekistan,UZB,73706870589,44933,6882,45.4,256079986.6,256079986.6
2002,Vanuatu,VUT,390784200.2,,,23.8,47740001.68,47740001.68
2002,"Venezuela, RB",VEN,2.77847E+11,62,525,17.4,86290000.92,86290000.92
2002,Viet Nam,VNM,2.36448E+11,15945,373732,21.9,1468260010,1468260010
2002,Virgin Islands (U.S.),VIR,,,,,,
2002,West Bank and Gaza,PSE,6700318527,1532589,428775,23.9,1437380005,1437380005
2002,"Yemen, Rep.",YEM,57677302733,82795,1595,63,320720001.2,320720001.2
2002,Zambia,ZMB,19560549190,246765,84,79.7,1175699951,1175699951
2002,Zimbabwe,ZWE,25411365097,9433,4024,51.8,284679992.7,284679992.7
2002,Africa Eastern and Southern,AFE,9.62535E+11,2328903,2877322,79.70722037,16770769835,16770769835
2002,Africa Western and Central,AFW,6.62171E+11,729358,647815,93.93909879,9231720064,9231720064
2002,Arab World,ARB,3.01908E+12,5110716,1895880,41.22279986,7797740065,7765590065
2002,Caribbean small states,CSS,68632223290,1048,516,21.57452615,322890002.3,316900002.5
2002,Central Europe and the Baltics,CEB,1.24401E+12,24031,320672,9.536429435,3927509926,273869995.1
2002,Early-demographic dividend,EAR,1.12123E+13,7504584,1481756,54.18184471,28357610021,27290130031
2002,East Asia & Pacific,EAS,1.34393E+13,579626,785080,27.9,10766950055,9699370077
2002,East Asia & Pacific (excluding high income),EAP,7.15447E+12,510281,784760,29.6331186,9699370077,9699370077
2002,East Asia & Pacific (IDA & IBRD countries),TEA,7.14553E+12,510281,784504,29.57117609,9028160067,9028160067
2002,Euro area,EMU,8.92477E+12,1328001,8755,4.3362759,798319986.3,100509996.4
2002,Europe & Central Asia,ECS,1.51732E+13,2681619,1833354,15.7,16886779837,9327449891
2002,Europe & Central Asia (excluding high income),ECA,2.5986E+12,753459,1513451,26.18069404,12021859940,9053579895
2002,Europe & Central Asia (IDA & IBRD countries),TEC,3.26071E+12,765276,1813828,24.47335519,13056659790,7922169846
2002,European Union,EUU,1.04221E+13,1566601,322508,5.429430042,3994929926,291289995.2
2002,Fragile and conflict affected situations,FCS,1.79734E+12,3694336,6134500,81.28877539,18675520100,17957880075
2002,Heavily indebted poor countries (HIPC),HPC,7.04993E+11,2734355,5578786,82.51865904,26856969975,26856969975
2002,High income,HIC,3.27858E+13,2866192,324090,6.4,6132039881,748749991.4
2002,IBRD only,IBD,1.99862E+13,5292744,3431378,40.86018903,32730509875,27585529931
2002,IDA & IBRD total,IBT,2.22007E+13,10233331,9633929,54.24249413,68338199870,63193219925
2002,IDA blend,IDB,1.05565E+12,1695249,124297,84.72977234,6316960044,6316960044
2002,IDA only,IDX,1.16605E+12,3245338,6078254,74.86435144,29290729950,29290729950
2002,IDA total,IDA,2.22006E+12,4940587,6202551,78.19973217,35607689994,35607689994
2002,Late-demographic dividend,LTE,1.13867E+13,1551302,1483550,24.0234076,19004569759,13449999883
2002,Latin America & Caribbean,LCN,4.74651E+12,40818,95013,25,7067909999,7048519998
2002,Latin America & Caribbean (excluding high income),LAC,4.1541E+12,38680,92583,25.95500885,6721069997,6721459997
2002,Latin America & the Caribbean (IDA & IBRD countries),TLA,4.55387E+12,39817,76972,25.28413988,6158509980,6158509980
2002,Least developed countries: UN classification,LDC,9.63908E+11,2759299,6279215,79.04336627,25487359966,25487359966
2002,Low & middle income,LMY,2.1112E+13,11752966,9778151,54.63664964,91382376953,87152546875
2002,Low income,LIC,4.26055E+11,1834795,5467619,83.2,18202010025,18202010025
2002,Lower middle income,LMC,7.00478E+12,6956961,1877049,61.3,31798470043,31091320019
2002,Middle East & North Africa,MEA,3.89783E+12,6093028,1063473,31.9,8174810044,7085670053
2002,Middle East & North Africa (excluding high income),MNA,2.25774E+12,5841525,1061989,34.23137109,6858470057,6847980057
2002,Middle East & North Africa (IDA & IBRD countries),TMN,2.25137E+12,4308936,633214,34.41129677,5024410051,5013920052
2002,Middle income,MIC,2.0696E+13,9918171,4310532,49.99048791,51440358643,48314808594
2002,North America,NAC,1.19038E+13,615108,435,6.8,29999.99933,
2002,Not classified,INX,,,,,,
2002,OECD members,OED,3.1945E+13,2634075,265274,10.41016752,4887719892,1393619969
2002,Other small states,OSS,2.6874E+11,80757,146153,55.32873031,1901770004,1759070007
2002,Pacific island small states,PSS,8085856914,,1138,23.44210701,582400003.4,582400003.4
2002,Post-demographic dividend,PST,2.97534E+13,2639400,809308,5.733170525,3119830053,1241170017
2002,Pre-demographic dividend,PRE,1.28684E+12,2923808,6328086,87.49442627,23187340000,23187340000
2002,Small states,SST,3.45583E+11,81805,147807,47.55970414,2807060010,2658370013
2002,South Asia,SAS,3.34181E+12,1550760,2800274,64.3,8887650051,8887650051
2002,South Asia (IDA & IBRD),TSA,3.34181E+12,1550760,2800274,64.28047205,8887650051,8887650051
2002,Sub-Saharan Africa,SSF,1.62407E+12,3058261,3525137,85.7,28228789972,28228789972
2002,Sub-Saharan Africa (excluding high income),SSA,1.62285E+12,3058261,3525094,85.6789818,28113439970,28113439970
2002,Sub-Saharan Africa (IDA & IBRD countries),TSS,1.62407E+12,3058261,3525137,85.67531004,26182809931,26182809931
2002,Upper middle income,UMC,1.36811E+13,2961210,2433483,25.4,17740119884,15321719896
2002,World,WLD,5.40615E+13,14619220,14619220,49.9,96348806641,87965046875
2003,Afghanistan,AFG,21980384806,24,2136039,82.8,1987130005,1987130005
2003,Albania,ALB,15198978665,24,10382,20.4,440579986.6,440579986.6
2003,Algeria,DZA,3.23383E+11,169032,11651,31.6,304989990.2,304989990.2
2003,American Samoa,ASM,,,,,,
2003,Andorra,AND,,,7,5.8,,
2003,Angola,AGO,69589731051,13375,329573,110.5,638030029.3,638030029.3
2003,Antigua and Barbuda,ATG,1385180001,,5,11.5,6500000,6500000
2003,Argentina,ARG,4.20077E+11,2631,777,15.8,152690002.4,152690002.4
2003,Armenia,ARM,12207893426,239289,13158,23.4,325519989,325519989
2003,Aruba,ABW,3027419281,,,,98250000,
2003,Australia,AUS,5.93718E+11,56242,12,4.9,,
2003,Austria,AUT,2.6107E+11,16097,68,4.3,,
2003,Azerbaijan,AZE,38204531284,324,253248,50.2,372119995.1,372119995.1
2003,"Bahamas, The",BHS,9051030297,,,14.4,5500000,
2003,Bahrain,BHR,33387815395,,50,9.7,167860000.6,167860000.6
2003,Bangladesh,BGD,2.46134E+11,19791,5563,54.3,1620770020,1620770020
2003,Barbados,BRB,3669423335,,8,14.3,27239999.77,27239999.77
2003,Belarus,BLR,72200530511,631,7817,7.8,61560001.37,
2003,Belgium,BEL,3.2098E+11,12583,40,4.4,,
2003,Belize,BLZ,2323121421,861,9,18.5,16170000.08,16170000.08
2003,Benin,BEN,14571665605,5032,274,79.8,389250000,389250000
2003,Bermuda,BMU,3857001614,,,,39999.99911,
2003,Bhutan,BTN,2185722604,,103977,49.6,92059997.56,92059997.56
2003,Bolivia,BOL,32764190065,525,260,47.9,994979980.5,994979980.5
2003,Bosnia and Herzegovina,BIH,20549191756,22515,300012,8,688650024.4,688650024.4
2003,Botswana,BWA,18153339271,2831,5,38.4,36840000.15,36840000.15
2003,Brazil,BRA,1.77033E+12,3190,377,25.1,266940002.4,266940002.4
2003,British Virgin Islands,VGB,,,,14.4,-699999.9881,
2003,Brunei Darussalam,BRN,25713344432,,,7.7,529999.9714,
2003,Bulgaria,BGR,65447924438,4047,2565,12.5,538080017.1,
2003,Burkina Faso,BFA,13576554042,466,852,85.4,699510009.8,699510009.8
2003,Burundi,BDI,3744481926,40970,531626,85.7,296970001.2,296970001.2
2003,Cabo Verde,CPV,1681079440,,7,24.8,190360000.6,190360000.6
2003,Cambodia,KHM,17292938727,76,31404,61.9,548559997.6,548559997.6
2003,Cameroon,CMR,38266516762,58583,6215,81.9,1128709961,1128709961
2003,Canada,CAN,1.02368E+12,133088,61,5.3,,
2003,Cayman Islands,CYM,,,,,-1830000.043,
2003,Central African Republic,CAF,2659397660,44751,35394,104.2,65050003.05,65050003.05
2003,Chad,TCD,9403500402,146396,52268,95.5,323799987.8,323799987.8
2003,Channel Islands,CHI,,,,,,
2003,Chile,CHL,1.71606E+11,472,1549,8.1,101910003.7,101910003.7
2003,China,CHN,5.07466E+12,299347,132390,23.5,1574430054,1574430054
2003,Colombia,COL,3.03752E+11,189,37992,19.4,1113290039,1113290039
2003,Comoros,COM,1104833238,,62,65.4,31239999.77,31239999.77
2003,"Congo, Dem. Rep.",COD,23703902475,234033,453465,100.3,7084160156,7084160156
2003,"Congo, Rep.",COG,13392633333,91362,28950,64.5,87870002.75,87870002.75
2003,Costa Rica,CRI,36679330868,13508,91,10,48430000.31,48430000.31
2003,Cote d'Ivoire,CIV,51668488437,75967,33625,89.8,330040008.5,330040008.5
2003,Croatia,HRV,58944984313,4385,230193,6.3,158059997.6,158059997.6
2003,Cuba,CUB,,833,16084,6.3,99519996.64,99519996.64
2003,Curacao,CUW,3102290194,,,,,
2003,Cyprus,CYP,17441101989,339,5,4.6,19149999.62,
2003,Czechia,CZE,1.99181E+11,1516,6699,3.9,338880004.9,
2003,Denmark,DNK,1.66148E+11,69855,10,4.4,,
2003,Djibouti,DJI,,27034,520,74.6,99300003.05,99300003.05
2003,Dominica,DMA,495817683.1,,17,15.5,13420000.08,13420000.08
2003,Dominican Republic,DOM,63981798826,,89,30.6,101959999.1,101959999.1
2003,Ecuador,ECU,87112064066,6367,720,21.5,269079986.6,269079986.6
2003,"Egypt, Arab Rep.",EGY,4.61488E+11,88745,5734,32.1,1342880005,1342880005
2003,El Salvador,SLV,28954040726,246,5658,23.4,274970001.2,274970001.2
2003,Equatorial Guinea,GNQ,12289854981,,584,98.8,26709999.08,26709999.08
2003,Eritrea,ERI,4041948854,3890,124111,49.7,412339996.3,412339996.3
2003,Estonia,EST,18001980451,6,1021,6.7,108660003.7,
2003,Eswatini,SWZ,5502620028,685,,70.6,42610000.61,42610000.61
2003,Ethiopia,ETH,36385079561,130274,62674,76.7,2122540039,2122540039
2003,Faroe Islands,FRO,,,,,,
2003,Fiji,FJI,5323311703,,1088,19.3,65739997.86,65739997.86
2003,Finland,FIN,1.51454E+11,10835,6,3.3,,
2003,France,FRA,1.75369E+12,130838,110,3.6,,
2003,French Polynesia,PYF,,,,,652239990.2,
2003,Gabon,GAB,18749071095,13999,37,50.3,-12630000.11,-12630000.11
2003,"Gambia, The",GMB,2918024795,7461,744,56.5,78919998.17,78919998.17
2003,Georgia,GEO,16436756682,3864,12488,25.6,297940002.4,297940002.4
2003,Germany,DEU,2.46857E+12,960393,719,4.1,,
2003,Ghana,GHA,55036816884,43948,15866,58.2,1252619995,1252619995
2003,Gibraltar,GIB,,,,,39999.99911,
2003,Greece,GRC,2.61157E+11,2762,268,4.6,,
2003,Greenland,GRL,,,,,,
2003,Grenada,GRD,922080567.6,,76,12.8,12090000.15,12090000.15
2003,Guam,GUM,,,,,,
2003,Guatemala,GTM,63643900683,714,6696,36.9,330660003.7,330660003.7
2003,Guinea,GIN,11779248206,184339,3868,90.6,320269989,320269989
2003,Guinea-Bissau,GNB,1386777694,7552,969,96.4,187649993.9,187649993.9
2003,Guyana,GUY,4877638452,,75,34.8,75680000.31,75680000.31
2003,Haiti,HTI,20417147120,,7550,68.4,249399993.9,249399993.9
2003,Honduras,HND,20079792894,23,606,27.1,405359985.4,405359985.4
2003,"Hong Kong SAR, China",HKG,2.09842E+11,1899,6,,6219999.79,
2003,Hungary,HUN,1.56796E+11,7013,3394,7.1,318079986.6,
2003,Iceland,ISL,9467594998,226,11,2.7,,
2003,India,IND,2.74879E+12,164754,13703,59.9,768989990.2,768989990.2
2003,Indonesia,IDN,1.20448E+12,230,16240,36.4,2004750000,2004750000
2003,"Iran, Islamic Rep.",IRN,9.07162E+11,984895,122530,25.1,165429992.7,165429992.7
2003,Iraq,IRQ,1.6264E+11,46721,368577,33.7,3096219971,3096219971
2003,Ireland,IRL,1.45013E+11,5971,6,5.1,,
2003,Isle of Man,IMN,,,,,,
2003,Israel,ISR,1.6489E+11,4170,626,4.9,607229980.5,
2003,Italy,ITA,1.67345E+12,12812,208,4.1,,
2003,Jamaica,JAM,19125077838,,260,16.8,16639999.39,16639999.39
2003,Japan,JPN,3.75392E+12,2266,17,2.9,,
2003,Jordan,JOR,37319026444,1741365,1149,20.8,1777719971,1777719971
2003,Kazakhstan,KAZ,1.65846E+11,15830,6563,30.8,343489990.2,343489990.2
2003,Kenya,KEN,66453499720,237509,3159,52.6,669989990.2,669989990.2
2003,Kiribati,KIR,146623576.8,,15,49.4,23090000.15,23090000.15
2003,"Korea, Dem. People's Rep.",PRK,,,306,30.4,174149993.9,174149993.9
2003,"Korea, Rep.",KOR,1.05822E+12,20,236,5.5,-489309997.6,
2003,Kosovo,XKX,,,,32.8,,
2003,Kuwait,KWT,1.47197E+11,1518,615,10.5,6980000.019,
2003,Kyrgyz Republic,KGZ,10883653133,5592,3142,37,220059997.6,220059997.6
2003,Lao PDR,LAO,12256242076,,10360,68.7,309750000,309750000
2003,Latvia,LVA,25308143624,16,3173,9.7,145630004.9,
2003,Lebanon,LBN,40339607545,397051,24929,14.5,681260009.8,681260009.8
2003,Lesotho,LSO,2946062760,,5,70,99459999.08,99459999.08
2003,Liberia,LBR,2232854331,33992,353340,104.2,138740005.5,138740005.5
2003,Libya,LBY,1.27342E+11,11899,1553,21.9,10029999.73,
2003,Liechtenstein,LIE,,147,,,,
2003,Lithuania,LTU,41215615895,399,1535,7.7,476929992.7,
2003,Luxembourg,LUX,27187917696,1201,,3.1,,
2003,"Macao SAR, China",MAC,19787662961,,13,,150000.006,
2003,Madagascar,MDG,22025005865,,86,60.1,696950012.2,696950012.2
2003,Malawi,MWI,11925362016,3208,60,76.7,650349975.6,650349975.6
2003,Malaysia,MYS,3.55046E+11,7422,235,7.3,123489997.9,123489997.9
2003,Maldives,MDV,2930587401,,,22.8,20790000.92,20790000.92
2003,Mali,MLI,17052254991,10010,456,93.7,719090026.9,719090026.9
2003,Malta,MLT,8405183416,894,6,6.2,11840000.15,
2003,Marshall Islands,MHL,143112865.1,,,33.7,70720001.22,70720001.22
2003,Mauritania,MRT,9098491700,475,30518,55.2,329950012.2,329950012.2
2003,Mauritius,MUS,12776760893,,54,13.8,-18389999.39,-18389999.39
2003,Mexico,MEX,1.18423E+12,6068,1650,21,152270004.3,152270004.3
2003,"Micronesia, Fed. Sts.",FSM,295087583.1,,,29.7,152070007.3,152070007.3
2003,Moldova,MDA,11495681047,97,11141,19.7,156570007.3,156570007.3
2003,Monaco,MCO,,,,1.5,,
2003,Mongolia,MNG,10911272060,,324,38.9,258130004.9,258130004.9
2003,Montenegro,MNE,4494777346,,,10.7,10369999.89,10369999.89
2003,Morocco,MAR,1.41668E+11,2119,1291,38.9,730280029.3,730280029.3
2003,Mozambique,MOZ,11732539331,309,106,94.8,1344079956,1344079956
2003,Myanmar,MMR,57933960426,,151370,60.5,151660003.7,151660003.7
2003,Namibia,NAM,10914620568,19800,1289,42.8,194059997.6,194059997.6
2003,Nauru,NRU,,,5,32,26700000.76,26700000.76
2003,Nepal,NPL,37327748400,123662,1232,50.5,568989990.2,568989990.2
2003,Netherlands,NLD,5.54116E+11,140877,38,4.8,,
2003,New Caledonia,NCL,,,,,570830017.1,
2003,New Zealand,NZL,96612847258,5796,,5.7,,
2003,Nicaragua,NIC,15871760532,300,3984,27.5,948840026.9,948840026.9
2003,Niger,NER,10710015015,333,716,86.9,614890014.6,614890014.6
2003,Nigeria,NGA,3.91142E+11,9173,24414,100.8,400579986.6,400579986.6
2003,North Macedonia,MKD,13368142418,191,5981,12.8,347179992.7,347179992.7
2003,Northern Mariana Islands,MNP,,,,,,
2003,Norway,NOR,1.76589E+11,46107,5,3.6,,
2003,Oman,OMN,98824015983,,5,11.8,81559997.56,81559997.56
2003,Pakistan,PAK,4.99536E+11,1124295,24390,79.6,1269969971,1269969971
2003,Palau,PLW,214586901.7,,,24.3,32040000.92,32040000.92
2003,Panama,PAN,29783278119,1436,29,20.5,45900001.53,45900001.53
2003,Papua New Guinea,PNG,13116278568,7491,12,51.3,369730011,369730011
2003,Paraguay,PRY,38751953053,25,34,26.2,80529998.78,80529998.78
2003,Peru,PER,1.56007E+11,710,5578,23.4,651710022,651710022
2003,Philippines,PHL,3.18695E+11,109,409,27.3,824960022,824960022
2003,Poland,POL,4.69499E+11,1822,15211,7,1535869995,
2003,Portugal,PRT,2.18089E+11,414,54,4.3,,
2003,Puerto Rico,PRI,99347919875,,,,,
2003,Qatar,QAT,70084549431,46,14,9.6,6119999.886,
2003,Romania,ROU,1.63108E+11,1991,8384,16.9,757869995.1,
2003,Russian Federation,RUS,1.33866E+12,9897,96414,13,1667829956,
2003,Rwanda,RWA,6650113213,36608,75258,81.3,433809997.6,433809997.6
2003,Samoa,WSM,703135846.4,,,16.8,45310001.37,45310001.37
2003,San Marino,SMR,1676691558,,,3.9,,
2003,Sao Tome and Principe,STP,308449920.3,,41,45.2,48630001.07,48630001.07
2003,Saudi Arabia,SAU,9.30035E+11,240831,232,15.8,16469999.31,16469999.31
2003,Senegal,SEN,22839877543,20722,8347,59.2,587289978,587289978
2003,Serbia,SRB,57197606081,291397,296627,9.1,1699290039,1699290039
2003,Seychelles,SYC,1170946358,,37,12,11770000.46,11770000.46
2003,Sierra Leone,SLE,4303538127,61192,70571,130.6,432230011,432230011
2003,Singapore,SGP,2.007E+11,,35,2.5,8659999.847,
2003,Sint Maarten (Dutch part),SXM,,,,,,
2003,Slovak Republic,SVK,76204251176,412,668,7.3,206679992.7,
2003,Slovenia,SVN,42136812753,2065,608,3.9,72559997.56,
2003,Solomon Islands,SLB,667999950.7,,61,24.9,112879997.3,112879997.3
2003,Somalia,SOM,,366,402329,104.5,226970001.2,226970001.2
2003,South Africa,ZAF,4.43204E+11,26552,284,49.9,819000000,819000000
2003,South Sudan,SSD,,,,95.2,,
2003,Spain,ESP,1.05669E+12,5912,51,4.1,,
2003,Sri Lanka,LKA,96754999305,26,122005,13,631830017.1,631830017.1
2003,St. Kitts and Nevis,KNA,749181850.7,,,17.3,59999.99866,59999.99866
2003,St. Lucia,LCA,1581893910,,16,15.7,19120000.84,19120000.84
2003,St. Martin (French part),MAF,,,,,,
2003,St. Vincent and the Grenadines,VCT,894045651.7,,105,19.1,7760000.229,7760000.229
2003,Sudan,SDN,1.12527E+11,138162,606230,61.3,808239990.2,808239990.2
2003,Suriname,SUR,4330351642,,67,25.1,14289999.96,14289999.96
2003,Sweden,SWE,2.85019E+11,112148,35,3.2,,
2003,Switzerland,CHE,2.84292E+11,50126,34,4.5,,
2003,Syrian Arab Republic,SYR,,417503,20816,17.6,152570007.3,152570007.3
2003,Tajikistan,TJK,9292338345,3304,58935,54.5,177199996.9,177199996.9
2003,Tanzania,TZA,49698914728,649770,703,65.7,2165929932,2165929932
2003,Thailand,THA,5.72359E+11,119056,295,16.2,-949539978,-949539978
2003,Timor-Leste,TLS,1242472545,,127,76.7,237889999.4,237889999.4
2003,Togo,TGO,7689900041,12396,10609,69.9,64699996.95,64699996.95
2003,Tonga,TON,420840186.6,,11,13.4,31299999.24,31299999.24
2003,Trinidad and Tobago,TTO,25089105205,,39,24.2,-4510000.229,-4510000.229
2003,Tunisia,TUN,71487472174,87,2562,20.9,363540008.5,363540008.5
2003,Turkiye,TUR,6.41094E+11,2488,185086,25.3,211779998.8,211779998.8
2003,Turkmenistan,TKM,22061837367,13509,836,49.3,35459999.08,35459999.08
2003,Turks and Caicos Islands,TCA,,,,6.3,2690000.057,2690000.057
2003,Tuvalu,TUV,26977809.72,,5,32.1,8569999.695,8569999.695
2003,Uganda,UGA,34788577107,230904,35240,74.8,1281430054,1281430054
2003,Ukraine,UKR,2.78469E+11,2851,94141,13.6,443399993.9,
2003,United Arab Emirates,ARE,3.68505E+11,160,16,8.9,6239999.771,
2003,United Kingdom,GBR,1.81029E+12,276482,146,5.3,,
2003,United States,USA,1.14564E+13,452536,394,6.9,,
2003,Uruguay,URY,33804349572,84,59,13.7,22739999.77,22739999.77
2003,Uzbekistan,UZB,78342857182,44683,7394,42.5,241500000,241500000
2003,Vanuatu,VUT,415585589,,,23.7,49509998.32,49509998.32
2003,"Venezuela, RB",VEN,2.61357E+11,62,598,16.9,106099998.5,106099998.5
2003,Viet Nam,VNM,2.5775E+11,15360,363170,21.2,1869510010,1869510010
2003,Virgin Islands (U.S.),VIR,,,,,,
2003,West Bank and Gaza,PSE,7790197822,1587920,350562,23.3,1347270020,1347270020
2003,"Yemen, Rep.",YEM,61019677122,61876,1588,60.2,308160003.7,308160003.7
2003,Zambia,ZMB,21331881962,226697,95,73.8,977150024.4,977150024.4
2003,Zimbabwe,ZWE,21508969689,12721,7154,51.8,234839996.3,234839996.3
2003,Africa Eastern and Southern,AFE,1.01376E+12,2008664,2633646,76.54768154,21152470179,21152470179
2003,Africa Western and Central,AFW,7.12449E+11,828149,678624,91.27731556,8266409977,8266409977
2003,Arab World,ARB,3.20723E+12,4932910,1831003,39.97090572,11895850018,11866480019
2003,Caribbean small states,CSS,74493947855,861,677,21.20114718,209960000.6,204460000.6
2003,Central Europe and the Baltics,CEB,1.31584E+12,23672,273451,9.244003204,4657299988,158059997.6
2003,Early-demographic dividend,EAR,1.20554E+13,7147048,1324969,52.23800767,26151500005,25534240025
2003,East Asia & Pacific,EAS,1.44356E+13,515314,708146,26.3,9253690123,8489900113
2003,East Asia & Pacific (excluding high income),EAP,7.91403E+12,449091,707822,27.82394185,8489900113,8489900113
2003,East Asia & Pacific (IDA & IBRD countries),TEA,7.90414E+12,449091,707521,27.79038163,7941250126,7941250126
2003,Euro area,EMU,9.12019E+12,1304826,8584,4.20274342,1041449991,
2003,Europe & Central Asia,ECS,1.57999E+13,2536283,1638637,14.7,13714889940,5873820014
2003,Europe & Central Asia (excluding high income),ECA,2.87737E+12,660533,1365930,24.33295823,8621780009,5715760016
2003,Europe & Central Asia (IDA & IBRD countries),TEC,3.5691E+12,668731,1619718,22.81998554,10730379975,5725770017
2003,European Union,EUU,1.06843E+13,1507603,275075,5.260702629,4688289988,158059997.6
2003,Fragile and conflict affected situations,FCS,1.80475E+12,3462749,5495975,78.9645693,26273590144,25820160151
2003,Heavily indebted poor countries (HIPC),HPC,7.49228E+11,2501040,5094182,79.45631441,30992760122,30992760122
2003,High income,HIC,3.41411E+13,2777208,276851,6.3,6148759963,664950000.8
2003,IBRD only,IBD,2.15834E+13,4777674,3011394,39.07043549,32230570147,27215930189
2003,IDA & IBRD total,IBT,2.39587E+13,9372925,8684284,52.33297274,70824120265,65809480306
2003,IDA blend,IDB,1.1339E+12,1585817,103124,82.71576419,4949569918,4949569918
2003,IDA only,IDX,1.24891E+12,3009434,5569766,72.04935162,33643980200,33643980200
2003,IDA total,IDA,2.38109E+12,4595251,5672890,75.64738837,38593550117,38593550117
2003,Late-demographic dividend,LTE,1.24641E+13,1436923,1427522,22.24639996,17267260143,11478880189
2003,Latin America & Caribbean,LCN,4.93775E+12,38244,91058,23.9,7631720041,7530170041
2003,Latin America & Caribbean (excluding high income),LAC,4.34461E+12,36190,88696,24.76508443,7109550037,7109920037
2003,Latin America & the Caribbean (IDA & IBRD countries),TLA,4.73964E+12,37411,74966,24.14485494,6494980051,6494980051
2003,Least developed countries: UN classification,LDC,1.03522E+12,2476146,5640401,76.03339091,30587830202,30587830202
2003,Low & middle income,LMY,2.28485E+13,10951426,8795052,52.70477628,93012285889,89154585938
2003,Low income,LIC,4.56436E+11,1622676,4975853,80,22601850250,22601850250
2003,Lower middle income,LMC,7.62078E+12,6553528,1667376,59.3,29528469965,29085069971
2003,Middle East & North Africa,MEA,4.1584E+12,5783866,915026,30.6,11654619986,11006180006
2003,Middle East & North Africa (excluding high income),MNA,2.34848E+12,5536247,913462,32.86748373,10750320008,10740290009
2003,Middle East & North Africa (IDA & IBRD countries),TMN,2.34103E+12,3948327,562900,33.03084628,9032379991,9022349991
2003,Middle income,MIC,2.24026E+13,9328750,3819199,48.14070401,48018509277,45297609375
2003,North America,NAC,1.2484E+13,585624,455,6.8,39999.99911,
2003,Not classified,INX,,,,,,
2003,OECD members,OED,3.31365E+13,2545731,261832,9.988077266,4948890007,1627680046
2003,Other small states,OSS,2.86394E+11,80873,109565,54.45589846,1691799996,1545499992
2003,Pacific island small states,PSS,8397844289,,1185,23.17699355,617930004.1,617930004.1
2003,Post-demographic dividend,PST,3.08843E+13,2548438,665633,5.645802799,2767020015,979970018.4
2003,Pre-demographic dividend,PRE,1.27496E+12,2596140,5654302,84.54852432,29530320078,29530320078
2003,Small states,SST,3.69426E+11,81734,111427,46.89303593,2519690000,2367889997
2003,South Asia,SAS,3.65564E+12,1432552,2406909,62.2,6960529991,6960529991
2003,South Asia (IDA & IBRD),TSA,3.65564E+12,1432552,2406909,62.19240013,6960529991,6960529991
2003,Sub-Saharan Africa,SSF,1.72572E+12,2836813,3312270,82.7,32075380160,32075380160
2003,Sub-Saharan Africa (excluding high income),SSA,1.72455E+12,2836813,3312233,82.74727517,32036900161,32036900161
2003,Sub-Saharan Africa (IDA & IBRD countries),TSS,1.72572E+12,2836813,3312270,82.74377133,29664600131,29664600131
2003,Upper middle income,UMC,1.47707E+13,2775222,2151823,23.8,17545770067,15268270093
2003,World,WLD,5.71287E+13,13728696,13728696,48.1,98311612305,89880062500
2004,Afghanistan,AFG,22889600504,31,2414460,80.1,2715969971,2715969971
2004,Albania,ALB,16429520005,49,10474,19.1,351890014.6,351890014.6
2004,Algeria,DZA,3.46342E+11,169053,10650,30.3,361420013.4,361420013.4
2004,American Samoa,ASM,,,,,,
2004,Andorra,AND,,,,5.6,,
2004,Angola,AGO,79282432859,13963,228842,105.9,1359160034,1359160034
2004,Antigua and Barbuda,ATG,1504392017,,13,11.1,1940000.057,1940000.057
2004,Argentina,ARG,4.70303E+11,2898,789,15.3,111250000,111250000
2004,Armenia,ARM,13851841424,235233,13409,22.3,309589996.3,309589996.3
2004,Aruba,ABW,3335031914,,,,-13100000.38,
2004,Australia,AUS,6.32795E+11,63478,11,4.8,,
2004,Austria,AUT,2.76E+11,17777,44,4.2,,
2004,Azerbaijan,AZE,42860372197,8604,250584,47.1,205080001.8,205080001.8
2004,"Bahamas, The",BHS,9376038728,,,14.5,6349999.905,
2004,Bahrain,BHR,36677438753,,52,9.4,68279998.78,68279998.78
2004,Bangladesh,BGD,2.65984E+11,20450,5733,51.8,1637510010,1637510010
2004,Barbados,BRB,3821113617,,10,14.4,34810001.37,34810001.37
2004,Belarus,BLR,82627376603,719,8226,7.3,60209999.08,
2004,Belgium,BEL,3.34136E+11,13522,41,4.3,,
2004,Belize,BLZ,2495949270,732,6,18.1,7789999.962,7789999.962
2004,Benin,BEN,15625634674,4800,299,78.2,459459991.5,459459991.5
2004,Bermuda,BMU,4052473976,,,,100000.0015,
2004,Bhutan,BTN,2379256307,,105259,47.1,83889999.39,83889999.39
2004,Bolivia,BOL,35047766276,524,280,45.5,829020019.5,829020019.5
2004,Bosnia and Herzegovina,BIH,22394680484,22209,228813,7.9,800349975.6,800349975.6
2004,Botswana,BWA,19145031696,2831,5,41.1,58110000.61,58110000.61
2004,Brazil,BRA,1.92256E+12,3333,401,23.5,188059997.6,188059997.6
2004,British Virgin Islands,VGB,,,,14.4,-1409999.967,
2004,Brunei Darussalam,BRN,26536753669,,,7.7,839999.9738,
2004,Bulgaria,BGR,71007194095,4676,2227,11.8,711130004.9,
2004,Burkina Faso,BFA,14565345349,494,575,83.1,759489990.2,759489990.2
2004,Burundi,BDI,4030853197,48807,485753,82.2,422920013.4,422920013.4
2004,Cabo Verde,CPV,1902228999,,5,23.9,172660003.7,172660003.7
2004,Cambodia,KHM,19593335153,380,18109,57,471390014.6,471390014.6
2004,Cameroon,CMR,42063508484,58861,7631,79.9,906219970.7,906219970.7
2004,Canada,CAN,1.08361E+12,141402,57,5.3,,
2004,Cayman Islands,CYM,,,,,500000,
2004,Central African Republic,CAF,2894494248,25019,31056,102.4,128320007.3,128320007.3
2004,Chad,TCD,12903156899,259880,52645,94.1,394670013.4,394670013.4
2004,Channel Islands,CHI,,,,,,
2004,Chile,CHL,1.87974E+11,566,1183,7.9,68980003.36,68980003.36
2004,China,CHN,5.73789E+12,299367,134708,21.4,1813219971,1813219971
2004,Colombia,COL,3.2854E+11,146,47380,18.9,691119995.1,691119995.1
2004,Comoros,COM,1156269847,,52,63.9,29610000.61,29610000.61
2004,"Congo, Dem. Rep.",COD,25980346436,199323,462186,98,2211610107,2211610107
2004,"Congo, Rep.",COG,14230257724,68536,28140,60.8,132610000.6,132610000.6
2004,Costa Rica,CRI,39330432922,10413,136,9.9,30360000.61,30360000.61
2004,Cote d'Ivoire,CIV,54745318863,72084,23649,87.8,188050003.1,188050003.1
2004,Croatia,HRV,63253732482,3662,215480,6,145309997.6,145309997.6
2004,Cuba,CUB,,791,15671,6.1,117150001.5,117150001.5
2004,Curacao,CUW,3192208991,,,,,
2004,Cyprus,CYP,18887468160,525,,4.3,69389999.39,
2004,Czechia,CZE,2.13448E+11,1624,4528,3.7,320170013.4,
2004,Denmark,DNK,1.78019E+11,65305,10,4.2,,
2004,Djibouti,DJI,,18033,492,72.9,73819999.69,73819999.69
2004,Dominica,DMA,524659354.6,,24,16.1,32330001.83,32330001.83
2004,Dominican Republic,DOM,67387892416,,93,30.2,115199996.9,115199996.9
2004,Ecuador,ECU,96795307186,8425,718,20.7,231580001.8,231580001.8
2004,"Egypt, Arab Rep.",EGY,4.93268E+11,90335,5361,30.7,1844400024,1844400024
2004,El Salvador,SLV,29995716709,235,4497,22.3,296480011,296480011
2004,Equatorial Guinea,GNQ,17415114806,,540,96,32889999.39,32889999.39
2004,Eritrea,ERI,4210704831,4242,131108,47.9,322130004.9,322130004.9
2004,Estonia,EST,19806620534,6,849,6.2,155820007.3,
2004,Eswatini,SWZ,5855096016,703,6,70.2,24500000,24500000
2004,Ethiopia,ETH,42432772885,115979,63153,73.1,2185879883,2185879883
2004,Faroe Islands,FRO,,,,,,
2004,Fiji,FJI,5755920283,,1280,19.5,78279998.78,78279998.78
2004,Finland,FIN,1.63129E+11,11309,,3.2,,
2004,France,FRA,1.82224E+12,139852,112,3.4,,
2004,French Polynesia,PYF,,,,,652400024.4,
2004,Gabon,GAB,19385126067,13780,50,49,46189998.63,46189998.63
2004,"Gambia, The",GMB,3207599620,7339,684,54.9,71800003.05,71800003.05
2004,Georgia,GEO,17855980599,2559,6620,23.3,379529998.8,379529998.8
2004,Germany,DEU,2.58557E+12,876614,74,4,,
2004,Ghana,GHA,59679026476,42049,14759,56.6,1607119995,1607119995
2004,Gibraltar,GIB,,,,,209999.9934,
2004,Greece,GRC,2.78924E+11,2479,221,4.3,,
2004,Greenland,GRL,,,,,,
2004,Grenada,GRD,940702699.4,,98,12.8,17530000.69,17530000.69
2004,Guam,GUM,,,,,,
2004,Guatemala,GTM,67403065462,655,4374,35.6,274480011,274480011
2004,Guinea,GIN,12378499041,139240,4777,87.8,322730011,322730011
2004,Guinea-Bissau,GNB,1463326953,7537,1008,93,90669998.17,90669998.17
2004,Guyana,GUY,5086875821,,191,34.1,116989997.9,116989997.9
2004,Haiti,HTI,20688935002,,9209,66.8,344100006.1,344100006.1
2004,Honduras,HND,21903843578,24,485,26,637099975.6,637099975.6
2004,"Hong Kong SAR, China",HKG,2.34222E+11,1865,7,,8250000,
2004,Hungary,HUN,1.64433E+11,7702,2747,6.7,346959991.5,
2004,Iceland,ISL,10402625520,226,8,2.6,,
2004,India,IND,3.04621E+12,162683,13335,57.8,892010009.8,892010009.8
2004,Indonesia,IDN,1.29904E+12,164,27919,37.1,209669998.2,209669998.2
2004,"Iran, Islamic Rep.",IRN,9.7191E+11,1045975,115171,23.6,211800003.1,211800003.1
2004,Iraq,IRQ,2.56157E+11,46053,311889,33.1,5787200195,5787200195
2004,Ireland,IRL,1.57656E+11,6530,5,4.7,,
2004,Isle of Man,IMN,,,,,,
2004,Israel,ISR,1.77418E+11,564,669,4.7,645419982.9,
2004,Italy,ITA,1.70488E+12,15668,192,3.9,,
2004,Jamaica,JAM,19898432361,,350,16.5,104489997.9,104489997.9
2004,Japan,JPN,3.93896E+12,1967,19,2.8,,
2004,Jordan,JOR,41603848259,1777765,1158,20.3,778609985.4,778609985.4
2004,Kazakhstan,KAZ,1.86647E+11,15845,6124,29.1,295410003.7,295410003.7
2004,Kenya,KEN,71720423389,239833,3842,50.2,765719970.7,765719970.7
2004,Kiribati,KIR,148106394.5,,31,49.2,18750000,18750000
2004,"Korea, Dem. People's Rep.",PRK,,,344,27.8,198639999.4,198639999.4
2004,"Korea, Rep.",KOR,1.14311E+12,37,269,5.1,-80750000,
2004,Kosovo,XKX,,,,29.9,,
2004,Kuwait,KWT,1.66627E+11,1519,391,10.3,4219999.79,
2004,Kyrgyz Republic,KGZ,11961118334,3756,3286,35.5,232800003.1,232800003.1
2004,Lao PDR,LAO,13385381470,,16114,66.1,260279998.8,260279998.8
2004,Latvia,LVA,27788283404,10,2822,9.1,186210006.7,
2004,Lebanon,LBN,44189279306,400905,19854,13.6,310989990.2,310989990.2
2004,Lesotho,LSO,3076343915,,5,71.1,109370002.7,109370002.7
2004,Liberia,LBR,2352860925,15168,335466,97.1,262489990.2,262489990.2
2004,Libya,LBY,1.36594E+11,12164,1696,21,13800000.19,
2004,Liechtenstein,LIE,,147,,,,
2004,Lithuania,LTU,44005035794,469,1470,7.5,285609985.4,
2004,Luxembourg,LUX,29635511032,1590,,2.9,,
2004,"Macao SAR, China",MAC,25729925037,,18,,129999.9952,
2004,Madagascar,MDG,23805183812,,132,57.9,1442790039,1442790039
2004,Malawi,MWI,12909253737,3682,95,70,576929992.7,576929992.7
2004,Malaysia,MYS,3.89307E+11,24900,287,7.1,300760009.8,300760009.8
2004,Maldives,MDV,3190827451,,,21.4,30360000.61,30360000.61
2004,Mali,MLI,17783162971,11256,476,91.2,689869995.1,689869995.1
2004,Malta,MLT,8671775256,1561,,6.1,7219999.79,
2004,Marshall Islands,MHL,148905393.4,,,33.5,64779998.78,64779998.78
2004,Mauritania,MRT,9784901248,473,31104,52.5,224970001.2,224970001.2
2004,Mauritius,MUS,13687828693,,15,13.5,37569999.69,37569999.69
2004,Mexico,MEX,1.26369E+12,4336,1740,20.2,164899993.9,164899993.9
2004,"Micronesia, Fed. Sts.",FSM,293675798.8,,,29.6,112400001.5,112400001.5
2004,Moldova,MDA,12677788127,51,11936,18.1,144610000.6,144610000.6
2004,Monaco,MCO,,,,1.5,,
2004,Mongolia,MNG,12394664216,,443,35.9,247880004.9,247880004.9
2004,Montenegro,MNE,4810127528,,,10,23639999.39,23639999.39
2004,Morocco,MAR,1.52121E+11,189,1313,37.2,882780029.3,882780029.3
2004,Mozambique,MOZ,13001216889,617,94,90.2,1450199951,1450199951
2004,Myanmar,MMR,67636353570,,160997,58.9,140740005.5,140740005.5
2004,Namibia,NAM,12582737053,14773,1307,42.1,210059997.6,210059997.6
2004,Nauru,NRU,43475819.09,,,31.6,19340000.15,19340000.15
2004,Nepal,NPL,40124608887,124920,1414,48.2,491049987.8,491049987.8
2004,Netherlands,NLD,5.8305E+11,126792,45,4.6,,
2004,New Caledonia,NCL,,,,,590320007.3,
2004,New Zealand,NZL,1.0261E+11,5334,,5.6,,
2004,Nicaragua,NIC,17163591531,288,1822,26.4,1279520020,1279520020
2004,Niger,NER,11037524654,342,676,82.9,635289978,635289978
2004,Nigeria,NGA,4.38796E+11,8395,23882,97.9,675270019.5,675270019.5
2004,North Macedonia,MKD,14577534797,1003,5106,12.7,313529998.8,313529998.8
2004,Northern Mariana Islands,MNP,,,,,,
2004,Norway,NOR,1.95946E+11,44031,5,3.4,,
2004,Oman,OMN,1.02788E+11,7,16,11.3,116029998.8,116029998.8
2004,Pakistan,PAK,5.51657E+11,1290980,25943,78.1,1533109985,1533109985
2004,Palau,PLW,231047420.8,,,24,24899999.62,24899999.62
2004,Panama,PAN,32883244118,1596,38,20,36340000.15,36340000.15
2004,Papua New Guinea,PNG,13834871103,7626,12,50.5,369720001.2,369720001.2
2004,Paraguay,PRY,41406750179,40,34,25.6,43509998.32,43509998.32
2004,Peru,PER,1.68138E+11,757,4767,21.9,574570007.3,574570007.3
2004,Philippines,PHL,3.48748E+11,106,428,26.9,530020019.5,530020019.5
2004,Poland,POL,5.09876E+11,2491,10683,6.8,1754410034,
2004,Portugal,PRT,2.25172E+11,368,43,3.9,,
2004,Puerto Rico,PRI,1.1094E+11,,,,,
2004,Qatar,QAT,85796971012,46,10,9.3,4179999.828,
2004,Romania,ROU,1.9286E+11,1610,6043,16.5,1047680054,
2004,Russian Federation,RUS,1.47334E+12,1851,108096,12,1658589966,
2004,Rwanda,RWA,7337204221,50221,63792,72.8,573820007.3,573820007.3
2004,Samoa,WSM,744301236.5,,,16.6,39349998.47,39349998.47
2004,San Marino,SMR,1800018287,,,3.7,,
2004,Sao Tome and Principe,STP,327935583.3,,36,42.3,39279998.78,39279998.78
2004,Saudi Arabia,SAU,1.031E+12,240551,212,15,20180000.31,20180000.31
2004,Senegal,SEN,24541984457,20802,8325,56.1,1225069946,1225069946
2004,Serbia,SRB,63344628734,276677,237015,8.4,1386750000,1386750000
2004,Seychelles,SYC,1168106067,,47,12,11649999.62,11649999.62
2004,Sierra Leone,SLE,4705366915,65433,41797,127.6,433380004.9,433380004.9
2004,Singapore,SGP,2.26572E+11,,36,2.4,10140000.34,
2004,Sint Maarten (Dutch part),SXM,,,,,,
2004,Slovak Republic,SVK,81800588147,396,618,7.1,267160003.7,
2004,Slovenia,SVN,45454108577,299,580,3.7,71809997.56,
2004,Solomon Islands,SLB,738633992.4,,61,24.7,169610000.6,169610000.6
2004,Somalia,SOM,,362,389287,104.5,234429992.7,234429992.7
2004,South Africa,ZAF,4.75829E+11,27675,261,49.8,733210022,733210022
2004,South Sudan,SSD,,,,90.9,,
2004,Spain,ESP,1.12214E+12,5690,53,4,,
2004,Sri Lanka,LKA,1.04762E+11,60,114050,17.6,442290008.5,442290008.5
2004,St. Kitts and Nevis,KNA,800036561.6,,,16.5,-280000.0012,-280000.0012
2004,St. Lucia,LCA,1742407163,,32,15.9,-21010000.23,-21010000.23
2004,St. Martin (French part),MAF,,,,,,
2004,St. Vincent and the Grenadines,VCT,955820291.7,,181,19,11130000.11,11130000.11
2004,Sudan,SDN,1.21488E+11,141587,730631,59.5,1206780029,1206780029
2004,Suriname,SUR,4824556614,,47,24.3,28510000.23,28510000.23
2004,Sweden,SWE,3.0451E+11,73383,30,3.1,,
2004,Switzerland,CHE,2.96883E+11,47654,11,4.4,,
2004,Syrian Arab Republic,SYR,,437337,21430,17.2,125839996.3,125839996.3
2004,Tajikistan,TJK,10524586132,1835,56776,50.6,276429992.7,276429992.7
2004,Tanzania,TZA,54862460858,602088,982,62,2032310059,2032310059
2004,Thailand,THA,6.24688E+11,121145,320,15.5,75389999.39,75389999.39
2004,Timor-Leste,TLS,1280928914,,221,73.4,198330001.8,198330001.8
2004,Togo,TGO,7819049708,11286,10818,68.1,76040000.92,76040000.92
2004,Tonga,TON,421719719,,5,13,26170000.08,26170000.08
2004,Trinidad and Tobago,TTO,27810739067,,38,23.8,-1649999.976,-1649999.976
2004,Tunisia,TUN,77983962571,83,2511,19.8,367489990.2,367489990.2
2004,Turkiye,TUR,7.35769E+11,3029,174572,23.6,330049987.8,330049987.8
2004,Turkmenistan,TKM,23786862760,13252,815,46.7,57849998.47,57849998.47
2004,Turks and Caicos Islands,TCA,,,,6,3490000.01,3490000.01
2004,Tuvalu,TUV,27072413.21,,5,31.5,10220000.27,10220000.27
2004,Uganda,UGA,38154154620,250477,31955,70.2,1434030029,1434030029
2004,Ukraine,UKR,3.19672E+11,2442,89582,13,462850006.1,
2004,United Arab Emirates,ARE,4.14596E+11,106,69,8.6,6099999.905,
2004,United Kingdom,GBR,1.92404E+12,298826,141,5.2,,
2004,United States,USA,1.22172E+13,420788,451,6.8,,
2004,Uruguay,URY,36448830197,87,76,13.2,27959999.08,27959999.08
2004,Uzbekistan,UZB,86438314654,44452,7292,39.7,278769989,278769989
2004,Vanuatu,VUT,443757465.9,,,23.7,50250000,50250000
2004,"Venezuela, RB",VEN,3.17449E+11,245,1251,16.4,54919998.17,54919998.17
2004,Viet Nam,VNM,2.84615E+11,2360,349793,20.5,1834630005,1834630005
2004,Virgin Islands (U.S.),VIR,,,,,,
2004,West Bank and Gaza,PSE,9753188262,1634952,349827,22.6,1389689941,1389689941
2004,"Yemen, Rep.",YEM,65146894205,66379,1599,57.4,312070007.3,312070007.3
2004,Zambia,ZMB,23444928880,173907,119,67.7,1273689941,1273689941
2004,Zimbabwe,ZWE,20803684550,6875,9557,53,213839996.3,213839996.3
2004,Africa Eastern and Southern,AFE,1.09969E+12,1897945,2603262,73.41652113,18811249705,18811249705
2004,Africa Western and Central,AFW,7.8928E+11,832774,618362,88.62624047,9426360058,9426360058
2004,Arab World,ARB,3.59531E+12,5037899,1879604,38.78155913,14162890194,14134590195
2004,Caribbean small states,CSS,79781723565,732,990,20.78057941,338929999.7,332579999.8
2004,Central Europe and the Baltics,CEB,1.43373E+12,22945,248047,8.907333356,5292270096,145309997.6
2004,Early-demographic dividend,EAR,1.32069E+13,7458626,1306280,50.51108857,24836269899,24177049916
2004,East Asia & Pacific,EAS,1.57811E+13,528729,711437,25,8924850055,7726770023
2004,East Asia & Pacific (excluding high income),EAP,8.83245E+12,456048,711077,26.40502617,7726770023,7726770023
2004,East Asia & Pacific (IDA & IBRD countries),TEA,8.82141E+12,456048,710733,26.3872118,7066080028,7066080028
2004,Euro area,EMU,9.52895E+12,1221457,7169,4.02475126,1043220000,
2004,Europe & Central Asia,ECS,1.68243E+13,2404799,1467808,13.8,14071490035,5637309958
2004,Europe & Central Asia (excluding high income),ECA,3.2172E+12,638242,1220953,22.77665899,8783410033,5491999961
2004,Europe & Central Asia (IDA & IBRD countries),TEC,3.98338E+12,646005,1453159,21.41316308,11226460022,5531589958
2004,European Union,EUU,1.12264E+13,1381910,248917,5.055633597,5368880095,145309997.6
2004,Fragile and conflict affected situations,FCS,2.10927E+12,3566246,5800070,76.62126769,25273040073,24796390067
2004,Heavily indebted poor countries (HIPC),HPC,8.12783E+11,2402758,5379707,76.43502773,29967359940,29967359940
2004,High income,HIC,3.63139E+13,2648031,250738,6.1,6915470106,552379999.3
2004,IBRD only,IBD,2.39103E+13,4857922,2681925,37.39344406,33779930378,28071260314
2004,IDA & IBRD total,IBT,2.65138E+13,9531467,8639087,50.45150407,71981030285,66272360221
2004,IDA blend,IDB,1.25265E+12,1725558,108140,80.63625672,5364509940,5364509940
2004,IDA only,IDX,1.35866E+12,2947987,5849022,69.37307312,32836589967,32836589967
2004,IDA total,IDA,2.60965E+12,4673545,5957162,73.17301342,38201099907,38201099907
2004,Late-demographic dividend,LTE,1.38456E+13,1422654,1349097,20.66960335,17967430114,11576860013
2004,Latin America & Caribbean,LCN,5.38262E+12,36091,95934,22.9,7899820066,7906450066
2004,Latin America & Caribbean (excluding high income),LAC,4.69994E+12,33597,93134,23.66508297,7601750064,7602130064
2004,Latin America & the Caribbean (IDA & IBRD countries),TLA,5.16486E+12,35300,80253,23.08280765,6297220033,6297220033
2004,Least developed countries: UN classification,LDC,1.13174E+12,2404517,5841632,73.1015278,29606920020,29606920020
2004,Low & middle income,LMY,2.52608E+13,11156953,8769886,50.80642524,95968070068,92040000000
2004,Low income,LIC,4.97127E+11,1722798,5271220,76.9,20552479958,20552479958
2004,Lower middle income,LMC,8.36197E+12,6617833,1523197,57.5,29977560059,29514710052
2004,Middle East & North Africa,MEA,4.61359E+12,5943577,844370,29.4,13768760158,13087820175
2004,Middle East & North Africa (excluding high income),MNA,2.60265E+12,5699223,842951,31.49823797,12897130177,12883330177
2004,Middle East & North Africa (IDA & IBRD countries),TMN,2.59327E+12,4064271,493124,31.64904365,11070220235,11056420235
2004,Middle income,MIC,2.47747E+13,9434155,3498666,46.36507708,50974630859,48068050781
2004,North America,NAC,1.33049E+13,562190,508,6.7,100000.0015,
2004,Not classified,INX,,,,,,
2004,OECD members,OED,3.51499E+13,2412673,251819,9.586335183,5238230003,1285409981
2004,Other small states,OSS,3.22256E+11,67360,110651,53.49230874,1650130009,1412680002
2004,Pacific island small states,PSS,8996615937,,1382,23.15738873,614049998.3,614049998.3
2004,Post-demographic dividend,PST,3.27268E+13,2421885,571237,5.499219511,3303289974,1099559976
2004,Pre-demographic dividend,PRE,1.48535E+12,2501917,5795196,81.608456,31173100258,31173100258
2004,Small states,SST,4.11174E+11,68092,113023,46.14686004,2603110006,2359310000
2004,South Asia,SAS,4.0372E+12,1599124,2680194,60.2,7826189972,7826189972
2004,South Asia (IDA & IBRD),TSA,4.0372E+12,1599124,2680194,60.23514102,7826189972,7826189972
2004,Sub-Saharan Africa,SSF,1.88865E+12,2730719,3221624,79.8,30933859995,30933859995
2004,Sub-Saharan Africa (excluding high income),SSA,1.88748E+12,2730719,3221577,79.81909026,30889319996,30889319996
2004,Sub-Saharan Africa (IDA & IBRD countries),TSS,1.88865E+12,2730719,3221624,79.81581519,28494859995,28494859995
2004,Upper middle income,UMC,1.64007E+13,2816322,1975469,22.3,19989870125,17546140155
2004,World,WLD,6.17584E+13,13805229,13805229,46.4,1.0238E+11,92699632813
2005,Afghanistan,AFG,26258419344,31,2166139,77.4,3355969971,3355969971
2005,Albania,ALB,17663248665,53,12718,17.8,355820007.3,355820007.3
2005,Algeria,DZA,3.78278E+11,94104,12024,29,387279998.8,387279998.8
2005,American Samoa,ASM,,,,,,
2005,Andorra,AND,,,10,5.4,,
2005,Angola,AGO,94058409617,13978,215811,101,473089996.3,473089996.3
2005,Antigua and Barbuda,ATG,1652012940,,13,10.6,8479999.542,8479999.542
2005,Argentina,ARG,5.27986E+11,3051,850,14.8,104989997.9,104989997.9
2005,Armenia,ARM,16271994102,219547,13965,21.2,202869995.1,202869995.1
2005,Aruba,ABW,3426372647,,,,,
2005,Australia,AUS,6.66202E+11,64955,41,4.8,,
2005,Austria,AUT,2.88087E+11,21212,62,4.1,,
2005,Azerbaijan,AZE,56564627673,3004,233678,44.2,234570007.3,234570007.3
2005,"Bahamas, The",BHS,9998378317,,,14.5,,
2005,Bahrain,BHR,40388126702,,40,9.1,,
2005,Bangladesh,BGD,2.92254E+11,21099,7303,49.3,1403660034,1403660034
2005,Barbados,BRB,4096819110,,8,14.4,-819999.9928,-819999.9928
2005,Belarus,BLR,93228959084,718,8849,6.7,66769996.64,66769996.64
2005,Belgium,BEL,3.47658E+11,15277,95,4.2,,
2005,Belize,BLZ,2630810430,624,5,17.9,12909999.85,12909999.85
2005,Benin,BEN,16391714299,30288,402,76.6,401179992.7,401179992.7
2005,Bermuda,BMU,4249526753,,,,,
2005,Bhutan,BTN,2632684904,,106539,44.7,89309997.56,89309997.56
2005,Bolivia,BOL,37745009268,532,263,43.2,637309997.6,637309997.6
2005,Bosnia and Herzegovina,BIH,24398017490,10566,109931,7.8,610580017.1,610580017.1
2005,Botswana,BWA,20645113490,3101,,41.4,57450000.76,57450000.76
2005,Brazil,BRA,2.04634E+12,3446,370,22,238330001.8,238330001.8
2005,British Virgin Islands,VGB,,,,14.4,,
2005,Brunei Darussalam,BRN,27474956036,,47,7.7,,
2005,Bulgaria,BGR,78821727222,4388,4250,11,,
2005,Burkina Faso,BFA,16323283255,513,602,80.6,801059997.6,801059997.6
2005,Burundi,BDI,4194668945,20679,438695,78.3,421700012.2,421700012.2
2005,Cabo Verde,CPV,2097493654,,,23.5,191440002.4,191440002.4
2005,Cambodia,KHM,22885291802,122,17804,52.9,514599975.6,514599975.6
2005,Cameroon,CMR,44349226456,52042,9096,78.2,475149993.9,475149993.9
2005,Canada,CAN,1.17133E+12,147164,120,5.2,,
2005,Cayman Islands,CYM,,,,,,
2005,Central African Republic,CAF,3012372945,24564,42875,100.5,102620002.7,102620002.7
2005,Chad,TCD,15614352171,275412,48389,92.6,451779998.8,451779998.8
2005,Channel Islands,CHI,,,,,,
2005,Chile,CHL,2.05184E+11,807,929,7.7,190529998.8,190529998.8
2005,China,CHN,6.59214E+12,301039,124086,19.5,1907089966,1907089966
2005,Colombia,COL,3.55205E+11,152,60447,18.3,802549987.8,802549987.8
2005,Comoros,COM,1226367000,,64,62.3,25870000.84,25870000.84
2005,"Congo, Dem. Rep.",COD,28438960868,204341,430919,95.6,2107139893,2107139893
2005,"Congo, Rep.",COG,15814767038,66075,24428,56.8,1584229980,1584229980
2005,Costa Rica,CRI,42176851748,11253,176,9.9,34229999.54,34229999.54
2005,Cote d'Ivoire,CIV,57024434641,41624,18333,85.5,104730003.4,104730003.4
2005,Croatia,HRV,66613804186,2927,119154,5.8,139600006.1,139600006.1
2005,Cuba,CUB,,697,19003,5.9,102690002.4,102690002.4
2005,Curacao,CUW,3314581075,,,,,
2005,Cyprus,CYP,20504199481,700,5,4,,
2005,Czechia,CZE,2.25621E+11,1803,3589,3.5,,
2005,Denmark,DNK,1.85074E+11,44362,10,4.1,,
2005,Djibouti,DJI,,10455,498,71.1,83800003.05,83800003.05
2005,Dominica,DMA,544660696.7,,30,16.8,23879999.16,23879999.16
2005,Dominican Republic,DOM,76053782609,,62,29.9,109680000.3,109680000.3
2005,Ecuador,ECU,1.05113E+11,10046,772,20,303230011,303230011
2005,"Egypt, Arab Rep.",EGY,5.31485E+11,88934,6288,29.4,1258239990,1258239990
2005,El Salvador,SLV,31773300720,51,4283,21.1,252139999.4,252139999.4
2005,Equatorial Guinea,GNQ,20969493493,,478,93.2,41740001.68,41740001.68
2005,Eritrea,ERI,4454546909,4418,144062,46.2,416450012.2,416450012.2
2005,Estonia,EST,22536536811,,738,5.6,,
2005,Eswatini,SWZ,6400949737,763,12,70,51689998.63,51689998.63
2005,Ethiopia,ETH,48935682622,100813,65447,69.5,2277469971,2277469971
2005,Faroe Islands,FRO,,,,,,
2005,Fiji,FJI,5977970752,,1376,19.8,77529998.78,77529998.78
2005,Finland,FIN,1.68147E+11,11801,5,3.1,,
2005,France,FRA,1.92688E+12,137316,286,3.3,,
2005,French Polynesia,PYF,,,,,,
2005,Gabon,GAB,20528063102,8541,78,47.8,56060001.37,56060001.37
2005,"Gambia, The",GMB,3230384759,7328,1680,53.2,68949996.95,68949996.95
2005,Georgia,GEO,20181920327,2500,7289,21,342910003.7,342910003.7
2005,Germany,DEU,2.62204E+12,699996,75,3.9,,
2005,Ghana,GHA,65181934991,53534,18421,55.2,1299260010,1299260010
2005,Gibraltar,GIB,,,,,,
2005,Greece,GRC,2.81028E+11,2394,333,4,,
2005,Greenland,GRL,,,,,,
2005,Grenada,GRD,1099007257,,151,12.9,59259998.32,59259998.32
2005,Guam,GUM,,,,,,
2005,Guatemala,GTM,71794093050,388,3376,34.4,303420013.4,303420013.4
2005,Guinea,GIN,13149318800,63519,5816,85.3,224649993.9,224649993.9
2005,Guinea-Bissau,GNB,1573598888,7615,1042,89.6,76230003.36,76230003.36
2005,Guyana,GUY,5144036428,,405,33.4,116480003.4,116480003.4
2005,Haiti,HTI,21993234854,,13538,65.3,439529998.8,439529998.8
2005,Honduras,HND,23957582875,21,536,25.1,728809997.6,728809997.6
2005,"Hong Kong SAR, China",HKG,2.59414E+11,1925,,,,
2005,Hungary,HUN,1.72573E+11,8040,3516,6.4,,
2005,Iceland,ISL,11074925910,284,10,2.4,,
2005,India,IND,3.39067E+12,139284,16275,55.7,2053050049,2053050049
2005,Indonesia,IDN,1.41604E+12,82,34383,33.6,2714639893,2714639893
2005,"Iran, Islamic Rep.",IRN,1.03436E+12,974301,99430,22.2,113599998.5,113599998.5
2005,Iraq,IRQ,2.68607E+11,50177,262302,32.4,26313089844,26313089844
2005,Ireland,IRL,1.68336E+11,7103,23,4.4,,
2005,Isle of Man,IMN,,,,,,
2005,Israel,ISR,1.77584E+11,598,624,4.5,,
2005,Italy,ITA,1.74666E+12,20674,219,3.8,,
2005,Jamaica,JAM,20705841089,,489,16.2,51490001.68,51490001.68
2005,Japan,JPN,4.11044E+12,1940,10,2.8,,
2005,Jordan,JOR,46404051078,1828839,1778,19.7,871789978,871789978
2005,Kazakhstan,KAZ,2.11172E+11,7264,4321,27.4,237710006.7,237710006.7
2005,Kenya,KEN,78338578080,251268,4638,47.4,861659973.1,861659973.1
2005,Kiribati,KIR,160314404.9,,31,49.3,30350000.38,30350000.38
2005,"Korea, Dem. People's Rep.",PRK,,,287,26.4,101769996.6,101769996.6
2005,"Korea, Rep.",KOR,1.21362E+12,61,266,4.8,,
2005,Kosovo,XKX,,,,27.4,,
2005,Kuwait,KWT,1.90083E+11,1523,374,10.1,,
2005,Kyrgyz Republic,KGZ,12314546033,2599,3127,34.1,252039993.3,252039993.3
2005,Lao PDR,LAO,14786332074,,24441,63.6,272019989,272019989
2005,Latvia,LVA,31150317379,10,2428,8.6,,
2005,Lebanon,LBN,46799020674,405248,18325,12.7,265429992.7,265429992.7
2005,Lesotho,LSO,3282786220,,,72.3,75360000.61,75360000.61
2005,Liberia,LBR,2554798650,10161,231136,90.7,263380004.9,263380004.9
2005,Libya,LBY,1.576E+11,12164,1556,19.8,25299999.24,25299999.24
2005,Liechtenstein,LIE,,148,,,,
2005,Lithuania,LTU,48211864115,527,1440,7.2,,
2005,Luxembourg,LUX,31997220940,1822,,2.8,,
2005,"Macao SAR, China",MAC,28679731195,,8,,,
2005,Madagascar,MDG,25719312007,,201,55.8,1039510010,1039510010
2005,Malawi,MWI,13749265537,4241,98,64.9,634599975.6,634599975.6
2005,Malaysia,MYS,4.22925E+11,33684,388,7,32470001.22,32470001.22
2005,Maldives,MDV,2858823980,,10,18.3,78720001.22,78720001.22
2005,Mali,MLI,19539343144,11232,512,88.7,830729980.5,830729980.5
2005,Malta,MLT,8995669358,1942,,6,,
2005,Marshall Islands,MHL,156297696.8,,,33.2,70059997.56,70059997.56
2005,Mauritania,MRT,10956225847,627,31650,49.9,214729995.7,214729995.7
2005,Mauritius,MUS,14367991644,,22,13.4,37319999.69,37319999.69
2005,Mexico,MEX,1.34178E+12,3212,2309,19.5,250020004.3,250020004.3
2005,"Micronesia, Fed. Sts.",FSM,309069463.7,,,29.5,133740005.5,133740005.5
2005,Moldova,MDA,14055991871,79,12065,17,195899993.9,195899993.9
2005,Monaco,MCO,,,,1.4,,
2005,Mongolia,MNG,13710599729,,655,33.1,215539993.3,215539993.3
2005,Montenegro,MNE,5106740569,,,9.2,4420000.076,4420000.076
2005,Morocco,MAR,1.61899E+11,210,2914,35.4,827989990.2,827989990.2
2005,Mozambique,MOZ,14300056182,1949,93,86.2,1454800049,1454800049
2005,Myanmar,MMR,79221244502,,164851,57.3,161779998.8,161779998.8
2005,Namibia,NAM,13305539794,5297,1221,39,133940002.4,133940002.4
2005,Nauru,NRU,41322348.66,,,31.3,11640000.34,11640000.34
2005,Nepal,NPL,42822630165,126432,2061,45.9,456399993.9,456399993.9
2005,Netherlands,NLD,6.14044E+11,118172,155,4.5,,
2005,New Caledonia,NCL,,,,,,
2005,New Zealand,NZL,1.06148E+11,5298,5,5.5,,
2005,Nicaragua,NIC,18459873653,222,1463,25.3,753599975.6,753599975.6
2005,Niger,NER,12218275711,297,642,79,597320007.3,597320007.3
2005,Nigeria,NGA,4.81694E+11,9017,22123,95,6914959961,6914959961
2005,North Macedonia,MKD,15987036516,1273,8603,12.2,260109985.4,260109985.4
2005,Northern Mariana Islands,MNP,,,,,,
2005,Norway,NOR,2.21765E+11,43015,12,3.3,,
2005,Oman,OMN,1.08651E+11,7,10,11,21069999.69,21069999.69
2005,Pakistan,PAK,6.06045E+11,1084689,29906,76.8,1661589966,1661589966
2005,Palau,PLW,247728726,,,23.6,27989999.77,27989999.77
2005,Panama,PAN,36353284407,1717,41,19.5,32970001.22,32970001.22
2005,Papua New Guinea,PNG,15174028745,10001,20,49.6,347529998.8,347529998.8
2005,Paraguay,PRY,43616304323,46,42,25,69860000.61,69860000.61
2005,Peru,PER,1.8431E+11,835,4863,20.5,548809997.6,548809997.6
2005,Philippines,PHL,3.77462E+11,92,464,26.5,655960022,655960022
2005,Poland,POL,5.30377E+11,4585,19642,6.5,,
2005,Portugal,PRT,2.38691E+11,355,74,3.6,,
2005,Puerto Rico,PRI,1.12145E+11,,,,,
2005,Qatar,QAT,95117561227,46,6,9,,
2005,Romania,ROU,2.04714E+11,2040,11495,15.6,,
2005,Russian Federation,RUS,1.69673E+12,1513,103037,11.1,,
2005,Rwanda,RWA,8276938427,45202,100252,65.6,648500000,648500000
2005,Samoa,WSM,818606477,,,16.5,50459999.08,50459999.08
2005,San Marino,SMR,1901484925,,,3.4,,
2005,Sao Tome and Principe,STP,360590988.3,,23,39.5,37029998.78,37029998.78
2005,Saudi Arabia,SAU,1.1226E+12,240701,146,14.2,23610000.61,23610000.61
2005,Senegal,SEN,26402567294,20706,8662,53.2,795280029.3,795280029.3
2005,Serbia,SRB,68318821680,148259,189985,7.8,1215250000,1215250000
2005,Seychelles,SYC,1313231455,,39,12,19360000.61,19360000.61
2005,Sierra Leone,SLE,5064190766,59962,40473,124.6,379750000,379750000
2005,Singapore,SGP,2.5089E+11,,35,2.3,,
2005,Sint Maarten (Dutch part),SXM,,,,,,
2005,Slovak Republic,SVK,89400253225,352,787,6.8,,
2005,Slovenia,SVN,47716592230,243,154,3.5,,
2005,Solomon Islands,SLB,817848019.2,,27,24.4,247910003.7,247910003.7
2005,Somalia,SOM,,498,395544,104.5,271760009.8,271760009.8
2005,South Africa,ZAF,5.16647E+11,29716,259,50.1,778119995.1,778119995.1
2005,South Sudan,SSD,,,,86.8,,
2005,Spain,ESP,1.20513E+12,5369,49,3.8,,
2005,Sri Lanka,LKA,1.14791E+11,106,108132,12.1,1141989990,1141989990
2005,St. Kitts and Nevis,KNA,905432169.4,,31,16,2789999.962,2789999.962
2005,St. Lucia,LCA,1789672622,,96,16,11939999.58,11939999.58
2005,St. Martin (French part),MAF,,,,,,
2005,St. Vincent and the Grenadines,VCT,1010325162,,279,19,8520000.458,8520000.458
2005,Sudan,SDN,1.32369E+11,147255,693621,57.8,2158129883,2158129883
2005,Suriname,SUR,5199759312,,26,23.6,48750000,48750000
2005,Sweden,SWE,3.09213E+11,74889,75,3,,
2005,Switzerland,CHE,3.08825E+11,48010,14,4.3,,
2005,Syrian Arab Republic,SYR,,458135,16395,16.8,83419998.17,83419998.17
2005,Tajikistan,TJK,11581877925,1020,54753,47.2,265089996.3,265089996.3
2005,Tanzania,TZA,60813165703,548824,1542,58.6,1665589966,1665589966
2005,Thailand,THA,6.71257E+11,117050,424,14.7,-145639999.4,-145639999.4
2005,Timor-Leste,TLS,1360566341,,251,70.5,214009994.5,214009994.5
2005,Togo,TGO,7687939706,9288,51092,66.3,93500000,93500000
2005,Tonga,TON,435296559.6,,,12.7,38319999.69,38319999.69
2005,Trinidad and Tobago,TTO,30463734318,,61,23.2,-2809999.943,-2809999.943
2005,Tunisia,TUN,83233610184,81,3120,18.8,399350006.1,399350006.1
2005,Turkiye,TUR,8.15103E+11,2395,170557,22,453779998.8,453779998.8
2005,Turkmenistan,TKM,27730387626,11965,818,44.4,28659999.85,28659999.85
2005,Turks and Caicos Islands,TCA,,,,5.8,5630000.114,5630000.114
2005,Tuvalu,TUV,26622688.72,,,30.8,10829999.92,10829999.92
2005,Uganda,UGA,41842504264,257252,34208,65.9,1376619995,1376619995
2005,Ukraine,UKR,3.39822E+11,2334,84223,12.5,477519989,477519989
2005,United Arab Emirates,ARE,4.48357E+11,104,31,8.4,,
2005,United Kingdom,GBR,1.97796E+12,303163,134,5.1,,
2005,United States,USA,1.30392E+13,379330,676,6.7,,
2005,Uruguay,URY,40396199439,114,107,12.5,20159999.85,20159999.85
2005,Uzbekistan,UZB,95344720879,43949,8322,36.9,192600006.1,192600006.1
2005,Vanuatu,VUT,481953961.9,,,23.7,49500000,49500000
2005,"Venezuela, RB",VEN,3.61185E+11,409,2581,15.9,56590000.15,56590000.15
2005,Viet Nam,VNM,3.15694E+11,2357,358268,20,1851680054,1851680054
2005,Virgin Islands (U.S.),VIR,,,,,,
2005,West Bank and Gaza,PSE,11194761199,1685851,349663,22,1164430054,1164430054
2005,"Yemen, Rep.",YEM,70946869769,81932,1322,54.9,334399993.9,334399993.9
2005,Zambia,ZMB,25929697169,155718,146,62.4,1295359985,1295359985
2005,Zimbabwe,ZWE,20230678436,13850,11246,53.9,421500000,421500000
2005,Africa Eastern and Southern,AFE,1.20483E+12,1809163,2538163,70.44796411,18582789993,18582789993
2005,Africa Western and Central,AFW,8.61378E+11,752345,557930,85.97243494,15763329903,15763329903
2005,Arab World,ARB,3.90863E+12,5106891,1797671,37.61665192,34729689737,34729689737
2005,Caribbean small states,CSS,85240489851,624,1594,20.37918092,340870002,340870002
2005,Central Europe and the Baltics,CEB,1.51774E+12,24915,167193,8.462354543,139600006.1,139600006.1
2005,Early-demographic dividend,EAR,1.44463E+13,7199115,1360426,48.49420934,26948209917,26948209917
2005,East Asia & Pacific,EAS,1.7299E+13,538606,728168,23.2,10373529899,10373529899
2005,East Asia & Pacific (excluding high income),EAP,9.96459E+12,464427,727756,24.47302643,10373529899,10373529899
2005,East Asia & Pacific (IDA & IBRD countries),TEA,9.95213E+12,464427,727469,24.44930638,9490009891,9490009891
2005,Euro area,EMU,9.90721E+12,1045265,6928,3.884176393,,
2005,Europe & Central Asia,ECS,1.77744E+13,2040015,1195080,13.1,5611100004,5611100004
2005,Europe & Central Asia (excluding high income),ECA,3.62786E+12,463426,1030491,21.41736617,5471499998,5471499998
2005,Europe & Central Asia (IDA & IBRD countries),TEC,4.42967E+12,472978,1180782,20.12460178,5536200003,5536200003
2005,European Union,EUU,1.16802E+13,1188299,168659,4.87582993,139600006.1,139600006.1
2005,Fragile and conflict affected situations,FCS,2.31395E+12,3646852,5410647,74.37837792,55090439594,55090439594
2005,Heavily indebted poor countries (HIPC),HPC,8.85794E+11,2226783,5022510,73.56476873,30626759695,30626759695
2005,High income,HIC,3.83479E+13,2424821,168662,5.9,472210006.9,472210006.9
2005,IBRD only,IBD,2.64578E+13,4571135,2357276,35.50351998,51480149782,51480149782
2005,IDA & IBRD total,IBT,2.9311E+13,8912060,7965255,48.4745855,97157789359,97157789359
2005,IDA blend,IDB,1.37087E+12,1530891,111962,78.61881155,13045799872,13045799872
2005,IDA only,IDX,1.49056E+12,2810034,5496017,66.72694644,32631839705,32631839705
2005,IDA total,IDA,2.85958E+12,4340925,5607979,70.74544786,45677639577,45677639577
2005,Late-demographic dividend,LTE,1.54328E+13,1278392,1305779,19.10277043,11525969975,11525969975
2005,Latin America & Caribbean,LCN,5.79736E+12,37623,117605,21.9,7428760008,7428760008
2005,Latin America & Caribbean (excluding high income),LAC,5.04522E+12,34576,113429,22.62547152,7039050012,7039050012
2005,Latin America & the Caribbean (IDA & IBRD countries),TLA,5.57048E+12,36926,98594,22.07425816,6218449985,6218449985
2005,Least developed countries: UN classification,LDC,1.25463E+12,2266751,5490504,70.34575131,29294709715,29294709715
2005,Low & middle income,LMY,2.79644E+13,10586009,8179710,48.82308794,1.22571E+11,1.22571E+11
2005,Low income,LIC,5.47028E+11,1733118,4905726,74,21867569740,21867569740
2005,Lower middle income,LMC,9.16156E+12,6158864,1520043,55.4,38357229847,38357229847
2005,Middle East & North Africa,MEA,4.97713E+12,5935352,776846,28.2,33496259838,33496259838
2005,Middle East & North Africa (excluding high income),MNA,2.79896E+12,5690431,775615,30.17106448,33451579838,33451579838
2005,Middle East & North Africa (IDA & IBRD countries),TMN,2.78816E+12,4004580,425952,30.30769061,30963689793,30963689793
2005,Middle income,MIC,2.74294E+13,8852891,3273984,44.4503449,77213500000,77213500000
2005,North America,NAC,1.42148E+13,526494,796,6.6,,
2005,Not classified,INX,,,,,,
2005,OECD members,OED,3.70642E+13,2187939,270085,9.241216463,1731109989,1731109989
2005,Other small states,OSS,3.51043E+11,46072,112803,52.21602328,1342700005,1342700005
2005,Pacific island small states,PSS,9473031098,,1434,23.17629918,748330004.7,748330004.7
2005,Post-demographic dividend,PST,3.44914E+13,2182685,356889,5.380285347,1404820011,1404820011
2005,Pre-demographic dividend,PRE,1.61994E+12,2350899,5327765,78.78920652,58507319513,58507319513
2005,Small states,SST,4.459E+11,46696,115831,45.19253891,2431900011,2431900011
2005,South Asia,SAS,4.47833E+12,1371641,2436365,58.2,10241240002,10241240002
2005,South Asia (IDA & IBRD),TSA,4.47833E+12,1371641,2436365,58.21914008,10240690002,10240690002
2005,Sub-Saharan Africa,SSF,2.06582E+12,2561508,3096093,77,37122879690,37122879690
2005,Sub-Saharan Africa (excluding high income),SSA,2.06451E+12,2561508,3096054,76.99914385,37061779688,37061779688
2005,Sub-Saharan Africa (IDA & IBRD countries),TSS,2.06582E+12,2561508,3096093,76.99584338,34708749685,34708749685
2005,Upper middle income,UMC,1.82549E+13,2694027,1753941,21,37822569818,37822569818
2005,World,WLD,6.65272E+13,13011239,13011239,44.6,1.23127E+11,1.23127E+11
2006,Afghanistan,AFG,28518821098,34,2107510,74.7,3335419922,3335419922
2006,Albania,ALB,19647966457,56,14079,16.5,357119995.1,357119995.1
2006,Algeria,DZA,3.96579E+11,94181,8338,27.8,256500000,256500000
2006,American Samoa,ASM,,,,,,
2006,Andorra,AND,,,10,5.1,,
2006,Angola,AGO,1.0816E+11,13086,206482,95.9,185630004.9,185630004.9
2006,Antigua and Barbuda,ATG,1919405309,,18,10.1,3509999.99,3509999.99
2006,Argentina,ARG,5.88076E+11,3132,888,14.4,124709999.1,124709999.1
2006,Armenia,ARM,18988258531,113713,14913,20.2,245410003.7,245410003.7
2006,Aruba,ABW,3572323467,,,,,
2006,Australia,AUS,7.12163E+11,68942,29,4.7,,
2006,Austria,AUT,3.11395E+11,25475,30,3.9,,
2006,Azerbaijan,AZE,78426917948,2619,126068,41.6,219600006.1,219600006.1
2006,"Bahamas, The",BHS,10566295852,,12,14.4,,
2006,Bahrain,BHR,44326828396,,56,8.8,,
2006,Bangladesh,BGD,3.21373E+11,26308,7796,47,1114420044,1114420044
2006,Barbados,BRB,4481383763,,28,14.3,-569999.9928,-569999.9928
2006,Belarus,BLR,1.05716E+11,683,9368,6.2,84410003.66,84410003.66
2006,Belgium,BEL,3.71889E+11,16811,63,4,,
2006,Belize,BLZ,2836340011,488,13,17.6,8489999.771,8489999.771
2006,Benin,BEN,17563887279,10785,207,75.1,446600006.1,446600006.1
2006,Bermuda,BMU,4623506775,,,,,
2006,Bhutan,BTN,2903885772,,108069,42.3,103180000.3,103180000.3
2006,Bolivia,BOL,40776162791,562,371,41,914559997.6,914559997.6
2006,Bosnia and Herzegovina,BIH,27912917878,10315,199948,7.5,586059997.6,586059997.6
2006,Botswana,BWA,23062145974,3154,10,43.5,76510002.14,76510002.14
2006,Brazil,BRA,2.19306E+12,3478,703,20.7,110970001.2,110970001.2
2006,British Virgin Islands,VGB,,,,14.4,,
2006,Brunei Darussalam,BRN,29568272358,,,7.7,,
2006,Bulgaria,BGR,86700950622,4479,3431,10.4,,
2006,Burkina Faso,BFA,17879168699,512,373,78,999719970.7,999719970.7
2006,Burundi,BDI,4558197311,13174,396533,74.3,478079986.6,478079986.6
2006,Cabo Verde,CPV,2334839294,,34,23.3,156630004.9,156630004.9
2006,Cambodia,KHM,26132489819,92,17963,49.4,532130004.9,532130004.9
2006,Cameroon,CMR,47459310893,35083,10373,76.3,1884609985,1884609985
2006,Canada,CAN,1.24159E+12,151832,94,5.2,,
2006,Cayman Islands,CYM,3626239494,,,,,
2006,Central African Republic,CAF,3253479786,12351,71669,98.2,148589996.3,148589996.3
2006,Chad,TCD,16200491156,286743,36286,91.1,327510009.8,327510009.8
2006,Channel Islands,CHI,,,,,,
2006,Chile,CHL,2.5607E+11,1135,798,7.6,106440002.4,106440002.4
2006,China,CHN,7.66E+12,301024,140584,17.7,1380069946,1380069946
2006,Colombia,COL,3.9076E+11,137,72793,17.8,1213930054,1213930054
2006,Comoros,COM,1297670583,,73,60.7,34409999.85,34409999.85
2006,"Congo, Dem. Rep.",COD,30876391893,208371,401908,93.2,2530020020,2530020020
2006,"Congo, Rep.",COG,17604720849,55788,20599,53.2,280859985.4,280859985.4
2006,Costa Rica,CRI,46663772699,11515,283,9.8,33580001.83,33580001.83
2006,Cote d'Ivoire,CIV,60439079765,27279,26304,83.6,271350006.1,271350006.1
2006,Croatia,HRV,75928097382,2442,93768,5.5,217330001.8,217330001.8
2006,Cuba,CUB,,656,33580,5.7,92699996.95,92699996.95
2006,Curacao,CUW,3472752743,,,,,
2006,Cyprus,CYP,22537300684,926,5,3.7,,
2006,Czechia,CZE,2.44937E+11,1886,2136,3.4,,
2006,Denmark,DNK,2.02984E+11,36650,10,3.9,,
2006,Djibouti,DJI,,9257,479,69.4,126300003.1,126300003.1
2006,Dominica,DMA,587627943,,49,17.5,21559999.47,21559999.47
2006,Dominican Republic,DOM,85593224291,,141,29.6,97120002.75,97120002.75
2006,Ecuador,ECU,1.13128E+11,11767,878,19.2,246970001.2,246970001.2
2006,"Egypt, Arab Rep.",EGY,5.85381E+11,88014,7608,28.3,1030479980,1030479980
2006,El Salvador,SLV,34177937431,39,6390,20.1,196320007.3,196320007.3
2006,Equatorial Guinea,GNQ,23282060016,,460,90.2,27540000.92,27540000.92
2006,Eritrea,ERI,4547489240,4621,193738,44.6,135300003.1,135300003.1
2006,Estonia,EST,26052762444,,622,5.1,,
2006,Eswatini,SWZ,6993846863,752,16,61.1,38099998.47,38099998.47
2006,Ethiopia,ETH,55911280420,96975,74007,66.1,2263550049,2263550049
2006,Faroe Islands,FRO,,,,,,
2006,Fiji,FJI,6276583944,,1681,20,66279998.78,66279998.78
2006,Finland,FIN,1.81438E+11,11827,10,3,,
2006,France,FRA,2.06556E+12,145996,79,3.3,,
2006,French Polynesia,PYF,,,,,,
2006,Gabon,GAB,20567560178,8421,96,46.6,33479999.54,33479999.54
2006,"Gambia, The",GMB,3311559775,13758,1249,51.6,82709999.08,82709999.08
2006,Georgia,GEO,22764400550,1377,6337,19,405859985.4,405859985.4
2006,Germany,DEU,2.81383E+12,605329,114,3.8,,
2006,Ghana,GHA,71493482298,44938,9949,53.8,1352439941,1352439941
2006,Gibraltar,GIB,,,,,,
2006,Greece,GRC,3.14602E+11,2292,93,3.8,,
2006,Greenland,GRL,,,,,,
2006,Grenada,GRD,1087654243,,199,12.9,29799999.24,29799999.24
2006,Guam,GUM,,,,,,
2006,Guatemala,GTM,77969894549,379,6493,33.2,540320007.3,540320007.3
2006,Guinea,GIN,13716303122,31466,6830,83.1,195330001.8,195330001.8
2006,Guinea-Bissau,GNB,1659614920,7801,1000,86.2,97209999.08,97209999.08
2006,Guyana,GUY,5574770807,,535,32.8,145380004.9,145380004.9
2006,Haiti,HTI,23072862916,,20834,63.9,608260009.8,608260009.8
2006,Honduras,HND,26318713885,21,1035,24.1,574849975.6,574849975.6
2006,"Hong Kong SAR, China",HKG,2.86225E+11,1932,8,,,
2006,Hungary,HUN,1.85138E+11,8068,3117,6.1,,
2006,Iceland,ISL,12059465877,254,32,2.4,,
2006,India,IND,3.77703E+12,158358,17797,53.6,1487469971,1487469971
2006,Indonesia,IDN,1.54003E+12,291,34722,32.4,1403650024,1403650024
2006,"Iran, Islamic Rep.",IRN,1.11959E+12,968368,102479,20.9,127169998.2,127169998.2
2006,Iraq,IRQ,2.92529E+11,44406,1450908,31.7,10488830078,10488830078
2006,Ireland,IRL,1.89019E+11,7904,5,4.1,,
2006,Isle of Man,IMN,,,,,,
2006,Israel,ISR,1.85769E+11,829,876,4.3,,
2006,Italy,ITA,1.88686E+12,26870,106,3.7,,
2006,Jamaica,JAM,21963547668,,661,16,44060001.37,44060001.37
2006,Japan,JPN,4.30032E+12,1842,166,2.7,,
2006,Jordan,JOR,51707233031,2358587,1592,19.2,694830017.1,694830017.1
2006,Kazakhstan,KAZ,2.40981E+11,4413,7374,25.6,186990005.5,186990005.5
2006,Kenya,KEN,85982693124,272529,5356,45,1056300049,1056300049
2006,Kiribati,KIR,165179572.9,,39,49.5,29540000.92,29540000.92
2006,"Korea, Dem. People's Rep.",PRK,,,394,26,61869998.93,61869998.93
2006,"Korea, Rep.",KOR,1.30223E+12,90,1333,4.4,,
2006,Kosovo,XKX,,,,25.1,,
2006,Kuwait,KWT,2.10674E+11,49,610,10,,
2006,Kyrgyz Republic,KGZ,13088419714,361,2493,32.8,264500000,264500000
2006,Lao PDR,LAO,16556374867,,26445,61.1,338320007.3,338320007.3
2006,Latvia,LVA,35176514739,22,1424,8.1,,
2006,Lebanon,LBN,48990576461,428602,12249,12,895049987.8,895049987.8
2006,Lesotho,LSO,3527229076,,5,72.5,76599998.47,76599998.47
2006,Liberia,LBR,2845475834,16179,160543,85.3,296649993.9,296649993.9
2006,Libya,LBY,1.73024E+11,2760,1557,18.6,44840000.15,44840000.15
2006,Liechtenstein,LIE,,274,,,,
2006,Lithuania,LTU,53892719989,527,936,6.9,,
2006,Luxembourg,LUX,37278478320,2206,,2.6,,
2006,"Macao SAR, China",MAC,33523492530,,8,,,
2006,Madagascar,MDG,27944204002,,258,53.9,868659973.1,868659973.1
2006,Malawi,MWI,14839665489,3943,112,61.5,768760009.8,768760009.8
2006,Malaysia,MYS,4.60323E+11,37158,575,7,259760009.8,259760009.8
2006,Maldives,MDV,3716550313,,15,16.5,37540000.92,37540000.92
2006,Mali,MLI,21081314921,10584,586,86.5,964380004.9,964380004.9
2006,Malta,MLT,9450815634,2407,25,6,,
2006,Marshall Islands,MHL,161446655.4,,,32.9,69089996.34,69089996.34
2006,Mauritania,MRT,13364893785,771,33420,47.6,238690002.4,238690002.4
2006,Mauritius,MUS,15531979709,,75,13.2,20729999.54,20729999.54
2006,Mexico,MEX,1.48572E+12,3309,3301,18.8,296660003.7,296660003.7
2006,"Micronesia, Fed. Sts.",FSM,318347811.2,,,29.5,132839996.3,132839996.3
2006,Moldova,MDA,15185206791,157,11680,16.1,249259994.5,249259994.5
2006,Monaco,MCO,,,,1.4,,
2006,Mongolia,MNG,15342960076,5,866,30.6,199550003.1,199550003.1
2006,Montenegro,MNE,6431457766,6926,136,8.5,108510002.1,108510002.1
2006,Morocco,MAR,1.79897E+11,495,4699,33.6,1198130005,1198130005
2006,Mozambique,MOZ,16170372681,2555,216,82.3,1792089966,1792089966
2006,Myanmar,MMR,92532827235,,202817,55.6,159080001.8,159080001.8
2006,Namibia,NAM,14686256582,5454,1196,37.3,172830001.8,172830001.8
2006,Nauru,NRU,38972074.72,,,31.2,21989999.77,21989999.77
2006,Nepal,NPL,45629232066,128172,2651,43.8,494160003.7,494160003.7
2006,Netherlands,NLD,6.70372E+11,100565,41,4.3,,
2006,New Caledonia,NCL,,,,,,
2006,New Zealand,NZL,1.1605E+11,4878,7,5.4,,
2006,Nicaragua,NIC,19819800161,195,1827,24.2,692070007.3,692070007.3
2006,Niger,NER,13342313135,312,803,75.6,603469970.7,603469970.7
2006,Nigeria,NGA,5.26645E+11,8761,13242,92.4,12152080078,12152080078
2006,North Macedonia,MKD,17727453525,1239,7937,11.5,222910003.7,222910003.7
2006,Northern Mariana Islands,MNP,,,,,,
2006,Norway,NOR,2.53382E+11,43315,,3.2,,
2006,Oman,OMN,1.18021E+11,7,37,10.7,57400001.53,57400001.53
2006,Pakistan,PAK,6.61599E+11,1044464,25636,75.5,2295699951,2295699951
2006,Palau,PLW,254336698.5,,,23.2,45279998.78,45279998.78
2006,Panama,PAN,40717506214,1835,72,19,46790000.92,46790000.92
2006,Papua New Guinea,PNG,16488472207,10182,27,48.8,343890014.6,343890014.6
2006,Paraguay,PRY,47123503440,55,103,24.4,77290000.92,77290000.92
2006,Peru,PER,2.04301E+11,897,6977,19.3,530969970.7,530969970.7
2006,Philippines,PHL,4.09795E+11,96,888,26.1,672390014.6,672390014.6
2006,Poland,POL,5.77892E+11,6786,13508,6.3,,
2006,Portugal,PRT,2.59702E+11,322,25,3.4,,
2006,Puerto Rico,PRI,1.13976E+11,,,,,
2006,Qatar,QAT,1.23713E+11,46,48,8.7,,
2006,Romania,ROU,2.44893E+11,1636,7224,14.3,,
2006,Russian Federation,RUS,2.13319E+12,1413,159383,10.3,,
2006,Rwanda,RWA,9319614306,49191,92956,59.5,665309997.6,665309997.6
2006,Samoa,WSM,861857539,,,16.5,56889999.39,56889999.39
2006,San Marino,SMR,2035232463,,,3.2,,
2006,Sao Tome and Principe,STP,404674186.6,,30,36.8,25360000.61,25360000.61
2006,Saudi Arabia,SAU,1.18951E+12,240772,609,13.4,22409999.85,22409999.85
2006,Senegal,SEN,27851611946,20587,15150,50.5,957510009.8,957510009.8
2006,Serbia,SRB,75655242849,98995,174022,7.4,1747380005,1747380005
2006,Seychelles,SYC,1481087982,,61,12.1,15020000.46,15020000.46
2006,Sierra Leone,SLE,5444048236,27364,42849,121.3,409959991.5,409959991.5
2006,Singapore,SGP,2.81926E+11,,108,2.3,,
2006,Sint Maarten (Dutch part),SXM,,,,,,
2006,Slovak Republic,SVK,1.01619E+11,235,741,6.6,,
2006,Slovenia,SVN,51614160857,249,1757,3.3,,
2006,Solomon Islands,SLB,877972552.4,,37,24.1,247369995.1,247369995.1
2006,Somalia,SOM,,669,464026,104.2,434239990.2,434239990.2
2006,South Africa,ZAF,5.62434E+11,35086,501,49.3,811630004.9,811630004.9
2006,South Sudan,SSD,,,,83.1,,
2006,Spain,ESP,1.36381E+12,5269,2442,3.7,,
2006,Sri Lanka,LKA,1.27407E+11,162,116948,11.5,745609985.4,745609985.4
2006,St. Kitts and Nevis,KNA,962774743.9,,,15.5,5519999.981,5519999.981
2006,St. Lucia,LCA,1959190413,,163,16.2,20659999.85,20659999.85
2006,St. Martin (French part),MAF,,,,,,
2006,St. Vincent and the Grenadines,VCT,1114372540,,386,18.9,5199999.809,5199999.809
2006,Sudan,SDN,1.45366E+11,196200,686296,56.3,2310879883,2310879883
2006,Suriname,SUR,5670747848,,65,23,69150001.53,69150001.53
2006,Sweden,SWE,3.42587E+11,79895,16,2.8,,
2006,Switzerland,CHE,3.46303E+11,48508,38,4.2,,
2006,Syrian Arab Republic,SYR,,1144565,12327,16.5,19610000.61,19610000.61
2006,Tajikistan,TJK,12774994003,930,646,44.3,234039993.3,234039993.3
2006,Tanzania,TZA,66784630241,485295,1665,56,2050909912,2050909912
2006,Thailand,THA,7.26345E+11,133107,3323,14.1,-222789993.3,-222789993.3
2006,Timor-Leste,TLS,1344771116,,251,67.6,237320007.3,237320007.3
2006,Togo,TGO,8135184603,6330,27318,64.6,87559997.56,87559997.56
2006,Tonga,TON,448061027.6,,5,12.4,27670000.08,27670000.08
2006,Trinidad and Tobago,TTO,35551539595,,151,22.7,13430000.31,13430000.31
2006,Tunisia,TUN,90301387043,85,2835,17.9,469399993.9,469399993.9
2006,Turkiye,TUR,9.45237E+11,2624,227236,20.5,611530029.3,611530029.3
2006,Turkmenistan,TKM,31722865134,751,689,42.4,39130001.07,39130001.07
2006,Turks and Caicos Islands,TCA,,,,5.6,-469999.9988,-469999.9988
2006,Tuvalu,TUV,28113523.46,,5,30,16309999.47,16309999.47
2006,Uganda,UGA,47785436799,272003,21735,61.9,1742050049,1742050049
2006,Ukraine,UKR,3.76831E+11,2267,63716,12,552739990.2,552739990.2
2006,United Arab Emirates,ARE,5.07659E+11,176,260,8.2,,
2006,United Kingdom,GBR,2.11453E+12,301537,170,5,,
2006,United States,USA,1.38156E+13,843434,1353,6.7,,
2006,Uruguay,URY,43349414212,117,158,11.8,26719999.31,26719999.31
2006,Uzbekistan,UZB,1.0561E+11,1415,9095,34.2,172500000,172500000
2006,Vanuatu,VUT,538859915.6,,,23.7,60020000.46,60020000.46
2006,"Venezuela, RB",VEN,4.09087E+11,716,3821,15.4,63840000.15,63840000.15
2006,Viet Nam,VNM,3.48144E+11,2357,374278,19.6,1849650024,1849650024
2006,Virgin Islands (U.S.),VIR,,,,,,
2006,West Bank and Gaza,PSE,11425180423,1739266,334127,21.3,1496420044,1496420044
2006,"Yemen, Rep.",YEM,75454704681,95791,1364,52.4,320589996.3,320589996.3
2006,Zambia,ZMB,28842419575,120253,199,58.8,1642420044,1642420044
2006,Zimbabwe,ZWE,20133020994,3519,12774,55.9,297429992.7,297429992.7
2006,Africa Eastern and Southern,AFE,1.32482E+12,1786830,2560228,67.74419542,20316580112,20316580112
2006,Africa Western and Central,AFW,9.35476E+11,625813,479340,83.56201402,21639860029,21639860029
2006,Arab World,ARB,4.26187E+12,6444699,3023518,36.51546975,20139009983,20139009983
2006,Caribbean small states,CSS,94275650738,488,2280,20.05095301,366190006.2,366190006.2
2006,Central Europe and the Baltics,CEB,1.68384E+12,26330,128664,7.939703647,217330001.8,217330001.8
2006,Early-demographic dividend,EAR,1.58886E+13,8386958,1398937,46.66125712,25795290070,25795290070
2006,East Asia & Pacific,EAS,1.91313E+13,561996,806559,21.8,8531520051,8531520051
2006,East Asia & Pacific (excluding high income),EAP,1.13372E+13,484312,804900,23.00433905,8531520051,8531520051
2006,East Asia & Pacific (IDA & IBRD countries),TEA,1.1323E+13,484312,804506,22.96850174,7926300051,7926300051
2006,Euro area,EMU,1.07661E+13,955232,8518,3.774142979,,
2006,Europe & Central Asia,ECS,1.97384E+13,1738809,1167073,12.4,6841000019,6841000019
2006,Europe & Central Asia (excluding high income),ECA,4.34353E+12,254733,1038551,20.07977449,6623670017,6623670017
2006,Europe & Central Asia (IDA & IBRD countries),TEC,5.24226E+12,265597,1153051,18.8751753,6505280018,6505280018
2006,European Union,EUU,1.27272E+13,1097074,131728,4.674282114,217330001.8,217330001.8
2006,Fragile and conflict affected situations,FCS,2.54773E+12,4412608,6596121,72.17460767,46765929930,46765929930
2006,Heavily indebted poor countries (HIPC),HPC,9.67421E+11,2062693,4931372,70.96984268,33657729671,33657729671
2006,High income,HIC,4.11673E+13,2804399,135982,5.8,535520006.4,535520006.4
2006,IBRD only,IBD,2.98442E+13,4986299,3620090,33.76376882,35034920135,35034920135
2006,IDA & IBRD total,IBT,3.29702E+13,9794938,9120088,46.66967561,89093639946,89093639946
2006,IDA blend,IDB,1.49623E+12,1431741,99865,76.70555999,19020820065,19020820065
2006,IDA only,IDX,1.63809E+12,3376898,5400133,64.37268201,35037899746,35037899746
2006,IDA total,IDA,3.13216E+12,4808639,5499998,68.54582382,54058719811,54058719811
2006,Late-demographic dividend,LTE,1.76825E+13,1168687,1284149,17.69137848,12723640027,12723640027
2006,Latin America & Caribbean,LCN,6.36504E+12,40433,163726,21,7941300038,7941300038
2006,Latin America & Caribbean (excluding high income),LAC,5.50335E+12,36630,158133,21.69826167,7593380036,7593380036
2006,Latin America & the Caribbean (IDA & IBRD countries),TLA,6.12574E+12,39777,130106,21.1668177,6869130049,6869130049
2006,Least developed countries: UN classification,LDC,1.38512E+12,2171533,5434782,67.79891239,31522559835,31522559835
2006,Low & middle income,LMY,3.14304E+13,11520193,9368075,47.01237249,1.16948E+11,1.16948E+11
2006,Low income,LIC,5.9904E+11,2470026,4796056,71.3,23581939823,23581939823
2006,Lower middle income,LMC,1.00787E+13,6454428,1505512,53.5,43817980019,43817980019
2006,Middle East & North Africa,MEA,5.40807E+12,7218663,1943083,27,19693090065,19693090065
2006,Middle East & North Africa (excluding high income),MNA,3.03371E+12,6974377,1940562,28.94966831,19613280064,19613280064
2006,Middle East & North Africa (IDA & IBRD countries),TMN,3.02272E+12,5235111,1606435,29.07511842,15671730061,15671730061
2006,Middle income,MIC,3.08438E+13,9050167,4572019,42.70314161,67690601563,67690601563
2006,North America,NAC,1.50618E+13,995266,1447,6.6,,
2006,Not classified,INX,,,,,,
2006,OECD members,OED,3.98121E+13,2569365,335784,8.876879202,2262140091,2262140091
2006,Other small states,OSS,4.04342E+11,59156,114043,50.63712626,1469980019,1469980019
2006,Pacific island small states,PSS,9969731315,,1767,23.16738545,773279985.4,773279985.4
2006,Post-demographic dividend,PST,3.69154E+13,2559796,418171,5.299707016,1536179990,1536179990
2006,Pre-demographic dividend,PRE,1.77369E+12,2209593,6406527,76.1896767,50563649906,50563649906
2006,Small states,SST,5.08731E+11,59644,118090,43.98862845,2609450010,2609450010
2006,South Asia,SAS,4.96818E+12,1357498,2386422,56.3,9716539879,9716539879
2006,South Asia (IDA & IBRD),TSA,4.96818E+12,1357498,2386422,56.29178472,9613499878,9613499878
2006,Sub-Saharan Africa,SSF,2.25972E+12,2412643,3039568,74.4,45192369934,45192369934
2006,Sub-Saharan Africa (excluding high income),SSA,2.25824E+12,2412643,3039507,74.42015667,45149809933,45149809933
2006,Sub-Saharan Africa (IDA & IBRD countries),TSS,2.25972E+12,2412643,3039568,74.41717971,42507699890,42507699890
2006,Upper middle income,UMC,2.07515E+13,2595739,3066507,19.7,22824120139,22824120139
2006,World,WLD,7.28443E+13,14325308,14325308,42.9,1.17632E+11,1.17632E+11
2007,Afghanistan,AFG,33339216567,43,3057655,72,5272279785,5272279785
2007,Albania,ALB,21634098448,68,15335,15.3,307160003.7,307160003.7
2007,Algeria,DZA,4.21145E+11,94137,10599,26.6,381100006.1,381100006.1
2007,American Samoa,ASM,,,,,,
2007,Andorra,AND,,,10,4.9,,
2007,Angola,AGO,1.26645E+11,12064,186137,90.6,265220001.2,265220001.2
2007,Antigua and Barbuda,ATG,2154909823,,24,9.7,4869999.886,4869999.886
2007,Argentina,ARG,6.58372E+11,3247,1164,14.1,91940002.44,91940002.44
2007,Armenia,ARM,22173115976,4564,15435,19.2,377579986.6,377579986.6
2007,Aruba,ABW,3782481063,,,,,
2007,Australia,AUS,7.62894E+11,22161,57,4.5,,
2007,Austria,AUT,3.27138E+11,30767,19,3.8,,
2007,Azerbaijan,AZE,1.00683E+11,2351,15922,39.2,213389999.4,213389999.4
2007,"Bahamas, The",BHS,11008850237,,14,14.2,,
2007,Bahrain,BHR,49300579353,,65,8.4,,
2007,Bangladesh,BGD,3.53355E+11,27571,10235,44.8,1286630005,1286630005
2007,Barbados,BRB,4698118025,,39,14.2,18319999.69,18319999.69
2007,Belarus,BLR,1.1791E+11,643,4961,5.6,86860000.61,86860000.61
2007,Belgium,BEL,3.90982E+11,17578,53,3.9,,
2007,Belize,BLZ,3008384501,358,13,17.3,22000000,22000000
2007,Benin,BEN,19118406974,7611,265,73.7,484529998.8,484529998.8
2007,Bermuda,BMU,4907300838,,,,,
2007,Bhutan,BTN,3529951569,,110593,40.1,99849998.47,99849998.47
2007,Bolivia,BOL,43789629089,619,423,38.9,479160003.7,479160003.7
2007,Bosnia and Herzegovina,BIH,30845221804,7364,78267,7.2,597590026.9,597590026.9
2007,Botswana,BWA,25057396985,2462,16,47.3,113250000,113250000
2007,Brazil,BRA,2.38904E+12,20764,1623,19.5,320339996.3,320339996.3
2007,British Virgin Islands,VGB,,,,14.3,,
2007,Brunei Darussalam,BRN,30414305194,,,7.7,,
2007,Bulgaria,BGR,96737344777,4808,3306,9.8,,
2007,Burkina Faso,BFA,19117304116,535,557,75.3,953719970.7,953719970.7
2007,Burundi,BDI,4842982766,24482,375720,70.3,507130004.9,507130004.9
2007,Cabo Verde,CPV,2761722782,,28,23.3,167830001.8,167830001.8
2007,Cambodia,KHM,29579652163,175,17700,46.2,665140014.6,665140014.6
2007,Cameroon,CMR,50851260981,60137,11499,74.7,1932449951,1932449951
2007,Canada,CAN,1.30159E+12,175728,530,5.1,,
2007,Cayman Islands,CYM,3842023324,,,,,
2007,Central African Republic,CAF,3495362385,7530,98092,96.3,180570007.3,180570007.3
2007,Chad,TCD,17182636098,294017,55697,89.4,381059997.6,381059997.6
2007,Channel Islands,CHI,,,,,,
2007,Chile,CHL,2.78374E+11,1375,964,7.6,101870002.7,101870002.7
2007,China,CHN,8.98656E+12,301075,149087,16.2,1465189941,1465189941
2007,Colombia,COL,4.28362E+11,164,551741,17.3,823119995.1,823119995.1
2007,Comoros,COM,1343402963,,93,59.2,44400001.53,44400001.53
2007,"Congo, Dem. Rep.",COD,33695767228,177390,370372,90.8,1363189941,1363189941
2007,"Congo, Rep.",COG,16884650233,38472,19726,49.9,117709999.1,117709999.1
2007,Costa Rica,CRI,51861965169,17176,361,9.7,65400001.53,65400001.53
2007,Cote d'Ivoire,CIV,62756146525,24640,22222,81.3,180889999.4,180889999.4
2007,Croatia,HRV,84167394182,1641,100429,5.3,163919998.2,163919998.2
2007,Cuba,CUB,,617,7496,5.5,99760002.14,99760002.14
2007,Curacao,CUW,3654698636,,,,,
2007,Cyprus,CYP,25227128339,1194,10,3.4,,
2007,Czechia,CZE,2.70712E+11,2015,1379,3.2,,
2007,Denmark,DNK,2.13057E+11,26779,15,3.8,,
2007,Djibouti,DJI,,6653,645,67.6,113330001.8,113330001.8
2007,Dominica,DMA,641849488.5,,58,18.4,19209999.08,19209999.08
2007,Dominican Republic,DOM,94425500388,,352,29.4,146729995.7,146729995.7
2007,Ecuador,ECU,1.1873E+11,264868,1329,18.5,235360000.6,235360000.6
2007,"Egypt, Arab Rep.",EGY,6.43813E+11,97550,6789,27.1,1239910034,1239910034
2007,El Salvador,SLV,35753960967,39,6026,19.1,129220001.2,129220001.2
2007,Equatorial Guinea,GNQ,27565410458,,402,87.2,29270000.46,29270000.46
2007,Eritrea,ERI,4737024455,5042,208747,43,158369995.1,158369995.1
2007,Estonia,EST,29760437080,6,258,4.7,,
2007,Eswatini,SWZ,7501444137,789,21,62.1,51849998.47,51849998.47
2007,Ethiopia,ETH,64000691940,85179,59845,62.8,2655169922,2655169922
2007,Faroe Islands,FRO,,,,,,
2007,Fiji,FJI,6391375327,,1824,20.1,53669998.17,53669998.17
2007,Finland,FIN,2.00142E+11,6201,5,2.8,,
2007,France,FRA,2.18459E+12,151789,99,3.2,,
2007,French Polynesia,PYF,,,,,,
2007,Gabon,GAB,22392520885,8822,116,45.1,52029998.78,52029998.78
2007,"Gambia, The",GMB,3504558164,14892,1257,50.1,97830001.83,97830001.83
2007,Georgia,GEO,26320525347,1051,11805,17.1,402109985.4,402109985.4
2007,Germany,DEU,2.98562E+12,578866,126,3.7,,
2007,Ghana,GHA,76617291211,34955,5042,52.5,1164109985,1164109985
2007,Gibraltar,GIB,,,,,,
2007,Greece,GRC,3.23985E+11,2228,92,3.6,,
2007,Greenland,GRL,,,,,,
2007,Grenada,GRD,1185450298,,293,13,26440000.53,26440000.53
2007,Guam,GUM,,,,,,
2007,Guatemala,GTM,85152109935,377,6157,32,452829986.6,452829986.6
2007,Guinea,GIN,15047366322,25220,8269,81.2,263739990.2,263739990.2
2007,Guinea-Bissau,GNB,1760082435,7863,1018,82.7,125199996.9,125199996.9
2007,Guyana,GUY,6137159700,,676,32.2,82360000.61,82360000.61
2007,Haiti,HTI,24811691946,,22275,62.6,661650024.4,661650024.4
2007,Honduras,HND,28702687971,21,1236,23.2,415809997.6,415809997.6
2007,"Hong Kong SAR, China",HKG,3.12964E+11,89,9,,,
2007,Hungary,HUN,1.92032E+11,8124,3384,5.8,,
2007,Iceland,ISL,12920228877,41,10,2.3,,
2007,India,IND,4.17628E+12,161534,20455,51.5,1285180054,1285180054
2007,Indonesia,IDN,1.68201E+12,306,20549,31.2,763599975.6,763599975.6
2007,"Iran, Islamic Rep.",IRN,1.24363E+12,963544,68398,19.6,100000000,100000000
2007,Iraq,IRQ,3.061E+11,42352,2309246,31,10135620117,10135620117
2007,Ireland,IRL,2.0578E+11,9318,9,3.9,,
2007,Isle of Man,IMN,,,,,,
2007,Israel,ISR,2.02301E+11,1150,1539,4.1,,
2007,Italy,ITA,1.99541E+12,38061,84,3.6,,
2007,Jamaica,JAM,22880125946,,766,15.8,28540000.92,28540000.92
2007,Japan,JPN,4.48208E+12,1792,519,2.6,,
2007,Jordan,JOR,57446559930,2403763,1777,18.7,706109985.4,706109985.4
2007,Kazakhstan,KAZ,2.6952E+11,4283,5232,23.8,266950012.2,266950012.2
2007,Kenya,KEN,94356030964,265729,7544,43,1385689941,1385689941
2007,Kiribati,KIR,173095752.4,,36,49.8,29719999.31,29719999.31
2007,"Korea, Dem. People's Rep.",PRK,,,602,25.7,107160003.7,107160003.7
2007,"Korea, Rep.",KOR,1.41499E+12,108,1183,4.1,,
2007,Kosovo,XKX,,,,23.1,,
2007,Kuwait,KWT,2.29331E+11,38158,741,9.8,,
2007,Kyrgyz Republic,KGZ,14590482726,722,2257,31.3,239080001.8,239080001.8
2007,Lao PDR,LAO,18295566035,,10012,58.6,356019989,356019989
2007,Latvia,LVA,40130864612,27,660,7.7,,
2007,Lebanon,LBN,54999158545,464292,13089,11.3,999960022,999960022
2007,Lesotho,LSO,3774262815,,5,71.2,133550003.1,133550003.1
2007,Liberia,LBR,3201032132,10456,91542,80.9,1161160034,1161160034
2007,Libya,LBY,1.88771E+11,4090,1939,17.3,19840000.15,19840000.15
2007,Liechtenstein,LIE,,278,,,,
2007,Lithuania,LTU,61707091870,688,461,6.5,,
2007,Luxembourg,LUX,40857334357,2737,,2.5,,
2007,"Macao SAR, China",MAC,39413618434,,8,,,
2007,Madagascar,MDG,30338301403,,282,52.2,918760009.8,918760009.8
2007,Malawi,MWI,16703819666,2927,93,59.3,759309997.6,759309997.6
2007,Malaysia,MYS,5.02541E+11,32657,611,7,228199996.9,228199996.9
2007,Maldives,MDV,4111428697,,15,15.1,34180000.31,34180000.31
2007,Mali,MLI,22407447538,9202,4489,84.3,1025459961,1025459961
2007,Malta,MLT,10193344648,3003,10,6,,
2007,Marshall Islands,MHL,171434087.3,,,32.6,64419998.17,64419998.17
2007,Mauritania,MRT,13455758977,30465,33095,45.7,350230011,350230011
2007,Mauritius,MUS,16865294063,,67,13,67089996.34,67089996.34
2007,Mexico,MEX,1.56083E+12,1603,5568,18.1,128570007.3,128570007.3
2007,"Micronesia, Fed. Sts.",FSM,320947814.7,,,29.5,135309997.6,135309997.6
2007,Moldova,MDA,16063458807,140,4913,15.6,271929992.7,271929992.7
2007,Monaco,MCO,,,,1.3,,
2007,Mongolia,MNG,17372449858,5,1103,28.2,217979995.7,217979995.7
2007,Montenegro,MNE,7674256613,8527,555,7.8,105970001.2,105970001.2
2007,Morocco,MAR,1.91117E+11,779,4036,31.8,1210250000,1210250000
2007,Mozambique,MOZ,17891089731,2760,213,77.1,1778140015,1778140015
2007,Myanmar,MMR,1.06913E+11,,191308,53.9,198550003.1,198550003.1
2007,Namibia,NAM,15893732061,6522,1123,37.8,233600006.1,233600006.1
2007,Nauru,NRU,37232842.23,,,31.2,27819999.69,27819999.69
2007,Nepal,NPL,48461112329,130678,3364,41.9,562109985.4,562109985.4
2007,Netherlands,NLD,7.19889E+11,86576,44,4.1,,
2007,New Caledonia,NCL,,,,,,
2007,New Zealand,NZL,1.23895E+11,2715,12,5.3,,
2007,Nicaragua,NIC,21388820268,182,1899,23.2,738900024.4,738900024.4
2007,Niger,NER,14133536802,318,817,72.5,590369995.1,590369995.1
2007,Nigeria,NGA,5.76528E+11,8463,13898,89.9,1989689941,1989689941
2007,North Macedonia,MKD,19111317486,1234,8072,10.9,204100006.1,204100006.1
2007,Northern Mariana Islands,MNP,,,,,,
2007,Norway,NOR,2.6454E+11,34499,,3,,
2007,Oman,OMN,1.26607E+11,7,44,10.5,220970001.2,220970001.2
2007,Pakistan,PAK,7.12317E+11,2035025,31847,74.2,2080620117,2080620117
2007,Palau,PLW,266489644,,,22.8,26229999.54,26229999.54
2007,Panama,PAN,46829359581,16877,105,18.5,-101459999.1,-101459999.1
2007,Papua New Guinea,PNG,18257507754,10000,33,47.9,353809997.6,353809997.6
2007,Paraguay,PRY,51020933015,57,99,23.7,127199996.9,127199996.9
2007,Peru,PER,2.27696E+11,981,7738,18.2,349220001.2,349220001.2
2007,Philippines,PHL,4.48308E+11,102,1550,25.7,672559997.6,672559997.6
2007,Poland,POL,6.40615E+11,10037,2911,6.1,,
2007,Portugal,PRT,2.71337E+11,346,29,3.3,,
2007,Puerto Rico,PRI,1.15695E+11,,,,,
2007,Qatar,QAT,1.49908E+11,46,57,8.4,,
2007,Romania,ROU,2.86131E+11,1741,5299,12.9,,
2007,Russian Federation,RUS,2.37745E+12,1636,93218,9.6,,
2007,Rwanda,RWA,10302097204,53574,80955,54.5,792750000,792750000
2007,Samoa,WSM,889451139.9,,,16.5,42349998.47,42349998.47
2007,San Marino,SMR,2238836722,,,3,,
2007,Sao Tome and Principe,STP,430744957.6,,32,34.4,51369998.93,51369998.93
2007,Saudi Arabia,SAU,1.24422E+12,240742,737,12.6,-151350006.1,-151350006.1
2007,Senegal,SEN,29412987075,20417,15886,48.2,871619995.1,871619995.1
2007,Serbia,SRB,82950475127,97991,165636,7.1,859940002.4,859940002.4
2007,Seychelles,SYC,1656129937,,54,12.1,6349999.905,6349999.905
2007,Sierra Leone,SLE,6037158820,8794,32114,118,546390014.6,546390014.6
2007,Singapore,SGP,3.15667E+11,7,117,2.3,,
2007,Sint Maarten (Dutch part),SXM,,,,,,
2007,Slovak Republic,SVK,1.14077E+11,265,346,6.4,,
2007,Slovenia,SVN,55646978748,255,47,3.1,,
2007,Solomon Islands,SLB,934518920,,47,23.7,258739990.2,258739990.2
2007,Somalia,SOM,,903,457345,103.1,390899993.9,390899993.9
2007,South Africa,ZAF,6.08598E+11,36732,474,47.6,841719970.7,841719970.7
2007,South Sudan,SSD,,,,79.5,,
2007,Spain,ESP,1.46868E+12,5143,37,3.6,,
2007,Sri Lanka,LKA,1.39744E+11,184,134945,10.8,507420013.4,507420013.4
2007,St. Kitts and Nevis,KNA,994732706.8,,,15.2,3170000.076,3170000.076
2007,St. Lucia,LCA,2046175756,,227,16.4,19549999.24,19549999.24
2007,St. Martin (French part),MAF,,,,,,
2007,St. Vincent and the Grenadines,VCT,1182519756,,644,18.7,64650001.53,64650001.53
2007,Sudan,SDN,1.57857E+11,222720,523029,54.8,2215310059,2215310059
2007,Suriname,SUR,6121694431,,62,22.4,146089996.3,146089996.3
2007,Sweden,SWE,3.74251E+11,75055,17,2.7,,
2007,Switzerland,CHE,3.84536E+11,45642,33,4.1,,
2007,Syrian Arab Republic,SYR,,1955234,13684,16.3,76029998.78,76029998.78
2007,Tajikistan,TJK,14143620471,1136,887,41.8,204320007.3,204320007.3
2007,Tanzania,TZA,73232007247,435630,1250,53.1,2881149902,2881149902
2007,Thailand,THA,7.86519E+11,125627,2322,13.4,-343769989,-343769989
2007,Timor-Leste,TLS,1522849620,,6,65,287670013.4,287670013.4
2007,Togo,TGO,8256858348,1330,22481,63,122970001.2,122970001.2
2007,Tonga,TON,461417495.1,,,12.1,35400001.53,35400001.53
2007,Trinidad and Tobago,TTO,38248202105,15,210,22.1,20120000.84,20120000.84
2007,Tunisia,TUN,98964336947,93,2488,17.2,316290008.5,316290008.5
2007,Turkiye,TUR,1.0429E+12,6941,221937,19.1,778159973.1,778159973.1
2007,Turkmenistan,TKM,36183324108,126,667,40.6,21190000.53,21190000.53
2007,Turks and Caicos Islands,TCA,,,,5.4,15020000.46,15020000.46
2007,Tuvalu,TUV,30935677.4,,,29.1,11569999.69,11569999.69
2007,Uganda,UGA,53205404675,228956,21325,58.2,1772599976,1772599976
2007,Ukraine,UKR,4.18811E+11,7272,25980,11.6,438390014.6,438390014.6
2007,United Arab Emirates,ARE,5.37981E+11,161,305,8.1,,
2007,United Kingdom,GBR,2.17978E+12,299701,198,4.9,,
2007,United States,USA,1.44742E+13,281154,2164,6.6,,
2007,Uruguay,URY,47433286005,130,193,11,35880001.07,35880001.07
2007,Uzbekistan,UZB,1.18739E+11,1052,5658,31.6,177360000.6,177360000.6
2007,Vanuatu,VUT,569338590.1,,,23.8,61439998.63,61439998.63
2007,"Venezuela, RB",VEN,4.5692E+11,200904,5089,15,73809997.56,73809997.56
2007,Viet Nam,VNM,3.83044E+11,2357,327770,19.2,2414540039,2414540039
2007,Virgin Islands (U.S.),VIR,,,,,,
2007,West Bank and Gaza,PSE,12178463980,1793901,341231,20.7,1728020020,1728020020
2007,"Yemen, Rep.",YEM,80080965747,117358,1621,50.1,245539993.3,245539993.3
2007,Zambia,ZMB,32096043406,112931,192,57,1039709961,1039709961
2007,Zimbabwe,ZWE,19921718416,3984,14366,56.9,490369995.1,490369995.1
2007,Africa Eastern and Southern,AFE,1.45183E+12,1680776,2309300,65.06835853,20751680010,20751680010
2007,Africa Western and Central,AFW,1.01249E+12,614139,438512,81.25134302,12665900078,12665900078
2007,Arab World,ARB,4.56746E+12,7513404,3722655,35.20199354,20242460247,20242460247
2007,Caribbean small states,CSS,1.00308E+11,373,3026,19.79071576,455319998.7,455319998.7
2007,Central Europe and the Baltics,CEB,1.87172E+12,29607,118480,7.397964594,163919998.2,163919998.2
2007,Early-demographic dividend,EAR,1.73331E+13,10775920,1317736,44.90051955,25380470057,25380470057
2007,East Asia & Pacific,EAS,2.12929E+13,499176,726465,20.5,8665169972,8665169972
2007,East Asia & Pacific (excluding high income),EAP,1.30075E+13,472304,724560,21.70074353,8665169972,8665169972
2007,East Asia & Pacific (IDA & IBRD countries),TEA,1.29912E+13,472304,723958,21.65427256,8026159956,8026159956
2007,Euro area,EMU,1.14512E+13,935048,2389,3.656159313,,
2007,Europe & Central Asia,ECS,2.12283E+13,1589507,796107,11.7,6053870016,6053870016
2007,Europe & Central Asia (excluding high income),ECA,4.84441E+12,151909,680043,18.7789782,5889950018,5889950018
2007,Europe & Central Asia (IDA & IBRD countries),TEC,5.85536E+12,165328,788682,17.65924331,5716000013,5716000013
2007,European Union,EUU,1.36089E+13,1065248,119129,4.472779245,163919998.2,163919998.2
2007,Fragile and conflict affected situations,FCS,2.78887E+12,5544443,8198794,69.98176802,37860419720,37860419720
2007,Heavily indebted poor countries (HIPC),HPC,1.04864E+12,1950213,5607725,68.44503013,35528429523,35528429523
2007,High income,HIC,4.35658E+13,2223016,126440,5.6,365499998.6,365499998.6
2007,IBRD only,IBD,3.33483E+13,5453626,4500105,32.09768963,32813630162,32813630162
2007,IDA & IBRD total,IBT,3.67558E+13,11967184,10681187,44.90305951,79832739674,79832739674
2007,IDA blend,IDB,1.62359E+12,2422862,107651,74.79337493,9166719957,9166719957
2007,IDA only,IDX,1.79233E+12,4090696,6073431,62.02604515,37852389555,37852389555
2007,IDA total,IDA,3.41341E+12,6513558,6181082,66.38004776,47019109512,47019109512
2007,Late-demographic dividend,LTE,2.00111E+13,1150261,1544447,16.44545002,12281340019,12281340019
2007,Latin America & Caribbean,LCN,6.89882E+12,530374,624864,20.1,6923190061,6923190061
2007,Latin America & Caribbean (excluding high income),LAC,5.95611E+12,311073,617550,20.81436319,6552960056,6552960056
2007,Latin America & the Caribbean (IDA & IBRD countries),TLA,6.64807E+12,529757,617315,20.3186179,5712550036,5712550036
2007,Least developed countries: UN classification,LDC,1.52872E+12,2085686,6076711,65.29859874,34930679560,34930679560
2007,Low & middle income,LMY,3.50369E+13,13528982,10914562,45.23707634,1.0952E+11,1.0952E+11
2007,Low income,LIC,6.54839E+11,3231505,5479552,68.7,25500819626,25500819626
2007,Lower middle income,LMC,1.10812E+13,7490953,1369010,51.7,34414650076,34414650076
2007,Middle East & North Africa,MEA,5.84168E+12,8227013,2779040,25.8,19130580173,19130580173
2007,Middle East & North Africa (excluding high income),MNA,3.30787E+12,7943746,2775542,27.61251983,19060960178,19060960178
2007,Middle East & North Africa (IDA & IBRD countries),TMN,3.29617E+12,6149845,2434311,27.722614,15543980167,15543980167
2007,Middle income,MIC,3.4395E+13,10297477,5435010,41.03579404,56747941406,56747941406
2007,North America,NAC,1.57807E+13,456882,2694,6.5,,
2007,Not classified,INX,,,,,,
2007,OECD members,OED,4.20725E+13,1944811,796891,8.498583619,1897119980,1897119980
2007,Other small states,OSS,4.59651E+11,60820,116456,49.78884725,1814620019,1814620019
2007,Pacific island small states,PSS,10246237291,,1907,23.13530879,746669981,746669981
2007,Post-demographic dividend,PST,3.89665E+13,1922152,231233,5.170599919,1409710042,1409710042
2007,Pre-demographic dividend,PRE,1.92804E+12,2104291,7952575,73.73457336,42580309582,42580309582
2007,Small states,SST,5.70335E+11,61193,121389,43.47318554,3016609999,3016609999
2007,South Asia,SAS,5.47114E+12,2355035,3369109,54.4,11247969955,11247969955
2007,South Asia (IDA & IBRD),TSA,5.47114E+12,2355035,3369109,54.42790902,11128269958,11128269958
2007,Sub-Saharan Africa,SSF,2.46353E+12,2294915,2747812,71.9,36798369630,36798369630
2007,Sub-Saharan Africa (excluding high income),SSA,2.46187E+12,2294915,2747758,71.90224935,36762749630,36762749630
2007,Sub-Saharan Africa (IDA & IBRD countries),TSS,2.46353E+12,2294915,2747812,71.89929333,33705779542,33705779542
2007,Upper middle income,UMC,2.32992E+13,2806524,4066000,18.4,21515859997,21515859997
2007,World,WLD,7.88807E+13,15952902,15952902,41.3,1.09915E+11,1.09915E+11
2008,Afghanistan,AFG,35312296534,37,2833116,69.3,4989069824,4989069824
2008,Albania,ALB,24251544638,57,15007,14.1,336769989,336769989
2008,Algeria,DZA,4.39523E+11,94094,9044,25.6,292470001.2,292470001.2
2008,American Samoa,ASM,,,,,,
2008,Andorra,AND,,,5,4.6,,
2008,Angola,AGO,1.43492E+11,12704,171374,85.4,357429992.7,357429992.7
2008,Antigua and Barbuda,ATG,2195924594,,25,9.2,5329999.924,5329999.924
2008,Argentina,ARG,6.98224E+11,2824,1039,13.7,117029998.8,117029998.8
2008,Armenia,ARM,24157669802,3952,16333,18.3,305489990.2,305489990.2
2008,Aruba,ABW,3925705761,,,,,
2008,Australia,AUS,7.97224E+11,20915,37,4.4,,
2008,Austria,AUT,3.43813E+11,37546,15,3.8,,
2008,Azerbaijan,AZE,1.13654E+11,2060,16321,36.8,212360000.6,212360000.6
2008,"Bahamas, The",BHS,10959295266,,11,13.9,,
2008,Bahrain,BHR,53384007744,48,72,8,,
2008,Bangladesh,BGD,3.8179E+11,28384,10097,42.7,1698160034,1698160034
2008,Barbados,BRB,4818874118,,33,14.1,8760000.229,8760000.229
2008,Belarus,BLR,1.32429E+11,602,5376,5.1,103569999.7,103569999.7
2008,Belgium,BEL,4.05729E+11,17025,58,3.8,,
2008,Belize,BLZ,3019481404,277,18,17,22389999.39,22389999.39
2008,Benin,BEN,20439187423,6927,315,72.3,609739990.2,609739990.2
2008,Bermuda,BMU,4908095299,,,,,
2008,Bhutan,BTN,3770321645,,104960,38,75830001.83,75830001.83
2008,Bolivia,BOL,47373527752,649,455,36.9,576950012.2,576950012.2
2008,Bosnia and Herzegovina,BIH,33896710104,7254,74358,6.9,428519989,428519989
2008,Botswana,BWA,26368494841,3020,29,49.4,746039978,746039978
2008,Brazil,BRA,2.5589E+12,3831,1401,18.4,441309997.6,441309997.6
2008,British Virgin Islands,VGB,,,,14.1,,
2008,Brunei Darussalam,BRN,30396365594,,,7.7,,
2008,Bulgaria,BGR,1.07495E+11,5108,3036,9.5,,
2008,Burkina Faso,BFA,20614029336,556,719,72.8,949849975.6,949849975.6
2008,Burundi,BDI,5175835828,21092,281583,66.4,495230011,495230011
2008,Cabo Verde,CPV,3012817175,,27,23.1,212880004.9,212880004.9
2008,Cambodia,KHM,32164277924,160,17250,43.2,606119995.1,606119995.1
2008,Cameroon,CMR,53302407407,81033,13852,72.7,523140014.6,523140014.6
2008,Canada,CAN,1.3424E+12,173642,100,5.1,,
2008,Cayman Islands,CYM,3901715952,,,,,
2008,Central African Republic,CAF,3635577477,7423,125090,94.6,256200012.2,256200012.2
2008,Chad,TCD,18046780608,330510,55083,87.8,430970001.2,430970001.2
2008,Channel Islands,CHI,,,,,,
2008,Chile,CHL,2.75755E+11,1607,988,7.6,88830001.83,88830001.83
2008,China,CHN,1.00428E+13,300966,175169,14.8,1227449951,1227449951
2008,Colombia,COL,4.50912E+11,165,373532,16.8,1074969971,1074969971
2008,Comoros,COM,1423450740,,376,57.7,38049999.24,38049999.24
2008,"Congo, Dem. Rep.",COD,36480127903,155162,367991,88.5,1706680054,1706680054
2008,"Congo, Rep.",COG,18293718364,24771,19922,47.1,438799987.8,438799987.8
2008,Costa Rica,CRI,55361083077,18119,354,9.5,71160003.66,71160003.66
2008,Cote d'Ivoire,CIV,67018749390,24802,22218,79,576190002.4,576190002.4
2008,Croatia,HRV,90411107488,1591,97016,5,222100006.1,222100006.1
2008,Cuba,CUB,,523,7928,5.4,118069999.7,118069999.7
2008,Curacao,CUW,3806293388,,,,,
2008,Cyprus,CYP,27398607091,1458,10,3.3,,
2008,Czechia,CZE,2.90504E+11,2095,1354,3,,
2008,Denmark,DNK,2.26767E+11,23385,10,3.6,,
2008,Djibouti,DJI,,9228,638,65.9,134130004.9,134130004.9
2008,Dominica,DMA,700742825.3,,56,19.3,19729999.54,19729999.54
2008,Dominican Republic,DOM,99325233352,,313,29.2,171550003.1,171550003.1
2008,Ecuador,ECU,1.28699E+11,101368,1063,17.7,238529998.8,238529998.8
2008,"Egypt, Arab Rep.",EGY,7.03118E+11,97851,6777,26.1,1718130005,1718130005
2008,El Salvador,SLV,37216065186,34,5154,18.2,233020004.3,233020004.3
2008,Equatorial Guinea,GNQ,33094595462,,381,84.4,28620000.84,28620000.84
2008,Eritrea,ERI,4355564713,4862,186392,41.6,139500000,139500000
2008,Estonia,EST,30488783701,16,248,4.3,,
2008,Eswatini,SWZ,7708135617,775,28,64.2,68720001.22,68720001.22
2008,Ethiopia,ETH,72265338911,83573,63863,59.8,3329120117,3329120117
2008,Faroe Islands,FRO,,,,,,
2008,Fiji,FJI,6581233400,,1862,20.2,45869998.93,45869998.93
2008,Finland,FIN,2.12981E+11,6621,,2.7,,
2008,France,FRA,2.25926E+12,171206,97,3.2,,
2008,French Polynesia,PYF,,,,,,
2008,Gabon,GAB,22066944569,8998,132,43.9,58389999.39,58389999.39
2008,"Gambia, The",GMB,3795220001,14833,1336,48.7,93500000,93500000
2008,Georgia,GEO,27474125341,1001,12597,15.4,865549987.8,865549987.8
2008,Germany,DEU,3.10396E+12,582719,162,3.6,,
2008,Ghana,GHA,85231540998,18201,13225,51,1258670044,1258670044
2008,Gibraltar,GIB,,,,,,
2008,Greece,GRC,3.41818E+11,2169,67,3.5,,
2008,Greenland,GRL,,,,,,
2008,Grenada,GRD,1219634522,,310,13.1,30469999.31,30469999.31
2008,Guam,GUM,,,,,,
2008,Guatemala,GTM,89643564040,127,5927,30.8,496440002.4,496440002.4
2008,Guinea,GIN,15969802623,21485,9481,79.6,340869995.1,340869995.1
2008,Guinea-Bissau,GNB,1851306497,7885,1053,79.2,125459999.1,125459999.1
2008,Guyana,GUY,6364653193,,707,31.6,119370002.7,119370002.7
2008,Haiti,HTI,25959715178,,23059,61.3,836929992.7,836929992.7
2008,Honduras,HND,30491064152,26,1116,22.4,452839996.3,452839996.3
2008,"Hong Kong SAR, China",HKG,3.25754E+11,90,9,,,
2008,Hungary,HUN,2.08006E+11,7740,1612,5.5,,
2008,Iceland,ISL,13879915595,39,10,2.2,,
2008,India,IND,4.38776E+12,184539,19551,49.3,1909209961,1909209961
2008,Indonesia,IDN,1.81736E+12,360,19339,30.1,1137189941,1137189941
2008,"Iran, Islamic Rep.",IRN,1.27066E+12,980104,69051,18.5,88730003.36,88730003.36
2008,Iraq,IRQ,3.3764E+11,39503,1903516,30.3,10058230469,10058230469
2008,Ireland,IRL,1.98299E+11,9714,7,3.8,,
2008,Isle of Man,IMN,,,,,,
2008,Israel,ISR,2.04609E+11,9125,1486,3.9,,
2008,Italy,ITA,2.08972E+12,47059,57,3.5,,
2008,Jamaica,JAM,23129662940,,825,15.5,81989997.86,81989997.86
2008,Japan,JPN,4.51727E+12,2016,183,2.5,,
2008,Jordan,JOR,62775763276,2452009,1882,18.2,803859985.4,803859985.4
2008,Kazakhstan,KAZ,2.83754E+11,4349,4825,21.9,336279998.8,336279998.8
2008,Kenya,KEN,96389092764,320598,9682,40.5,1388459961,1388459961
2008,Kiribati,KIR,172725992,,36,49.9,27190000.53,27190000.53
2008,"Korea, Dem. People's Rep.",PRK,,,881,25.2,231399993.9,231399993.9
2008,"Korea, Rep.",KOR,1.469E+12,162,1099,3.9,,
2008,Kosovo,XKX,11437356904,,,21.3,,
2008,Kuwait,KWT,2.39525E+11,38237,847,9.7,,
2008,Kyrgyz Republic,KGZ,16119665465,374,2526,29.6,296339996.3,296339996.3
2008,Lao PDR,LAO,20105530306,,8596,56.2,446079986.6,446079986.6
2008,Latvia,LVA,42617061830,27,765,7.3,,
2008,Lebanon,LBN,61137615207,472601,12966,10.7,1028359985,1028359985
2008,Lesotho,LSO,4059063779,,5,73.8,139500000,139500000
2008,Liberia,LBR,3495548653,10216,75221,77.2,1252520020,1252520020
2008,Libya,LBY,1.9208E+11,6713,2068,16.1,71690002.44,71690002.44
2008,Liechtenstein,LIE,,84,,,,
2008,Lithuania,LTU,66270586755,749,486,5.9,,
2008,Luxembourg,LUX,44452842913,3109,,2.5,,
2008,"Macao SAR, China",MAC,41531927417,,8,,,
2008,Madagascar,MDG,32995727063,,278,50.6,822010009.8,822010009.8
2008,Malawi,MWI,18324790799,4174,103,56.2,880909973.1,880909973.1
2008,Malaysia,MYS,5.36927E+11,36668,607,7,152470001.2,152470001.2
2008,Maldives,MDV,4587745440,,15,13.9,51409999.85,51409999.85
2008,Mali,MLI,23927260404,9574,1751,82.2,920469970.7,920469970.7
2008,Malta,MLT,10858151620,4329,10,6,,
2008,Marshall Islands,MHL,161362087.1,,,32.4,62389999.39,62389999.39
2008,Mauritania,MRT,13668427773,27036,45592,44,437220001.2,437220001.2
2008,Mauritius,MUS,18114711113,,20,12.7,98980003.36,98980003.36
2008,Mexico,MEX,1.6539E+12,1038,6160,17.5,166289993.3,166289993.3
2008,"Micronesia, Fed. Sts.",FSM,319225118,,,29.2,106819999.7,106819999.7
2008,Moldova,MDA,17648525729,135,5551,15.2,284519989,284519989
2008,Monaco,MCO,,,,1.3,,
2008,Mongolia,MNG,19281509071,11,1329,25.9,231589996.3,231589996.3
2008,Montenegro,MNE,8524390887,24739,1280,7.1,97400001.53,97400001.53
2008,Morocco,MAR,2.05855E+11,768,3520,30.1,1361050049,1361050049
2008,Mozambique,MOZ,19568565093,3156,198,74.6,1898349976,1898349976
2008,Myanmar,MMR,1.21031E+11,,184410,63.4,513159973.1,513159973.1
2008,Namibia,NAM,16627794667,6794,976,37.8,209529998.8,209529998.8
2008,Nauru,NRU,62612456.26,,,31.2,31899999.62,31899999.62
2008,Nepal,NPL,52405679686,124826,4190,40,595830017.1,595830017.1
2008,Netherlands,NLD,7.63408E+11,77589,46,4,,
2008,New Caledonia,NCL,,,,,,
2008,New Zealand,NZL,1.27058E+11,2702,8,5.3,,
2008,Nicaragua,NIC,22548140132,142,1533,22.2,639900024.4,639900024.4
2008,Niger,NER,15518288521,316,789,69.9,589739990.2,589739990.2
2008,Nigeria,NGA,6.27333E+11,10127,14170,87.8,1323489990,1323489990
2008,North Macedonia,MKD,21537242994,1671,7513,10.3,193389999.4,193389999.4
2008,Northern Mariana Islands,MNP,,,,,,
2008,Norway,NOR,2.95976E+11,36076,,2.9,,
2008,Oman,OMN,1.39616E+11,7,55,10.3,73360000.61,73360000.61
2008,Pakistan,PAK,7.3833E+11,1780935,32391,72.9,1044040039,1044040039
2008,Palau,PLW,255897022.8,,,22.3,47240001.68,47240001.68
2008,Panama,PAN,52431374490,16906,106,18,36450000.76,36450000.76
2008,Papua New Guinea,PNG,18552510605,10005,44,46.9,320380004.9,320380004.9
2008,Paraguay,PRY,55377518457,70,97,23.1,137660003.7,137660003.7
2008,Peru,PER,2.53243E+11,1060,7329,17.2,463440002.4,463440002.4
2008,Philippines,PHL,4.76756E+11,99,1348,25.4,74309997.56,74309997.56
2008,Poland,POL,6.97829E+11,12761,2385,5.8,,
2008,Portugal,PRT,2.81543E+11,393,35,3.2,,
2008,Puerto Rico,PRI,1.1574E+11,,,,,
2008,Qatar,QAT,1.79771E+11,13,69,8.2,,
2008,Romania,ROU,3.44671E+11,1586,4747,11.9,,
2008,Russian Federation,RUS,2.8782E+12,3470,103061,9,,
2008,Rwanda,RWA,11671581751,55067,72529,50.3,915830017.1,915830017.1
2008,Samoa,WSM,938746668.8,,5,16.6,41209999.08,41209999.08
2008,San Marino,SMR,2270345797,,,2.8,,
2008,Sao Tome and Principe,STP,466351119.6,,32,32.1,44750000,44750000
2008,Saudi Arabia,SAU,1.34734E+12,240570,700,11.9,699999.9881,
2008,Senegal,SEN,31087211461,33189,16007,46.1,1018580017,1018580017
2008,Serbia,SRB,92848606895,96735,185930,6.9,915530029.3,915530029.3
2008,Seychelles,SYC,1641882332,,51,12.2,6949999.809,6949999.809
2008,Sierra Leone,SLE,6487415124,7825,32517,114.5,360630004.9,360630004.9
2008,Singapore,SGP,3.27716E+11,7,106,2.3,,
2008,Sint Maarten (Dutch part),SXM,,,,,,
2008,Slovak Republic,SVK,1.27627E+11,301,333,6.2,,
2008,Slovenia,SVN,59839628015,257,49,2.9,,
2008,Solomon Islands,SLB,1011741138,,51,23.3,233690002.4,233690002.4
2008,Somalia,SOM,,1842,561145,101.2,762659973.1,762659973.1
2008,South Africa,ZAF,6.40064E+11,43542,449,44.3,1135449951,1135449951
2008,South Sudan,SSD,25453482655,,,76,,
2008,Spain,ESP,1.52858E+12,4649,26,3.4,,
2008,Sri Lanka,LKA,1.50899E+11,271,137742,10.3,609369995.1,609369995.1
2008,St. Kitts and Nevis,KNA,1127140161,,,14.9,42229999.54,42229999.54
2008,St. Lucia,LCA,2188634187,,288,16.7,15489999.77,15489999.77
2008,St. Martin (French part),MAF,,,,,,
2008,St. Vincent and the Grenadines,VCT,1210076423,,748,18.5,24750000,24750000
2008,Sudan,SDN,1.67073E+11,181605,419249,53.4,2598580078,2598580078
2008,Suriname,SUR,6497615905,,50,21.8,91610000.61,91610000.61
2008,Sweden,SWE,3.88684E+11,77016,16,2.6,,
2008,Switzerland,CHE,4.11512E+11,46131,32,4,,
2008,Syrian Arab Republic,SYR,,1567590,15206,16.2,146149993.9,146149993.9
2008,Tajikistan,TJK,15553661348,1800,541,39.9,235449996.9,235449996.9
2008,Tanzania,TZA,78880693316,321908,1262,51.1,2234989990,2234989990
2008,Thailand,THA,8.15437E+11,112916,1811,12.8,-591739990.2,-591739990.2
2008,Timor-Leste,TLS,1728844547,,7,62.7,267869995.1,267869995.1
2008,Togo,TGO,8757066844,9377,16734,61.5,306899993.9,306899993.9
2008,Tonga,TON,492605662,,5,11.8,26870000.84,26870000.84
2008,Trinidad and Tobago,TTO,40303936370,36,228,21.5,8539999.962,8539999.962
2008,Tunisia,TUN,1.05137E+11,90,2334,16.6,346320007.3,346320007.3
2008,Turkiye,TUR,1.13955E+12,11090,214365,17.8,1022710022,1022710022
2008,Turkmenistan,TKM,42298258528,81,735,39.2,11829999.92,11829999.92
2008,Turks and Caicos Islands,TCA,,,,5.3,,
2008,Tuvalu,TUV,33630936.49,,,28.1,16270000.46,16270000.46
2008,Uganda,UGA,58948243305,162132,7533,54.9,1612719971,1612719971
2008,Ukraine,UKR,4.3642E+11,7189,28416,11.1,598419982.9,598419982.9
2008,United Arab Emirates,ARE,5.658E+11,204,255,7.9,,
2008,United Kingdom,GBR,2.27271E+12,292081,182,4.8,,
2008,United States,USA,1.47699E+13,279468,2126,6.5,,
2008,Uruguay,URY,51812190023,133,194,10.3,30530000.69,30530000.69
2008,Uzbekistan,UZB,1.31944E+11,819,6297,29.1,176309997.6,176309997.6
2008,Vanuatu,VUT,612758332.7,5,,23.9,99190002.44,99190002.44
2008,"Venezuela, RB",VEN,4.90261E+11,201160,5801,14.8,57369998.93,57369998.93
2008,Viet Nam,VNM,4.12494E+11,2357,328175,18.9,2235110107,2235110107
2008,Virgin Islands (U.S.),VIR,,,,,,
2008,West Bank and Gaza,PSE,13334151738,1836123,340004,20,2396419922,2396419922
2008,"Yemen, Rep.",YEM,84593896849,140166,1764,48.1,415649993.9,415649993.9
2008,Zambia,ZMB,35254591577,83484,191,54.7,1087750000,1087750000
2008,Zimbabwe,ZWE,16716335459,3465,16824,56.4,625409973.1,625409973.1
2008,Africa Eastern and Southern,AFE,1.54698E+12,1468955,2162163,62.49700988,23153240047,23153240047
2008,Africa Western and Central,AFW,1.09665E+12,655084,465615,79.16779424,11995780109,11995780109
2008,Arab World,ARB,4.91584E+12,7206298,3328079,34.06279701,22683030471,22682330471
2008,Caribbean small states,CSS,1.03736E+11,313,3299,19.34943599,470659998.9,470659998.9
2008,Central Europe and the Baltics,CEB,2.06576E+12,32231,112031,6.974685391,222100006.1,222100006.1
2008,Early-demographic dividend,EAR,1.84153E+13,10125840,1300535,43.30222012,29989330001,29988630001
2008,East Asia & Pacific,EAS,2.28046E+13,489439,742375,19.7,8339029965,8339029965
2008,East Asia & Pacific (excluding high income),EAP,1.43432E+13,463547,740925,20.77063217,8339029965,8339029965
2008,East Asia & Pacific (IDA & IBRD countries),TEA,1.43253E+13,463547,740044,20.7198425,7358629965,7358629965
2008,Euro area,EMU,1.19387E+13,966936,2471,3.557718627,,
2008,Europe & Central Asia,ECS,2.27702E+13,1635678,813898,11.1,7006489988,7006489988
2008,Europe & Central Asia (excluding high income),ECA,5.55919E+12,172486,704068,17.55790922,6784389982,6784389982
2008,Europe & Central Asia (IDA & IBRD countries),TEC,6.6921E+12,188424,808216,16.49486513,6642539976,6642539976
2008,European Union,EUU,1.4293E+13,1098218,112647,4.31821442,222100006.1,222100006.1
2008,Fragile and conflict affected situations,FCS,2.98734E+12,5208039,7480546,68.39113989,39270570263,39270570263
2008,Heavily indebted poor countries (HIPC),HPC,1.12913E+12,1714870,5273616,66.17106746,36671640041,36671640041
2008,High income,HIC,4.51058E+13,2253409,119343,5.5,554980009.1,554980009.1
2008,IBRD only,IBD,3.63458E+13,5392317,3941838,30.42569917,36131110371,36131110371
2008,IDA & IBRD total,IBT,3.99935E+13,11105291,9785742,43.23812947,83688390362,83688390362
2008,IDA blend,IDB,1.7175E+12,2231753,116480,72.99754758,6457089966,6457089966
2008,IDA only,IDX,1.93897E+12,3481221,5727424,60.27804657,41100190025,41100190025
2008,IDA total,IDA,3.65331E+12,5712974,5843904,64.64815158,47557279991,47557279991
2008,Late-demographic dividend,LTE,2.21658E+13,1153445,1426418,15.27542371,12857110056,12857110056
2008,Latin America & Caribbean,LCN,7.33196E+12,350095,446848,19.4,8703589962,8703589962
2008,Latin America & Caribbean (excluding high income),LAC,6.3508E+12,130253,438755,19.97705109,8341929962,8341929962
2008,Latin America & the Caribbean (IDA & IBRD countries),TLA,7.07385E+12,349572,438876,19.53670143,6793100005,6793100005
2008,Least developed countries: UN classification,LDC,1.66003E+12,1880714,5703966,63.4487772,37612689955,37612689955
2008,Low & middle income,LMY,3.81246E+13,12706157,10022307,43.56512364,1.21769E+11,1.21769E+11
2008,Low income,LIC,7.05407E+11,2778973,5122124,66.3,27658719948,27658719948
2008,Lower middle income,LMC,1.17172E+13,7239841,1374920,50.1,34980140001,34980140001
2008,Middle East & North Africa,MEA,6.20994E+12,7989373,2372264,24.6,24111000191,24111000191
2008,Middle East & North Africa (excluding high income),MNA,3.486E+12,7696840,2368770,26.47624514,24037640190,24037640190
2008,Middle East & North Africa (IDA & IBRD countries),TMN,3.47317E+12,5860717,2028766,26.57875111,16464770500,16464770500
2008,Middle income,MIC,3.74327E+13,9927184,4900183,39.46801897,59308910156,59308910156
2008,North America,NAC,1.61172E+13,453110,2226,6.4,,
2008,Not classified,INX,,,,,,
2008,OECD members,OED,4.35091E+13,1978522,608490,8.16986171,2423959991,2423959991
2008,Other small states,OSS,5.09887E+11,82175,111765,49.05189451,2498009988,2498009988
2008,Pacific island small states,PSS,10642538815,5,1959,23.07783253,738640005.1,738640005.1
2008,Post-demographic dividend,PST,4.02024E+13,1941213,224178,5.047676192,1484769978,1484769978
2008,Pre-demographic dividend,PRE,2.09128E+12,1940144,7196227,71.5190799,41921380243,41921380243
2008,Small states,SST,6.24373E+11,82493,117023,42.89010914,3707309992,3707309992
2008,South Asia,SAS,5.75486E+12,2118992,3142062,52.5,11138159878,11138159878
2008,South Asia (IDA & IBRD),TSA,5.75486E+12,2118992,3142062,52.44421573,10972919872,10972919872
2008,Sub-Saharan Africa,SSF,2.643E+12,2124039,2627778,69.5,39336140004,39336140004
2008,Sub-Saharan Africa (excluding high income),SSA,2.64136E+12,2124039,2627727,69.53606324,39300570004,39300570004
2008,Sub-Saharan Africa (IDA & IBRD countries),TSS,2.643E+12,2124039,2627778,69.53318509,35456430043,35456430043
2008,Upper middle income,UMC,2.57011E+13,2687343,3525263,17.2,23265190321,23265190321
2008,World,WLD,8.3528E+13,15160726,15160726,39.8,1.22505E+11,1.22505E+11
2009,Afghanistan,AFG,43140533618,36,2887114,66.8,6558370117,6558370117
2009,Albania,ALB,25801737772,69,15707,12.9,338089996.3,338089996.3
2009,Algeria,DZA,4.49418E+11,94136,8168,24.7,283380004.9,283380004.9
2009,American Samoa,ASM,,,,,,
2009,Andorra,AND,,,5,4.4,,
2009,Angola,AGO,1.45654E+11,14722,141006,80.4,245509994.5,245509994.5
2009,Antigua and Barbuda,ATG,1945623930,,27,8.8,4099999.905,4099999.905
2009,Argentina,ARG,6.6111E+11,3209,604,13.4,110019996.6,110019996.6
2009,Armenia,ARM,20884445686,3605,18004,17.4,405679992.7,405679992.7
2009,Aruba,ABW,3489264744,,,,,
2009,Australia,AUS,8.74318E+11,22543,23,4.2,,
2009,Austria,AUT,3.41396E+11,38895,15,3.7,,
2009,Azerbaijan,AZE,1.25016E+11,1643,16945,34.6,212500000,212500000
2009,"Bahamas, The",BHS,10568967269,,12,13.6,,
2009,Bahrain,BHR,55090758632,139,72,7.6,,
2009,Bangladesh,BGD,4.03622E+11,228587,10428,40.7,1093199951,1093199951
2009,Barbados,BRB,4606412308,,28,13.9,11350000.38,11350000.38
2009,Belarus,BLR,1.33545E+11,578,5518,4.6,98629997.25,98629997.25
2009,Belgium,BEL,4.07567E+11,15536,66,3.8,,
2009,Belize,BLZ,3025088188,230,16,16.6,26110000.61,26110000.61
2009,Benin,BEN,21047276240,7204,409,70.9,668809997.6,668809997.6
2009,Bermuda,BMU,4661620198,,,,,
2009,Bhutan,BTN,4050552394,,89064,36,98489997.86,98489997.86
2009,Bolivia,BOL,49277693035,664,570,35,604289978,604289978
2009,Bosnia and Herzegovina,BIH,33732342323,7130,70006,6.6,399209991.5,399209991.5
2009,Botswana,BWA,22783977994,3023,32,48.7,322459991.5,322459991.5
2009,Brazil,BRA,2.57206E+12,4218,973,17.5,363600006.1,363600006.1
2009,British Virgin Islands,VGB,,,,13.9,,
2009,Brunei Darussalam,BRN,30051400073,,,7.8,,
2009,Bulgaria,BGR,1.05577E+11,5375,2743,9.3,,
2009,Burkina Faso,BFA,21360646877,543,983,70.5,1070890015,1070890015
2009,Burundi,BDI,5407616903,24965,94221,62.8,567330017.1,567330017.1
2009,Cabo Verde,CPV,2986537296,,22,22.8,194369995.1,194369995.1
2009,Cambodia,KHM,32398500570,131,17022,40.2,636450012.2,636450012.2
2009,Cameroon,CMR,55027666866,99950,14752,71.1,638400024.4,638400024.4
2009,Canada,CAN,1.307E+12,169424,97,5,,
2009,Cayman Islands,CYM,3643981087,,,,,
2009,Central African Republic,CAF,3973077427,27041,159542,92.7,240500000,240500000
2009,Chad,TCD,18928489245,338495,54997,86.1,577669982.9,577669982.9
2009,Channel Islands,CHI,,,,,,
2009,Chile,CHL,2.71328E+11,1539,1305,7.5,70379997.25,70379997.25
2009,China,CHN,1.10571E+13,300985,180546,13.6,1087479980,1087479980
2009,Colombia,COL,4.58974E+11,184,389753,16.3,1161770020,1161770020
2009,Comoros,COM,1479000438,,268,56.1,47299999.24,47299999.24
2009,"Congo, Dem. Rep.",COD,37762155755,185809,455852,86.2,2384070068,2384070068
2009,"Congo, Rep.",COG,20553510906,111403,20546,44.9,268149993.9,268149993.9
2009,Costa Rica,CRI,55229268523,19101,344,9.3,103129997.3,103129997.3
2009,Cote d'Ivoire,CIV,69878688708,24598,23148,76.9,2336350098,2336350098
2009,Croatia,HRV,87082613706,1240,76479,4.8,158809997.6,158809997.6
2009,Cuba,CUB,,445,7537,5.2,110069999.7,110069999.7
2009,Curacao,CUW,3810337234,,,,,
2009,Cyprus,CYP,27381671229,2888,10,3.1,,
2009,Czechia,CZE,2.89942E+11,2299,1060,2.9,,
2009,Denmark,DNK,2.22756E+11,20340,10,3.6,,
2009,Djibouti,DJI,,12106,613,64.2,158770004.3,158770004.3
2009,Dominica,DMA,696985915.6,,51,20.3,34250000,34250000
2009,Dominican Republic,DOM,1.00908E+11,,222,29.1,136330001.8,136330001.8
2009,Ecuador,ECU,1.30258E+11,116532,1029,17,225300003.1,225300003.1
2009,"Egypt, Arab Rep.",EGY,7.40696E+11,94392,6983,25.1,992169982.9,992169982.9
2009,El Salvador,SLV,36673259945,32,5053,17.4,291760009.8,291760009.8
2009,Equatorial Guinea,GNQ,33754144712,,341,81.7,28579999.92,28579999.92
2009,Eritrea,ERI,4553407654,4751,209164,40.4,142050003.1,142050003.1
2009,Estonia,EST,27328318321,16,249,3.9,,
2009,Eswatini,SWZ,7878950588,757,28,61.2,57310001.37,57310001.37
2009,Ethiopia,ETH,79130494301,121880,62877,57,3939850098,3939850098
2009,Faroe Islands,FRO,,,,,,
2009,Fiji,FJI,6531613082,,1888,20.2,66470001.22,66470001.22
2009,Finland,FIN,2.02731E+11,7448,6,2.6,,
2009,France,FRA,2.24394E+12,196364,80,3.2,,
2009,French Polynesia,PYF,,,,,,
2009,Gabon,GAB,22237328130,8843,145,43,73419998.17,73419998.17
2009,"Gambia, The",GMB,4074146025,10113,1966,47.3,124449996.9,124449996.9
2009,Georgia,GEO,26640846923,872,15015,13.9,827849975.6,827849975.6
2009,Germany,DEU,3.01533E+12,593787,167,3.5,,
2009,Ghana,GHA,89933332781,13655,14876,49.2,1590819946,1590819946
2009,Gibraltar,GIB,,,,,,
2009,Greece,GRC,3.37203E+11,1700,61,3.4,,
2009,Greenland,GRL,,,,,,
2009,Grenada,GRD,1146276984,,332,13.2,45189998.63,45189998.63
2009,Guam,GUM,,,,,,
2009,Guatemala,GTM,90648387301,127,5763,29.7,374260009.8,374260009.8
2009,Guinea,GIN,15891728982,15322,10912,78.1,212059997.6,212059997.6
2009,Guinea-Bissau,GNB,1925942349,7897,1100,75.8,142130004.9,142130004.9
2009,Guyana,GUY,6636781027,,724,31,112660003.7,112660003.7
2009,Haiti,HTI,27665031802,,24110,60.1,1024270020,1024270020
2009,Honduras,HND,29940316629,18,1165,21.6,429640014.6,429640014.6
2009,"Hong Kong SAR, China",HKG,3.1978E+11,78,10,,,
2009,Hungary,HUN,2.07698E+11,6041,1535,5.2,,
2009,Iceland,ISL,13333839397,58,5,2.2,,
2009,India,IND,4.76306E+12,185318,19496,47.2,2417489990,2417489990
2009,Indonesia,IDN,1.91367E+12,794,18207,29,1005590027,1005590027
2009,"Iran, Islamic Rep.",IRN,1.29168E+12,1070483,72771,17.4,85430000.31,85430000.31
2009,Iraq,IRQ,3.51287E+11,35213,1785215,29.5,3225919922,3225919922
2009,Ireland,IRL,1.88089E+11,9561,7,3.6,,
2009,Isle of Man,IMN,,,,,,
2009,Israel,ISR,2.08872E+11,17725,1298,3.8,,
2009,Italy,ITA,2.04489E+12,54962,42,3.4,,
2009,Jamaica,JAM,22266417997,24,908,15.2,146830001.8,146830001.8
2009,Japan,JPN,4.29563E+12,2331,148,2.4,,
2009,Jordan,JOR,66352013457,2434485,2109,17.7,821979980.5,821979980.5
2009,Kazakhstan,KAZ,2.89E+11,4334,3741,20,285809997.6,285809997.6
2009,Kenya,KEN,1.00215E+11,358916,9609,39.4,1877880005,1877880005
2009,Kiribati,KIR,175228654,,31,49.7,26729999.54,26729999.54
2009,"Korea, Dem. People's Rep.",PRK,,,878,24.4,67319999.69,67319999.69
2009,"Korea, Rep.",KOR,1.45499E+12,253,567,3.7,,
2009,Kosovo,XKX,12090213804,,,19.6,786299987.8,786299987.8
2009,Kuwait,KWT,2.24003E+11,222,936,9.5,,
2009,Kyrgyz Republic,KGZ,16691228367,422,2611,27.8,261380004.9,261380004.9
2009,Lao PDR,LAO,21752336621,,8397,54,370850006.1,370850006.1
2009,Latvia,LVA,36461137242,40,787,6.9,,
2009,Lebanon,LBN,67825271728,476038,16250,10.1,583190002.4,583190002.4
2009,Lesotho,LSO,4033791757,,5,70.1,124069999.7,124069999.7
2009,Liberia,LBR,3704424090,6943,71601,74.3,515210022,515210022
2009,Libya,LBY,1.84805E+11,9000,2189,15.1,38900001.53,38900001.53
2009,Liechtenstein,LIE,,86,,,,
2009,Lithuania,LTU,57304625998,790,496,5.4,,
2009,Luxembourg,LUX,43245754134,3230,,2.4,,
2009,"Macao SAR, China",MAC,42330770547,6,8,,,
2009,Madagascar,MDG,31885996424,,271,49.2,435600006.1,435600006.1
2009,Malawi,MWI,19978134786,5436,126,54.1,778260009.8,778260009.8
2009,Malaysia,MYS,5.3219E+11,66126,530,7,132210006.7,132210006.7
2009,Maldives,MDV,4283384299,,15,12.8,27319999.69,27319999.69
2009,Mali,MLI,25238015672,13532,2927,80.3,984380004.9,984380004.9
2009,Malta,MLT,10992875570,5951,10,6,,
2009,Marshall Islands,MHL,168361675.5,,,32.1,69889999.39,69889999.39
2009,Mauritania,MRT,13769500048,26789,39134,42.7,367670013.4,367670013.4
2009,Mauritius,MUS,18835183873,,21,12.5,147220001.2,147220001.2
2009,Mexico,MEX,1.63608E+12,1215,6433,17,215990005.5,215990005.5
2009,"Micronesia, Fed. Sts.",FSM,324783019.7,,,28.9,141009994.5,141009994.5
2009,Moldova,MDA,16695946051,131,5928,14.9,243050003.1,243050003.1
2009,Monaco,MCO,,,,1.3,,
2009,Mongolia,MNG,19158921989,11,1490,23.9,311709991.5,311709991.5
2009,Montenegro,MNE,8051967980,24017,2578,6.4,73870002.75,73870002.75
2009,Morocco,MAR,2.14934E+11,776,2277,28.4,975190002.4,975190002.4
2009,Mozambique,MOZ,20938295915,3536,130,71.5,2003319946,2003319946
2009,Myanmar,MMR,1.34486E+11,,406667,50.3,349959991.5,349959991.5
2009,Namibia,NAM,16783900176,7160,918,38.8,338309997.6,338309997.6
2009,Nauru,NRU,59194757.17,,,31,25159999.85,25159999.85
2009,Nepal,NPL,55132393548,108457,5101,38.3,709830017.1,709830017.1
2009,Netherlands,NLD,7.36551E+11,75996,44,3.9,,
2009,New Caledonia,NCL,,,,,,
2009,New Zealand,NZL,1.32E+11,3285,9,5.2,,
2009,Nicaragua,NIC,21945266142,115,1473,21.3,654989990.2,654989990.2
2009,Niger,NER,15924267902,326,812,67.7,462959991.5,462959991.5
2009,Nigeria,NGA,6.82095E+11,9129,15609,86,1710739990,1710739990
2009,North Macedonia,MKD,22579141370,1541,7921,9.8,188889999.4,188889999.4
2009,Northern Mariana Islands,MNP,,,,,,
2009,Norway,NOR,2.68578E+11,37806,,2.8,,
2009,Oman,OMN,1.491E+11,26,63,10.2,147070007.3,147070007.3
2009,Pakistan,PAK,7.64104E+11,1740709,35129,71.6,2629860107,2629860107
2009,Palau,PLW,240564287.8,11,,21.7,39529998.78,39529998.78
2009,Panama,PAN,53423331040,16917,102,17.5,64910003.66,64910003.66
2009,Papua New Guinea,PNG,19941159315,9704,68,45.9,436179992.7,436179992.7
2009,Paraguay,PRY,55586925017,85,77,22.5,156320007.3,156320007.3
2009,Peru,PER,2.57659E+11,1092,6272,16.3,452119995.1,452119995.1
2009,Philippines,PHL,4.86761E+11,93,987,25.1,374869995.1,374869995.1
2009,Poland,POL,7.34042E+11,15299,2052,5.4,,
2009,Portugal,PRT,2.79627E+11,383,30,3.1,,
2009,Puerto Rico,PRI,1.14207E+11,,,,,
2009,Qatar,QAT,2.02555E+11,29,66,8,,
2009,Romania,ROU,3.38768E+11,1065,4350,11.1,,
2009,Russian Federation,RUS,2.7686E+12,4877,109452,8.6,,
2009,Rwanda,RWA,12480336616,54016,129108,47.1,950789978,950789978
2009,Samoa,WSM,939646037.2,,,18.8,70370002.75,70370002.75
2009,San Marino,SMR,2049074388,,,2.7,,
2009,Sao Tome and Principe,STP,480727738.1,,32,29.9,29040000.92,29040000.92
2009,Saudi Arabia,SAU,1.32805E+12,573,629,11.2,289999.9917,
2009,Senegal,SEN,32147502659,22143,16306,44.3,1000859985,1000859985
2009,Serbia,SRB,91763867947,86348,195625,6.7,602880004.9,602880004.9
2009,Seychelles,SYC,1611436697,,47,12.2,21139999.39,21139999.39
2009,Sierra Leone,SLE,6738540193,9050,15398,111,440399993.9,440399993.9
2009,Singapore,SGP,3.30239E+11,5,77,2.3,,
2009,Sint Maarten (Dutch part),SXM,1116375118,,,,,
2009,Slovak Republic,SVK,1.24323E+11,387,336,6,,
2009,Slovenia,SVN,56168434376,281,35,2.8,,
2009,Solomon Islands,SLB,1047390660,,65,22.8,227970001.2,227970001.2
2009,Somalia,SOM,,1819,678296,98.8,673409973.1,673409973.1
2009,South Africa,ZAF,6.34258E+11,47972,380,39.9,1156180054,1156180054
2009,South Sudan,SSD,26908126600,,,72.8,,
2009,Spain,ESP,1.48791E+12,3960,34,3.3,,
2009,Sri Lanka,LKA,1.5724E+11,251,145711,13.6,598090026.9,598090026.9
2009,St. Kitts and Nevis,KNA,1096030966,,,14.7,2890000.105,2890000.105
2009,St. Lucia,LCA,2140351236,,312,17,37650001.53,37650001.53
2009,St. Martin (French part),MAF,,,,,,
2009,St. Vincent and the Grenadines,VCT,1201048375,,847,18.2,27729999.54,27729999.54
2009,Sudan,SDN,1.6349E+11,186292,368178,52.1,2489179932,2489179932
2009,Suriname,SUR,6736336374,,44,21.3,146020004.3,146020004.3
2009,Sweden,SWE,3.74543E+11,81346,15,2.6,,
2009,Switzerland,CHE,4.10218E+11,46204,19,4,,
2009,Syrian Arab Republic,SYR,,1526573,17915,16.2,203699996.9,203699996.9
2009,Tajikistan,TJK,16263834234,2678,556,38.3,299320007.3,299320007.3
2009,Tanzania,TZA,83569229649,118731,1191,48.8,3149020020,3149020020
2009,Thailand,THA,8.14996E+11,105286,498,12.2,-8430000.305,-8430000.305
2009,Timor-Leste,TLS,1916429033,,7,60.6,217899993.9,217899993.9
2009,Togo,TGO,9301262609,8534,18363,59.9,503339996.3,503339996.3
2009,Tonga,TON,469987780.2,,5,11.6,39080001.83,39080001.83
2009,Trinidad and Tobago,TTO,38780881443,41,239,20.9,6630000.114,6630000.114
2009,Tunisia,TUN,1.09031E+11,86,2237,16.2,453679992.7,453679992.7
2009,Turkiye,TUR,1.11248E+12,10339,146378,16.6,1253969971,1253969971
2009,Turkmenistan,TKM,45166102911,62,734,38.1,37909999.85,37909999.85
2009,Turks and Caicos Islands,TCA,,,,5.1,,
2009,Tuvalu,TUV,31731089.59,,,27,15739999.77,15739999.77
2009,Uganda,UGA,63361148134,127340,7543,52.4,1827219971,1827219971
2009,Ukraine,UKR,3.72735E+11,7321,24512,10.6,652880004.9,652880004.9
2009,United Arab Emirates,ARE,5.39572E+11,280,411,7.6,,
2009,United Kingdom,GBR,2.18555E+12,269355,155,4.6,,
2009,United States,USA,1.44781E+13,275393,2367,6.4,,
2009,Uruguay,URY,54357022317,162,183,9.8,47330001.83,47330001.83
2009,Uzbekistan,UZB,1.4348E+11,556,6662,26.9,169240005.5,169240005.5
2009,Vanuatu,VUT,635416457,5,,23.9,111349998.5,111349998.5
2009,"Venezuela, RB",VEN,4.77603E+11,201310,6216,14.7,58509998.32,58509998.32
2009,Viet Nam,VNM,4.37547E+11,2357,339299,18.7,3213419922,3213419922
2009,Virgin Islands (U.S.),VIR,,,,,,
2009,West Bank and Gaza,PSE,14572831230,1885188,95185,19.4,2896010010,2896010010
2009,"Yemen, Rep.",YEM,88427662671,170850,1927,46.5,557380004.9,557380004.9
2009,Zambia,ZMB,38751988573,56786,201,52.9,1285359985,1285359985
2009,Zimbabwe,ZWE,18845587822,3991,22441,55.3,775099975.6,775099975.6
2009,Africa Eastern and Southern,AFE,1.56864E+12,1327902,2181945,60.19387069,25534140121,25534140121
2009,Africa Western and Central,AFW,1.17049E+12,761510,483889,77.2692491,14003859900,14003859900
2009,Arab World,ARB,4.96754E+12,6955012,3029121,32.99481276,14915189830,14914899830
2009,Caribbean small states,CSS,1.00847E+11,295,3540,18.94425759,601410010.6,601410010.6
2009,Central Europe and the Baltics,CEB,2.0647E+12,32833,90122,6.571686779,158809997.6,158809997.6
2009,Early-demographic dividend,EAR,1.896E+13,10205926,1265184,41.47534591,33103760127,33103470127
2009,East Asia & Pacific,EAS,2.37991E+13,514004,977427,18.3,9611239915,9611239915
2009,East Asia & Pacific (excluding high income),EAP,1.5502E+13,485503,976585,19.26766477,9611239915,9611239915
2009,East Asia & Pacific (IDA & IBRD countries),TEA,1.54826E+13,485503,975707,19.21024188,8961489916,8961489916
2009,Euro area,EMU,1.16684E+13,1012175,2475,3.474971079,,
2009,Europe & Central Asia,ECS,2.22178E+13,1649261,738786,10.6,7710099928,7710099928
2009,Europe & Central Asia (excluding high income),ECA,5.3868E+12,161898,650636,16.52870325,7551289930,7551289930
2009,Europe & Central Asia (IDA & IBRD countries),TEC,6.54669E+12,179502,733517,15.53429781,7296269939,7296269939
2009,European Union,EUU,1.40289E+13,1145180,90719,4.174017675,158809997.6,158809997.6
2009,Fragile and conflict affected situations,FCS,3.02725E+12,5462592,7430198,66.2143275,37161510057,37161510057
2009,Heavily indebted poor countries (HIPC),HPC,1.17866E+12,1635732,5390386,64.05510146,42231070194,42231070194
2009,High income,HIC,4.42057E+13,2004285,97608,5.3,559770007.4,559770007.4
2009,IBRD only,IBD,3.7754E+13,5500595,3751991,28.91327914,29595719836,29595719836
2009,IDA & IBRD total,IBT,4.16017E+13,11308728,9940917,41.63220156,85824220098,85824220098
2009,IDA blend,IDB,1.82088E+12,2334358,128275,71.50837119,9129110085,9129110085
2009,IDA only,IDX,2.03617E+12,3473775,6060651,58.115909,47099390177,47099390177
2009,IDA total,IDA,3.85375E+12,5808133,6188926,62.73976319,56228500261,56228500261
2009,Late-demographic dividend,LTE,2.31439E+13,1134915,1490071,14.32506359,13313469939,13313469939
2009,Latin America & Caribbean,LCN,7.29001E+12,367260,462724,18.7,8681900075,8681900075
2009,Latin America & Caribbean (excluding high income),LAC,6.32649E+12,147291,453888,19.25959525,8369270081,8369270081
2009,Latin America & the Caribbean (IDA & IBRD countries),TLA,7.03536E+12,366815,455147,18.87148421,7134980066,7134980066
2009,Least developed countries: UN classification,LDC,1.74434E+12,1920182,5993465,60.98380491,40428620119,40428620119
2009,Low & middle income,LMY,3.97294E+13,12956788,9952793,41.94313889,1.2549E+11,1.2549E+11
2009,Low income,LIC,7.36901E+11,2835777,5241289,64.2,30137200111,30137200111
2009,Lower middle income,LMC,1.23293E+13,7353995,1582524,48.4,40938310093,40938310093
2009,Middle East & North Africa,MEA,6.29037E+12,7834271,2017324,23.7,14146859955,14146859955
2009,Middle East & North Africa (excluding high income),MNA,3.58948E+12,7809326,2013839,25.51800373,13999789948,13999789948
2009,Middle East & North Africa (IDA & IBRD countries),TMN,3.57542E+12,5924138,1918654,25.61470326,8379689896,8379689896
2009,Middle income,MIC,3.90067E+13,10121011,4711504,37.87327049,59336328125,59336328125
2009,North America,NAC,1.57897E+13,444817,2464,6.2,,
2009,Not classified,INX,,,,,,
2009,OECD members,OED,4.26217E+13,2005416,556028,7.915140952,2805239990,2805239990
2009,Other small states,OSS,5.28645E+11,82997,97614,47.48107682,2226149984,2226149984
2009,Pacific island small states,PSS,10623917500,16,1989,23.11915733,833299997.3,833299997.3
2009,Post-demographic dividend,PST,3.92666E+13,1958081,194036,4.919675348,1435049991,1435049991
2009,Pre-demographic dividend,PRE,2.20243E+12,1863364,7107238,69.44822223,40201250071,40201250071
2009,Small states,SST,6.40196E+11,83308,103143,41.68614777,3660859992,3660859992
2009,South Asia,SAS,6.19463E+12,2263358,3192058,50.6,14293740204,14293740204
2009,South Asia (IDA & IBRD),TSA,6.19463E+12,2263358,3192058,50.6392145,14132650208,14132650208
2009,Sub-Saharan Africa,SSF,2.73865E+12,2089412,2665834,67.4,44826050230,44826050230
2009,Sub-Saharan Africa (excluding high income),SSA,2.73704E+12,2089412,2665787,67.43417816,44776330231,44776330231
2009,Sub-Saharan Africa (IDA & IBRD countries),TSS,2.73865E+12,2089412,2665834,67.43139891,39919140074,39919140074
2009,Upper middle income,UMC,2.66619E+13,2767016,3128980,16.1,17362249905,17362249905
2009,World,WLD,8.42158E+13,15162383,15162383,38.3,1.26219E+11,1.26219E+11
2010,Afghanistan,AFG,49929490245,6434,3054699,64.2,6533979980,6533979980
2010,Albania,ALB,28048430849,75,14771,11.9,353239990.2,353239990.2
2010,Algeria,DZA,4.71193E+11,94141,6665,23.9,194899993.9,194899993.9
2010,American Samoa,ASM,,,,,,
2010,Andorra,AND,,,5,4.2,,
2010,Angola,AGO,1.53887E+11,15142,134851,75.7,237419998.2,237419998.2
2010,Antigua and Barbuda,ATG,1814624473,,28,8.3,18340000.15,18340000.15
2010,Argentina,ARG,7.36799E+11,3257,553,12.9,122639999.4,122639999.4
2010,Armenia,ARM,21600412736,3292,17553,16.6,323059997.6,323059997.6
2010,Aruba,ABW,3434705050,,,,,
2010,Australia,AUS,8.67249E+11,21790,38,4,,
2010,Austria,AUT,3.51324E+11,42613,10,3.6,,
2010,Azerbaijan,AZE,1.32906E+11,1894,16756,32.5,154770004.3,154770004.3
2010,"Bahamas, The",BHS,10860529754,27,17,13.3,,
2010,Bahrain,BHR,58169329412,165,81,7.3,,
2010,Bangladesh,BGD,4.31232E+11,229256,10046,38.9,1327560059,1327560059
2010,Barbados,BRB,4551513204,,29,13.8,15029999.73,15029999.73
2010,Belarus,BLR,1.45689E+11,587,5735,4.3,138550003.1,138550003.1
2010,Belgium,BEL,4.34059E+11,17891,80,3.7,,
2010,Belize,BLZ,3099905845,134,21,16.2,23239999.77,23239999.77
2010,Benin,BEN,21750521094,7136,438,69.6,697400024.4,697400024.4
2010,Bermuda,BMU,4599566293,,,,,
2010,Bhutan,BTN,4588921537,,75062,34.1,88919998.17,88919998.17
2010,Bolivia,BOL,51927900992,680,589,33.2,549219970.7,549219970.7
2010,Bosnia and Herzegovina,BIH,34639497691,7014,62996,6.3,498619995.1,498619995.1
2010,Botswana,BWA,25391752054,2983,56,48.3,164649993.9,164649993.9
2010,Brazil,BRA,2.79892E+12,4346,991,16.7,468130004.9,468130004.9
2010,British Virgin Islands,VGB,,,,13.6,,
2010,Brunei Darussalam,BRN,31202967177,,,7.9,,
2010,Bulgaria,BGR,1.10611E+11,5519,2558,9.1,,
2010,Burkina Faso,BFA,23443220213,530,1141,68.3,1035640015,1035640015
2010,Burundi,BDI,5753030236,29364,84053,59.4,621940002.4,621940002.4
2010,Cabo Verde,CPV,3077933721,,22,22.3,326500000,326500000
2010,Cambodia,KHM,34743029073,124,16308,37.4,665469970.7,665469970.7
2010,Cameroon,CMR,57303422194,104269,14952,68.6,532330017.1,532330017.1
2010,Canada,CAN,1.36358E+12,165544,86,5,,
2010,Cayman Islands,CYM,3587627593,,,,,
2010,Central African Republic,CAF,4207022669,21568,164902,91.1,261410003.7,261410003.7
2010,Chad,TCD,21751623533,347931,53713,84.4,507890014.6,507890014.6
2010,Channel Islands,CHI,,,,,,
2010,Chile,CHL,3.07856E+11,1613,1163,7.4,176009994.5,176009994.5
2010,China,CHN,1.23802E+13,300984,184601,12.5,695830017.1,695830017.1
2010,Colombia,COL,4.85367E+11,198,395579,15.8,694390014.6,694390014.6
2010,Comoros,COM,1553319607,,365,54.6,68790000.92,68790000.92
2010,"Congo, Dem. Rep.",COD,40932360957,166333,476691,83.9,3480169922,3480169922
2010,"Congo, Rep.",COG,22866276258,133099,20682,43.2,1273410034,1273410034
2010,Costa Rica,CRI,58889066524,19486,352,9.1,91139999.39,91139999.39
2010,Cote d'Ivoire,CIV,75561321721,26213,41747,74.9,842169982.9,842169982.9
2010,Croatia,HRV,86116217608,933,65863,4.7,127629997.3,127629997.3
2010,Cuba,CUB,,406,7460,5.1,129800003.1,129800003.1
2010,Curacao,CUW,3859303397,7,,,,
2010,Cyprus,CYP,27795810448,3397,10,2.9,,
2010,Czechia,CZE,2.92032E+11,2424,811,2.7,,
2010,Denmark,DNK,2.38555E+11,17907,6,3.5,,
2010,Djibouti,DJI,,15102,556,62.5,125720001.2,125720001.2
2010,Dominica,DMA,710106743,,51,21.4,31360000.61,31360000.61
2010,Dominican Republic,DOM,1.10637E+11,600,238,29,194399993.9,194399993.9
2010,Ecuador,ECU,1.36471E+11,121222,859,16.3,168500000,168500000
2010,"Egypt, Arab Rep.",EGY,7.88181E+11,95044,6903,24.1,599270019.5,599270019.5
2010,El Salvador,SLV,37896317535,39,4978,16.5,318489990.2,318489990.2
2010,Equatorial Guinea,GNQ,31111318633,,306,79.1,81120002.75,81120002.75
2010,Eritrea,ERI,4709241273,4809,222457,39.1,161490005.5,161490005.5
2010,Estonia,EST,28784301818,31,242,3.6,,
2010,Eswatini,SWZ,8276139488,757,32,58.4,93900001.53,93900001.53
2010,Ethiopia,ETH,90132134554,154288,68838,54.4,3572209961,3572209961
2010,Faroe Islands,FRO,,,,,,
2010,Fiji,FJI,6805416543,,1849,20.1,69389999.39,69389999.39
2010,Finland,FIN,2.08927E+11,8721,6,2.5,,
2010,France,FRA,2.33456E+12,200687,90,3.1,,
2010,French Polynesia,PYF,,,,,,
2010,Gabon,GAB,24100123448,9014,167,41.5,99779998.78,99779998.78
2010,"Gambia, The",GMB,4366715883,8373,2233,45.9,118800003.1,118800003.1
2010,Georgia,GEO,28645939687,638,10636,12.6,616530029.3,616530029.3
2010,Germany,DEU,3.18527E+12,594250,159,3.5,,
2010,Ghana,GHA,98203999247,13828,20175,47.4,1709719971,1709719971
2010,Gibraltar,GIB,,,,,,
2010,Greece,GRC,3.10416E+11,1443,52,3.4,,
2010,Greenland,GRL,,,,,,
2010,Grenada,GRD,1154123279,,344,13.3,32669998.17,32669998.17
2010,Guam,GUM,,,,,,
2010,Guatemala,GTM,94383670884,137,5675,28.7,399959991.5,399959991.5
2010,Guinea,GIN,16856833421,14110,11978,76.8,220059997.6,220059997.6
2010,Guinea-Bissau,GNB,2038960051,7675,1117,72.6,126400001.5,126400001.5
2010,Guyana,GUY,6994501445,7,746,30.5,100779998.8,100779998.8
2010,Haiti,HTI,26415225453,,25886,76.3,2974770020,2974770020
2010,Honduras,HND,31430677477,11,1300,20.9,478450012.2,478450012.2
2010,"Hong Kong SAR, China",HKG,3.45525E+11,149,16,,,
2010,Hungary,HUN,2.17416E+11,5400,1435,5.1,,
2010,Iceland,ISL,12649528506,72,5,2.1,,
2010,India,IND,5.22991E+12,184814,17766,45.1,2705139893,2705139893
2010,Indonesia,IDN,2.05721E+12,808,16882,27.9,1282670044,1282670044
2010,"Iran, Islamic Rep.",IRN,1.383E+12,1073363,68785,16.5,104610000.6,104610000.6
2010,Iraq,IRQ,3.78271E+11,34647,1683576,28.7,2420260010,2420260010
2010,Ireland,IRL,1.97036E+11,9099,7,3.5,,
2010,Isle of Man,IMN,,,,,,
2010,Israel,ISR,2.23364E+11,25462,1290,3.7,,
2010,Italy,ITA,2.084E+12,56402,45,3.4,,
2010,Jamaica,JAM,22205660188,19,1055,14.8,137960006.7,137960006.7
2010,Japan,JPN,4.5254E+12,2583,149,2.3,,
2010,Jordan,JOR,68703824299,2393339,2248,17.2,1035239990,1035239990
2010,Kazakhstan,KAZ,3.13824E+11,4403,3631,18.2,200220001.2,200220001.2
2010,Kenya,KEN,1.09592E+11,402891,8585,38.5,1711849976,1711849976
2010,Kiribati,KIR,175347928.9,,31,49.3,21719999.31,21719999.31
2010,"Korea, Dem. People's Rep.",PRK,,,915,23.1,79160003.66,79160003.66
2010,"Korea, Rep.",KOR,1.57268E+12,352,578,3.5,,
2010,Kosovo,XKX,12839938029,,,18.2,510769989,510769989
2010,Kuwait,KWT,2.21322E+11,185,986,9.2,,
2010,Kyrgyz Republic,KGZ,16812165960,2462,2748,26.1,341299987.8,341299987.8
2010,Lao PDR,LAO,23890846418,,8412,51.8,373010009.8,373010009.8
2010,Latvia,LVA,37140956327,60,712,6.5,,
2010,Lebanon,LBN,74114554327,438123,15864,9.7,440190002.4,440190002.4
2010,Lesotho,LSO,4297253299,,5,67,263859985.4,263859985.4
2010,Liberia,LBR,3977622553,24735,70133,71.9,1401650024,1401650024
2010,Libya,LBY,1.96428E+11,7922,2297,14.2,8109999.657,8109999.657
2010,Liechtenstein,LIE,,86,,,,
2010,Lithuania,LTU,62244982559,808,508,4.9,,
2010,Luxembourg,LUX,45806801658,3254,,2.3,,
2010,"Macao SAR, China",MAC,53601962366,,8,,,
2010,Madagascar,MDG,32469023369,,266,48,483489990.2,483489990.2
2010,Malawi,MWI,21608044805,5738,168,52,1010270020,1010270020
2010,Malaysia,MYS,5.78575E+11,81518,550,7,5090000.153,5090000.153
2010,Maldives,MDV,4649794947,,16,11.9,81599998.47,81599998.47
2010,Mali,MLI,26898573459,13552,3659,78.4,1098689941,1098689941
2010,Malta,MLT,11905684358,6143,5,6,,
2010,Marshall Islands,MHL,179622667.5,,,31.8,24559999.47,24559999.47
2010,Mauritania,MRT,14300109226,26709,37721,41.6,368380004.9,368380004.9
2010,Mauritius,MUS,19895906033,,25,12.5,121120002.7,121120002.7
2010,Mexico,MEX,1.74049E+12,1364,6809,16.4,490140014.6,490140014.6
2010,"Micronesia, Fed. Sts.",FSM,336112538.6,,,28.4,69319999.69,69319999.69
2010,Moldova,MDA,18096254900,132,6204,14.7,471799987.8,471799987.8
2010,Monaco,MCO,,,,1.2,,
2010,Mongolia,MNG,20623324476,12,1720,22.1,287200012.2,287200012.2
2010,Montenegro,MNE,8446450048,16363,3243,5.8,75470001.22,75470001.22
2010,Morocco,MAR,2.2513E+11,798,2276,26.9,951489990.2,951489990.2
2010,Mozambique,MOZ,22567774715,4072,120,71.1,1936839966,1936839966
2010,Myanmar,MMR,1.49807E+11,,415662,48.6,339470001.2,339470001.2
2010,Namibia,NAM,18011410906,7249,1013,36.9,277750000,277750000
2010,Nauru,NRU,58939926.5,,,30.7,24879999.16,24879999.16
2010,Nepal,NPL,58482287145,89804,5883,36.6,754820007.3,754820007.3
2010,Netherlands,NLD,7.48384E+11,74948,52,3.7,,
2010,New Caledonia,NCL,,,,,,
2010,New Zealand,NZL,1.3585E+11,2298,11,5.2,,
2010,Nicaragua,NIC,23188526437,59,1426,20.4,500190002.4,500190002.4
2010,Niger,NER,17498071270,315,794,65.8,741549987.8,741549987.8
2010,Nigeria,NGA,7.45555E+11,8744,15645,84.4,2134280029,2134280029
2010,North Macedonia,MKD,23346776020,1397,7880,9.2,178839996.3,178839996.3
2010,Northern Mariana Islands,MNP,,,,,,
2010,Norway,NOR,2.84685E+11,40245,,2.7,,
2010,Oman,OMN,1.53478E+11,78,62,10.1,-21459999.08,-21459999.08
2010,Pakistan,PAK,7.85711E+11,1900619,39979,70.2,3017810059,3017810059
2010,Palau,PLW,243981460.4,,,21.2,30299999.24,30299999.24
2010,Panama,PAN,57216294298,17066,94,16.9,114330001.8,114330001.8
2010,Papua New Guinea,PNG,22224814621,9699,87,45,465920013.4,465920013.4
2010,Paraguay,PRY,62496582386,103,86,21.9,116319999.7,116319999.7
2010,Peru,PER,2.82483E+11,1129,5834,15.5,-184889999.4,-184889999.4
2010,Philippines,PHL,5.28742E+11,238,963,24.8,589539978,589539978
2010,Poland,POL,7.94705E+11,15537,1758,5.1,,
2010,Portugal,PRT,2.88229E+11,368,29,3.1,,
2010,Puerto Rico,PRI,1.15102E+11,,,,,
2010,Qatar,QAT,2.45151E+11,51,109,7.8,,
2010,Romania,ROU,3.51402E+11,1019,3926,10.6,,
2010,Russian Federation,RUS,2.927E+12,4924,111944,8.4,,
2010,Rwanda,RWA,13556714124,55398,115519,44.1,1049109985,1049109985
2010,Samoa,WSM,1009180952,,,16.6,116839996.3,116839996.3
2010,San Marino,SMR,1960192204,,,2.5,,
2010,Sao Tome and Principe,STP,518964623.5,,32,27.8,48790000.92,48790000.92
2010,Saudi Arabia,SAU,1.41174E+12,578,659,10.5,,
2010,Senegal,SEN,33637035432,20670,16255,42.7,930169982.9,930169982.9
2010,Serbia,SRB,93316930708,73604,183284,6.6,656690002.4,656690002.4
2010,Seychelles,SYC,1704272628,,47,12.3,51729999.54,51729999.54
2010,Sierra Leone,SLE,7272168756,8362,11261,107.6,457000000,457000000
2010,Singapore,SGP,3.82734E+11,5,74,2.3,,
2010,Sint Maarten (Dutch part),SXM,1165944885,,,,,
2010,Slovak Republic,SVK,1.36952E+11,451,157,5.8,,
2010,Slovenia,SVN,57002798104,315,35,2.6,,
2010,Solomon Islands,SLB,1162884903,,75,22.2,301869995.1,301869995.1
2010,Somalia,SOM,,1934,770141,96.3,497890014.6,497890014.6
2010,South Africa,ZAF,6.61392E+11,57899,374,35.7,1116630005,1116630005
2010,South Sudan,SSD,28727446239,,,69.6,,
2010,Spain,ESP,1.47561E+12,3814,41,3.2,,
2010,Sri Lanka,LKA,1.71886E+11,224,141064,9.6,525849975.6,525849975.6
2010,St. Kitts and Nevis,KNA,1109690776,,10,14.6,10989999.77,10989999.77
2010,St. Lucia,LCA,2173231161,,334,17.3,40299999.24,40299999.24
2010,St. Martin (French part),MAF,,,,,,
2010,St. Vincent and the Grenadines,VCT,1161144720,,946,17.8,16500000,16500000
2010,Sudan,SDN,1.71839E+11,178305,387265,50.9,2076679932,2076679932
2010,Suriname,SUR,7169667061,,24,20.7,99110000.61,99110000.61
2010,Sweden,SWE,3.95961E+11,82620,23,2.5,,
2010,Switzerland,CHE,4.2598E+11,48813,20,3.9,,
2010,Syrian Arab Republic,SYR,,1482272,18451,16.2,133580001.8,133580001.8
2010,Tajikistan,TJK,17529145438,3131,573,37,387420013.4,387420013.4
2010,Tanzania,TZA,89932580947,109286,1135,47.1,2981090088,2981090088
2010,Thailand,THA,8.86761E+11,96666,351,11.7,9279999.733,9279999.733
2010,Timor-Leste,TLS,2120401100,,8,58.7,272859985.4,272859985.4
2010,Togo,TGO,9987170377,14051,18308,58.3,391220001.2,391220001.2
2010,Tonga,TON,479457743,,5,11.3,61360000.61,61360000.61
2010,Trinidad and Tobago,TTO,40551211063,20,252,20.4,4449999.809,4449999.809
2010,Tunisia,TUN,1.1362E+11,86,2159,15.8,523469970.7,523469970.7
2010,Turkiye,TUR,1.26871E+12,10025,146785,15.5,951539978,951539978
2010,Turkmenistan,TKM,49914124640,64,723,37.3,37930000.31,37930000.31
2010,Turks and Caicos Islands,TCA,,,,5,,
2010,Tuvalu,TUV,31398821.59,,,26,12619999.89,12619999.89
2010,Uganda,UGA,67737601230,135799,6421,49.7,1721030029,1721030029
2010,Ukraine,UKR,3.9265E+11,3016,25102,10.1,670929992.7,670929992.7
2010,United Arab Emirates,ARE,5.54809E+11,538,418,7.4,,
2010,United Kingdom,GBR,2.29593E+12,238133,152,4.4,,
2010,United States,USA,1.5049E+13,264505,3019,6.2,,
2010,Uruguay,URY,59302957993,181,185,9.3,43209999.08,43209999.08
2010,Uzbekistan,UZB,1.56236E+11,309,8841,24.8,197559997.6,197559997.6
2010,Vanuatu,VUT,651148020,5,,24,104760002.1,104760002.1
2010,"Venezuela, RB",VEN,4.76147E+11,201544,6697,14.7,53180000.31,53180000.31
2010,Viet Nam,VNM,4.71248E+11,1928,338707,18.4,2643989990,2643989990
2010,Virgin Islands (U.S.),VIR,,,,,,
2010,West Bank and Gaza,PSE,15600009704,1841769,93312,18.8,2557320068,2557320068
2010,"Yemen, Rep.",YEM,96383202670,190088,2070,45.6,670809997.6,670809997.6
2010,Zambia,ZMB,43256433748,47853,221,51.3,937659973.1,937659973.1
2010,Zimbabwe,ZWE,23163425134,4432,24080,52.9,723619995.1,723619995.1
2010,Africa Eastern and Southern,AFE,1.66895E+12,1384532,2302760,58.07454408,25172019966,25172019966
2010,Africa Western and Central,AFW,1.26576E+12,810884,507349,75.46503331,15184800049,15184800049
2010,Arab World,ARB,5.26325E+12,6801874,3034184,31.95149789,12650639998,12650639998
2010,Caribbean small states,CSS,1.03556E+11,207,3857,18.64901509,530730003.4,530730003.4
2010,Central Europe and the Baltics,CEB,2.17441E+12,32497,78005,6.203647561,127629997.3,127629997.3
2010,Early-demographic dividend,EAR,2.04504E+13,10301334,1259110,39.90192172,35220259978,35220259978
2010,East Asia & Pacific,EAS,2.60146E+13,519159,988000,17.3,9155270021,9155270021
2010,East Asia & Pacific (excluding high income),EAP,1.71888E+13,491982,987126,18.26758425,9155270021,9155270021
2010,East Asia & Pacific (IDA & IBRD countries),TEA,1.71672E+13,491982,986211,18.21708804,8467950012,8467950012
2010,Euro area,EMU,1.20254E+13,1024695,2240,3.399957729,,
2010,Europe & Central Asia,ECS,2.32526E+13,1610590,708202,10,7115189968,7115189968
2010,Europe & Central Asia (excluding high income),ECA,5.80087E+12,138849,631963,15.66650924,6987559971,6987559971
2010,Europe & Central Asia (IDA & IBRD countries),TEC,7.03309E+12,156338,703510,14.74077323,6892869965,6892869965
2010,European Union,EUU,1.45122E+13,1156054,78620,4.016635514,127629997.3,127629997.3
2010,Fragile and conflict affected situations,FCS,3.23295E+12,5396734,7654464,64.75393047,39311749899,39311749899
2010,Heavily indebted poor countries (HIPC),HPC,1.26629E+12,1693496,5709547,62.30473366,44498729881,44498729881
2010,High income,HIC,4.6192E+13,1981088,86399,5.1,565139991.8,565139991.8
2010,IBRD only,IBD,4.11511E+13,5421049,3612604,27.51682592,26886489846,26886489846
2010,IDA & IBRD total,IBT,4.52764E+13,11453027,10119300,40.31098065,86653979822,86653979822
2010,IDA blend,IDB,1.93985E+12,2564062,136405,70.07142502,10846360104,10846360104
2010,IDA only,IDX,2.1954E+12,3467916,6370291,56.5393673,48921129872,48921129872
2010,IDA total,IDA,4.13166E+12,6031978,6506696,61.22921533,59767489976,59767489976
2010,Late-demographic dividend,LTE,2.53213E+13,1085938,1478790,13.38097637,11527119980,11527119980
2010,Latin America & Caribbean,LCN,7.83285E+12,373655,470611,18.5,9794320049,9794320049
2010,Latin America & Caribbean (excluding high income),LAC,6.8291E+12,153190,461390,19.04623168,9342390057,9342390057
2010,Latin America & the Caribbean (IDA & IBRD countries),TLA,7.56853E+12,373215,463105,18.66456768,8284280013,8284280013
2010,Least developed countries: UN classification,LDC,1.87678E+12,1954846,6276899,59.27844142,43968589900,43968589900
2010,Low & middle income,LMY,4.33029E+13,13057282,10140218,40.6066221,1.2843E+11,1.2843E+11
2010,Low income,LIC,7.98414E+11,2861926,5535335,62.4,31326619774,31326619774
2010,Lower middle income,LMC,1.33053E+13,7471526,1592615,46.8,42813720114,42813720114
2010,Middle East & North Africa,MEA,6.68323E+12,7699894,1908772,22.9,12515900031,12515900031
2010,Middle East & North Africa (excluding high income),MNA,3.82175E+12,7666694,1905162,24.66786523,12537360030,12537360030
2010,Middle East & North Africa (IDA & IBRD countries),TMN,3.80669E+12,5824925,1811850,24.76070748,7207649978,7207649978
2010,Middle income,MIC,4.25198E+13,10195356,4604883,36.56212876,58895332031,58895332031
2010,North America,NAC,1.64171E+13,430049,3105,6.1,,
2010,Not classified,INX,,,,,,
2010,OECD members,OED,4.4542E+13,1981526,562294,7.607270946,2403220001,2403220001
2010,Other small states,OSS,5.84749E+11,77375,84757,45.82533013,2487759975,2487759975
2010,Pacific island small states,PSS,11133491504,5,1960,22.69069872,837619990.3,837619990.3
2010,Post-demographic dividend,PST,4.08917E+13,1921900,177309,4.738984171,1598899991,1598899991
2010,Pre-demographic dividend,PRE,2.37259E+12,1930649,7318007,67.57946981,40373279961,40373279961
2010,Small states,SST,6.9949E+11,77587,90574,40.43928732,3856109969,3856109969
2010,South Asia,SAS,6.73639E+12,2411151,3344515,48.8,15135799973,15135799973
2010,South Asia (IDA & IBRD),TSA,6.73639E+12,2411151,3344515,48.78309473,15035679970,15035679970
2010,Sub-Saharan Africa,SSF,2.93426E+12,2195416,2810109,65.5,44776089924,44776089924
2010,Sub-Saharan Africa (excluding high income),SSA,2.93256E+12,2195416,2810062,65.47040061,44643239922,44643239922
2010,Sub-Saharan Africa (IDA & IBRD countries),TSS,2.93426E+12,2195416,2810109,65.46796422,40765549885,40765549885
2010,Upper middle income,UMC,2.91981E+13,2723830,3012268,15.1,14655170018,14655170018
2010,World,WLD,8.97592E+13,15239914,15239914,37.1,1.2918E+11,1.2918E+11
2011,Afghanistan,AFG,51184181904,3011,2664423,61.8,6734330078,6734330078
2011,Albania,ALB,29655531731,79,13552,10.9,345480011,345480011
2011,Algeria,DZA,4.94931E+11,94145,6093,23.3,179100006.1,179100006.1
2011,American Samoa,ASM,,,,,,
2011,Andorra,AND,,,5,4,,
2011,Angola,AGO,1.62539E+11,16212,128657,71.4,190899993.9,190899993.9
2011,Antigua and Barbuda,ATG,1816047262,,32,7.9,12729999.54,12729999.54
2011,Argentina,ARG,7.97264E+11,3341,506,12.4,91500000,91500000
2011,Armenia,ARM,23085520248,2913,16491,15.7,372079986.6,372079986.6
2011,Aruba,ABW,3624109936,,,,,
2011,Australia,AUS,9.38686E+11,23423,38,3.8,,
2011,Austria,AUT,3.73031E+11,47055,10,3.5,,
2011,Azerbaijan,AZE,1.35804E+11,1727,16168,30.5,250520004.3,250520004.3
2011,"Bahamas, The",BHS,11154181356,27,184,13,,
2011,Bahrain,BHR,60555691597,199,213,7,,
2011,Bangladesh,BGD,4.68648E+11,229669,10047,37.2,1347010010,1347010010
2011,Barbados,BRB,4614125853,,42,13.7,,
2011,Belarus,BLR,1.56715E+11,594,5916,4,110010002.1,110010002.1
2011,Belgium,BEL,4.51933E+11,22396,88,3.6,,
2011,Belize,BLZ,3160971610,78,29,15.7,19620000.84,19620000.84
2011,Benin,BEN,22860459983,7213,460,68.4,665510009.8,665510009.8
2011,Bermuda,BMU,4519405327,,,,,
2011,Bhutan,BTN,5058193225,,57980,32.5,104519996.6,104519996.6
2011,Bolivia,BOL,55765337778,701,615,31.5,504489990.2,504489990.2
2011,Bosnia and Herzegovina,BIH,36525661609,6932,58572,6,574270019.5,574270019.5
2011,Botswana,BWA,27691820404,3312,88,48,126809997.6,126809997.6
2011,Brazil,BRA,2.97063E+12,4466,1040,16,748049987.8,748049987.8
2011,British Virgin Islands,VGB,,,,13.3,,
2011,Brunei Darussalam,BRN,33044207206,,,8.1,,
2011,Bulgaria,BGR,1.15715E+11,5676,2322,8.7,,
2011,Burkina Faso,BFA,25515102555,549,1262,66.4,914830017.1,914830017.1
2011,Burundi,BDI,6109378664,35658,101282,56.3,538289978,538289978
2011,Cabo Verde,CPV,3265194483,,22,21.5,232080001.8,232080001.8
2011,Cambodia,KHM,37972104979,61,15201,34.7,627409973.1,627409973.1
2011,Cameroon,CMR,60470659955,100368,15149,66.6,570039978,570039978
2011,Canada,CAN,1.43081E+12,164879,108,4.9,,
2011,Cayman Islands,CYM,3704981270,,,,,
2011,Central African Republic,CAF,4474567487,16737,162861,89.3,245580001.8,245580001.8
2011,Chad,TCD,22221960066,366491,42619,82.7,444570007.3,444570007.3
2011,Channel Islands,CHI,,,,,,
2011,Chile,CHL,3.49148E+11,1669,1182,7.3,152789993.3,152789993.3
2011,China,CHN,1.38444E+13,301016,190369,11.5,-523580017.1,-523580017.1
2011,Colombia,COL,5.29875E+11,208,395950,15.3,1038959961,1038959961
2011,Comoros,COM,1651292301,,420,53.1,50409999.85,50409999.85
2011,"Congo, Dem. Rep.",COD,44655249523,152748,491470,81.8,5346370117,5346370117
2011,"Congo, Rep.",COG,23856263886,141224,12836,41.9,243720001.2,243720001.2
2011,Costa Rica,CRI,62759466862,20044,332,8.9,33849998.47,33849998.47
2011,Cote d'Ivoire,CIV,72988975597,24212,154818,73.1,1342540039,1342540039
2011,Croatia,HRV,90295612638,818,62653,4.5,250000,
2011,Cuba,CUB,,381,7845,4.9,81319999.69,81319999.69
2011,Curacao,CUW,3963622285,6,,,,
2011,Cyprus,CYP,28424680909,3498,10,2.8,,
2011,Czechia,CZE,3.04401E+11,2424,758,2.6,,
2011,Denmark,DNK,2.47352E+11,13386,6,3.5,,
2011,Djibouti,DJI,,20336,595,60.8,131380004.9,131380004.9
2011,Dominica,DMA,723240297.8,,49,22.5,21750000,21750000
2011,Dominican Republic,DOM,1.16474E+11,595,239,28.9,226649993.9,226649993.9
2011,Ecuador,ECU,1.50267E+11,123407,912,15.6,178309997.6,178309997.6
2011,"Egypt, Arab Rep.",EGY,8.18754E+11,95078,7922,23.1,380329986.6,380329986.6
2011,El Salvador,SLV,40156336832,39,6725,15.7,311910003.7,311910003.7
2011,Equatorial Guinea,GNQ,33829572382,,261,76.7,21659999.85,21659999.85
2011,Eritrea,ERI,5224331270,4719,251941,38,119459999.1,119459999.1
2011,Estonia,EST,32598232995,34,225,3.3,,
2011,Eswatini,SWZ,8637942064,757,39,54.7,123150001.5,123150001.5
2011,Ethiopia,ETH,1.02289E+11,288839,70601,51.9,3399540039,3399540039
2011,Faroe Islands,FRO,,,,,,
2011,Fiji,FJI,7134734867,5,1576,20.1,61130001.07,61130001.07
2011,Finland,FIN,2.20471E+11,9170,6,2.4,,
2011,France,FRA,2.44648E+12,210207,92,3.1,,
2011,French Polynesia,PYF,,,,,,
2011,Gabon,GAB,26345487004,1769,180,40.1,61610000.61,61610000.61
2011,"Gambia, The",GMB,4095033765,9523,2572,44.6,124989997.9,124989997.9
2011,Georgia,GEO,31404963201,461,10115,11.6,536419982.9,536419982.9
2011,Germany,DEU,3.41502E+12,571672,169,3.4,,
2011,Ghana,GHA,1.14326E+11,13588,20333,45.6,1748079956,1748079956
2011,Gibraltar,GIB,,,,,,
2011,Greece,GRC,2.8508E+11,1566,54,3.5,,
2011,Greenland,GRL,,,,,,
2011,Grenada,GRD,1187112475,5,325,13.5,9710000.038,9710000.038
2011,Guam,GUM,,,,,,
2011,Guatemala,GTM,1.00356E+11,148,6087,27.6,338720001.2,338720001.2
2011,Guinea,GIN,18172750191,16606,13164,75.6,190050003.1,190050003.1
2011,Guinea-Bissau,GNB,2249594251,7796,1118,69.6,110849998.5,110849998.5
2011,Guyana,GUY,7510830549,7,768,30,90470001.22,90470001.22
2011,Haiti,HTI,28338743512,,33652,57.7,1495449951,1495449951
2011,Honduras,HND,33314349144,16,1967,20.1,341010009.8,341010009.8
2011,"Hong Kong SAR, China",HKG,3.69685E+11,146,14,,,
2011,Hungary,HUN,2.29643E+11,5085,1234,4.9,,
2011,Iceland,ISL,13059433954,55,,2.1,,
2011,India,IND,5.61838E+12,185118,16226,42.9,2972199951,2972199951
2011,Indonesia,IDN,2.22951E+12,1004,16069,26.9,380890014.6,380890014.6
2011,"Iran, Islamic Rep.",IRN,1.44908E+12,886465,72366,15.7,97209999.08,97209999.08
2011,Iraq,IRQ,4.15269E+11,35184,1428306,27.9,1994839966,1994839966
2011,Ireland,IRL,2.06495E+11,8234,7,3.5,,
2011,Isle of Man,IMN,,,,,,
2011,Israel,ISR,2.41996E+11,41221,1323,3.5,,
2011,Italy,ITA,2.17317E+12,58066,57,3.3,,
2011,Jamaica,JAM,23059255171,19,1248,14.5,41290000.92,41290000.92
2011,Japan,JPN,4.6294E+12,2645,176,2.3,,
2011,Jordan,JOR,72050912802,2430580,2242,16.8,1034839966,1034839966
2011,Kazakhstan,KAZ,3.44049E+11,613,3497,16.3,177419998.2,177419998.2
2011,Kenya,KEN,1.17598E+11,566482,8731,37.5,2451340088,2451340088
2011,Kiribati,KIR,182146012.3,,31,48.5,52409999.85,52409999.85
2011,"Korea, Dem. People's Rep.",PRK,,,1046,21.5,103349998.5,103349998.5
2011,"Korea, Rep.",KOR,1.62528E+12,389,508,3.4,,
2011,Kosovo,XKX,13935044684,,,16.9,529659973.1,529659973.1
2011,Kuwait,KWT,2.47673E+11,336,1112,8.9,,
2011,Kyrgyz Republic,KGZ,18183659161,6097,3163,24.5,390380004.9,390380004.9
2011,Lao PDR,LAO,26347634541,,8086,49.7,334100006.1,334100006.1
2011,Latvia,LVA,39646381266,88,706,6.1,,
2011,Lebanon,LBN,76310623816,445125,15004,9.2,452890014.6,452890014.6
2011,Lesotho,LSO,4588943849,38,5,64.5,258459991.5,258459991.5
2011,Liberia,LBR,4393239184,128283,66779,69.9,725780029.3,725780029.3
2011,Libya,LBY,99575929952,10129,4372,15,627460022,627460022
2011,Liechtenstein,LIE,,88,,,,
2011,Lithuania,LTU,69298188392,824,523,4.5,,
2011,Luxembourg,LUX,48970848493,2855,,2.3,,
2011,"Macao SAR, China",MAC,66543283703,,8,,,
2011,Madagascar,MDG,33666784883,5,287,47.1,425190002.4,425190002.4
2011,Malawi,MWI,23144997068,6306,216,48.5,760460022,760460022
2011,Malaysia,MYS,6.21862E+11,86676,531,6.9,42369998.93,42369998.93
2011,Maldives,MDV,5153016195,,21,11.1,45130001.07,45130001.07
2011,Mali,MLI,28339693401,15618,4289,76.6,1216359985,1216359985
2011,Malta,MLT,12060653299,6948,5,6,,
2011,Marshall Islands,MHL,182791374.3,,,31.5,94319999.69,94319999.69
2011,Mauritania,MRT,15206335118,26535,39919,40.6,353690002.4,353690002.4
2011,Mauritius,MUS,21137404891,,36,12.7,169619995.1,169619995.1
2011,Mexico,MEX,1.91132E+12,1647,7471,15.9,980219970.7,980219970.7
2011,"Micronesia, Fed. Sts.",FSM,354035867.5,,,27.8,139199996.9,139199996.9
2011,Moldova,MDA,19546989100,131,6261,14.5,430619995.1,430619995.1
2011,Monaco,MCO,,37,5,1.2,,
2011,Mongolia,MNG,24691841190,,1982,20.6,315269989,315269989
2011,Montenegro,MNE,8974082420,12871,3699,5.3,116480003.4,116480003.4
2011,Morocco,MAR,2.42503E+11,736,2305,25.4,1348319946,1348319946
2011,Mozambique,MOZ,24745386724,4074,147,67.8,1959790039,1959790039
2011,Myanmar,MMR,1.64419E+11,,414615,46.8,334829986.6,334829986.6
2011,Namibia,NAM,19321711402,6050,1067,37.2,281269989,281269989
2011,Nauru,NRU,66082352.07,,,30.1,28520000.46,28520000.46
2011,Nepal,NPL,61740111909,72651,6845,35,691320007.3,691320007.3
2011,Netherlands,NLD,7.77881E+11,74587,61,3.7,,
2011,New Caledonia,NCL,,,,,,
2011,New Zealand,NZL,1.43363E+11,1916,13,5.1,,
2011,Nicaragua,NIC,25165684383,80,1464,19.5,485920013.4,485920013.4
2011,Niger,NER,18282764962,301,805,64.4,613239990.2,613239990.2
2011,Nigeria,NGA,8.01441E+11,8803,17140,83.2,1789609985,1789609985
2011,North Macedonia,MKD,24064188852,1129,7677,8.8,177470001.2,177470001.2
2011,Northern Mariana Islands,MNP,,,,,,
2011,Norway,NOR,3.0937E+11,40671,5,2.5,,
2011,Oman,OMN,1.61202E+11,83,58,10,,
2011,Pakistan,PAK,8.24079E+11,1702698,35948,68.7,3580189941,3580189941
2011,Palau,PLW,265696417.6,,,20.6,26159999.85,26159999.85
2011,Panama,PAN,65012817998,17249,98,16.5,94610000.61,94610000.61
2011,Papua New Guinea,PNG,22937846466,9378,126,44,480059997.6,480059997.6
2011,Paraguay,PRY,66529576563,120,91,21.3,83910003.66,83910003.66
2011,Peru,PER,3.06596E+11,1130,5488,14.8,558440002.4,558440002.4
2011,Philippines,PHL,5.60551E+11,118,945,24.5,-38349998.47,-38349998.47
2011,Poland,POL,8.62452E+11,15834,1811,4.9,,
2011,Portugal,PRT,2.82621E+11,399,29,3,,
2011,Puerto Rico,PRI,1.17073E+11,,,,,
2011,Qatar,QAT,2.83716E+11,80,93,7.7,,
2011,Romania,ROU,3.78833E+11,1003,3422,10,,
2011,Russian Federation,RUS,3.25932E+12,3913,109783,8.2,,
2011,Rwanda,RWA,14939694521,55325,106832,40.8,1222729980,1222729980
2011,Samoa,WSM,1069800076,,,16.5,75230003.36,75230003.36
2011,San Marino,SMR,1834547471,,,2.4,,
2011,Sao Tome and Principe,STP,553046576.2,,32,25.8,68330001.83,68330001.83
2011,Saudi Arabia,SAU,1.5995E+12,595,733,9.9,,
2011,Senegal,SEN,34793989168,20640,17710,41.1,986989990.2,986989990.2
2011,Serbia,SRB,99446529738,70702,161664,6.4,1269020020,1269020020
2011,Seychelles,SYC,1905122576,,39,12.3,20739999.77,20739999.77
2011,Sierra Leone,SLE,7869389213,8091,7985,104.2,398540008.5,398540008.5
2011,Singapore,SGP,4.14967E+11,,65,2.2,,
2011,Sint Maarten (Dutch part),SXM,1244917733,5,,,,
2011,Slovak Republic,SVK,1.41755E+11,535,271,5.6,,
2011,Slovenia,SVN,59391587737,134,30,2.5,,
2011,Solomon Islands,SLB,1275243267,,72,21.6,256399993.9,256399993.9
2011,Somalia,SOM,,2100,1077038,93.7,969520019.5,969520019.5
2011,South Africa,ZAF,6.96526E+11,57899,422,33.3,1407949951,1407949951
2011,South Sudan,SSD,27963579014,105023,,67,394399993.9,394399993.9
2011,Spain,ESP,1.4896E+12,4220,42,3,,
2011,Sri Lanka,LKA,1.90669E+11,187,136602,9.3,535650024.4,535650024.4
2011,St. Kitts and Nevis,KNA,1151059045,,7,14.6,14060000.42,14060000.42
2011,St. Lucia,LCA,2314377079,,432,17.7,32259998.32,32259998.32
2011,St. Martin (French part),MAF,,,,,,
2011,St. Vincent and the Grenadines,VCT,1178083969,,1126,17.3,16120000.84,16120000.84
2011,Sudan,SDN,1.69772E+11,139407,500004,49.7,1721780029,1721780029
2011,Suriname,SUR,7746725932,,22,20.2,70559997.56,70559997.56
2011,Sweden,SWE,4.21516E+11,86603,23,2.5,,
2011,Switzerland,CHE,4.54912E+11,50401,20,3.9,,
2011,Syrian Arab Republic,SYR,,1242381,19931,16.8,262149993.9,262149993.9
2011,Tajikistan,TJK,19217458990,3322,604,36,262709991.5,262709991.5
2011,Tanzania,TZA,98844247428,131243,1154,45.5,2334389893,2334389893
2011,Thailand,THA,9.1279E+11,89245,365,11.1,-100160003.7,-100160003.7
2011,Timor-Leste,TLS,2293373048,,8,57.1,240029998.8,240029998.8
2011,Togo,TGO,10846950808,19271,17853,56.8,503940002.4,503940002.4
2011,Tonga,TON,522789476,,7,11.1,74790000.92,74790000.92
2011,Trinidad and Tobago,TTO,41271904854,15,296,19.8,,
2011,Tunisia,TUN,1.13607E+11,4085,1930,15.5,839020019.5,839020019.5
2011,Turkiye,TUR,1.45411E+12,14457,139763,14.5,3025010010,3025010010
2011,Turkmenistan,TKM,58441023273,59,711,36.8,35810001.37,35810001.37
2011,Turks and Caicos Islands,TCA,708658007.5,,14,4.9,,
2011,Tuvalu,TUV,34236508.28,,,25.1,30209999.08,30209999.08
2011,Uganda,UGA,75638854429,139442,5658,47.1,1526430054,1526430054
2011,Ukraine,UKR,4.22634E+11,3168,25372,9.6,720049987.8,720049987.8
2011,United Arab Emirates,ARE,6.05575E+11,675,484,7.2,,
2011,United Kingdom,GBR,2.35707E+12,193494,150,4.3,,
2011,United States,USA,1.55997E+13,264752,3775,6.1,,
2011,Uruguay,URY,63660006329,165,183,9,16729999.54,16729999.54
2011,Uzbekistan,UZB,1.71483E+11,216,12667,22.9,137429992.7,137429992.7
2011,Vanuatu,VUT,685546560.5,,,24,74940002.44,74940002.44
2011,"Venezuela, RB",VEN,5.06339E+11,202013,7575,14.8,46810001.37,46810001.37
2011,Viet Nam,VNM,5.11889E+11,990,337828,18.2,2954010010,2954010010
2011,Virgin Islands (U.S.),VIR,,,,,,
2011,West Bank and Gaza,PSE,17452978800,1895043,94141,18.2,2343070068,2343070068
2011,"Yemen, Rep.",YEM,85876120604,214736,2321,45.4,461619995.1,461619995.1
2011,Zambia,ZMB,46612238753,45627,234,50.2,996359985.4,996359985.4
2011,Zimbabwe,ZWE,27101598206,4559,25033,51.4,695619995.1,695619995.1
2011,Africa Eastern and Southern,AFE,1.7714E+12,1765825,2771433,56.03620466,27281510319,27281510319
2011,Africa Western and Central,AFW,1.35584E+12,933618,600135,73.97092541,13348189966,13348189966
2011,Arab World,ARB,5.58465E+12,6657568,3205236,31.09781553,13150420040,13150420040
2011,Caribbean small states,CSS,1.06888E+11,151,4560,18.26621481,328569999.7,328569999.7
2011,Central Europe and the Baltics,CEB,2.32403E+12,32455,73955,5.868817133,250000,
2011,Early-demographic dividend,EAR,2.19978E+13,9932364,1246104,38.22169233,35905539763,35905539763
2011,East Asia & Pacific,EAS,2.8181E+13,517012,989679,16.5,6784719940,6784719940
2011,East Asia & Pacific (excluding high income),EAP,1.89952E+13,488493,988857,17.36147202,6784719940,6784719940
2011,East Asia & Pacific (IDA & IBRD countries),TEA,1.89714E+13,488493,987811,17.31794473,5960189953,5960189953
2011,Euro area,EMU,1.25539E+13,1022488,2385,3.317511491,,
2011,Europe & Central Asia,ECS,2.46982E+13,1560499,670469,9.6,9645739980,9645739980
2011,Europe & Central Asia (excluding high income),ECA,6.44231E+12,135060,597997,14.83704487,9645739980,9645739980
2011,Europe & Central Asia (IDA & IBRD countries),TEC,7.77389E+12,152715,665883,14.01923674,9461089985,9460839985
2011,European Union,EUU,1.52041E+13,1153317,74614,3.862876047,250000,
2011,Fragile and conflict affected situations,FCS,3.33302E+12,5455182,7485996,63.09772035,38587360199,38587360199
2011,Heavily indebted poor countries (HIPC),HPC,1.34852E+12,1932354,5892737,60.20377412,42490020222,42490020222
2011,High income,HIC,4.83631E+13,1952869,84043,5,340179993.6,340179993.6
2011,IBRD only,IBD,4.47739E+13,5271827,3321221,26.15988546,29655819751,29655569751
2011,IDA & IBRD total,IBT,4.91743E+13,11390127,9992652,38.95799565,88361259909,88361009909
2011,IDA blend,IDB,2.06706E+12,2533738,131168,68.83515991,10561089980,10561089980
2011,IDA only,IDX,2.34393E+12,3584562,6540263,54.74452299,48144350178,48144350178
2011,IDA total,IDA,4.40715E+12,6118300,6671431,59.64080537,58705440158,58705440158
2011,Late-demographic dividend,LTE,2.78389E+13,1085776,1452623,12.5729262,12455039925,12455039925
2011,Latin America & Caribbean,LCN,8.44114E+12,377581,483996,17.4,9525629886,9525629886
2011,Latin America & Caribbean (excluding high income),LAC,7.35659E+12,156425,473615,17.90229365,9190719892,9190719892
2011,Latin America & the Caribbean (IDA & IBRD countries),TLA,8.16444E+12,377162,475911,17.62058298,8056899879,8056899879
2011,Least developed countries: UN classification,LDC,1.99176E+12,2310884,6329250,57.27844852,42618750183,42618750183
2011,Low & middle income,LMY,4.70351E+13,13046778,10017618,39.224063,1.31467E+11,1.31467E+11
2011,Low income,LIC,8.25152E+11,2966434,5601340,60.6,32430500366,32430500366
2011,Lower middle income,LMC,1.42033E+13,7315127,1686359,45.2,39982849823,39982849823
2011,Middle East & North Africa,MEA,7.08992E+12,7424160,1661549,22.3,14939190163,14939190163
2011,Middle East & North Africa (excluding high income),MNA,3.89676E+12,7374023,1657528,24.00123938,14939190163,14939190163
2011,Middle East & North Africa (IDA & IBRD countries),TMN,3.87986E+12,5478980,1563387,24.091614,7809159920,7809159920
2011,Middle income,MIC,4.6225E+13,10080344,4416278,35.213423,59445738281,59445738281
2011,North America,NAC,1.70351E+13,429631,3883,6,,
2011,Not classified,INX,,,,,,
2011,OECD members,OED,4.66297E+13,1957245,557016,7.40370217,5230829933,5230829933
2011,Other small states,OSS,6.45333E+11,73266,68728,44.60464928,2287519979,2287519979
2011,Pacific island small states,PSS,11773102778,5,1686,22.45131222,913309997.6,913309997.6
2011,Post-demographic dividend,PST,4.25507E+13,1877882,170821,4.636835642,1498630009,1498380009
2011,Pre-demographic dividend,PRE,2.52661E+12,2305502,7239576,65.84182758,40216780304,40216780304
2011,Small states,SST,7.64016E+11,73422,74974,39.46953774,3529399977,3529399977
2011,South Asia,SAS,7.22491E+12,2193334,2928092,46.9,16115560009,16115560009
2011,South Asia (IDA & IBRD),TSA,7.22491E+12,2193334,2928092,46.86523531,16010350010,16010350010
2011,Sub-Saharan Africa,SSF,3.12679E+12,2699443,3371568,63.7,45275320040,45275320040
2011,Sub-Saharan Africa (excluding high income),SSA,3.12489E+12,2699443,3371529,63.68457298,45232920040,45232920040
2011,Sub-Saharan Africa (IDA & IBRD countries),TSS,3.12679E+12,2699443,3371568,63.68207472,41063570162,41063570162
2011,Upper middle income,UMC,3.20048E+13,2765217,2729919,14.3,18088409791,18088409791
2011,World,WLD,9.56768E+13,15201660,15201660,35.9,1.32121E+11,1.32121E+11
2012,Afghanistan,AFG,59667003515,16184,2586132,59.4,6616490234,6616490234
2012,Albania,ALB,30530346335,84,12569,10,335140014.6,335140014.6
2012,Algeria,DZA,4.9733E+11,94130,5657,22.8,144520004.3,144520004.3
2012,American Samoa,ASM,,,,,,
2012,Andorra,AND,,,6,3.9,,
2012,Angola,AGO,1.86124E+11,23401,19253,67.2,243419998.2,243419998.2
2012,Antigua and Barbuda,ATG,1771798543,,45,7.5,1879999.995,1879999.995
2012,Argentina,ARG,8.19698E+11,3468,435,11.9,174750000,174750000
2012,Armenia,ARM,27009096449,2849,15937,15,267529998.8,267529998.8
2012,Aruba,ABW,3552128686,,,,,
2012,Australia,AUS,9.74068E+11,30061,47,3.6,,
2012,Austria,AUT,3.91635E+11,51707,15,3.3,,
2012,Azerbaijan,AZE,1.4834E+11,1467,15541,28.5,247009994.5,247009994.5
2012,"Bahamas, The",BHS,11526745639,36,195,12.7,,
2012,Bahrain,BHR,65875368138,289,294,6.7,,
2012,Bangladesh,BGD,5.31393E+11,230696,10159,35.5,2030969971,2030969971
2012,Barbados,BRB,4343539150,,50,13.6,,
2012,Belarus,BLR,1.71038E+11,572,6181,3.7,100879997.3,100879997.3
2012,Belgium,BEL,4.69721E+11,22023,91,3.5,,
2012,Belize,BLZ,3071778721,27,35,15.2,25569999.69,25569999.69
2012,Benin,BEN,24308499989,4960,451,67.1,498700012.2,498700012.2
2012,Bermuda,BMU,4370872662,,,,,
2012,Bhutan,BTN,5551018264,,41582,31,145509994.5,145509994.5
2012,Bolivia,BOL,61452959663,717,616,29.8,639729980.5,639729980.5
2012,Bosnia and Herzegovina,BIH,37145719042,6904,51815,5.8,547609985.4,547609985.4
2012,Botswana,BWA,26256224093,2784,125,42.9,77400001.53,77400001.53
2012,Brazil,BRA,2.99853E+12,4681,1073,15.4,1232000000,1232000000
2012,British Virgin Islands,VGB,,,,13,,
2012,Brunei Darussalam,BRN,35209872644,,,8.2,,
2012,Bulgaria,BGR,1.1929E+11,2273,2143,8.2,,
2012,Burkina Faso,BFA,26835475975,39304,1458,64.6,1124520020,1124520020
2012,Burundi,BDI,6386185331,41811,73354,53.5,507839996.3,507839996.3
2012,Cabo Verde,CPV,3229030528,,22,20.5,245139999.4,245139999.4
2012,Cambodia,KHM,42401242882,75,14016,32.3,741710022,741710022
2012,Cameroon,CMR,63568300988,98961,13360,64.3,585109985.4,585109985.4
2012,Canada,CAN,1.4681E+12,163751,121,4.8,,
2012,Cayman Islands,CYM,3702634776,,,,,
2012,Central African Republic,CAF,4889047037,14015,164567,87.8,220429992.7,220429992.7
2012,Chad,TCD,22127764665,373690,39674,81,473549987.8,473549987.8
2012,Channel Islands,CHI,,,,,,
2012,Chile,CHL,3.74317E+11,1692,1145,7.2,114349998.5,114349998.5
2012,China,CHN,1.51245E+13,301037,193449,10.6,-9109999.657,-9109999.657
2012,Colombia,COL,5.53768E+11,204,394112,14.8,782150024.4,782150024.4
2012,Comoros,COM,1817991276,,449,51.6,95599998.47,95599998.47
2012,"Congo, Dem. Rep.",COD,46214046396,65106,509275,79.5,2790800049,2790800049
2012,"Congo, Rep.",COG,28575641891,98446,12113,40.9,137259994.5,137259994.5
2012,Costa Rica,CRI,67139321099,20435,325,8.6,30079999.92,30079999.92
2012,Cote d'Ivoire,CIV,76678492637,3972,100709,71.1,2820959961,2820959961
2012,Croatia,HRV,91597722278,722,62606,4.4,,
2012,Cuba,CUB,,366,7722,4.8,79419998.17,79419998.17
2012,Curacao,CUW,3845480707,13,,,,
2012,Cyprus,CYP,27580526569,3627,10,2.6,,
2012,Czechia,CZE,3.0749E+11,2780,620,2.6,,
2012,Denmark,DNK,2.50525E+11,11797,6,3.5,,
2012,Djibouti,DJI,,19136,626,59.3,140509994.5,140509994.5
2012,Dominica,DMA,705767394.6,,52,23.8,24639999.39,24639999.39
2012,Dominican Republic,DOM,1.18183E+11,757,280,28.9,261899993.9,261899993.9
2012,Ecuador,ECU,1.5956E+11,123793,848,14.9,152960006.7,152960006.7
2012,"Egypt, Arab Rep.",EGY,9.5866E+11,109923,10014,22.3,1570780029,1570780029
2012,El Salvador,SLV,40803596215,43,8173,15,239940002.4,239940002.4
2012,Equatorial Guinea,GNQ,38742501085,,230,74.3,13800000.19,13800000.19
2012,Eritrea,ERI,,3600,285356,37,129479995.7,129479995.7
2012,Estonia,EST,34384867089,48,455,3.1,,
2012,Eswatini,SWZ,8921900521,499,59,53.8,93629997.25,93629997.25
2012,Ethiopia,ETH,1.12533E+11,376388,74964,49.5,3212090088,3212090088
2012,Faroe Islands,FRO,,,,,,
2012,Fiji,FJI,7646755789,,1314,20.1,86580001.83,86580001.83
2012,Finland,FIN,2.21286E+11,9910,5,2.3,,
2012,France,FRA,2.474E+12,217865,94,3.1,,
2012,French Polynesia,PYF,,,,,,
2012,Gabon,GAB,26868451929,1661,189,38.7,66160003.66,66160003.66
2012,"Gambia, The",GMB,4190620610,9846,3063,43.3,133259994.5,133259994.5
2012,Georgia,GEO,36640112635,468,9266,10.8,655530029.3,655530029.3
2012,Germany,DEU,3.48723E+12,589735,174,3.4,,
2012,Ghana,GHA,1.31006E+11,16012,24269,43.8,1747469971,1747469971
2012,Gibraltar,GIB,,,,,,
2012,Greece,GRC,2.75144E+11,2090,48,3.5,,
2012,Greenland,GRL,,,,,,
2012,Grenada,GRD,1199573116,,316,13.7,7239999.771,7239999.771
2012,Guam,GUM,,,,,,
2012,Guatemala,GTM,1.065E+11,157,6389,26.6,300730011,300730011
2012,Guinea,GIN,19125167503,10369,14062,74.5,612520019.5,612520019.5
2012,Guinea-Bissau,GNB,2175252519,7780,1173,66.7,78930000.31,78930000.31
2012,Guyana,GUY,7916298602,7,800,29.4,112500000,112500000
2012,Haiti,HTI,28317559794,,38559,56.6,1271819946,1271819946
2012,Honduras,HND,34844289142,16,2612,19.5,548409973.1,548409973.1
2012,"Hong Kong SAR, China",HKG,3.73483E+11,105,18,,,
2012,Hungary,HUN,2.30822E+11,4034,1085,4.8,,
2012,Iceland,ISL,13471498420,55,,2.1,,
2012,India,IND,6.15316E+12,185644,14245,40.9,1499869995,1499869995
2012,Indonesia,IDN,2.41344E+12,1811,15514,25.9,114620002.7,114620002.7
2012,"Iran, Islamic Rep.",IRN,1.29574E+12,868239,75932,15.1,140949996.9,140949996.9
2012,Iraq,IRQ,4.83559E+11,98818,746204,27.1,1273920044,1273920044
2012,Ireland,IRL,2.13366E+11,6309,7,3.4,,
2012,Isle of Man,IMN,,,,,,
2012,Israel,ISR,2.55689E+11,48490,1326,3.4,,
2012,Italy,ITA,2.17238E+12,64782,65,3.2,,
2012,Jamaica,JAM,23269052381,19,1404,14.1,30850000.38,30850000.38
2012,Japan,JPN,4.79961E+12,2579,173,2.2,,
2012,Jordan,JOR,74340200743,2337341,2363,16.3,1217099976,1217099976
2012,Kazakhstan,KAZ,3.69966E+11,561,3567,14.6,114459999.1,114459999.1
2012,Kenya,KEN,1.25523E+11,564921,8946,37.1,2670030029,2670030029
2012,Kiribati,KIR,195083509,,34,47.7,53580001.83,53580001.83
2012,"Korea, Dem. People's Rep.",PRK,,,1126,19.8,86800003.05,86800003.05
2012,"Korea, Rep.",KOR,1.68456E+12,488,555,3.3,,
2012,Kosovo,XKX,14527700968,,,15.7,555010009.8,555010009.8
2012,Kuwait,KWT,2.76884E+11,676,1189,8.5,,
2012,Kyrgyz Republic,KGZ,20287689142,4940,3490,23.1,408200012.2,408200012.2
2012,Lao PDR,LAO,31202113958,,7981,47.7,374950012.2,374950012.2
2012,Latvia,LVA,43311586458,113,662,5.6,,
2012,Lebanon,LBN,82029496727,575456,15100,8.9,732909973.1,732909973.1
2012,Lesotho,LSO,4652464298,33,5,64.8,288609985.4,288609985.4
2012,Liberia,LBR,4981473347,65899,23428,68.3,559710022,559710022
2012,Libya,LBY,1.72535E+11,7065,5233,12.9,87559997.56,87559997.56
2012,Liechtenstein,LIE,,103,,,,
2012,Lithuania,LTU,73809005494,871,487,4.2,,
2012,Luxembourg,LUX,51308724181,2910,,2.3,,
2012,"Macao SAR, China",MAC,75587734813,,,,,
2012,Madagascar,MDG,34211234495,5,299,46.3,359029998.8,359029998.8
2012,Malawi,MWI,23167907315,6546,273,45.6,1131739990,1131739990
2012,Malaysia,MYS,6.68156E+11,90173,523,6.9,19260000.23,19260000.23
2012,Maldives,MDV,5438384434,,22,10.4,52409999.85,52409999.85
2012,Mali,MLI,28185271180,13930,149930,74.9,1002429993,1002429993
2012,Malta,MLT,12703319778,8242,5,5.9,,
2012,Marshall Islands,MHL,183803494.7,,,31,88970001.22,88970001.22
2012,Mauritania,MRT,15797573507,80500,33747,39.8,396899993.9,396899993.9
2012,Mauritius,MUS,21591010426,,57,12.9,171580001.8,171580001.8
2012,Mexico,MEX,2.01277E+12,1501,8438,15.4,441489990.2,441489990.2
2012,"Micronesia, Fed. Sts.",FSM,353925603.5,,,27.3,156919998.2,156919998.2
2012,Moldova,MDA,20815310923,176,6148,14.2,464890014.6,464890014.6
2012,Monaco,MCO,,37,5,1.2,,
2012,Mongolia,MNG,28889684312,5,2111,19.4,428670013.4,428670013.4
2012,Montenegro,MNE,8603940064,11193,4052,4.7,100089996.3,100089996.3
2012,Morocco,MAR,2.46079E+11,745,2394,24,1442849976,1442849976
2012,Mozambique,MOZ,25745855747,4395,155,65.4,2015969971,2015969971
2012,Myanmar,MMR,1.82371E+11,,415363,45.1,452260009.8,452260009.8
2012,Namibia,NAM,20501646103,1808,1097,38.3,270100006.1,270100006.1
2012,Nauru,NRU,88418309.44,,,29.5,27620000.84,27620000.84
2012,Nepal,NPL,67618420433,56263,7601,33.5,728359985.4,728359985.4
2012,Netherlands,NLD,7.92042E+11,71893,69,3.6,,
2012,New Caledonia,NCL,,,,,,
2012,New Zealand,NZL,1.45417E+11,1504,19,5,,
2012,Nicaragua,NIC,26490218493,124,1526,18.7,508239990.2,508239990.2
2012,Niger,NER,20618757380,50509,824,63.3,870719970.7,870719970.7
2012,Nigeria,NGA,8.33292E+11,3151,18017,82,1910189941,1910189941
2012,North Macedonia,MKD,24558696562,1076,7582,9,141539993.3,141539993.3
2012,Northern Mariana Islands,MNP,,,,,,
2012,Norway,NOR,3.30093E+11,42805,5,2.5,,
2012,Oman,OMN,1.7787E+11,138,62,9.9,,
2012,Pakistan,PAK,8.47095E+11,1638452,49778,67.1,1979890015,1979890015
2012,Palau,PLW,275193683.9,,,20.1,12250000,12250000
2012,Panama,PAN,72998762758,17414,107,15.9,49529998.78,49529998.78
2012,Papua New Guinea,PNG,24455146244,9378,172,43.1,540159973.1,540159973.1
2012,Paraguay,PRY,64335334008,129,101,20.6,109839996.3,109839996.3
2012,Peru,PER,3.1772E+11,1100,5207,14.2,391239990.2,391239990.2
2012,Philippines,PHL,6.12131E+11,141,979,24.3,56279998.78,56279998.78
2012,Poland,POL,8.97878E+11,15897,1638,4.7,,
2012,Portugal,PRT,2.77992E+11,473,32,3,,
2012,Puerto Rico,PRI,1.18421E+11,,,,,
2012,Qatar,QAT,3.11041E+11,80,123,7.5,,
2012,Romania,ROU,3.97333E+11,1263,2802,9.5,,
2012,Russian Federation,RUS,3.4803E+12,3164,110587,7.9,,
2012,Rwanda,RWA,15714174512,58217,97357,39,872919982.9,872919982.9
2012,Samoa,WSM,1049138516,,,16.4,99260002.14,99260002.14
2012,San Marino,SMR,1748023889,,,2.3,,
2012,Sao Tome and Principe,STP,556654533.4,,31,23.9,49310001.37,49310001.37
2012,Saudi Arabia,SAU,1.68582E+12,575,811,9.3,,
2012,Senegal,SEN,36713666050,14229,18717,39.7,1045650024,1045650024
2012,Serbia,SRB,1.00311E+11,66367,158903,6.1,1064020020,1064020020
2012,Seychelles,SYC,1958867774,,30,12.4,33409999.85,33409999.85
2012,Sierra Leone,SLE,9403736494,4203,6191,101,425559997.6,425559997.6
2012,Singapore,SGP,4.35965E+11,,64,2.2,,
2012,Sint Maarten (Dutch part),SXM,1138909192,5,,,,
2012,Slovak Republic,SVK,1.45972E+11,650,231,5.5,,
2012,Slovenia,SVN,59745699110,169,32,2.4,,
2012,Solomon Islands,SLB,1331210031,,60,21,242940002.4,242940002.4
2012,Somalia,SOM,,2307,1136709,91.2,928919982.9,928919982.9
2012,South Africa,ZAF,6.98221E+11,65225,413,31.9,1126680054,1126680054
2012,South Sudan,SSD,15364070622,202581,87007,65.1,1156430054,1156430054
2012,Spain,ESP,1.48365E+12,4502,55,2.9,,
2012,Sri Lanka,LKA,2.16884E+11,109,132720,8.9,431130004.9,431130004.9
2012,St. Kitts and Nevis,KNA,1105340824,,10,14.6,21079999.92,21079999.92
2012,St. Lucia,LCA,2300626301,,567,18.1,26000000,26000000
2012,St. Martin (French part),MAF,,,,,,
2012,St. Vincent and the Grenadines,VCT,1194631517,,1315,16.8,7960000.038,7960000.038
2012,Sudan,SDN,1.3775E+11,152188,568934,48.6,1342270020,1342270020
2012,Suriname,SUR,8543650775,,14,19.7,39340000.15,39340000.15
2012,Sweden,SWE,4.32488E+11,92869,21,2.4,,
2012,Switzerland,CHE,4.75341E+11,50733,16,3.8,,
2012,Syrian Arab Republic,SYR,,975685,729011,23.5,1230310059,1230310059
2012,Tajikistan,TJK,21658600564,2248,669,35,376619995.1,376619995.1
2012,Tanzania,TZA,95918398738,101021,1109,44.1,2753300049,2753300049
2012,Thailand,THA,1.00879E+12,84475,378,10.6,-78949996.95,-78949996.95
2012,Timor-Leste,TLS,2657507789,,8,55.6,251110000.6,251110000.6
2012,Togo,TGO,11296061595,23539,15683,55.3,233440002.4,233440002.4
2012,Tonga,TON,536952340.5,,11,11,66540000.92,66540000.92
2012,Trinidad and Tobago,TTO,42561449601,13,335,19.2,,
2012,Tunisia,TUN,1.16403E+11,1433,1918,15.2,1002849976,1002849976
2012,Turkiye,TUR,1.55069E+12,267063,135353,13.6,3053639893,3053639893
2012,Turkmenistan,TKM,63516102658,46,708,36.4,33470001.22,33470001.22
2012,Turks and Caicos Islands,TCA,660016719.5,,14,4.8,,
2012,Tuvalu,TUV,34134872.43,,,24.3,20670000.08,20670000.08
2012,Uganda,UGA,69597099319,197872,5588,44.5,1624160034,1624160034
2012,Ukraine,UKR,4.425E+11,2790,25248,9.1,762640014.6,762640014.6
2012,United Arab Emirates,ARE,6.48604E+11,628,580,7,,
2012,United Kingdom,GBR,2.44179E+12,149790,150,4.1,,
2012,United States,USA,1.6254E+13,262006,4454,6,,
2012,Uruguay,URY,65030144817,170,168,8.7,16930000.31,16930000.31
2012,Uzbekistan,UZB,1.80491E+11,178,11593,21.2,251960006.7,251960006.7
2012,Vanuatu,VUT,705424237.5,,,23.9,82190002.44,82190002.44
2012,"Venezuela, RB",VEN,,203635,8204,14.9,50439998.63,50439998.63
2012,Viet Nam,VNM,5.68401E+11,,336936,18,3671909912,3671909912
2012,Virgin Islands (U.S.),VIR,,,,,,
2012,West Bank and Gaza,PSE,20918175414,1944544,94916,17.5,1918140015,1918140015
2012,"Yemen, Rep.",YEM,85440860541,237176,2582,45.5,708869995.1,708869995.1
2012,Zambia,ZMB,49508703940,25647,240,49.3,950609985.4,950609985.4
2012,Zimbabwe,ZWE,31160636694,4354,22082,47,971320007.3,971320007.3
2012,Africa Eastern and Southern,AFE,1.77317E+12,1900709,2893167,54.1233174,25574370029,25574370029
2012,Africa Western and Central,AFW,1.43261E+12,934976,641877,72.48216039,15041050021,15041050021
2012,Arab World,ARB,6.06252E+12,6638833,3358916,30.64514364,14234010033,14234010033
2012,Caribbean small states,CSS,1.0951E+11,102,5138,17.83636935,297059999.3,297059999.3
2012,Central Europe and the Baltics,CEB,2.40163E+12,28820,72761,5.624872898,,
2012,Early-demographic dividend,EAR,2.34137E+13,9914450,1957047,36.74484995,34477539923,34477539923
2012,East Asia & Pacific,EAS,3.02677E+13,521832,990851,15.5,8227229968,8227229968
2012,East Asia & Pacific (excluding high income),EAP,2.07458E+13,487095,989975,16.24811724,8227229968,8227229968
2012,East Asia & Pacific (IDA & IBRD countries),TEA,2.07198E+13,487095,988849,16.21175509,7500389960,7500389960
2012,Euro area,EMU,1.27073E+13,1057919,2537,3.259757282,,
2012,Europe & Central Asia,ECS,2.54781E+13,1796981,652844,9.2,9681869971,9681869971
2012,Europe & Central Asia (excluding high income),ECA,6.86822E+12,374419,581352,13.9860185,9681869971,9681869971
2012,Europe & Central Asia (IDA & IBRD countries),TEC,8.25502E+12,392301,648398,13.2447764,9480239975,9480239975
2012,European Union,EUU,1.54347E+13,1189554,73458,3.767219973,,
2012,Fragile and conflict affected situations,FCS,3.58941E+12,5623247,7826258,61.78861158,36515000319,36515000319
2012,Heavily indebted poor countries (HIPC),HPC,1.38228E+12,1982315,6007757,58.38853604,41428350208,41428350208
2012,High income,HIC,5.00035E+13,1961524,84232,4.9,264799998.2,264799998.2
2012,IBRD only,IBD,4.79515E+13,5616704,2520513,24.63521319,28878399909,28878399909
2012,IDA & IBRD total,IBT,5.25725E+13,11547678,10094775,37.40619034,88841040218,88841040218
2012,IDA blend,IDB,2.15309E+12,2417841,139655,67.4631288,9694589953,9694589953
2012,IDA only,IDX,2.47983E+12,3513133,7434607,53.28254302,50268050356,50268050356
2012,IDA total,IDA,4.62877E+12,5930974,7574262,58.20957482,59962640309,59962640309
2012,Late-demographic dividend,LTE,2.99143E+13,1202519,1444896,11.76539072,14171119961,14171119961
2012,Latin America & Caribbean,LCN,8.71162E+12,380522,491192,16.9,9872189963,9872189963
2012,Latin America & Caribbean (excluding high income),LAC,7.57646E+12,157537,480119,17.31215293,9487809966,9487809966
2012,Latin America & the Caribbean (IDA & IBRD countries),TLA,8.42981E+12,380102,483211,17.06831172,7613589901,7613589901
2012,Least developed countries: UN classification,LDC,2.09551E+12,2533421,6458029,55.52410764,41908570379,41908570379
2012,Low & middle income,LMY,5.03251E+13,13251775,10120649,37.6510206,1.28554E+11,1.28554E+11
2012,Low income,LIC,8.02354E+11,2942776,6564113,59.1,31399800438,31399800438
2012,Lower middle income,LMC,1.51444E+13,7188655,1519703,43.6,42735959751,42735959751
2012,Middle East & North Africa,MEA,7.45934E+12,7328809,1696340,22.1,12801630051,12801630051
2012,Middle East & North Africa (excluding high income),MNA,4.04481E+12,7269691,1691950,23.81710629,12801630051,12801630051
2012,Middle East & North Africa (IDA & IBRD countries),TMN,4.02446E+12,5325147,1597034,23.91375137,9693130020,9693130020
2012,Middle income,MIC,4.95356E+13,10308999,3556536,33.63934372,60198167969,60198167969
2012,North America,NAC,1.77264E+13,425757,4575,5.9,,
2012,Not classified,INX,,,,,,
2012,OECD members,OED,4.8187E+13,2216584,552131,7.180048604,4421709906,4421709906
2012,Other small states,OSS,6.89241E+11,67081,53707,43.34583824,2306559976,2306559976
2012,Pacific island small states,PSS,12400040388,,1419,22.15874915,937520011.9,937520011.9
2012,Post-demographic dividend,PST,4.38666E+13,1876101,164336,4.528371277,1492429995,1492429995
2012,Pre-demographic dividend,PRE,2.64836E+12,2423706,6646688,64.20034666,39984760343,39984760343
2012,Small states,SST,8.11154E+11,67183,60264,38.44375635,3541139987,3541139987
2012,South Asia,SAS,7.8868E+12,2127348,2842239,45.1,13620130199,13620130199
2012,South Asia (IDA & IBRD),TSA,7.8868E+12,2127348,2842239,45.0755233,13484630199,13484630199
2012,Sub-Saharan Africa,SSF,3.20565E+12,2835685,3535044,62,45845620099,45845620099
2012,Sub-Saharan Africa (excluding high income),SSA,3.2037E+12,2835685,3535014,61.97407705,45798410099,45798410099
2012,Sub-Saharan Africa (IDA & IBRD countries),TSS,3.20565E+12,2835685,3535044,61.97165465,41069060163,41069060163
2012,Upper middle income,UMC,3.43734E+13,3120344,2036833,13.4,16474400048,16474400048
2012,World,WLD,1.0062E+14,15416934,15416934,34.6,1.29078E+11,1.29078E+11
2013,Afghanistan,AFG,65039839449,16861,2556483,57.2,5087959961,5087959961
2013,Albania,ALB,30603919228,96,10104,9.3,254460006.7,254460006.7
2013,Algeria,DZA,4.97988E+11,94142,3643,22.4,193850006.1,193850006.1
2013,American Samoa,ASM,,,,,,
2013,Andorra,AND,,,5,3.7,,
2013,Angola,AGO,1.99866E+11,23771,10274,63.5,278130004.9,278130004.9
2013,Antigua and Barbuda,ATG,1720170789,,50,7.1,1529999.971,1529999.971
2013,Argentina,ARG,8.49616E+11,3340,381,11.4,34669998.17,34669998.17
2013,Armenia,ARM,28500152360,13727,11995,14.2,271179992.7,271179992.7
2013,Aruba,ABW,3799583107,,,,,
2013,Australia,AUS,1.06176E+12,34485,27,3.5,,
2013,Austria,AUT,4.0637E+11,55575,5,3.2,,
2013,Azerbaijan,AZE,1.61865E+11,1377,10808,26.7,-74419998.17,-74419998.17
2013,"Bahamas, The",BHS,11509995089,14,208,12.4,,
2013,Bahrain,BHR,67716644747,294,274,6.6,,
2013,Bangladesh,BGD,5.7526E+11,231142,9720,34,2516909912,2516909912
2013,Barbados,BRB,4359831111,,63,13.5,,
2013,Belarus,BLR,1.79366E+11,599,4387,3.5,102120002.7,102120002.7
2013,Belgium,BEL,4.87344E+11,25617,76,3.4,,
2013,Belize,BLZ,3210501590,21,37,14.5,50720001.22,50720001.22
2013,Benin,BEN,26709146743,190,294,65.8,633210022,633210022
2013,Bermuda,BMU,4484628780,,,,,
2013,Bhutan,BTN,5674556894,,31556,29.7,128750000,128750000
2013,Bolivia,BOL,69841188342,734,594,28.3,664909973.1,664909973.1
2013,Bosnia and Herzegovina,BIH,39027196298,6924,26787,5.6,484049987.8,484049987.8
2013,Botswana,BWA,28454945766,2771,165,39.7,112849998.5,112849998.5
2013,Brazil,BRA,3.13389E+12,5185,982,14.9,888469970.7,888469970.7
2013,British Virgin Islands,VGB,,,,12.7,,
2013,Brunei Darussalam,BRN,33885246844,,,8.4,,
2013,Bulgaria,BGR,1.20942E+11,4305,1875,7.7,,
2013,Burkina Faso,BFA,28735314121,29233,1578,62.9,1011270020,1011270020
2013,Burundi,BDI,7069149934,45487,72636,50.8,534409973.1,534409973.1
2013,Cabo Verde,CPV,3250332596,,22,19.4,235619995.1,235619995.1
2013,Cambodia,KHM,45764054823,64,13738,30.3,763190002.4,763190002.4
2013,Cameroon,CMR,69098828118,114744,11410,61.6,719419982.9,719419982.9
2013,Canada,CAN,1.55413E+12,160347,94,4.8,,
2013,Cayman Islands,CYM,3742217002,5,6,,,
2013,Central African Republic,CAF,3284695705,14323,252854,86.9,192470001.2,192470001.2
2013,Chad,TCD,20743635471,434476,48618,79.3,450440002.4,450440002.4
2013,Channel Islands,CHI,,,,,,
2013,Chile,CHL,3.9267E+11,1738,588,7,73699996.95,73699996.95
2013,China,CHN,1.61851E+13,301045,195121,9.7,-648630004.9,-648630004.9
2013,Colombia,COL,5.91784E+11,207,396711,14.3,846070007.3,846070007.3
2013,Comoros,COM,1954973713,,509,50.1,76470001.22,76470001.22
2013,"Congo, Dem. Rep.",COD,53767800425,113357,499551,77.4,2489389893,2489389893
2013,"Congo, Rep.",COG,28055516787,51033,11744,39.8,143800003.1,143800003.1
2013,Costa Rica,CRI,71159735248,20554,463,8.2,29840000.15,29840000.15
2013,Cote d'Ivoire,CIV,85419539320,2970,85650,69.2,1245410034,1245410034
2013,Croatia,HRV,94198525241,679,49755,4.3,,
2013,Cuba,CUB,,377,7453,4.7,93400001.53,93400001.53
2013,Curacao,CUW,3850850783,13,35,,,
2013,Cyprus,CYP,26247504559,3879,10,2.5,,
2013,Czechia,CZE,3.2403E+11,2966,984,2.5,,
2013,Denmark,DNK,2.62368E+11,13153,6,3.5,,
2013,Djibouti,DJI,3624994849,20010,747,57.6,140270004.3,140270004.3
2013,Dominica,DMA,720553048.3,,41,25,18739999.77,18739999.77
2013,Dominican Republic,DOM,1.25424E+11,721,298,28.9,144240005.5,144240005.5
2013,Ecuador,ECU,1.75196E+11,123177,711,14.3,146880004.9,146880004.9
2013,"Egypt, Arab Rep.",EGY,9.92022E+11,230070,12804,21.4,5094319824,5094319824
2013,El Salvador,SLV,43092721853,42,9634,14.4,167089996.3,167089996.3
2013,Equatorial Guinea,GNQ,37422586821,,196,72.1,4250000,4250000
2013,Eritrea,ERI,,3166,308210,36,76750000,76750000
2013,Estonia,EST,36198153224,52,349,2.8,,
2013,Eswatini,SWZ,9464707359,501,103,52.7,117319999.7,117319999.7
2013,Ethiopia,ETH,1.22434E+11,433933,77109,47.3,3791459961,3791459961
2013,Faroe Islands,FRO,,,,,,
2013,Fiji,FJI,8254663160,,1109,20.2,79449996.95,79449996.95
2013,Finland,FIN,2.2568E+11,11242,5,2.2,,
2013,France,FRA,2.60852E+12,232487,92,3.1,,
2013,French Polynesia,PYF,,,,,,
2013,Gabon,GAB,27463881945,1592,180,37.3,82169998.17,82169998.17
2013,"Gambia, The",GMB,4165986164,9557,3382,42.1,106860000.6,106860000.6
2013,Georgia,GEO,39451053058,847,6787,10.2,633989990.2,633989990.2
2013,Germany,DEU,3.62856E+12,187545,164,3.3,,
2013,Ghana,GHA,1.40883E+11,18681,21048,42.2,1271349976,1271349976
2013,Gibraltar,GIB,,,,,,
2013,Greece,GRC,2.84949E+11,3468,88,3.6,,
2013,Greenland,GRL,,,,,,
2013,Grenada,GRD,1285876847,,330,13.9,12000000,12000000
2013,Guam,GUM,,,,,,
2013,Guatemala,GTM,1.12026E+11,154,6620,25.6,481440002.4,481440002.4
2013,Guinea,GIN,19730520885,8554,14559,73.4,447899993.9,447899993.9
2013,Guinea-Bissau,GNB,2248857564,8535,1222,64.2,101449996.9,101449996.9
2013,Guyana,GUY,8369728852,12,800,28.8,97860000.61,97860000.61
2013,Haiti,HTI,30705944268,,38644,55.4,1146300049,1146300049
2013,Honduras,HND,36445584467,16,3299,18.8,606719970.7,606719970.7
2013,"Hong Kong SAR, China",HKG,3.85448E+11,113,24,,,
2013,Hungary,HUN,2.42855E+11,2422,1218,4.7,,
2013,Iceland,ISL,14378252059,72,,2.1,,
2013,India,IND,6.47752E+12,188391,11032,38.8,2353189941,2353189941
2013,Indonesia,IDN,2.53504E+12,3195,14775,25,-17319999.69,-17319999.69
2013,"Iran, Islamic Rep.",IRN,1.25061E+12,857352,75061,14.4,120069999.7,120069999.7
2013,Iraq,IRQ,5.15106E+11,246294,401461,26.3,1535449951,1535449951
2013,Ireland,IRL,2.21217E+11,5991,7,3.3,,
2013,Isle of Man,IMN,,,,,,
2013,Israel,ISR,2.7999E+11,48182,1026,3.3,,
2013,Italy,ITA,2.18738E+12,76248,64,3.1,,
2013,Jamaica,JAM,24136041840,18,1501,13.7,67919998.17,67919998.17
2013,Japan,JPN,5.02159E+12,2586,154,2.1,,
2013,Jordan,JOR,79416620026,2712877,1622,15.9,1412300049,1412300049
2013,Kazakhstan,KAZ,4.17452E+11,580,2114,13,75279998.78,75279998.78
2013,Kenya,KEN,1.41004E+11,534935,8580,36,3270459961,3270459961
2013,Kiribati,KIR,206760020.5,,21,46.8,57119998.93,57119998.93
2013,"Korea, Dem. People's Rep.",PRK,,,1163,18.3,92370002.75,92370002.75
2013,"Korea, Rep.",KOR,1.7269E+12,548,495,3.2,,
2013,Kosovo,XKX,15241997169,,,14.7,539830017.1,539830017.1
2013,Kuwait,KWT,2.75264E+11,633,971,8.2,,
2013,Kyrgyz Republic,KGZ,23123731106,468,2299,21.9,450489990.2,450489990.2
2013,Lao PDR,LAO,34600073064,,7736,45.7,399269989,399269989
2013,Latvia,LVA,45564452972,149,228,5.1,,
2013,Lebanon,LBN,88502757511,1303867,3809,8.6,586739990.2,586739990.2
2013,Lesotho,LSO,5199255916,29,10,64.9,332339996.3,332339996.3
2013,Liberia,LBR,5894234691,53243,17548,66.9,520530029.3,520530029.3
2013,Libya,LBY,1.4446E+11,25561,3298,12.3,120819999.7,120819999.7
2013,Liechtenstein,LIE,,96,,,,
2013,Lithuania,LTU,79034122256,918,217,4.1,,
2013,Luxembourg,LUX,54838614516,901,,2.3,,
2013,"Macao SAR, China",MAC,88662888143,,,,,
2013,Madagascar,MDG,35256747642,11,298,45.8,479890014.6,479890014.6
2013,Malawi,MWI,25552048552,5794,323,42.8,1076170044,1076170044
2013,Malaysia,MYS,6.91871E+11,97502,478,6.9,-110110000.6,-110110000.6
2013,Maldives,MDV,6140033357,,30,9.7,19270000.46,19270000.46
2013,Mali,MLI,29823029629,14317,152812,73.2,1330839966,1330839966
2013,Malta,MLT,13756890089,9900,5,5.9,,
2013,Marshall Islands,MHL,193903613.2,,5,30.4,100339996.3,100339996.3
2013,Mauritania,MRT,17107165464,92766,34239,39,280970001.2,280970001.2
2013,Mauritius,MUS,22790254940,,72,13,135850006.1,135850006.1
2013,Mexico,MEX,2.06449E+12,1814,9396,14.9,566590026.9,566590026.9
2013,"Micronesia, Fed. Sts.",FSM,346870985.3,,,26.6,154889999.4,154889999.4
2013,Moldova,MDA,23688241637,237,2210,14,339649993.9,339649993.9
2013,Monaco,MCO,,34,5,1.2,,
2013,Mongolia,MNG,30402499579,8,2054,18.3,424459991.5,424459991.5
2013,Montenegro,MNE,9237438659,8471,542,4.3,106449996.9,106449996.9
2013,Morocco,MAR,2.56418E+11,1458,1290,22.7,1931650024,1931650024
2013,Mozambique,MOZ,27733011810,4443,51,63.4,2244270020,2244270020
2013,Myanmar,MMR,1.96136E+11,,479594,43.5,3753989990,3753989990
2013,Namibia,NAM,21744370572,2330,1138,36,273489990.2,273489990.2
2013,Nauru,NRU,94055854.61,,,28.9,23340000.15,23340000.15
2013,Nepal,NPL,72735235363,46303,8098,32,831640014.6,831640014.6
2013,Netherlands,NLD,8.27476E+11,74700,59,3.5,,
2013,New Caledonia,NCL,,,,,,
2013,New Zealand,NZL,1.60993E+11,1388,15,4.8,,
2013,Nicaragua,NIC,27949659448,184,1530,17.8,461470001.2,461470001.2
2013,Niger,NER,20860788569,57657,674,62.4,760200012.2,760200012.2
2013,Nigeria,NGA,8.97506E+11,1688,31173,81.1,2489699951,2489699951
2013,North Macedonia,MKD,26269596690,980,1622,9.4,184699996.9,184699996.9
2013,Northern Mariana Islands,MNP,,,,,,
2013,Norway,NOR,3.42254E+11,46088,15,2.4,,
2013,Oman,OMN,1.81369E+11,138,20,9.8,,
2013,Pakistan,PAK,8.83375E+11,1616505,48676,65.5,2151120117,2151120117
2013,Palau,PLW,270527306.5,,,19.5,35529998.78,35529998.78
2013,Panama,PAN,82721795171,17650,99,15.4,9850000.381,9850000.381
2013,Papua New Guinea,PNG,25835118109,9373,219,42.1,551960022,551960022
2013,Paraguay,PRY,72020277434,132,91,20,126489997.9,126489997.9
2013,Peru,PER,3.36326E+11,1128,4762,13.7,357019989,357019989
2013,Philippines,PHL,6.54004E+11,178,718,24,161869995.1,161869995.1
2013,Poland,POL,9.25133E+11,16428,1428,4.5,,
2013,Portugal,PRT,2.92135E+11,596,27,3,,
2013,Puerto Rico,PRI,1.19192E+11,,,,,
2013,Qatar,QAT,3.22985E+11,130,15,7.2,,
2013,Romania,ROU,3.93221E+11,1747,2331,8.9,,
2013,Russian Federation,RUS,3.74178E+12,3450,74310,7.6,,
2013,Rwanda,RWA,16694663960,73352,83943,37.3,1058579956,1058579956
2013,Samoa,WSM,1068653770,,,16.2,101500000,101500000
2013,San Marino,SMR,1740502671,,,2.2,,
2013,Sao Tome and Principe,STP,637514713.1,,31,22,51270000.46,51270000.46
2013,Saudi Arabia,SAU,1.6964E+12,557,575,8.8,,
2013,Senegal,SEN,37797219084,14241,19815,38.2,968140014.6,968140014.6
2013,Serbia,SRB,1.04804E+11,57079,48725,5.9,722859985.4,722859985.4
2013,Seychelles,SYC,2007294941,,24,12.4,25700000.76,25700000.76
2013,Sierra Leone,SLE,11988314938,2816,5305,98,430119995.1,430119995.1
2013,Singapore,SGP,4.4814E+11,,61,2.2,,
2013,Sint Maarten (Dutch part),SXM,1188933090,5,,,,
2013,Slovak Republic,SVK,1.51678E+11,691,321,5.4,,
2013,Slovenia,SVN,61744411906,202,27,2.3,,
2013,Solomon Islands,SLB,1425383274,,60,20.4,243500000,243500000
2013,Somalia,SOM,10600936974,2426,1121760,88.6,968520019.5,968520019.5
2013,South Africa,ZAF,7.30518E+11,65976,424,31,1292250000,1292250000
2013,South Sudan,SSD,21737660650,229587,114468,64,1351079956,1351079956
2013,Spain,ESP,1.51256E+12,4641,56,2.9,,
2013,Sri Lanka,LKA,2.31454E+11,143,123074,8.4,382950012.2,382950012.2
2013,St. Kitts and Nevis,KNA,1161568320,,12,14.5,28530000.69,28530000.69
2013,St. Lucia,LCA,2387880257,5,711,18.6,24020000.46,24020000.46
2013,St. Martin (French part),MAF,,,,,,
2013,St. Vincent and the Grenadines,VCT,1256603626,,1535,16.3,8060000.42,8060000.42
2013,Sudan,SDN,1.42298E+11,159848,648936,47.5,1535400024,1535400024
2013,Suriname,SUR,9202825864,,17,19.3,28850000.38,28850000.38
2013,Sweden,SWE,4.44617E+11,114172,18,2.4,,
2013,Switzerland,CHE,4.9876E+11,52448,11,3.8,,
2013,Syrian Arab Republic,SYR,,666541,2468323,27,2926610107,2926610107
2013,Tajikistan,TJK,24403521791,2050,657,34.2,372649993.9,372649993.9
2013,Tanzania,TZA,1.03322E+11,102099,1033,43,3335479980,3335479980
2013,Thailand,THA,1.04995E+12,136489,220,10.2,31879999.16,31879999.16
2013,Timor-Leste,TLS,2863816239,,8,54.2,230750000,230750000
2013,Togo,TGO,12052998307,20613,10301,53.8,215809997.6,215809997.6
2013,Tonga,TON,548060413.4,,16,10.8,72089996.34,72089996.34
2013,Trinidad and Tobago,TTO,42615773979,10,336,18.6,,
2013,Tunisia,TUN,1.17963E+11,727,1359,15,660890014.6,660890014.6
2013,Turkiye,TUR,1.70367E+12,609931,66558,12.7,2687340088,2687340088
2013,Turkmenistan,TKM,68363227535,45,502,36.4,29579999.92,29579999.92
2013,Turks and Caicos Islands,TCA,698811703.4,5,15,4.6,,
2013,Tuvalu,TUV,36242668.07,,,23.5,24780000.69,24780000.69
2013,Uganda,UGA,71898575876,220548,8166,42.7,1668020020,1668020020
2013,Ukraine,UKR,5.05438E+11,2956,5154,8.7,760869995.1,760869995.1
2013,United Arab Emirates,ARE,6.64073E+11,602,84,6.8,,
2013,United Kingdom,GBR,2.56354E+12,126036,140,4,,
2013,United States,USA,1.68432E+13,263653,4755,6,,
2013,Uruguay,URY,69130105749,190,144,8.4,34930000.31,34930000.31
2013,Uzbekistan,UZB,1.90612E+11,143,4953,19.7,285429992.7,285429992.7
2013,Vanuatu,VUT,721101966.2,,,23.7,78430000.31,78430000.31
2013,"Venezuela, RB",VEN,,204331,8396,15.1,37130001.07,37130001.07
2013,Viet Nam,VNM,6.07018E+11,,314109,17.8,3918860107,3918860107
2013,Virgin Islands (U.S.),VIR,,,,,,
2013,West Bank and Gaza,PSE,21898799775,1994493,96035,16.9,2561090088,2561090088
2013,"Yemen, Rep.",YEM,92755605480,241281,2413,45.3,1022020020,1022020020
2013,Zambia,ZMB,53419843089,23584,230,48.1,1109979980,1109979980
2013,Zimbabwe,ZWE,34187291083,6387,19719,45.2,794390014.6,794390014.6
2013,Africa Eastern and Southern,AFE,1.89372E+12,2054335,2977763,52.42163127,28148420082,28148420082
2013,Africa Western and Central,AFW,1.53024E+12,951229,724624,71.15284571,13479869922,13479869922
2013,Arab World,ARB,6.17953E+12,7794715,4804187,30.08870043,21047370125,21047370125
2013,Caribbean small states,CSS,1.11937E+11,80,5641,17.48165023,338230001.7,338230001.7
2013,Central Europe and the Baltics,CEB,2.4746E+12,30559,58733,5.332220538,,
2013,Early-demographic dividend,EAR,2.44423E+13,10557676,3653180,35.27176001,45691910055,45691910055
2013,East Asia & Pacific,EAS,3.20681E+13,586974,1031920,14.8,11195120082,11195120082
2013,East Asia & Pacific (excluding high income),EAP,2.20994E+13,547854,1031144,15.56843131,11195120082,11195120082
2013,East Asia & Pacific (IDA & IBRD countries),TEA,2.20717E+13,547854,1029981,15.5388722,10431140079,10431140079
2013,Euro area,EMU,1.31513E+13,694802,1800,3.206109323,,
2013,Europe & Central Asia,ECS,2.67454E+13,1775508,340100,8.9,8457730035,8457730035
2013,Europe & Central Asia (excluding high income),ECA,7.45384E+12,714265,282389,13.3094212,8457730035,8457730035
2013,Europe & Central Asia (IDA & IBRD countries),TEC,8.8664E+12,733119,335903,12.6355996,8226510031,8226510031
2013,European Union,EUU,1.59586E+13,850674,59415,3.656951045,,
2013,Fragile and conflict affected situations,FCS,3.83932E+12,6436198,9438988,60.56831987,42446759985,42446759985
2013,Heavily indebted poor countries (HIPC),HPC,1.47997E+12,2153804,6117189,56.66803612,39391469891,39391469891
2013,High income,HIC,5.19073E+13,1604441,68686,4.8,197579999.2,197579999.2
2013,IBRD only,IBD,5.06519E+13,7407701,1825247,23.55871248,31899099906,31899099906
2013,IDA & IBRD total,IBT,5.55992E+13,13167425,11321483,36.40299048,97158319861,97158319861
2013,IDA blend,IDB,2.28969E+12,2334813,140230,66.16211477,11014920037,11014920037
2013,IDA only,IDX,2.66995E+12,3424911,9356006,51.87410033,54244299917,54244299917
2013,IDA total,IDA,4.9551E+12,5759724,9496236,56.82433274,65259219954,65259219954
2013,Late-demographic dividend,LTE,3.17286E+13,1986996,1225141,11.07598488,12547570069,12547570069
2013,Latin America & Caribbean,LCN,9.10179E+12,381782,496493,16.4,9756459979,9756459979
2013,Latin America & Caribbean (excluding high income),LAC,7.91385E+12,157809,485741,16.7541784,9538749982,9538749982
2013,Latin America & the Caribbean (IDA & IBRD countries),TLA,8.81309E+12,381363,488713,16.55604558,7162039994,7162039994
2013,Least developed countries: UN classification,LDC,2.25471E+12,2757617,6659557,53.8693937,46254269838,46254269838
2013,Low & middle income,LMY,5.32765E+13,14919510,11362171,36.62976182,1.43564E+11,1.43564E+11
2013,Low income,LIC,8.60492E+11,2861405,8458127,57.6,33080769966,33080769966
2013,Lower middle income,LMC,1.59161E+13,8315334,1478321,42.2,51635319946,51635319946
2013,Middle East & North Africa,MEA,7.55041E+12,8455109,3074835,21.7,24209900024,24209900024
2013,Middle East & North Africa (excluding high income),MNA,4.06899E+12,8394673,3071865,23.33064087,24209900024,24209900024
2013,Middle East & North Africa (IDA & IBRD countries),TMN,4.04765E+12,6400180,2975830,23.428131,15744989990,15744989990
2013,Middle income,MIC,5.243E+13,12058105,2904044,32.62471743,67649171875,67649171875
2013,North America,NAC,1.84018E+13,424000,4849,5.9,,
2013,Not classified,INX,,,,,,
2013,OECD members,OED,5.02015E+13,2200241,485887,7.012418299,4203540119,4203540119
2013,Other small states,OSS,7.11254E+11,68123,40590,42.07099837,2281129986,2281129986
2013,Pacific island small states,PSS,13166223032,,1211,21.85351826,970969987.9,970969987.9
2013,Post-demographic dividend,PST,4.56648E+13,1520285,104426,4.471415297,1441969987,1441969987
2013,Pre-demographic dividend,PRE,2.84117E+12,2663167,6456351,62.6485009,39401369827,39401369827
2013,Small states,SST,8.36357E+11,68203,47442,37.42674532,3590329975,3590329975
2013,South Asia,SAS,8.3172E+12,2099345,2788669,43.2,13536669956,13536669956
2013,South Asia (IDA & IBRD),TSA,8.3172E+12,2099345,2788669,43.18988827,13471789959,13471789959
2013,Sub-Saharan Africa,SSF,3.42383E+12,3005564,3702387,60.4,46237409866,46237409866
2013,Sub-Saharan Africa (excluding high income),SSA,3.42182E+12,3005564,3702363,60.42621601,46207459866,46207459866
2013,Sub-Saharan Africa (IDA & IBRD countries),TSS,3.42383E+12,3005564,3702387,60.42402365,42121849808,42121849808
2013,Upper middle income,UMC,3.64955E+13,3742771,1425723,12.8,14954380040,14954380040
2013,World,WLD,1.05488E+14,16728282,16728282,33.7,1.4409E+11,1.4409E+11
2014,Afghanistan,AFG,69058343420,300421,2596259,55,4893290039,4893290039
2014,Albania,ALB,32529299303,111,10156,8.8,262730011,262730011
2014,Algeria,DZA,5.06135E+11,94119,3509,22,148350006.1,148350006.1
2014,American Samoa,ASM,,,,,,
2014,Andorra,AND,,,5,3.5,,
2014,Angola,AGO,2.20365E+11,15468,9468,60.5,227809997.6,227809997.6
2014,Antigua and Barbuda,ATG,1762288335,,53,6.8,2460000.038,2460000.038
2014,Argentina,ARG,8.39897E+11,3473,311,10.9,47020000.46,47020000.46
2014,Armenia,ARM,29231468082,17635,11839,13.5,254869995.1,254869995.1
2014,Aruba,ABW,3817112401,,,,,
2014,Australia,AUS,1.10059E+12,35565,27,3.3,,
2014,Austria,AUT,4.1706E+11,60724,5,3.1,,
2014,Azerbaijan,AZE,1.66329E+11,1298,10508,25,201149993.9,201149993.9
2014,"Bahamas, The",BHS,12162371615,12,216,12.2,,
2014,Bahrain,BHR,68275971746,310,344,6.5,,
2014,Bangladesh,BGD,6.23422E+11,232468,10868,32.4,2324479980,2324479980
2014,Barbados,BRB,4322217296,,82,13.3,,
2014,Belarus,BLR,1.79597E+11,919,4296,3.3,112120002.7,112120002.7
2014,Belgium,BEL,5.03619E+11,29170,76,3.4,,
2014,Belize,BLZ,3257944413,10,42,13.9,35709999.08,35709999.08
2014,Benin,BEN,29146860809,414,330,64.6,575219970.7,575219970.7
2014,Bermuda,BMU,4479895050,,,,,
2014,Bhutan,BTN,6231640988,,23633,28.5,123089996.3,123089996.3
2014,Bolivia,BOL,75554052859,751,594,26.9,641309997.6,641309997.6
2014,Bosnia and Herzegovina,BIH,39811651044,6883,21883,5.5,579099975.6,579099975.6
2014,Botswana,BWA,32410568729,2642,234,38.7,101779998.8,101779998.8
2014,Brazil,BRA,3.18716E+12,7478,977,14.6,827890014.6,827890014.6
2014,British Virgin Islands,VGB,,,,12.3,,
2014,Brunei Darussalam,BRN,33344140243,,,8.6,,
2014,Bulgaria,BGR,1.27264E+11,11026,1644,7.3,,
2014,Burkina Faso,BFA,29760893894,31894,1853,61.2,1088270020,1088270020
2014,Burundi,BDI,7649427871,52931,72477,48.4,492209991.5,492209991.5
2014,Cabo Verde,CPV,3270670232,,27,18.1,222009994.5,222009994.5
2014,Cambodia,KHM,48654438003,59,13066,28.7,768969970.7,768969970.7
2014,Cameroon,CMR,75134546785,264122,10739,59.5,808549987.8,808549987.8
2014,Canada,CAN,1.6214E+12,149164,89,4.7,,
2014,Cayman Islands,CYM,3837526343,5,6,,,
2014,Central African Republic,CAF,3215650001,7692,412028,85.3,577140014.6,577140014.6
2014,Chad,TCD,22915027718,452897,48236,77.8,375820007.3,375820007.3
2014,Channel Islands,CHI,,,,,,
2014,Chile,CHL,4.02902E+11,1764,571,6.9,232690002.4,232690002.4
2014,China,CHN,1.71213E+13,301052,210793,8.9,-978559997.6,-978559997.6
2014,Colombia,COL,6.25019E+11,198,360291,13.9,1183930054,1183930054
2014,Comoros,COM,2063131654,,580,48.7,70629997.25,70629997.25
2014,"Congo, Dem. Rep.",COD,62684684446,119752,516765,75.3,2308399902,2308399902
2014,"Congo, Rep.",COG,28095573771,54842,14498,38.8,100349998.5,100349998.5
2014,Costa Rica,CRI,77049117295,20726,414,7.9,52490001.68,52490001.68
2014,Cote d'Ivoire,CIV,97828400549,1918,71956,67.3,896090026.9,896090026.9
2014,Croatia,HRV,94774466672,724,40121,4.2,,
2014,Cuba,CUB,,276,7497,4.6,206399993.9,206399993.9
2014,Curacao,CUW,3819089816,34,35,,,
2014,Cyprus,CYP,25721019660,5120,10,2.4,,
2014,Czechia,CZE,3.421E+11,3129,1321,2.5,,
2014,Denmark,DNK,2.70331E+11,17767,11,3.5,,
2014,Djibouti,DJI,3854585104,20525,870,56.1,158259994.5,158259994.5
2014,Dominica,DMA,775558493.9,,35,26.3,15180000.31,15180000.31
2014,Dominican Republic,DOM,1.36976E+11,608,348,28.9,160270004.3,160270004.3
2014,Ecuador,ECU,1.86847E+11,122129,807,13.7,158619995.1,158619995.1
2014,"Egypt, Arab Rep.",EGY,9.85262E+11,236085,15899,20.6,3345830078,3345830078
2014,El Salvador,SLV,45533860834,33,10968,13.8,96919998.17,96919998.17
2014,Equatorial Guinea,GNQ,37816353966,,168,69.9,319999.9928,319999.9928
2014,Eritrea,ERI,,2898,363081,35,79550003.05,79550003.05
2014,Estonia,EST,38050116723,82,340,2.6,,
2014,Eswatini,SWZ,9634325482,511,151,53.4,87199996.95,87199996.95
2014,Ethiopia,ETH,1.48486E+11,659520,86857,45.2,3453010010,3453010010
2014,Faroe Islands,FRO,,,,,,
2014,Fiji,FJI,9831527136,7,927,20.4,84349998.47,84349998.47
2014,Finland,FIN,2.28059E+11,11783,5,2.1,,
2014,France,FRA,2.66203E+12,252248,84,3.1,,
2014,French Polynesia,PYF,,,,,,
2014,Gabon,GAB,28955844877,1007,179,36.5,104269996.6,104269996.6
2014,"Gambia, The",GMB,4102796585,11606,5122,41,94199996.95,94199996.95
2014,Georgia,GEO,43054252353,858,6687,9.7,554250000,554250000
2014,Germany,DEU,3.80711E+12,216956,170,3.3,,
2014,Ghana,GHA,1.51592E+11,18448,22116,40.6,1074390015,1074390015
2014,Gibraltar,GIB,,,,,,
2014,Greece,GRC,2.90011E+11,10292,108,3.8,,
2014,Greenland,GRL,,,,,,
2014,Grenada,GRD,1420278126,,324,14.1,37930000.31,37930000.31
2014,Guam,GUM,,,,,,
2014,Guatemala,GTM,1.18754E+11,160,7487,24.6,275589996.3,275589996.3
2014,Guinea,GIN,20122408008,8763,15247,72.9,536159973.1,536159973.1
2014,Guinea-Bissau,GNB,2332574695,8685,1306,61.9,105209999.1,105209999.1
2014,Guyana,GUY,8360281355,12,700,28.1,129070007.3,129070007.3
2014,Haiti,HTI,31298618291,,37147,54.1,1063650024,1063650024
2014,Honduras,HND,39875503508,28,4157,18.2,587869995.1,587869995.1
2014,"Hong Kong SAR, China",HKG,3.96044E+11,160,25,,,
2014,Hungary,HUN,2.53485E+11,2854,1264,4.5,,
2014,Iceland,ISL,15058763610,93,,2.1,,
2014,India,IND,6.78102E+12,199931,10431,36.9,2880620117,2880620117
2014,Indonesia,IDN,2.62225E+12,4267,14393,24.1,-500109985.4,-500109985.4
2014,"Iran, Islamic Rep.",IRN,1.25579E+12,982025,82202,13.9,69379997.25,69379997.25
2014,Iraq,IRQ,4.77916E+11,271137,369960,25.6,1346099976,1346099976
2014,Ireland,IRL,2.38187E+11,5832,7,3.3,,
2014,Isle of Man,IMN,,,,,,
2014,Israel,ISR,2.85416E+11,39698,967,3.2,,
2014,Italy,ITA,2.20026E+12,93712,63,3.1,,
2014,Jamaica,JAM,24568341335,23,1682,13.3,89230003.36,89230003.36
2014,Japan,JPN,5.03445E+12,2562,257,2.1,,
2014,Jordan,JOR,81884118370,2771492,1711,15.5,2738459961,2738459961
2014,Kazakhstan,KAZ,4.27478E+11,628,2219,11.6,75389999.39,75389999.39
2014,Kenya,KEN,1.56802E+11,551351,8546,34.7,2616129883,2616129883
2014,Kiribati,KIR,208317137.1,,5,45.7,73580001.83,73580001.83
2014,"Korea, Dem. People's Rep.",PRK,,,1275,17,127669998.2,127669998.2
2014,"Korea, Rep.",KOR,1.7926E+12,1164,478,3.1,,
2014,Kosovo,XKX,15679471218,,,13.8,544820007.3,544820007.3
2014,Kuwait,KWT,2.5867E+11,611,974,8,,
2014,Kyrgyz Republic,KGZ,24986584384,484,2449,20.9,526280029.3,526280029.3
2014,Lao PDR,LAO,39000303252,,7476,43.8,454619995.1,454619995.1
2014,Latvia,LVA,47483513480,168,206,4.6,,
2014,Lebanon,LBN,94024300718,1606698,4262,8.3,778309997.6,778309997.6
2014,Lesotho,LSO,5730193289,43,16,63.8,107400001.5,107400001.5
2014,Liberia,LBR,6181038116,38586,13561,67.8,728280029.3,728280029.3
2014,Libya,LBY,1.26892E+11,27964,4187,11.8,195050003.1,195050003.1
2014,Liechtenstein,LIE,,102,,,,
2014,Lithuania,LTU,82647216574,1007,182,4.1,,
2014,Luxembourg,LUX,58578323746,1091,,2.3,,
2014,"Macao SAR, China",MAC,90217341072,,5,,,
2014,Madagascar,MDG,36701692064,11,279,45.5,562510009.8,562510009.8
2014,Malawi,MWI,25578329413,5871,356,40.4,886750000,886750000
2014,Malaysia,MYS,7.34948E+11,99362,458,6.9,16520000.46,16520000.46
2014,Maldives,MDV,6957268404,,32,9,21049999.24,21049999.24
2014,Mali,MLI,32434173881,15193,139249,71.7,1173250000,1173250000
2014,Malta,MLT,14924500018,6095,,5.8,,
2014,Marshall Islands,MHL,195317211.9,,5,29.8,60000000,60000000
2014,Mauritania,MRT,16883392127,75628,34103,38.1,248550003.1,248550003.1
2014,Mauritius,MUS,23805074967,,91,12.9,40069999.69,40069999.69
2014,Mexico,MEX,2.17323E+12,1820,10672,14.4,795659973.1,795659973.1
2014,"Micronesia, Fed. Sts.",FSM,345209473.7,,,25.8,126559997.6,126559997.6
2014,Moldova,MDA,24931777108,323,2230,13.8,503779998.8,503779998.8
2014,Monaco,MCO,,33,5,1.1,,
2014,Mongolia,MNG,32506744921,5,2162,17.4,306480011,306480011
2014,Montenegro,MNE,9557968489,6455,601,3.9,92169998.17,92169998.17
2014,Morocco,MAR,2.48262E+11,1205,1523,21.4,2108560059,2108560059
2014,Mozambique,MOZ,29941333846,4534,55,61.9,2020630005,2020630005
2014,Myanmar,MMR,2.09644E+11,,479006,42.1,1313849976,1313849976
2014,Namibia,NAM,23796468379,1765,1250,33.5,235500000,235500000
2014,Nauru,NRU,110395079.1,386,,28.2,19790000.92,19790000.92
2014,Nepal,NPL,79300444355,38490,8542,30.6,831780029.3,831780029.3
2014,Netherlands,NLD,8.30319E+11,82483,63,3.5,,
2014,New Caledonia,NCL,,,,,,
2014,New Zealand,NZL,1.68435E+11,1342,14,4.7,,
2014,Nicaragua,NIC,30355546777,273,1580,16.9,407739990.2,407739990.2
2014,Niger,NER,21982232412,77826,728,61.8,875659973.1,875659973.1
2014,Nigeria,NGA,9.71492E+11,1237,90936,80.2,2407229980,2407229980
2014,North Macedonia,MKD,27776160176,880,1752,9.8,196149993.9,196149993.9
2014,Northern Mariana Islands,MNP,,,,,,
2014,Norway,NOR,3.40765E+11,47025,15,2.3,,
2014,Oman,OMN,1.78709E+11,150,25,9.7,,
2014,Pakistan,PAK,9.31731E+11,1505521,335947,63.9,3514129883,3514129883
2014,Palau,PLW,292930878.5,,,18.9,24350000.38,24350000.38
2014,Panama,PAN,92583167739,17256,83,15,-180279998.8,-180279998.8
2014,Papua New Guinea,PNG,29882684309,9503,285,41.2,509660003.7,509660003.7
2014,Paraguay,PRY,75593778277,149,87,19.5,60040000.92,60040000.92
2014,Peru,PER,3.46349E+11,1275,4333,13.2,322440002.4,322440002.4
2014,Philippines,PHL,6.99662E+11,213,660,23.7,640000000,640000000
2014,Poland,POL,9.62318E+11,15730,1306,4.3,,
2014,Portugal,PRT,2.98952E+11,704,30,3,,
2014,Puerto Rico,PRI,1.19065E+11,,,,,
2014,Qatar,QAT,3.17406E+11,132,23,7,,
2014,Romania,ROU,4.10766E+11,2171,1917,8.3,,
2014,Russian Federation,RUS,3.76353E+12,235732,70552,7.2,,
2014,Rwanda,RWA,18926851526,73822,79396,35.8,1000099976,1000099976
2014,Samoa,WSM,1095820605,,,16.1,86150001.53,86150001.53
2014,San Marino,SMR,1825987816,,,2.1,,
2014,Sao Tome and Principe,STP,747127209,,24,20.2,39389999.39,39389999.39
2014,Saudi Arabia,SAU,1.74622E+12,559,616,8.3,,
2014,Senegal,SEN,40124398371,14267,23110,36.9,1081130005,1081130005
2014,Serbia,SRB,1.04532E+11,43749,45730,5.7,338670013.4,338670013.4
2014,Seychelles,SYC,2254999546,,23,12.5,11329999.92,11329999.92
2014,Sierra Leone,SLE,12544248945,1371,4988,96,848320007.3,848320007.3
2014,Singapore,SGP,4.61772E+11,5,55,2.2,,
2014,Sint Maarten (Dutch part),SXM,1464385642,5,,,,
2014,Slovak Republic,SVK,1.57298E+11,791,316,5.3,,
2014,Slovenia,SVN,63653371400,251,25,2.2,,
2014,Solomon Islands,SLB,1469304263,5,70,19.9,175050003.1,175050003.1
2014,Somalia,SOM,12505492718,2732,1106430,86.2,1015210022,1015210022
2014,South Africa,ZAF,7.41916E+11,112182,422,30.2,1092270020,1092270020
2014,South Sudan,SSD,15784928985,248152,616206,63.8,1924010010,1924010010
2014,Spain,ESP,1.55899E+12,5797,60,2.8,,
2014,Sri Lanka,LKA,2.43244E+11,508,121991,8,470079986.6,470079986.6
2014,St. Kitts and Nevis,KNA,1264657633,,20,14.4,,
2014,St. Lucia,LCA,2445392792,,921,19.1,18469999.31,18469999.31
2014,St. Martin (French part),MAF,,,,,,
2014,St. Vincent and the Grenadines,VCT,1304300298,,1736,15.8,9260000.229,9260000.229
2014,Sudan,SDN,1.68144E+11,277818,665956,46.4,853099975.6,853099975.6
2014,Suriname,SUR,9550173377,,17,18.7,12529999.73,12529999.73
2014,Sweden,SWE,4.57508E+11,142197,18,2.4,,
2014,Switzerland,CHE,5.193E+11,62596,16,3.8,,
2014,Syrian Arab Republic,SYR,,677751,3887490,27.8,3251620117,3251620117
2014,Tajikistan,TJK,27259901286,2027,722,33.4,339179992.7,339179992.7
2014,Tanzania,TZA,1.08827E+11,88492,843,41.9,2558949951,2558949951
2014,Thailand,THA,1.05945E+12,130227,223,9.7,354209991.5,354209991.5
2014,Timor-Leste,TLS,3195416663,,13,52.9,231270004.3,231270004.3
2014,Togo,TGO,12885260003,21773,9271,52.3,200479995.7,200479995.7
2014,Tonga,TON,569579125,,19,10.7,74339996.34,74339996.34
2014,Trinidad and Tobago,TTO,43203770412,76,371,18.1,,
2014,Tunisia,TUN,1.21969E+11,895,1476,14.9,800940002.4,800940002.4
2014,Turkiye,TUR,1.86047E+12,1587365,63882,11.9,3231070068,3231070068
2014,Turkmenistan,TKM,73746160883,34,470,36.4,29930000.31,29930000.31
2014,Turks and Caicos Islands,TCA,779221758.7,5,15,4.5,,
2014,Tuvalu,TUV,36920366.6,,,22.8,31620000.84,31620000.84
2014,Uganda,UGA,77086309835,385503,7177,41,1596160034,1596160034
2014,Ukraine,UKR,4.61987E+11,3206,237617,8.4,1328239990,1328239990
2014,United Arab Emirates,ARE,6.96795E+11,419,84,6.7,,
2014,United Kingdom,GBR,2.66711E+12,117226,137,3.9,,
2014,United States,USA,1.75507E+13,267214,4980,5.9,,
2014,Uruguay,URY,73412927437,254,119,8,86919998.17,86919998.17
2014,Uzbekistan,UZB,1.99767E+11,123,4790,18.3,314230011,314230011
2014,Vanuatu,VUT,757628771.1,,,23.3,88730003.36,88730003.36
2014,"Venezuela, RB",VEN,,173591,8009,15.4,41470001.22,41470001.22
2014,Viet Nam,VNM,6.60612E+11,,313420,17.7,4130580078,4130580078
2014,Virgin Islands (U.S.),VIR,,,,,,
2014,West Bank and Gaza,PSE,22995977751,2051096,97207,17.2,2361389893,2361389893
2014,"Yemen, Rep.",YEM,,257637,2623,45.4,1118099976,1118099976
2014,Zambia,ZMB,54506587745,25566,309,47.2,973479980.5,973479980.5
2014,Zimbabwe,ZWE,35494681435,6076,22478,43.2,726929992.7,726929992.7
2014,Africa Eastern and Southern,AFE,2.02624E+12,2637640,3559470,50.85829781,24798370349,24798370349
2014,Africa Western and Central,AFW,1.64882E+12,1108169,919751,69.98855004,13955869933,13955869933
2014,Arab World,ARB,6.21774E+12,8374963,6199852,29.47472801,20538460060,20538460060
2014,Caribbean small states,CSS,1.14398E+11,133,6199,17.06493058,349840009.7,349840009.7
2014,Central Europe and the Baltics,CEB,2.57984E+12,37933,48642,5.091058663,,
2014,Early-demographic dividend,EAR,2.54894E+13,11936839,5372014,33.84058781,43576750047,43576750047
2014,East Asia & Pacific,EAS,3.34757E+13,585884,1045117,14,8868570066,8868570066
2014,East Asia & Pacific (excluding high income),EAP,2.33051E+13,544700,1044256,14.70472976,8868570066,8868570066
2014,East Asia & Pacific (IDA & IBRD countries),TEA,2.3276E+13,545086,1042981,14.67961994,8092010052,8092010052
2014,Euro area,EMU,1.3523E+13,784306,1750,3.189939376,,
2014,Europe & Central Asia,ECS,2.75312E+13,3109594,547913,8.5,9711700086,9711700086
2014,Europe & Central Asia (excluding high income),ECA,7.63952E+12,1919736,500027,12.64480472,9711700086,9711700086
2014,Europe & Central Asia (IDA & IBRD countries),TEC,9.10738E+12,1938361,543371,12.00087007,9484130081,9484130081
2014,European Union,EUU,1.64415E+13,979904,49352,3.597547555,,
2014,Fragile and conflict affected situations,FCS,3.93662E+12,7667810,11894627,59.45287487,39825209898,39825209898
2014,Heavily indebted poor countries (HIPC),HPC,1.62043E+12,3106860,6369463,55.11540522,37020079933,37020079933
2014,High income,HIC,5.3575E+13,1714817,59143,4.7,172910002.7,172910002.7
2014,IBRD only,IBD,5.26456E+13,9148139,1992921,22.24584971,33498020377,33498020377
2014,IDA & IBRD total,IBT,5.79762E+13,15806215,14003844,35.18033475,95107110142,95107110142
2014,IDA blend,IDB,2.45064E+12,2392782,492202,64.88526254,11615679737,11615679737
2014,IDA only,IDX,2.89506E+12,4265294,11518721,50.61224492,49993410028,49993410028
2014,IDA total,IDA,5.34017E+12,6658076,12010923,55.53807448,61609089766,61609089766
2014,Late-demographic dividend,LTE,3.30361E+13,2509954,1196553,10.40572157,13885930239,13885930239
2014,Latin America & Caribbean,LCN,9.39703E+12,352424,462707,16,9491910089,9491910089
2014,Latin America & Caribbean (excluding high income),LAC,8.16872E+12,159410,452427,16.2783208,9081350087,9081350087
2014,Latin America & the Caribbean (IDA & IBRD countries),TLA,9.10305E+12,352087,454856,16.12560486,7212080061,7212080061
2014,Least developed countries: UN classification,LDC,2.45283E+12,3579313,7414985,52.39815881,42238599852,42238599852
2014,Low & middle income,LMY,5.55598E+13,17645623,14056530,35.39642518,1.53173E+11,1.53173E+11
2014,Low income,LIC,9.54721E+11,3736876,10639024,56.3,33158590065,33158590065
2014,Lower middle income,LMC,1.66081E+13,8833785,2053560,40.8,47473969910,47473969910
2014,Middle East & North Africa,MEA,7.57249E+12,9046603,4475952,21.1,30307749977,30307749977
2014,Middle East & North Africa (excluding high income),MNA,4.02487E+12,8998629,4472919,22.7147346,30307749977,30307749977
2014,Middle East & North Africa (IDA & IBRD countries),TMN,4.0024E+12,6947533,4375712,22.79917315,16058960167,16058960167
2014,Middle income,MIC,5.46275E+13,13908747,3417506,31.36054108,65489890625,65489890625
2014,North America,NAC,1.91766E+13,416378,5069,5.8,,
2014,Not classified,INX,,,,,,
2014,OECD members,OED,5.20025E+13,3290290,448470,6.795705628,5495840099,5495840099
2014,Other small states,OSS,7.21323E+11,65071,35037,40.78522977,1845149973,1845149973
2014,Pacific island small states,PSS,14912950047,398,1026,21.57779147,844520004.3,844520004.3
2014,Post-demographic dividend,PST,4.70751E+13,1645317,322776,4.397803339,2228319963,2228319963
2014,Pre-demographic dividend,PRE,2.99807E+12,3441351,7232189,61.27261232,37376419770,37376419770
2014,Small states,SST,8.50634E+11,65602,42262,36.37135591,3039509987,3039509987
2014,South Asia,SAS,8.74097E+12,2277339,3107703,41.4,15138530033,15138530033
2014,South Asia (IDA & IBRD),TSA,8.74097E+12,2277339,3107703,41.47068311,15058520031,15058520031
2014,Sub-Saharan Africa,SSF,3.67493E+12,3745809,4479221,59,44789869711,44789869711
2014,Sub-Saharan Africa (excluding high income),SSA,3.67267E+12,3745809,4479198,59.02303912,44778219711,44778219711
2014,Sub-Saharan Africa (IDA & IBRD countries),TSS,3.67493E+12,3745809,4479221,59.02095865,39201409750,39201409750
2014,Upper middle income,UMC,3.80002E+13,5074962,1363946,12.1,16955630048,16955630048
2014,World,WLD,1.09449E+14,19534031,19534031,32.5,1.53436E+11,1.53436E+11
2015,Afghanistan,AFG,71831696728,257553,2666294,53,4544720215,4544720215
2015,Albania,ALB,33585813506,109,10404,8.5,333799987.8,333799987.8
2015,Algeria,DZA,4.77358E+11,94176,3470,21.7,76519996.64,76519996.64
2015,American Samoa,ASM,,,,,,
2015,Andorra,AND,,,5,3.3,,
2015,Angola,AGO,2.04604E+11,15547,11855,57.9,421410003.7,421410003.7
2015,Antigua and Barbuda,ATG,1769549897,15,56,6.5,1700000.048,1700000.048
2015,Argentina,ARG,8.67177E+11,3187,186,10.3,-18639999.39,-18639999.39
2015,Armenia,ARM,29166842741,19314,11211,12.9,374989990.2,374989990.2
2015,Aruba,ABW,3893364334,,,,,
2015,Australia,AUS,1.10152E+12,36917,21,3.3,,
2015,Austria,AUT,4.30976E+11,72198,,3,,
2015,Azerbaijan,AZE,1.44146E+11,1279,9707,23.3,73800003.05,73800003.05
2015,"Bahamas, The",BHS,12466874448,7,216,12,,
2015,Bahrain,BHR,62523275420,246,422,6.4,,
2015,Bangladesh,BGD,6.65525E+11,231954,12154,31,2768080078,2768080078
2015,Barbados,BRB,4434706819,,95,13,,
2015,Belarus,BLR,1.71205E+11,1805,4117,3.1,112839996.3,112839996.3
2015,Belgium,BEL,5.20878E+11,35302,66,3.4,,
2015,Belize,BLZ,3352988943,34,48,13.2,30469999.31,30469999.31
2015,Benin,BEN,30530995255,526,400,63.3,471489990.2,471489990.2
2015,Bermuda,BMU,4688793779,,,,,
2015,Bhutan,BTN,6915381146,,17709,27.4,103889999.4,103889999.4
2015,Bolivia,BOL,77543289209,762,566,25.6,842210022,842210022
2015,Bosnia and Herzegovina,BIH,41678888279,6789,18763,5.4,375880004.9,375880004.9
2015,Botswana,BWA,30936562621,2127,306,36.6,70830001.83,70830001.83
2015,Brazil,BRA,3.01475E+12,8703,893,14.3,1067939941,1067939941
2015,British Virgin Islands,VGB,,,,12,,
2015,Brunei Darussalam,BRN,25948980973,,,8.8,,
2015,Bulgaria,BGR,1.32017E+11,16543,1264,6.8,,
2015,Burkina Faso,BFA,31032905190,34017,2147,59.7,1074560059,1074560059
2015,Burundi,BDI,8550074538,53356,292750,46.3,397000000,397000000
2015,Cabo Verde,CPV,3447009577,,27,16.9,169270004.3,169270004.3
2015,Cambodia,KHM,52598070985,74,12802,27.3,728969970.7,728969970.7
2015,Cameroon,CMR,79112640283,342970,10565,57.1,718630004.9,718630004.9
2015,Canada,CAN,1.59485E+12,135890,73,4.7,,
2015,Cayman Islands,CYM,3964557970,10,6,,,
2015,Central African Republic,CAF,3536183568,7332,471093,83.7,523409973.1,523409973.1
2015,Chad,TCD,25682812591,369538,14921,76.1,654570007.3,654570007.3
2015,Channel Islands,CHI,,,,,,
2015,Chile,CHL,4.055E+11,1840,554,6.8,58130001.07,58130001.07
2015,China,CHN,1.77967E+13,301044,212911,8.2,-367489990.2,-367489990.2
2015,Colombia,COL,6.304E+11,212,340116,13.4,1463140015,1463140015
2015,Comoros,COM,2106508753,,550,47.2,70900001.53,70900001.53
2015,"Congo, Dem. Rep.",COD,69035657197,383095,541487,73.4,2769929932,2769929932
2015,"Congo, Rep.",COG,22531030874,44952,14772,37.7,95809997.56,95809997.56
2015,Costa Rica,CRI,82852849095,3603,374,7.7,124500000,124500000
2015,Cote d'Ivoire,CIV,1.0807E+11,1972,71107,65.6,699030029.3,699030029.3
2015,Croatia,HRV,98104624031,517,33452,4.2,,
2015,Cuba,CUB,,300,6827,4.5,591080017.1,591080017.1
2015,Curacao,CUW,3826457856,46,35,,,
2015,Cyprus,CYP,27059426128,7062,,2.3,,
2015,Czechia,CZE,3.57504E+11,3640,1280,2.5,,
2015,Denmark,DNK,2.78748E+11,27312,11,3.5,,
2015,Djibouti,DJI,4170917765,19369,1059,54.5,186479995.7,186479995.7
2015,Dominica,DMA,792974988,,35,27.6,12460000.04,12460000.04
2015,Dominican Republic,DOM,1.5156E+11,615,382,28.9,303369995.1,303369995.1
2015,Ecuador,ECU,1.7931E+11,121511,1006,13.2,347880004.9,347880004.9
2015,"Egypt, Arab Rep.",EGY,1.06424E+12,212492,17929,19.9,2757389893,2757389893
2015,El Salvador,SLV,48056303343,46,14778,13.3,97010002.14,97010002.14
2015,Equatorial Guinea,GNQ,28095292742,,142,68,8060000.42,8060000.42
2015,Eritrea,ERI,,2549,407428,34,100330001.8,100330001.8
2015,Estonia,EST,38378217196,158,315,2.4,,
2015,Eswatini,SWZ,9729896589,694,213,50.1,100150001.5,100150001.5
2015,Ethiopia,ETH,1.67119E+11,736081,85839,43.2,3410300049,3410300049
2015,Faroe Islands,FRO,,,,,,
2015,Fiji,FJI,10781765001,7,887,20.7,108279998.8,108279998.8
2015,Finland,FIN,2.32867E+11,12692,10,2,,
2015,France,FRA,2.7185E+12,273117,90,3.2,,
2015,French Polynesia,PYF,,,,,,
2015,Gabon,GAB,28630139365,934,174,35.3,107489997.9,107489997.9
2015,"Gambia, The",GMB,4311179262,7851,8473,39.8,115730003.4,115730003.4
2015,Georgia,GEO,45035492645,1973,6505,9.3,486079986.6,486079986.6
2015,Germany,DEU,3.88908E+12,316098,153,3.3,,
2015,Ghana,GHA,1.44984E+11,17404,22962,39.2,1885199951,1885199951
2015,Gibraltar,GIB,,,,,,
2015,Greece,GRC,2.89571E+11,24831,111,3.8,,
2015,Greenland,GRL,,,,,,
2015,Grenada,GRD,1551090006,,270,14.2,25799999.24,25799999.24
2015,Guam,GUM,,,,,,
2015,Guatemala,GTM,1.27566E+11,222,10284,23.8,438420013.4,438420013.4
2015,Guinea,GIN,20799124961,8835,16995,71.9,581400024.4,581400024.4
2015,Guinea-Bissau,GNB,2774674411,8685,1472,59.9,103250000,103250000
2015,Guyana,GUY,8593945844,12,508,27.4,33110000.61,33110000.61
2015,Haiti,HTI,31036790873,,34762,53,1123920044,1123920044
2015,Honduras,HND,43955139193,28,6847,17.5,578969970.7,578969970.7
2015,"Hong Kong SAR, China",HKG,4.11294E+11,109,33,,,
2015,Hungary,HUN,2.63782E+11,4383,1447,4.2,,
2015,Iceland,ISL,16276450019,170,,2.1,,
2015,India,IND,7.1598E+12,201379,9882,35,3473379883,3473379883
2015,Indonesia,IDN,2.64771E+12,5954,13947,23.2,-126339996.3,-126339996.3
2015,"Iran, Islamic Rep.",IRN,1.13104E+12,979435,84950,13.4,121440002.4,121440002.4
2015,Iraq,IRQ,3.47324E+11,277702,264086,24.8,1609099976,1609099976
2015,Ireland,IRL,3.24788E+11,6108,5,3.2,,
2015,Isle of Man,IMN,,,,,,
2015,Israel,ISR,3.00546E+11,32929,787,3.2,,
2015,Italy,ITA,2.24092E+12,118036,69,3,,
2015,Jamaica,JAM,25418047672,13,1857,12.9,61259998.32,61259998.32
2015,Japan,JPN,5.19992E+12,2479,140,2,,
2015,Jordan,JOR,87705168919,2808343,1836,15,2312439941,2312439941
2015,Kazakhstan,KAZ,4.07416E+11,701,2263,10.6,76610000.61,76610000.61
2015,Kenya,KEN,1.76338E+11,553907,7902,33.1,2629409912,2629409912
2015,Kiribati,KIR,231157906.2,,,44.7,68000000,68000000
2015,"Korea, Dem. People's Rep.",PRK,,,1094,16,138149993.9,138149993.9
2015,"Korea, Rep.",KOR,1.93359E+12,1455,346,3,,
2015,Kosovo,XKX,16732391621,,,13,469970001.2,469970001.2
2015,Kuwait,KWT,1.81157E+11,736,1076,7.8,,
2015,Kyrgyz Republic,KGZ,25107317901,349,2498,19.8,790359985.4,790359985.4
2015,Lao PDR,LAO,41582719416,,7359,42.1,505309997.6,505309997.6
2015,Latvia,LVA,49384358752,193,187,4.3,,
2015,Lebanon,LBN,98413136247,1529213,4353,8.1,1019090027,1019090027
2015,Lesotho,LSO,6336395992,31,16,63.2,92959999.08,92959999.08
2015,Liberia,LBR,5869634044,36495,9972,64.6,1170130005,1170130005
2015,Libya,LBY,1.37239E+11,9305,6077,11.4,166880004.9,166880004.9
2015,Liechtenstein,LIE,,146,,,,
2015,Lithuania,LTU,83761417312,1094,143,4,,
2015,Luxembourg,LUX,61437308584,1306,,2.3,,
2015,"Macao SAR, China",MAC,70022650972,,5,,,
2015,Madagascar,MDG,37486176943,6,285,45.2,730020019.5,730020019.5
2015,Malawi,MWI,24682399885,9018,429,38.6,1103270020,1103270020
2015,Malaysia,MYS,7.50777E+11,94158,435,7,-5420000.076,-5420000.076
2015,Maldives,MDV,7628331940,,39,8.4,26159999.85,26159999.85
2015,Mali,MLI,35447022304,15913,154202,70.2,1290380005,1290380005
2015,Malta,MLT,16669514925,7068,,5.8,,
2015,Marshall Islands,MHL,201436056.3,,5,29.2,62049999.24,62049999.24
2015,Mauritania,MRT,16995094117,77390,34656,37.2,350929992.7,350929992.7
2015,Mauritius,MUS,24933809775,,101,12.9,85360000.61,85360000.61
2015,Mexico,MEX,2.23019E+12,2904,11340,13.9,338869995.1,338869995.1
2015,"Micronesia, Fed. Sts.",FSM,364778257.9,5,,25.1,88769996.64,88769996.64
2015,Moldova,MDA,26410710406,434,2289,13.6,339109985.4,339109985.4
2015,Monaco,MCO,,32,5,1.1,,
2015,Mongolia,MNG,31928136101,11,2198,16.6,257549987.8,257549987.8
2015,Montenegro,MNE,10161624657,1762,646,3.5,108010002.1,108010002.1
2015,Morocco,MAR,2.69769E+11,3899,1760,20.3,1654619995,1654619995
2015,Mozambique,MOZ,34918471458,5624,55,60.4,1937739990,1937739990
2015,Myanmar,MMR,2.16278E+11,,451804,40.7,1251260010,1251260010
2015,Namibia,NAM,24615023881,1730,1272,33.3,155039993.3,155039993.3
2015,Nauru,NRU,105188328.1,508,,27.5,32459999.08,32459999.08
2015,Nepal,NPL,80942994654,32669,9051,29.2,1285729980,1285729980
2015,Netherlands,NLD,8.51885E+11,88518,64,3.5,,
2015,New Caledonia,NCL,,,,,,
2015,New Zealand,NZL,1.72759E+11,1313,16,4.6,,
2015,Nicaragua,NIC,32945089402,325,1469,16.1,488929992.7,488929992.7
2015,Niger,NER,22908092689,124717,1383,61.3,935469970.7,935469970.7
2015,Nigeria,NGA,9.82912E+11,1387,167973,79.3,2563760010,2563760010
2015,North Macedonia,MKD,28751922107,697,1769,10,222860000.6,222860000.6
2015,Northern Mariana Islands,MNP,,,,,,
2015,Norway,NOR,3.15145E+11,50377,10,2.2,,
2015,Oman,OMN,1.52786E+11,244,36,9.6,,
2015,Pakistan,PAK,9.81558E+11,1561157,297886,62.2,3970260010,3970260010
2015,Palau,PLW,318166980,,,18.3,15109999.66,15109999.66
2015,Panama,PAN,1.04139E+11,17304,62,14.6,9760000.229,9760000.229
2015,Papua New Guinea,PNG,32167131001,9503,335,40.3,611840026.9,611840026.9
2015,Paraguay,PRY,76830436045,167,88,18.9,63090000.15,63090000.15
2015,Peru,PER,3.52617E+11,1454,3591,12.8,356649993.9,356649993.9
2015,Philippines,PHL,7.33864E+11,254,582,23.4,552469970.7,552469970.7
2015,Poland,POL,1.0189E+12,14057,1298,4.2,,
2015,Portugal,PRT,3.0723E+11,851,28,3,,
2015,Puerto Rico,PRI,1.18146E+11,,,,,
2015,Qatar,QAT,2.38529E+11,117,21,6.6,,
2015,Romania,ROU,4.28503E+11,2581,1731,7.7,,
2015,Russian Federation,RUS,3.52624E+12,314498,67008,6.6,,
2015,Rwanda,RWA,20527629037,144739,286357,34.7,1151430054,1151430054
2015,Samoa,WSM,1149399964,,,15.9,99620002.75,99620002.75
2015,San Marino,SMR,1850298480,,,2,,
2015,Sao Tome and Principe,STP,765345672.3,,24,18.6,53869998.93,53869998.93
2015,Saudi Arabia,SAU,1.57769E+12,122,686,7.8,,
2015,Senegal,SEN,43317631004,14383,21267,35.5,936080017.1,936080017.1
2015,Serbia,SRB,1.05923E+11,35326,38620,5.5,338559997.6,338559997.6
2015,Seychelles,SYC,2271078677,,19,12.5,7170000.076,7170000.076
2015,Sierra Leone,SLE,11469432795,760,4900,95.5,978130004.9,978130004.9
2015,Singapore,SGP,4.81405E+11,,50,2.2,,
2015,Sint Maarten (Dutch part),SXM,1483574423,5,,,,
2015,Slovak Republic,SVK,1.63008E+11,816,325,5.1,,
2015,Slovenia,SVN,65265868523,284,21,2.1,,
2015,Solomon Islands,SLB,1508879362,5,71,19.4,197979995.7,197979995.7
2015,Somalia,SOM,14949872684,8081,1123144,83.7,1213069946,1213069946
2015,South Africa,ZAF,7.58901E+11,121635,447,29.4,1547079956,1547079956
2015,South Sudan,SSD,13230895758,263012,778722,63.8,1764219971,1764219971
2015,Spain,ESP,1.62183E+12,6447,60,2.8,,
2015,Sri Lanka,LKA,2.56002E+11,781,121427,7.5,472649993.9,472649993.9
2015,St. Kitts and Nevis,KNA,1269832969,,25,14.2,,
2015,St. Lucia,LCA,2426314548,,1011,19.6,15010000.23,15010000.23
2015,St. Martin (French part),MAF,,,,,,
2015,St. Vincent and the Grenadines,VCT,1323089731,,1823,15.3,14939999.58,14939999.58
2015,Sudan,SDN,1.72514E+11,309632,627080,45.3,1023780029,1023780029
2015,Suriname,SUR,9622687777,,19,18.3,17540000.92,17540000.92
2015,Sweden,SWE,4.81171E+11,169516,18,2.4,,
2015,Switzerland,CHE,5.40551E+11,73326,16,3.7,,
2015,Syrian Arab Republic,SYR,,555766,4873236,25.8,4271529785,4271529785
2015,Tajikistan,TJK,26633770683,1963,790,32.6,460350006.1,460350006.1
2015,Tanzania,TZA,1.17377E+11,211845,810,41,2724489990,2724489990
2015,Thailand,THA,1.08723E+12,108252,209,9.3,54950000.76,54950000.76
2015,Timor-Leste,TLS,3484569262,,19,51.5,225389999.4,225389999.4
2015,Togo,TGO,13905697352,21949,8774,50.9,216300003.1,216300003.1
2015,Tonga,TON,582019616.6,,22,10.6,72529998.78,72529998.78
2015,Trinidad and Tobago,TTO,40389578659,105,369,17.5,,
2015,Tunisia,TUN,1.21024E+11,659,1554,14.8,557849975.6,557849975.6
2015,Turkiye,TUR,2.0224E+12,2541348,59545,11.1,2350120117,2350120117
2015,Turkmenistan,TKM,76192141990,25,446,36.6,23430000.31,23430000.31
2015,Turks and Caicos Islands,TCA,867052547.8,5,14,4.4,,
2015,Tuvalu,TUV,41174121.3,,,22,53259998.32,53259998.32
2015,Uganda,UGA,81372227473,477187,6311,39.3,1736130005,1736130005
2015,Ukraine,UKR,4.3549E+11,3261,321399,8.1,1555689941,1555689941
2015,United Arab Emirates,ARE,6.21559E+11,663,91,6.5,,
2015,United Kingdom,GBR,2.7738E+12,123051,128,3.9,,
2015,United States,USA,1.8206E+13,273198,4824,5.8,,
2015,Uruguay,URY,74687657367,292,84,7.7,24860000.61,24860000.61
2015,Uzbekistan,UZB,2.09082E+11,106,4197,17.1,489320007.3,489320007.3
2015,Vanuatu,VUT,768013822.8,,,22.9,195699996.9,195699996.9
2015,"Venezuela, RB",VEN,,173745,7455,16.5,39590000.15,39590000.15
2015,Viet Nam,VNM,7.00257E+11,,313152,17.5,3458500000,3458500000
2015,Virgin Islands (U.S.),VIR,,,,,,
2015,West Bank and Gaza,PSE,25425839151,2104001,98013,15.8,1991800049,1991800049
2015,"Yemen, Rep.",YEM,,267163,15901,46.2,1890219971,1890219971
2015,Zambia,ZMB,54472595406,26434,334,47.2,847890014.6,847890014.6
2015,Zimbabwe,ZWE,37016438435,6943,21332,42.1,827200012.2,827200012.2
2015,Africa Eastern and Southern,AFE,2.09935E+12,3333273,4195068,49.41616445,26665950031,26665950031
2015,Africa Western and Central,AFW,1.66636E+12,1138010,1038377,68.76096705,15468500005,15468500005
2015,Arab World,ARB,5.75011E+12,8279319,7077036,28.89716638,21152599579,21152599579
2015,Caribbean small states,CSS,1.13412E+11,186,6332,16.6064405,212289998.3,212289998.3
2015,Central Europe and the Baltics,CEB,2.6986E+12,44266,41463,4.867274691,,
2015,Early-demographic dividend,EAR,2.61795E+13,13024365,6515085,32.50700367,47572319744,47572319744
2015,East Asia & Pacific,EAS,3.46673E+13,562048,1018443,13.6,9015719944,9015719944
2015,East Asia & Pacific (excluding high income),EAP,2.41409E+13,519267,1017832,14.23997771,9015719944,9015719944
2015,East Asia & Pacific (IDA & IBRD countries),TEA,2.41107E+13,519775,1016738,14.2196174,8140749963,8140749963
2015,Euro area,EMU,1.39335E+13,972179,1647,3.186540016,,
2015,Europe & Central Asia,ECS,2.80537E+13,4382501,604489,8.2,9148160010,9148160010
2015,Europe & Central Asia (excluding high income),ECA,7.51337E+12,2948282,563441,11.95293356,9148160010,9148160010
2015,Europe & Central Asia (IDA & IBRD countries),TEC,9.05887E+12,2965437,599922,11.35586717,8981780014,8981780014
2015,European Union,EUU,1.69922E+13,1210728,42148,3.547668421,,
2015,Fragile and conflict affected situations,FCS,3.84875E+12,7905106,13460749,58.35242275,42647369999,42647369999
2015,Heavily indebted poor countries (HIPC),HPC,1.7001E+12,3762016,6953390,53.63495821,39682510334,39682510334
2015,High income,HIC,5.48061E+13,1947854,51718,4.6,134080001.1,134080001.1
2015,IBRD only,IBD,5.35857E+13,10069204,1940430,21.42905328,33035269613,33035269613
2015,IDA & IBRD total,IBT,5.91625E+13,17336609,15701616,34.39626864,1.00972E+11,1.00972E+11
2015,IDA blend,IDB,2.54452E+12,2520932,529034,63.55094443,12477379982,12477379982
2015,IDA only,IDX,3.04973E+12,4746473,13232152,49.38352498,55459260048,55459260048
2015,IDA total,IDA,5.58773E+12,7267405,13761186,54.24620327,67936640030,67936640030
2015,Late-demographic dividend,LTE,3.33095E+13,2462158,1165910,9.881225311,13448329879,13448329879
2015,Latin America & Caribbean,LCN,9.36624E+12,337472,448051,15.6,10833559947,10833559947
2015,Latin America & Caribbean (excluding high income),LAC,8.1265E+12,144086,438572,15.81769391,10727919945,10727919945
2015,Latin America & the Caribbean (IDA & IBRD countries),TLA,9.07291E+12,337099,440858,15.76056295,7960889991,7960889991
2015,Least developed countries: UN classification,LDC,2.56588E+12,4183415,8143116,51.04332487,45883780334,45883780334
2015,Low & middle income,LMY,5.66506E+13,19229934,15761937,34.59685428,1.54598E+11,1.54598E+11
2015,Low income,LIC,1.01549E+12,4100119,12383749,55,36673060051,36673060051
2015,Lower middle income,LMC,1.71639E+13,9017392,2149630,39.5,49791549725,49791549725
2015,Middle East & North Africa,MEA,6.99001E+12,8903648,5377343,20.5,19700059624,19700059624
2015,Middle East & North Africa (excluding high income),MNA,3.85948E+12,8861523,5374224,22.1159688,19700059624,19700059624
2015,Middle East & North Africa (IDA & IBRD countries),TMN,3.83447E+12,6757522,5276211,22.21577831,16623559563,16623559563
2015,Middle income,MIC,5.56639E+13,15129815,3378188,30.56686362,68276906250,68276906250
2015,North America,NAC,1.98056E+13,409088,4897,5.7,,
2015,Not classified,INX,,,,,,
2015,OECD members,OED,5.38162E+13,4457969,423991,6.574241696,4334760128,4334760128
2015,Other small states,OSS,6.28549E+11,58004,33019,39.53613623,1790009999,1790009999
2015,Pacific island small states,PSS,16051979415,525,985,21.34516675,993759985.9,993759985.9
2015,Post-demographic dividend,PST,4.84827E+13,1890038,395206,4.327295044,2637189960,2637189960
2015,Pre-demographic dividend,PRE,2.92774E+12,3974220,7744755,59.96221429,39335920123,39335920123
2015,Small states,SST,7.58013E+11,58715,40336,35.31354573,2996059983,2996059983
2015,South Asia,SAS,9.2302E+12,2285493,3134442,39.6,16755860157,16755860157
2015,South Asia (IDA & IBRD),TSA,9.2302E+12,2285493,3134442,39.65668657,16644870159,16644870159
2015,Sub-Saharan Africa,SSF,3.76553E+12,4471283,5233445,57.7,47567420060,47567420060
2015,Sub-Saharan Africa (excluding high income),SSA,3.76326E+12,4471283,5233426,57.66825272,47552190060,47552190060
2015,Sub-Saharan Africa (IDA & IBRD countries),TSS,3.76553E+12,4471283,5233445,57.66621137,42620059953,42620059953
2015,Upper middle income,UMC,3.84794E+13,6112423,1228558,11.6,17054659925,17054659925
2015,World,WLD,1.11778E+14,21351533,21351533,31.8,1.55085E+11,1.55085E+11
2016,Afghanistan,AFG,70097956089,59770,2501447,51.1,4346930176,4346930176
2016,Albania,ALB,34739846845,141,11060,8.4,180789993.3,180789993.3
2016,Algeria,DZA,4.71383E+11,94220,3705,21.4,156119995.1,156119995.1
2016,American Samoa,ASM,,,,,,
2016,Andorra,AND,,,,3.2,,
2016,Angola,AGO,2.04875E+11,15547,8388,55.7,220179992.7,220179992.7
2016,Antigua and Barbuda,ATG,1882863522,5,82,6.2,,0
2016,Argentina,ARG,8.85228E+11,3267,120,9.8,3359999.895,3359999.895
2016,Armenia,ARM,31429192104,17883,10707,12.2,356320007.3,356320007.3
2016,Aruba,ABW,3941567670,,,,,
2016,Australia,AUS,1.14301E+12,42187,15,3.2,,
2016,Austria,AUT,4.60283E+11,93242,,3,,
2016,Azerbaijan,AZE,1.4023E+11,1193,10118,21.8,78790000.92,78790000.92
2016,"Bahamas, The",BHS,12715662049,9,298,11.9,,
2016,Bahrain,BHR,63831285346,270,461,6.3,,
2016,Bangladesh,BGD,7.28388E+11,276203,13842,29.5,2694820068,2694820068
2016,Barbados,BRB,4561691897,,144,12.8,,
2016,Belarus,BLR,1.68422E+11,1647,3831,2.9,-22149999.62,-22149999.62
2016,Belgium,BEL,5.50678E+11,42158,44,3.3,,
2016,Belize,BLZ,3365183981,,58,12.5,37759998.32,37759998.32
2016,Benin,BEN,32668486802,804,479,62,540150024.4,540150024.4
2016,Bermuda,BMU,4929475867,,,,,
2016,Bhutan,BTN,7703914682,,11757,26.4,54330001.83,54330001.83
2016,Bolivia,BOL,82736157903,776,530,24.5,745760009.8,745760009.8
2016,Bosnia and Herzegovina,BIH,44799483637,5266,18194,5.4,471519989,471519989
2016,Botswana,BWA,35937958791,2090,265,35.3,96889999.39,96889999.39
2016,Brazil,BRA,2.93909E+12,9674,803,15.1,721099975.6,721099975.6
2016,British Virgin Islands,VGB,,,,11.6,,
2016,Brunei Darussalam,BRN,23633069099,,,9,,
2016,Bulgaria,BGR,1.43086E+11,17794,799,6.4,,
2016,Burkina Faso,BFA,35340335155,32551,2352,58.3,1107189941,1107189941
2016,Burundi,BDI,8358351140,57462,408066,44.5,801770019.5,801770019.5
2016,Cabo Verde,CPV,3735546946,,10,15.7,125589996.3,125589996.3
2016,Cambodia,KHM,57941724641,61,12428,26,769719970.7,769719970.7
2016,Cameroon,CMR,84392895096,375413,10344,55.3,816450012.2,816450012.2
2016,Canada,CAN,1.67809E+12,97322,76,4.7,,
2016,Cayman Islands,CYM,4169236841,18,6,,,
2016,Central African Republic,CAF,3861897992,12117,490879,82.4,544710022,544710022
2016,Chad,TCD,24238063014,391235,14176,74.5,671690002.4,671690002.4
2016,Channel Islands,CHI,,,,,,
2016,Chile,CHL,4.24832E+11,1730,495,6.7,195850006.1,195850006.1
2016,China,CHN,1.87121E+13,317254,207768,7.6,-790539978,-790539978
2016,Colombia,COL,6.65398E+11,241,311059,13,1191599976,1191599976
2016,Comoros,COM,2278472094,,572,45.7,57909999.85,57909999.85
2016,"Congo, Dem. Rep.",COD,75926663565,451957,537474,71.5,2254199951,2254199951
2016,"Congo, Rep.",COG,19126833370,46454,13291,36.7,93610000.61,93610000.61
2016,Costa Rica,CRI,93454856085,4162,202,7.6,108209999.1,108209999.1
2016,Cote d'Ivoire,CIV,1.13651E+11,1397,46811,64.2,661169982.9,661169982.9
2016,Croatia,HRV,1.05445E+11,300,26231,4.1,,
2016,Cuba,CUB,,312,5940,4.4,2930830078,2930830078
2016,Curacao,CUW,3824582004,53,35,,,
2016,Cyprus,CYP,30552658733,8478,,2.3,,
2016,Czechia,CZE,3.8142E+11,3640,1266,2.6,,
2016,Denmark,DNK,2.97719E+11,33501,,3.5,,
2016,Djibouti,DJI,4362298152,17683,1437,53.1,198529998.8,198529998.8
2016,Dominica,DMA,852085425.2,,20,28.8,9229999.542,9229999.542
2016,Dominican Republic,DOM,1.67506E+11,593,359,28.9,190789993.3,190789993.3
2016,Ecuador,ECU,1.81967E+11,102848,1041,12.8,262089996.3,262089996.3
2016,"Egypt, Arab Rep.",EGY,1.05709E+12,213515,19792,19.2,2753810059,2753810059
2016,El Salvador,SLV,51094632265,41,19617,12.8,139699996.9,139699996.9
2016,Equatorial Guinea,GNQ,24861119032,,131,66,7469999.79,7469999.79
2016,Eritrea,ERI,,2342,457247,33.1,71519996.64,71519996.64
2016,Estonia,EST,41201006348,312,303,2.3,,
2016,Eswatini,SWZ,9698257056,725,224,48.1,158759994.5,158759994.5
2016,Ethiopia,ETH,1.94651E+11,791631,83958,41.3,4376410156,4376410156
2016,Faroe Islands,FRO,,,,,,
2016,Fiji,FJI,11020155996,7,791,21.1,121940002.4,121940002.4
2016,Finland,FIN,2.46928E+11,18402,5,2,,
2016,France,FRA,2.86411E+12,304527,50,3.2,,
2016,French Polynesia,PYF,,,,,,
2016,Gabon,GAB,28684983156,926,167,34,44799999.24,44799999.24
2016,"Gambia, The",GMB,4446016237,7936,11589,38.7,98059997.56,98059997.56
2016,Georgia,GEO,47930061167,2122,6405,9.1,498059997.6,498059997.6
2016,Germany,DEU,4.16517E+12,669468,67,3.3,,
2016,Ghana,GHA,1.42203E+11,11866,15527,37.9,1413790039,1413790039
2016,Gibraltar,GIB,,,,,,
2016,Greece,GRC,2.96466E+11,46411,101,3.9,,
2016,Greenland,GRL,,,,,,
2016,Grenada,GRD,1656776977,,100,14.4,9010000.229,9010000.229
2016,Guam,GUM,,,,,,
2016,Guatemala,GTM,1.30131E+11,295,12549,23,283250000,283250000
2016,Guinea,GIN,24399990226,5067,17536,70.2,608940002.4,608940002.4
2016,Guinea-Bissau,GNB,3113471484,9264,1650,58,211699996.9,211699996.9
2016,Guyana,GUY,8713910376,12,269,26.7,75440002.44,75440002.44
2016,Haiti,HTI,33625855696,5,29671,51.7,1149209961,1149209961
2016,Honduras,HND,47719049298,16,10509,16.9,442070007.3,442070007.3
2016,"Hong Kong SAR, China",HKG,4.19838E+11,91,15,,,
2016,Hungary,HUN,2.74223E+11,4736,2909,4,,
2016,Iceland,ISL,17939410955,245,,2.1,,
2016,India,IND,7.735E+12,197848,7288,33.2,2844820068,2844820068
2016,Indonesia,IDN,2.7449E+12,7824,13056,22.4,-74349998.47,-74349998.47
2016,"Iran, Islamic Rep.",IRN,1.22142E+12,979435,94102,12.9,126940002.4,126940002.4
2016,Iraq,IRQ,3.45187E+11,261863,316056,24.1,2435550049,2435550049
2016,Ireland,IRL,3.40185E+11,5720,,3.1,,
2016,Isle of Man,IMN,,,,,,
2016,Israel,ISR,3.26529E+11,30529,487,3.1,,
2016,Italy,ITA,2.42067E+12,147362,49,2.9,,
2016,Jamaica,JAM,26720444470,13,1998,12.5,29389999.39,29389999.39
2016,Japan,JPN,5.1589E+12,2512,53,2,,
2016,Jordan,JOR,90248991241,2860679,1919,14.6,2934330078,2934330078
2016,Kazakhstan,KAZ,4.23833E+11,647,2366,9.8,62930000.31,62930000.31
2016,Kenya,KEN,1.92816E+11,451097,7526,32.2,2344280029,2344280029
2016,Kiribati,KIR,232358184.5,,,43.7,63520000.46,63520000.46
2016,"Korea, Dem. People's Rep.",PRK,,,1419,15.1,130449996.9,130449996.9
2016,"Korea, Rep.",KOR,2.02697E+12,1798,243,2.9,,
2016,Kosovo,XKX,17789238052,,,12.2,396309997.6,396309997.6
2016,Kuwait,KWT,1.76814E+11,935,1013,7.7,,
2016,Kyrgyz Republic,KGZ,28459201788,334,2571,18.8,557609985.4,557609985.4
2016,Lao PDR,LAO,46849968684,,7229,40.5,423720001.2,423720001.2
2016,Latvia,LVA,52362211192,340,165,4,,
2016,Lebanon,LBN,1.03819E+11,1476623,4719,7.9,1215540039,1215540039
2016,Lesotho,LSO,6206153214,46,5,63,120279998.8,120279998.8
2016,Liberia,LBR,6558153166,18978,6558,63.2,876119995.1,876119995.1
2016,Libya,LBY,1.37403E+11,9311,8831,10.9,193160003.7,193160003.7
2016,Liechtenstein,LIE,,161,,,,
2016,Lithuania,LTU,88700533710,1284,74,3.8,,
2016,Luxembourg,LUX,65980119592,2020,,2.3,,
2016,"Macao SAR, China",MAC,70409197227,,5,,,
2016,Madagascar,MDG,39996972857,22,292,45.1,668599975.6,668599975.6
2016,Malawi,MWI,25675377327,9386,427,36.9,1324469971,1324469971
2016,Malaysia,MYS,7.83874E+11,92256,453,7,-51819999.69,-51819999.69
2016,Maldives,MDV,8279182675,,58,7.7,23879999.16,23879999.16
2016,Mali,MLI,39326484634,17510,156415,68.7,1295630005,1295630005
2016,Malta,MLT,18080202258,7941,,5.7,,
2016,Marshall Islands,MHL,207556765,,5,28.5,13260000.23,13260000.23
2016,Mauritania,MRT,19569025469,74146,36263,36.4,329670013.4,329670013.4
2016,Mauritius,MUS,26928787117,,106,12.9,45979999.54,45979999.54
2016,Mexico,MEX,2.38325E+12,6178,10387,13.5,883200012.2,883200012.2
2016,"Micronesia, Fed. Sts.",FSM,371750767.5,5,,24.4,54240001.68,54240001.68
2016,Moldova,MDA,29398801549,419,2316,13.4,282000000,282000000
2016,Monaco,MCO,,27,5,1.1,,
2016,Mongolia,MNG,32817601635,10,2282,15.9,339149993.9,339149993.9
2016,Montenegro,MNE,11325483422,970,713,3.1,91279998.78,91279998.78
2016,Morocco,MAR,2.73971E+11,4762,2240,19.2,2239929932,2239929932
2016,Mozambique,MOZ,37950978490,4663,48,58.9,1634900024,1634900024
2016,Myanmar,MMR,2.13835E+11,,490285,39.4,1618790039,1618790039
2016,Namibia,NAM,24587611895,1747,1363,32.6,185039993.3,185039993.3
2016,Nauru,NRU,114741967.9,508,,26.8,23450000.76,23450000.76
2016,Nepal,NPL,81508795260,25249,8364,27.9,1134680054,1134680054
2016,Netherlands,NLD,8.90488E+11,101727,32,3.5,,
2016,New Caledonia,NCL,,,,,,
2016,New Zealand,NZL,1.88251E+11,1408,25,4.4,,
2016,Nicaragua,NIC,35895053010,325,1409,15.2,461079986.6,461079986.6
2016,Niger,NER,23976535450,166089,1230,60.9,1022429993,1022429993
2016,Nigeria,NGA,9.73442E+11,1357,229290,78.3,2677169922,2677169922
2016,North Macedonia,MKD,31373217906,634,1730,9.6,175740005.5,175740005.5
2016,Northern Mariana Islands,MNP,,,,,,
2016,Norway,NOR,3.10303E+11,59512,10,2.1,,
2016,Oman,OMN,1.48656E+11,316,35,9.5,,
2016,Pakistan,PAK,1.01073E+12,1352551,105419,60.6,3164600098,3164600098
2016,Palau,PLW,321087837.7,,,17.7,18600000.38,18600000.38
2016,Panama,PAN,1.16438E+11,17332,33,14.1,24850000.38,24850000.38
2016,Papua New Guinea,PNG,34273057445,9529,401,39.3,550179992.7,550179992.7
2016,Paraguay,PRY,81617333083,199,68,18.3,95370002.75,95370002.75
2016,Peru,PER,3.71526E+11,1615,2599,12.5,345519989,345519989
2016,Philippines,PHL,7.98601E+11,392,426,23.1,307799987.8,307799987.8
2016,Poland,POL,1.06946E+12,11738,1159,4.1,,
2016,Portugal,PRT,3.26364E+11,1189,20,3,,
2016,Puerto Rico,PRI,1.17009E+11,,,,,
2016,Qatar,QAT,2.20585E+11,176,25,6.3,,
2016,Romania,ROU,4.70977E+11,2880,1195,7.1,,
2016,Russian Federation,RUS,3.53898E+12,228981,62759,6.1,,
2016,Rwanda,RWA,21977297442,156065,286063,33.8,1235500000,1235500000
2016,Samoa,WSM,1253605891,5,,15.8,92389999.39,92389999.39
2016,San Marino,SMR,1924933740,,,1.9,,
2016,Sao Tome and Principe,STP,790433671.7,,31,17.1,50919998.17,50919998.17
2016,Saudi Arabia,SAU,1.52387E+12,136,937,7.4,,
2016,Senegal,SEN,46119109742,14575,23054,34.3,785020019.5,785020019.5
2016,Serbia,SRB,1.11931E+11,36517,36928,5.3,686070007.3,686070007.3
2016,Seychelles,SYC,2486392001,,10,12.5,6079999.924,6079999.924
2016,Sierra Leone,SLE,12299774152,683,4678,90.1,742659973.1,742659973.1
2016,Singapore,SGP,5.01824E+11,,38,2.2,,
2016,Sint Maarten (Dutch part),SXM,1528016144,5,,,,
2016,Slovak Republic,SVK,1.61499E+11,980,792,5.1,,
2016,Slovenia,SVN,70079356305,454,20,2,,
2016,Solomon Islands,SLB,1608656099,,71,18.8,181130004.9,181130004.9
2016,Somalia,SOM,16120418960,11579,1012320,81.4,1243699951,1243699951
2016,South Africa,ZAF,7.72769E+11,91018,452,28.9,1279790039,1279790039
2016,South Sudan,SSD,,262558,1436707,63.8,1699109985,1699109985
2016,Spain,ESP,1.73412E+12,12983,34,2.7,,
2016,Sri Lanka,LKA,2.7684E+11,602,117472,7.1,397510009.8,397510009.8
2016,St. Kitts and Nevis,KNA,1335810743,,49,13.9,,
2016,St. Lucia,LCA,2572879718,,993,20.1,16360000.61,16360000.61
2016,St. Martin (French part),MAF,,,,,,
2016,St. Vincent and the Grenadines,VCT,1433728850,,1335,14.8,9869999.886,9869999.886
2016,Sudan,SDN,1.89557E+11,421459,650391,44.2,862109985.4,862109985.4
2016,Suriname,SUR,8508513730,,16,17.8,18069999.69,18069999.69
2016,Sweden,SWE,5.00424E+11,230158,13,2.3,,
2016,Switzerland,CHE,5.63951E+11,82668,5,3.7,,
2016,Syrian Arab Republic,SYR,,562821,5524511,25.2,7547970215,7547970215
2016,Tajikistan,TJK,26986131282,2724,932,31.8,385040008.5,385040008.5
2016,Tanzania,TZA,1.27683E+11,281498,579,39.7,2466100098,2466100098
2016,Thailand,THA,1.14604E+12,106431,147,8.9,238429992.7,238429992.7
2016,Timor-Leste,TLS,3817096901,,19,50,235279998.8,235279998.8
2016,Togo,TGO,14675975035,12486,8296,49.5,181729995.7,181729995.7
2016,Tonga,TON,626480635.7,,25,10.5,86190002.44,86190002.44
2016,Trinidad and Tobago,TTO,38155814152,104,295,17,,
2016,Tunisia,TUN,1.24271E+11,646,1687,14.7,717739990.2,717739990.2
2016,Turkiye,TUR,2.1164E+12,2869419,57915,10.5,3945189941,3945189941
2016,Turkmenistan,TKM,78493347164,26,371,37,33139999.39,33139999.39
2016,Turks and Caicos Islands,TCA,963419197.3,5,14,4.3,,
2016,Tuvalu,TUV,43940751.8,,,21.3,25569999.69,25569999.69
2016,Uganda,UGA,82964925711,940825,6229,37.6,1881310059,1881310059
2016,Ukraine,UKR,4.75722E+11,3292,239062,7.8,1632890015,1632890015
2016,United Arab Emirates,ARE,6.19289E+11,888,103,6.3,,
2016,United Kingdom,GBR,2.90365E+12,118973,78,3.8,,
2016,United States,USA,1.86951E+13,272963,302,5.7,,
2016,Uruguay,URY,77214920949,299,23,7.3,19489999.77,19489999.77
2016,Uzbekistan,UZB,2.16467E+11,26,3824,16.1,538880004.9,538880004.9
2016,Vanuatu,VUT,812082334.8,,,22.4,134130004.9,134130004.9
2016,"Venezuela, RB",VEN,,172047,7543,21.1,46930000.31,46930000.31
2016,Viet Nam,VNM,7.70872E+11,,329341,17.3,3062100098,3062100098
2016,Virgin Islands (U.S.),VIR,,,,,,
2016,West Bank and Gaza,PSE,27536200878,2158274,97794,15.2,2562399902,2562399902
2016,"Yemen, Rep.",YEM,,269778,18427,46.1,2464639893,2464639893
2016,Zambia,ZMB,55712209199,29338,256,45.6,1034750000,1034750000
2016,Zimbabwe,ZWE,39375709106,7423,18141,40.6,699359985.4,699359985.4
2016,Africa Eastern and Southern,AFE,2.21409E+12,3990478,4917140,48.04776458,26497279972,26497279972
2016,Africa Western and Central,AFW,1.68069E+12,1200854,1090726,67.57198141,14690269836,14690269836
2016,Arab World,ARB,5.6917E+12,8440080,7703238,28.50157941,27913110104,27913110104
2016,Caribbean small states,CSS,1.12475E+11,143,5657,16.23967884,205130000.1,205130000.1
2016,Central Europe and the Baltics,CEB,2.85845E+12,44458,34913,4.659804869,,
2016,Early-demographic dividend,EAR,2.7513E+13,13307587,7008878,31.34764765,52838970552,52838970552
2016,East Asia & Pacific,EAS,3.60686E+13,582278,1066540,12.8,8214610125,8214610125
2016,East Asia & Pacific (excluding high income),EAP,2.53943E+13,533774,1066146,13.44694945,8214610125,8214610125
2016,East Asia & Pacific (IDA & IBRD countries),TEA,2.53625E+13,534282,1064727,13.42822052,7442880116,7442880116
2016,Euro area,EMU,1.48239E+13,1464998,1756,3.156417302,,
2016,Europe & Central Asia,ECS,2.94728E+13,5195631,507228,7.8,10493259958,10493259958
2016,Europe & Central Asia (excluding high income),ECA,7.71779E+12,3190035,472601,11.38148348,10493259958,10493259958
2016,Europe & Central Asia (IDA & IBRD countries),TEC,9.36367E+12,3204953,501186,10.79076597,10350409952,10350409952
2016,European Union,EUU,1.80667E+13,1769745,35328,3.479896932,,
2016,Fragile and conflict affected situations,FCS,3.97994E+12,8046382,14763424,57.39019079,48811550238,48811550238
2016,Heavily indebted poor countries (HIPC),HPC,1.81377E+12,4417702,6848916,52.16122034,39185380344,39185380344
2016,High income,HIC,5.67187E+13,2485148,40213,4.5,269720006.9,269720006.9
2016,IBRD only,IBD,5.60545E+13,10258918,1888703,20.44359571,34948120250,34948120250
2016,IDA & IBRD total,IBT,6.18927E+13,17915903,16751084,33.35965629,1.04629E+11,1.04629E+11
2016,IDA blend,IDB,2.59571E+12,2243857,391504,62.36646092,11411810042,11411810042
2016,IDA only,IDX,3.2636E+12,5413128,14470877,48.09271324,58269420551,58269420551
2016,IDA total,IDA,5.84964E+12,7656985,14862381,52.9794417,69681230594,69681230594
2016,Late-demographic dividend,LTE,3.4552E+13,2337684,1138668,9.389685115,13009390031,13009390031
2016,Latin America & Caribbean,LCN,9.61802E+12,322179,420669,15.8,12071740000,12071740000
2016,Latin America & Caribbean (excluding high income),LAC,8.33403E+12,130560,411383,15.77952552,11806109994,11806109994
2016,Latin America & the Caribbean (IDA & IBRD countries),TLA,9.3214E+12,321777,414232,15.97722646,7514559912,7514559912
2016,Least developed countries: UN classification,LDC,2.74287E+12,4848568,8759185,49.61975892,46380310310,46380310310
2016,Low & middle income,LMY,5.92337E+13,19867534,16818853,33.53195168,1.67453E+11,1.67453E+11
2016,Low income,LIC,1.09956E+12,4671167,13622849,53.6,40939200279,40939200279
2016,Lower middle income,LMC,1.81964E+13,8834269,1953060,38.3,47632220394,47632220394
2016,Middle East & North Africa,MEA,7.02962E+12,8950801,6098281,20,26552760193,26552760193
2016,Middle East & North Africa (excluding high income),MNA,3.95484E+12,8909610,6095220,21.60766918,26552760193,26552760193
2016,Middle East & North Africa (IDA & IBRD countries),TMN,3.92769E+12,6751336,5997426,21.71127203,22984260254,22984260254
2016,Middle income,MIC,5.81698E+13,15196367,3196004,29.52105073,70251820313,70251820313
2016,North America,NAC,2.03781E+13,370285,378,5.6,,
2016,Not classified,INX,,,,,,
2016,OECD members,OED,5.59946E+13,5324199,388455,6.389884525,6324049934,6324049934
2016,Other small states,OSS,6.26991E+11,58809,30896,38.37914791,1812779971,1812779971
2016,Pacific island small states,PSS,16612417231,525,892,21.10901854,814420017.2,814420017.2
2016,Post-demographic dividend,PST,5.03444E+13,2429253,299832,4.246514363,5013090082,5013090082
2016,Pre-demographic dividend,PRE,3.00292E+12,4449428,8419066,58.69014533,38854240160,38854240160
2016,Small states,SST,7.56079E+11,59477,37445,34.39477623,2832329988,2832329988
2016,South Asia,SAS,9.91855E+12,1912223,2765647,37.9,14921130472,14921130472
2016,South Asia (IDA & IBRD),TSA,9.91855E+12,1912223,2765647,37.94120574,14661570475,14661570475
2016,Sub-Saharan Africa,SSF,3.89422E+12,5191332,6007866,56.4,47499980195,47499980195
2016,Sub-Saharan Africa (excluding high income),SSA,3.89174E+12,5191332,6007856,56.37202971,47486430195,47486430195
2016,Sub-Saharan Africa (IDA & IBRD countries),TSS,3.89422E+12,5191332,6007866,56.37000446,41675670136,41675670136
2016,Upper middle income,UMC,3.9951E+13,6362098,1242944,11,21364960141,21364960141
2016,World,WLD,1.16286E+14,22524729,22524729,30.9,1.68054E+11,1.68054E+11
2017,Afghanistan,AFG,74711922906,75927,2624265,49.4,4003330078,4003330078
2017,Albania,ALB,36696895967,124,12168,8.3,176210006.7,176210006.7
2017,Algeria,DZA,4.85801E+11,94248,4021,21,184550003.1,184550003.1
2017,American Samoa,ASM,,,,,,
2017,Andorra,AND,,,,3,,
2017,Angola,AGO,2.17987E+11,41119,8292,53.8,232750000,232750000
2017,Antigua and Barbuda,ATG,1893230444,,99,6,10850000.38,10850000.38
2017,Argentina,ARG,1.03933E+12,3332,121,9.1,-540000.0215,-540000.0215
2017,Armenia,ARM,35676528915,17968,10786,11.6,271320007.3,271320007.3
2017,Aruba,ABW,4097906578,,,,,
2017,Australia,AUS,1.19037E+12,48480,10,3.2,,
2017,Austria,AUT,4.7659E+11,115252,10,2.9,,
2017,Azerbaijan,AZE,1.39153E+11,1120,10893,20.4,126370002.7,126370002.7
2017,"Bahamas, The",BHS,13593751984,8,378,11.8,,
2017,Bahrain,BHR,71282082008,255,497,6.2,,
2017,Bangladesh,BGD,7.8159E+11,932209,16780,28.1,3998479980,3998479980
2017,Barbados,BRB,4522539649,,172,12.5,,
2017,Belarus,BLR,1.7363E+11,2155,3650,2.7,-263359985.4,-263359985.4
2017,Belgium,BEL,5.73789E+11,42158,52,3.4,,
2017,Belize,BLZ,3324933517,,64,11.8,36119998.93,36119998.93
2017,Benin,BEN,34023063768,1056,572,60.8,717900024.4,717900024.4
2017,Bermuda,BMU,5227044137,,,,,
2017,Bhutan,BTN,8307416844,,7954,25.5,124330001.8,124330001.8
2017,Bolivia,BOL,94285208502,802,520,23.5,996890014.6,996890014.6
2017,Bosnia and Herzegovina,BIH,46723082268,5224,17690,5.3,460679992.7,460679992.7
2017,Botswana,BWA,35203223635,2116,279,32.3,107629997.3,107629997.3
2017,Brazil,BRA,3.01871E+12,10260,851,13.8,282049987.8,282049987.8
2017,British Virgin Islands,VGB,,,,11.3,,
2017,Brunei Darussalam,BRN,25891019750,,,9.2,,
2017,Bulgaria,BGR,1.5192E+11,19166,716,6.1,,
2017,Burkina Faso,BFA,39238401912,24152,2694,56.9,938859985.4,938859985.4
2017,Burundi,BDI,8375481077,62353,439320,42.9,459670013.4,459670013.4
2017,Cabo Verde,CPV,4028604577,,5,14.6,130710006.7,130710006.7
2017,Cambodia,KHM,62890960722,61,12238,24.9,891159973.1,891159973.1
2017,Cameroon,CMR,90037541682,337382,11032,53.2,1281910034,1281910034
2017,Canada,CAN,1.76576E+12,104768,75,4.6,,
2017,Cayman Islands,CYM,4421090323,29,6,,,
2017,Central African Republic,CAF,4195263791,10033,545513,81.7,538760009.8,538760009.8
2017,Chad,TCD,23832085167,411475,16325,72.7,683890014.6,683890014.6
2017,Channel Islands,CHI,,,,,,
2017,Chile,CHL,4.50892E+11,1861,493,6.5,74169998.17,74169998.17
2017,China,CHN,1.9887E+13,321714,207716,7,-1045479980,-1045479980
2017,Colombia,COL,6.93117E+11,260,191635,12.6,885109985.4,885109985.4
2017,Comoros,COM,2467927827,,600,44.3,70690002.44,70690002.44
2017,"Congo, Dem. Rep.",COD,86267287184,537089,620805,69.5,2416800049,2416800049
2017,"Congo, Rep.",COG,21642080500,48509,13295,35.7,112730003.4,112730003.4
2017,Costa Rica,CRI,1.00717E+11,4479,195,7.5,105040000.9,105040000.9
2017,Cote d'Ivoire,CIV,1.20166E+11,1559,40009,62.6,873559997.6,873559997.6
2017,Croatia,HRV,1.12216E+11,508,24869,4.1,,
2017,Cuba,CUB,,343,5331,4.3,727020019.5,727020019.5
2017,Curacao,CUW,3940295042,74,35,,,
2017,Cyprus,CYP,33018515599,9790,,2.3,,
2017,Czechia,CZE,4.11328E+11,3640,1272,2.6,,
2017,Denmark,DNK,3.1913E+11,35668,,3.4,,
2017,Djibouti,DJI,4630788442,17553,1761,51.7,149770004.3,149770004.3
2017,Dominica,DMA,810451627.1,,26,29.8,20170000.08,20170000.08
2017,Dominican Republic,DOM,1.75941E+11,594,427,28.8,124110000.6,124110000.6
2017,Ecuador,ECU,1.95011E+11,92405,1251,12.4,220259994.5,220259994.5
2017,"Egypt, Arab Rep.",EGY,1.11917E+12,232647,22106,18.6,139710006.7,139710006.7
2017,El Salvador,SLV,54005533545,40,25876,12.3,158940002.4,158940002.4
2017,Equatorial Guinea,GNQ,28459489607,,127,64.1,7300000.191,7300000.191
2017,Eritrea,ERI,,2392,486209,32.2,83230003.36,83230003.36
2017,Estonia,EST,44556473263,405,288,2.1,,
2017,Eswatini,SWZ,9457426062,790,231,49,155070007.3,155070007.3
2017,Ethiopia,ETH,2.15094E+11,889412,87448,39.6,4346399902,4346399902
2017,Faroe Islands,FRO,,,,,,
2017,Fiji,FJI,11783674124,7,734,21.6,147889999.4,147889999.4
2017,Finland,FIN,2.62026E+11,20793,5,1.9,,
2017,France,FRA,2.98301E+12,337158,54,3.3,,
2017,French Polynesia,PYF,,,,,,
2017,Gabon,GAB,30986311651,845,216,33.2,112589996.3,112589996.3
2017,"Gambia, The",GMB,4588632823,8039,14564,37.7,300140014.6,300140014.6
2017,Georgia,GEO,50662483514,2089,6535,8.9,471049987.8,471049987.8
2017,Germany,DEU,4.38673E+12,970357,66,3.3,,
2017,Ghana,GHA,1.48983E+11,12153,16959,36.7,1328689941,1328689941
2017,Gibraltar,GIB,,,,,,
2017,Greece,GRC,3.07636E+11,38988,106,3.8,,
2017,Greenland,GRL,,,,,,
2017,Grenada,GRD,1798099078,,103,14.5,6159999.847,6159999.847
2017,Guam,GUM,,,,,,
2017,Guatemala,GTM,1.33883E+11,360,16284,22.2,383989990.2,383989990.2
2017,Guinea,GIN,29176885980,5156,20333,69.2,497809997.6,497809997.6
2017,Guinea-Bissau,GNB,3519615667,11207,1870,56.3,119419998.2,119419998.2
2017,Guyana,GUY,9306806134,17,260,26,53279998.78,53279998.78
2017,Haiti,HTI,34763795854,5,28424,50.5,1029140015,1029140015
2017,Honduras,HND,52444135530,27,14424,16.3,463380004.9,463380004.9
2017,"Hong Kong SAR, China",HKG,4.42425E+11,85,11,,,
2017,Hungary,HUN,2.88707E+11,5671,3336,3.7,,
2017,Iceland,ISL,19106258173,361,5,2.1,,
2017,India,IND,8.27693E+12,197142,7926,31.5,3403449951,3403449951
2017,Indonesia,IDN,2.89413E+12,9782,12485,21.6,256230011,256230011
2017,"Iran, Islamic Rep.",IRN,1.28138E+12,979435,118639,12.4,147800003.1,147800003.1
2017,Iraq,IRQ,3.95295E+11,277668,362536,23.4,3066870117,3066870117
2017,Ireland,IRL,3.74825E+11,6394,,3,,
2017,Isle of Man,IMN,,,,,,
2017,Israel,ISR,3.43723E+11,25657,469,3,,
2017,Italy,ITA,2.51718E+12,167330,52,2.8,,
2017,Jamaica,JAM,28040446747,13,2224,12.2,65059997.56,65059997.56
2017,Japan,JPN,5.26225E+12,2189,44,1.9,,
2017,Jordan,JOR,98364955804,2897751,2119,14.2,3141159912,3141159912
2017,Kazakhstan,KAZ,4.48473E+11,602,2406,9.4,57139999.39,57139999.39
2017,Kenya,KEN,2.11109E+11,431895,7567,31.6,2616629883,2616629883
2017,Kiribati,KIR,237212544.7,,,42.6,78209999.08,78209999.08
2017,"Korea, Dem. People's Rep.",PRK,,,1176,14.4,132289993.3,132289993.3
2017,"Korea, Rep.",KOR,2.10365E+12,2238,239,2.8,,
2017,Kosovo,XKX,18691209712,,,11.5,411140014.6,411140014.6
2017,Kuwait,KWT,2.06275E+11,613,1097,7.6,,
2017,Kyrgyz Republic,KGZ,31280403475,334,2771,17.8,468070007.3,468070007.3
2017,Lao PDR,LAO,50463792572,,7056,39.1,499859985.4,499859985.4
2017,Latvia,LVA,55691171159,653,162,3.8,,
2017,Lebanon,LBN,1.08794E+11,1468431,5301,7.7,1368569946,1368569946
2017,Lesotho,LSO,5582162960,55,6,62,153250000,153250000
2017,Liberia,LBR,7355207879,11109,6039,62.1,661320007.3,661320007.3
2017,Libya,LBY,1.54436E+11,9352,11205,10.6,456980011,456980011
2017,Liechtenstein,LIE,,164,,,,
2017,Lithuania,LTU,95492177900,1577,73,3.6,,
2017,Luxembourg,LUX,68570197216,2020,,2.3,,
2017,"Macao SAR, China",MAC,78534544016,,,,,
2017,Madagascar,MDG,40514544581,39,292,45.1,817179992.7,817179992.7
2017,Malawi,MWI,26013119290,8977,434,35.5,1597510010,1597510010
2017,Malaysia,MYS,8.29297E+11,103837,540,6.9,-31610000.61,-31610000.61
2017,Maldives,MDV,8963910867,,64,7.1,48860000.61,48860000.61
2017,Mali,MLI,41593677731,17036,150305,67.3,1426349976,1426349976
2017,Malta,MLT,20362067055,7994,,5.6,,
2017,Marshall Islands,MHL,218712556.1,,7,27.8,75580001.83,75580001.83
2017,Mauritania,MRT,21877789548,77424,36525,35.5,307540008.5,307540008.5
2017,Mauritius,MUS,28009438333,5,130,13.3,15020000.46,15020000.46
2017,Mexico,MEX,2.46077E+12,8993,11679,13.1,801179992.7,801179992.7
2017,"Micronesia, Fed. Sts.",FSM,388973040.6,,,23.6,102169998.2,102169998.2
2017,Moldova,MDA,31585536712,391,2339,13.1,255070007.3,255070007.3
2017,Monaco,MCO,,25,5,1.1,,
2017,Mongolia,MNG,35392260804,5,2227,15.1,808590026.9,808590026.9
2017,Montenegro,MNE,12249728460,794,704,2.8,123629997.3,123629997.3
2017,Morocco,MAR,2.8555E+11,4703,3089,18.3,2569000000,2569000000
2017,Mozambique,MOZ,36775580596,4876,48,56.7,1893750000,1893750000
2017,Myanmar,MMR,2.25517E+11,,1156742,38.1,1614750000,1614750000
2017,Namibia,NAM,24438091227,2182,1368,32,200820007.3,200820007.3
2017,Nauru,NRU,109343364.9,964,,26.1,24940000.53,24940000.53
2017,Nepal,NPL,98515977279,21467,8415,26.6,1336380005,1336380005
2017,Netherlands,NLD,9.4374E+11,103843,39,3.5,,
2017,New Caledonia,NCL,,,,,,
2017,New Zealand,NZL,2.03157E+11,1465,34,4.3,,
2017,Nicaragua,NIC,38334779853,322,1467,14.4,587109985.4,587109985.4
2017,Niger,NER,25128463061,165729,1363,60.6,1285959961,1285959961
2017,Nigeria,NGA,9.907E+11,1910,238977,77.1,3550010010,3550010010
2017,North Macedonia,MKD,32583129777,414,1653,8.5,154990005.5,154990005.5
2017,Northern Mariana Islands,MNP,,,,,,
2017,Norway,NOR,3.40837E+11,59230,15,2.1,,
2017,Oman,OMN,1.55415E+11,308,39,9.4,,
2017,Pakistan,PAK,1.05847E+12,1393132,128914,59,2505159912,2505159912
2017,Palau,PLW,313841905.4,,,17.2,23340000.15,23340000.15
2017,Panama,PAN,1.29592E+11,2417,36,13.7,44040000.92,44040000.92
2017,Papua New Guinea,PNG,36158543357,10018,406,38.3,522729980.5,522729980.5
2017,Paraguay,PRY,86460026414,200,77,17.7,149339996.3,149339996.3
2017,Peru,PER,3.93259E+11,1788,2588,12.2,-9140000.343,-9140000.343
2017,Philippines,PHL,8.54095E+11,512,445,22.7,158210006.7,158210006.7
2017,Poland,POL,1.13765E+12,12225,1123,4,,
2017,Portugal,PRT,3.4037E+11,1619,16,3,,
2017,Puerto Rico,PRI,1.14269E+11,,,,,
2017,Qatar,QAT,2.49963E+11,188,31,5.9,,
2017,Romania,ROU,5.27786E+11,3911,1210,6.6,,
2017,Russian Federation,RUS,3.8071E+12,126021,61584,5.6,,
2017,Rwanda,RWA,23665375199,170991,258986,32.9,1299229980,1299229980
2017,Samoa,WSM,1295383642,5,,15.6,139529998.8,139529998.8
2017,San Marino,SMR,1982111207,,,1.8,,
2017,Sao Tome and Principe,STP,818599649.9,,31,15.7,42610000.61,42610000.61
2017,Saudi Arabia,SAU,1.62595E+12,153,1219,6.9,,
2017,Senegal,SEN,49402166473,14646,26584,33,955460022,955460022
2017,Serbia,SRB,1.16624E+11,32205,33246,5.1,1779229980,1779229980
2017,Seychelles,SYC,2620022556,,10,12.6,17059999.47,17059999.47
2017,Sierra Leone,SLE,12234317466,678,4496,87.6,576080017.1,576080017.1
2017,Singapore,SGP,5.35039E+11,,48,2.2,,
2017,Sint Maarten (Dutch part),SXM,1538327625,5,,,,
2017,Slovak Republic,SVK,1.63951E+11,912,913,5,,
2017,Slovenia,SVN,75438769515,611,17,2,,
2017,Solomon Islands,SLB,1689625838,,57,18.2,183580001.8,183580001.8
2017,Somalia,SOM,15743349480,14565,986386,79.1,1842060059,1842060059
2017,South Africa,ZAF,7.90171E+11,88694,461,28.3,1071489990,1071489990
2017,South Sudan,SSD,,283405,2439888,63.8,2294959961,2294959961
2017,Spain,ESP,1.84277E+12,17541,39,2.7,,
2017,Sri Lanka,LKA,2.91299E+11,820,115632,6.8,329149993.9,329149993.9
2017,St. Kitts and Nevis,KNA,1401705998,,51,13.6,,
2017,St. Lucia,LCA,2701276271,,995,20.7,16280000.69,16280000.69
2017,St. Martin (French part),MAF,,,,,,
2017,St. Vincent and the Grenadines,VCT,1432875084,,1311,14.3,12329999.92,12329999.92
2017,Sudan,SDN,1.87695E+11,906590,694556,43.1,906969970.7,906969970.7
2017,Suriname,SUR,10430970336,34,17,17.3,21250000,21250000
2017,Sweden,SWE,5.22477E+11,240954,14,2.3,,
2017,Switzerland,CHE,5.76361E+11,93030,5,3.6,,
2017,Syrian Arab Republic,SYR,,571298,6310498,19.1,9093849609,9093849609
2017,Tajikistan,TJK,28886920271,2521,1369,31,343260009.8,343260009.8
2017,Tanzania,TZA,1.34162E+11,308528,655,38.2,2711199951,2711199951
2017,Thailand,THA,1.20584E+12,104605,164,8.4,263890014.6,263890014.6
2017,Timor-Leste,TLS,3901816990,,13,48.6,236419998.2,236419998.2
2017,Togo,TGO,15491186678,12425,8115,48.2,364119995.1,364119995.1
2017,Tonga,TON,659591114.3,,34,10.4,89250000,89250000
2017,Trinidad and Tobago,TTO,38760092277,282,310,16.5,,
2017,Tunisia,TUN,1.28449E+11,726,1826,14.7,872719970.7,872719970.7
2017,Turkiye,TUR,2.26427E+12,3480350,61383,9.8,3341610107,3341610107
2017,Turkmenistan,TKM,81787812382,22,365,37.2,29069999.69,29069999.69
2017,Turks and Caicos Islands,TCA,1004380846,5,14,4.2,,
2017,Tuvalu,TUV,45871771.93,,,20.6,28969999.31,28969999.31
2017,Uganda,UGA,85406362066,1350495,6409,36,2117600098,2117600098
2017,Ukraine,UKR,5.03902E+11,3241,139581,7.6,1241609985,1241609985
2017,United Arab Emirates,ARE,6.45503E+11,884,137,6.2,,
2017,United Kingdom,GBR,3.04558E+12,121821,85,3.8,,
2017,United States,USA,1.94773E+13,287135,310,5.7,,
2017,Uruguay,URY,80027257873,334,12,6.8,44220001.22,44220001.22
2017,Uzbekistan,UZB,2.21561E+11,20,3405,15.2,670659973.1,670659973.1
2017,Vanuatu,VUT,879784987,,,21.9,133860000.6,133860000.6
2017,"Venezuela, RB",VEN,,122804,9272,21.1,91449996.95,91449996.95
2017,Viet Nam,VNM,8.51064E+11,,334064,17.1,2527310059,2527310059
2017,Virgin Islands (U.S.),VIR,,,,,,
2017,West Bank and Gaza,PSE,28518507331,2214783,99630,14.7,2241570068,2241570068
2017,"Yemen, Rep.",YEM,,270913,23555,46,3409969971,3409969971
2017,Zambia,ZMB,58735190956,41266,260,44.2,1094069946,1094069946
2017,Zimbabwe,ZWE,34396334575,7566,17420,39.5,766450012.2,766450012.2
2017,Africa Eastern and Southern,AFE,2.3002E+12,5155400,6058091,46.63862731,28978569827,28978569827
2017,Africa Western and Central,AFW,1.74666E+12,1172523,1155918,66.37397312,16599879765,16599879765
2017,Arab World,ARB,6.07211E+12,9061053,8568734,27.77948089,29821979660,29821979660
2017,Caribbean small states,CSS,1.18017E+11,354,6010,15.90246495,241499996.2,241499996.2
2017,Central Europe and the Baltics,CEB,3.06474E+12,49279,33979,4.457808036,,
2017,Early-demographic dividend,EAR,2.92645E+13,14770213,8517766,30.13179763,54212169319,54212169319
2017,East Asia & Pacific,EAS,3.80016E+13,605967,1736490,12.2,8666000048,8666000048
2017,East Asia & Pacific (excluding high income),EAP,2.69872E+13,550546,1736104,12.77930372,8666000048,8666000048
2017,East Asia & Pacific (IDA & IBRD countries),TEA,2.69534E+13,551510,1734928,12.76089121,7729380074,7729380074
2017,Euro area,EMU,1.55657E+13,1845395,1892,3.15682476,,
2017,Europe & Central Asia,ECS,3.11366E+13,6109370,407075,7.5,10275830095,10275830095
2017,Europe & Central Asia (excluding high income),ECA,8.23346E+12,3694761,373244,10.95711464,10275830095,10275830095
2017,Europe & Central Asia (IDA & IBRD countries),TEC,1.00111E+13,3711405,400446,10.33882322,10117750099,10117750099
2017,European Union,EUU,1.9037E+13,2167138,34432,3.442364496,,
2017,Fragile and conflict affected situations,FCS,4.19802E+12,8760121,17525577,56.21646428,54197549757,54197549757
2017,Heavily indebted poor countries (HIPC),HPC,1.92376E+12,5544441,7168392,50.73556861,41802600082,41802600082
2017,High income,HIC,5.93394E+13,2903017,39967,4.5,215280000.7,215280000.7
2017,IBRD only,IBD,5.95638E+13,10799061,1764506,19.44351632,33294120105,33294120105
2017,IDA & IBRD total,IBT,6.57046E+13,20287889,19437081,32.40115859,1.10971E+11,1.10971E+11
2017,IDA blend,IDB,2.69053E+12,2230439,424203,61.1257094,12596239813,12596239813
2017,IDA only,IDX,3.47373E+12,7258389,17248372,46.79526018,65080309553,65080309553
2017,IDA total,IDA,6.15243E+12,9488828,17672575,51.68750885,77676549366,77676549366
2017,Late-demographic dividend,LTE,3.668E+13,2241073,1021363,8.788366757,13395019995,13395019995
2017,Latin America & Caribbean,LCN,1.01155E+13,252093,317028,15.1,8868480022,8868480022
2017,Latin America & Caribbean (excluding high income),LAC,8.76541E+12,124257,305890,15.04178899,8648330026,8648330026
2017,Latin America & the Caribbean (IDA & IBRD countries),TLA,9.81304E+12,251629,311092,15.29211964,6672239963,6672239963
2017,Least developed countries: UN classification,LDC,2.92309E+12,6710452,10753183,48.28776984,51337889982,51337889982
2017,Low & middle income,LMY,6.28485E+13,22357692,19505473,32.56749904,1.70794E+11,1.70794E+11
2017,Low income,LIC,1.15427E+12,5821205,15731559,52.1,45201579613,45201579613
2017,Lower middle income,LMC,1.93414E+13,9589151,2589045,37.2,49489469788,49489469788
2017,Middle East & North Africa,MEA,7.48905E+12,9075560,6969775,19.3,27823039658,27823039658
2017,Middle East & North Africa (excluding high income),MNA,4.19448E+12,9039508,6966286,20.91628008,27823039658,27823039658
2017,Middle East & North Africa (IDA & IBRD countries),TMN,4.16639E+12,6824725,6866656,21.01664308,24600949554,24600949554
2017,Middle income,MIC,6.17302E+13,16536487,3773914,28.56224561,69897421875,69897421875
2017,North America,NAC,2.12483E+13,391903,385,5.6,,
2017,Not classified,INX,,,,,,
2017,OECD members,OED,5.84896E+13,6368086,274313,6.261326294,5207110085,5207110085
2017,Other small states,OSS,6.84395E+11,62579,30754,37.28805128,2115320033,2115320033
2017,Pacific island small states,PSS,17622014889,976,832,20.87579713,1027320000,1027320000
2017,Post-demographic dividend,PST,5.25436E+13,2864252,198135,4.220755151,2176800013,2176800013
2017,Pre-demographic dividend,PRE,3.16663E+12,5506709,9817273,57.37391638,43660810208,43660810208
2017,Small states,SST,8.20034E+11,63909,37596,33.51813634,3384140029,3384140029
2017,South Asia,SAS,1.05988E+13,2620697,2909950,36.4,15831529922,15831529922
2017,South Asia (IDA & IBRD),TSA,1.05988E+13,2620697,2909950,36.39565723,15749139923,15749139923
2017,Sub-Saharan Africa,SSF,4.04628E+12,6327923,7214009,55,52200039691,52200039691
2017,Sub-Saharan Africa (excluding high income),SSA,4.04366E+12,6327923,7213999,55.03190987,52175679691,52175679691
2017,Sub-Saharan Africa (IDA & IBRD countries),TSS,4.04628E+12,6327923,7214009,55.02996194,46101209857,46101209857
2017,Upper middle income,UMC,4.23648E+13,6947336,1184869,10.4,19073770154,19073770154
2017,World,WLD,1.22537E+14,25383513,25383513,30,1.71318E+11,1.71318E+11
2018,Afghanistan,AFG,77417896456,72228,2681267,47.8,3818199951,3818199951
2018,Albania,ALB,38690872400,132,13512,8.3,344220001.2,344220001.2
2018,Algeria,DZA,5.0345E+11,94341,4181,20.6,145139999.4,145139999.4
2018,American Samoa,ASM,,,,,,
2018,Andorra,AND,,,,2.9,,
2018,Angola,AGO,2.20289E+11,39856,8243,52,163889999.4,163889999.4
2018,Antigua and Barbuda,ATG,2071040149,,107,5.7,17809999.47,17809999.47
2018,Argentina,ARG,1.03646E+12,3442,112,8.4,74540000.92,74540000.92
2018,Armenia,ARM,38433992680,17966,11040,11.1,140089996.3,140089996.3
2018,Aruba,ABW,4417064468,,,,,
2018,Australia,AUS,1.25315E+12,56934,10,3.2,,
2018,Austria,AUT,5.03361E+11,128779,24,2.9,,
2018,Azerbaijan,AZE,1.44636E+11,1130,11246,19.2,86889999.39,86889999.39
2018,"Bahamas, The",BHS,14133988863,14,421,11.7,,
2018,Bahrain,BHR,74536780443,262,540,6.1,,
2018,Bangladesh,BGD,8.58963E+11,906640,21022,26.7,3117429932,3117429932
2018,Barbados,BRB,4583694627,,211,12.1,,
2018,Belarus,BLR,1.83404E+11,2225,3526,2.5,119080001.8,119080001.8
2018,Belgium,BEL,6.0027E+11,42158,50,3.4,,
2018,Belize,BLZ,3442437812,29,68,11.2,34110000.61,34110000.61
2018,Benin,BEN,37174390201,1167,659,59.5,579890014.6,579890014.6
2018,Bermuda,BMU,5329538762,,,,,
2018,Bhutan,BTN,8767035941,,7100,24.7,109160003.7,109160003.7
2018,Bolivia,BOL,1.0063E+11,802,502,22.6,731059997.6,731059997.6
2018,Bosnia and Herzegovina,BIH,50326203573,5227,16956,5.2,358589996.3,358589996.3
2018,Botswana,BWA,37559949880,2044,289,30.9,88129997.25,88129997.25
2018,Brazil,BRA,3.14642E+12,11304,1038,13.5,432450012.2,432450012.2
2018,British Virgin Islands,VGB,,,,10.9,,
2018,Brunei Darussalam,BRN,26527305078,,,9.4,,
2018,Bulgaria,BGR,1.61689E+11,19906,620,5.8,,
2018,Burkina Faso,BFA,42835545277,25120,11447,55.6,1194079956,1194079956
2018,Burundi,BDI,8714914014,71501,387850,41.3,454809997.6,454809997.6
2018,Cabo Verde,CPV,4278383732,,10,13.7,85379997.25,85379997.25
2018,Cambodia,KHM,69213257564,,12139,23.9,789299987.8,789299987.8
2018,Cameroon,CMR,95849164014,380327,45118,51.5,1173270020,1173270020
2018,Canada,CAN,1.85299E+12,114101,81,4.6,,
2018,Cayman Islands,CYM,4720571083,34,6,,,
2018,Central African Republic,CAF,4458919449,6652,590858,80.3,643780029.3,643780029.3
2018,Chad,TCD,24984406916,451203,10895,71,881979980.5,881979980.5
2018,Channel Islands,CHI,,,,,,
2018,Chile,CHL,4.78094E+11,2026,479,6.3,,
2018,China,CHN,2.17397E+13,321758,212039,6.4,-751880004.9,-751880004.9
2018,Colombia,COL,7.47104E+11,294,138583,12.2,1782989990,1782989990
2018,Comoros,COM,2619312406,,624,42.9,91669998.17,91669998.17
2018,"Congo, Dem. Rep.",COD,93483651740,529065,720302,67.6,2539409912,2539409912
2018,"Congo, Rep.",COG,21097389062,37491,13354,34.8,147300003.1,147300003.1
2018,Costa Rica,CRI,1.06583E+11,4531,207,7.4,101430000.3,101430000.3
2018,Cote d'Ivoire,CIV,1.29015E+11,1808,38316,61,970109985.4,970109985.4
2018,Croatia,HRV,1.18177E+11,787,24105,4,,
2018,Cuba,CUB,,287,5488,4.2,718940002.4,718940002.4
2018,Curacao,CUW,3947587898,99,35,,,
2018,Cyprus,CYP,35391382553,11002,7,2.3,,
2018,Czechia,CZE,4.37356E+11,2186,1236,2.5,,
2018,Denmark,DNK,3.33035E+11,36623,,3.3,,
2018,Djibouti,DJI,4968523664,18293,2124,50.3,179059997.6,179059997.6
2018,Dominica,DMA,859378016.5,,36,30.7,27110000.61,27110000.61
2018,Dominican Republic,DOM,1.92751E+11,164,472,28.6,91050003.05,91050003.05
2018,Ecuador,ECU,2.02274E+11,101550,1424,12,401450012.2,401450012.2
2018,"Egypt, Arab Rep.",EGY,1.20718E+12,246746,24850,17.9,2089989990,2089989990
2018,El Salvador,SLV,56638032947,44,32562,11.9,256290008.5,256290008.5
2018,Equatorial Guinea,GNQ,27326114439,,140,62.2,6750000,6750000
2018,Eritrea,ERI,,2252,507260,31.4,84809997.56,84809997.56
2018,Estonia,EST,48133343975,319,281,1.9,,
2018,Eswatini,SWZ,9915295330,874,237,45.4,123620002.7,123620002.7
2018,Ethiopia,ETH,2.35279E+11,903226,92232,38,4987330078,4987330078
2018,Faroe Islands,FRO,,,,,,
2018,Fiji,FJI,12526995472,,675,22.1,118839996.3,118839996.3
2018,Finland,FIN,2.73456E+11,22287,5,1.9,,
2018,France,FRA,3.12538E+12,368345,59,3.4,,
2018,French Polynesia,PYF,,,,,,
2018,Gabon,GAB,31997122066,686,342,32.2,117400001.5,117400001.5
2018,"Gambia, The",GMB,5038909853,4027,17237,36.7,235610000.6,235610000.6
2018,Georgia,GEO,54392967414,1987,6983,8.8,590469970.7,590469970.7
2018,Germany,DEU,4.57605E+12,1063835,61,3.2,,
2018,Ghana,GHA,1.62023E+11,11896,18071,35.6,1080689941,1080689941
2018,Gibraltar,GIB,,,,,,
2018,Greece,GRC,3.17882E+11,61446,107,3.7,,
2018,Greenland,GRL,,,,,,
2018,Grenada,GRD,1921634789,,96,14.6,31989999.77,31989999.77
2018,Guam,GUM,,,,,,
2018,Guatemala,GTM,1.41772E+11,380,19128,21.5,404260009.8,404260009.8
2018,Guinea,GIN,31778125688,4294,23493,68,659080017.1,659080017.1
2018,Guinea-Bissau,GNB,3650498104,4853,2043,54.6,154419998.2,154419998.2
2018,Guyana,GUY,9953800104,25,283,25.3,104300003.1,104300003.1
2018,Haiti,HTI,36193270868,5,27517,49.2,1029449951,1029449951
2018,Honduras,HND,55769874768,28,18857,15.8,672229980.5,672229980.5
2018,"Hong Kong SAR, China",HKG,4.6596E+11,128,11,,,
2018,Hungary,HUN,3.11927E+11,6019,3927,3.5,,
2018,Iceland,ISL,20174853794,549,5,2.1,,
2018,India,IND,9.02294E+12,195887,9586,29.8,2537320068,2537320068
2018,Indonesia,IDN,3.11705E+12,10786,12148,20.8,906770019.5,906770019.5
2018,"Iran, Islamic Rep.",IRN,1.28261E+12,979435,129941,12,166570007.3,166570007.3
2018,Iraq,IRQ,4.15459E+11,283018,372332,22.7,2337159912,2337159912
2018,Ireland,IRL,4.12302E+11,6012,,2.9,,
2018,Isle of Man,IMN,,,,,,
2018,Israel,ISR,3.57372E+11,18554,492,2.9,,
2018,Italy,ITA,2.60033E+12,189227,69,2.7,,
2018,Jamaica,JAM,29257238701,13,2448,11.8,101220001.2,101220001.2
2018,Japan,JPN,5.34406E+12,1893,42,1.9,,
2018,Jordan,JOR,1.02663E+11,2957875,2430,13.8,2562489990,2562489990
2018,Kazakhstan,KAZ,4.78084E+11,568,2520,9.1,73629997.25,73629997.25
2018,Kenya,KEN,2.28394E+11,421243,7480,30.6,2530600098,2530600098
2018,Kiribati,KIR,255337077,,,41.5,80099998.47,80099998.47
2018,"Korea, Dem. People's Rep.",PRK,,,797,13.7,115000000,115000000
2018,"Korea, Rep.",KOR,2.22044E+12,2890,274,2.8,,
2018,Kosovo,XKX,19792605506,,,10.8,345250000,345250000
2018,Kuwait,KWT,2.16376E+11,671,1251,7.6,,
2018,Kyrgyz Republic,KGZ,33236151607,329,2934,17,427140014.6,427140014.6
2018,Lao PDR,LAO,54905728239,,6943,37.7,590270019.5,590270019.5
2018,Latvia,LVA,59505432398,664,152,3.6,,
2018,Lebanon,LBN,1.0931E+11,1424728,5620,7.6,1423510010,1423510010
2018,Lesotho,LSO,5631723059,56,6,60.8,156770004.3,156770004.3
2018,Liberia,LBR,7619220308,9103,5508,60.9,600780029.3,600780029.3
2018,Libya,LBY,1.70708E+11,8792,13868,10.2,303470001.2,303470001.2
2018,Liechtenstein,LIE,,166,,,,
2018,Lithuania,LTU,1.0191E+11,1731,66,3.3,,
2018,Luxembourg,LUX,70825270420,2020,,2.3,,
2018,"Macao SAR, China",MAC,85621611755,,,,,
2018,Madagascar,MDG,42813829787,39,298,45.2,760359985.4,760359985.4
2018,Malawi,MWI,27808369364,13783,472,34.2,1289420044,1289420044
2018,Malaysia,MYS,8.90363E+11,121305,817,6.9,-38709999.08,-38709999.08
2018,Maldives,MDV,9925063724,,74,6.5,132520004.3,132520004.3
2018,Mali,MLI,44615313333,26538,158267,65.9,1562630005,1562630005
2018,Malta,MLT,22078636294,8579,5,5.5,,
2018,Marshall Islands,MHL,233363900.4,,7,27.1,55849998.47,55849998.47
2018,Mauritania,MRT,23472890013,83183,37050,34.7,451640014.6,451640014.6
2018,Mauritius,MUS,29832047092,16,156,13.8,69540000.92,69540000.92
2018,Mexico,MEX,2.53595E+12,16530,12870,12.6,558000000,558000000
2018,"Micronesia, Fed. Sts.",FSM,399167247.9,,,23,101199996.9,101199996.9
2018,Moldova,MDA,33663117639,409,2397,12.9,258970001.2,258970001.2
2018,Monaco,MCO,,25,5,1,,
2018,Mongolia,MNG,39050097209,5,2249,14.4,332570007.3,332570007.3
2018,Montenegro,MNE,13386234730,727,715,2.5,155550003.1,155550003.1
2018,Morocco,MAR,3.0138E+11,5932,3873,17.5,821400024.4,821400024.4
2018,Mozambique,MOZ,38956616333,4910,57,55.2,1842770020,1842770020
2018,Myanmar,MMR,2.4573E+11,,1145149,37,1740949951,1740949951
2018,Namibia,NAM,25290854444,2394,1331,31.5,161309997.6,161309997.6
2018,Nauru,NRU,120841116.2,964,,25.4,36639999.39,36639999.39
2018,Nepal,NPL,1.08574E+11,20804,8590,25.5,1468089966,1468089966
2018,Netherlands,NLD,9.96447E+11,101824,41,3.5,,
2018,New Caledonia,NCL,,,,,,
2018,New Zealand,NZL,2.08312E+11,1545,34,4.2,,
2018,Nicaragua,NIC,37936105456,321,1671,13.6,352940002.4,352940002.4
2018,Niger,NER,27588090682,175413,2715,60.4,1315060059,1315060059
2018,Nigeria,NGA,1.03402E+12,34727,276834,75.5,3350110107,3350110107
2018,North Macedonia,MKD,34872946146,413,1721,7.1,170199996.9,170199996.9
2018,Northern Mariana Islands,MNP,,,,,,
2018,Norway,NOR,3.73183E+11,57004,5,2,,
2018,Oman,OMN,1.612E+11,310,42,9.3,,
2018,Pakistan,PAK,1.15059E+12,1404008,132248,57.4,1408650024,1408650024
2018,Palau,PLW,321734293.9,,,16.6,87199996.95,87199996.95
2018,Panama,PAN,1.37598E+11,2501,44,13.2,39549999.24,39549999.24
2018,Papua New Guinea,PNG,36924414904,10022,424,37.3,777500000,777500000
2018,Paraguay,PRY,91375573735,260,73,17.1,165050003.1,165050003.1
2018,Peru,PER,4.18698E+11,2506,2579,11.9,451679992.7,451679992.7
2018,Philippines,PHL,9.30093E+11,631,522,22.2,548450012.2,548450012.2
2018,Poland,POL,1.21624E+12,12495,1085,3.9,,
2018,Portugal,PRT,3.59199E+11,2130,20,2.9,,
2018,Puerto Rico,PRI,1.11914E+11,,,,,
2018,Qatar,QAT,2.59133E+11,189,30,5.5,,
2018,Romania,ROU,5.7581E+11,4134,1155,6.1,,
2018,Russian Federation,RUS,4.23184E+12,77382,61457,5.1,,
2018,Rwanda,RWA,26303874671,145359,247469,32.1,1131469971,1131469971
2018,Samoa,WSM,1318438300,5,,15.3,128279998.8,128279998.8
2018,San Marino,SMR,2060085049,,,1.7,,
2018,Sao Tome and Principe,STP,862968843.7,,31,14.5,52569999.69,52569999.69
2018,Saudi Arabia,SAU,1.71103E+12,263,1492,6.6,,
2018,Senegal,SEN,53731067581,14359,18208,31.9,1005669983,1005669983
2018,Serbia,SRB,1.23718E+11,30944,32368,5,1072329956,1072329956
2018,Seychelles,SYC,2782533906,,15,12.5,,
2018,Sierra Leone,SLE,12963538065,591,4846,85.2,514989990.2,514989990.2
2018,Singapore,SGP,5.67492E+11,,46,2.1,,
2018,Sint Maarten (Dutch part),SXM,1471339503,5,,,,
2018,Slovak Republic,SVK,1.70864E+11,938,1218,4.9,,
2018,Slovenia,SVN,80823432204,746,19,1.9,,
2018,Solomon Islands,SLB,1777757894,,33,17.7,191910003.7,191910003.7
2018,Somalia,SOM,17335958798,16738,949637,77.1,1581310059,1581310059
2018,South Africa,ZAF,8.21485E+11,89285,482,27.8,940679992.7,940679992.7
2018,South Sudan,SSD,,291838,2285301,63.8,1594959961,1594959961
2018,Spain,ESP,1.90545E+12,20437,46,2.7,,
2018,Sri Lanka,LKA,3.05193E+11,796,113955,6.5,-251839996.3,-251839996.3
2018,St. Kitts and Nevis,KNA,1464858646,5,58,13.3,,
2018,St. Lucia,LCA,2845893984,,1025,21.2,8649999.619,8649999.619
2018,St. Martin (French part),MAF,,,,,,
2018,St. Vincent and the Grenadines,VCT,1513915224,,1258,13.9,18229999.54,18229999.54
2018,Sudan,SDN,1.87054E+11,1078280,724787,42,976340026.9,976340026.9
2018,Suriname,SUR,11210298243,41,22,16.8,14350000.38,14350000.38
2018,Sweden,SWE,5.44594E+11,248210,16,2.2,,
2018,Switzerland,CHE,6.01868E+11,104011,5,3.6,,
2018,Syrian Arab Republic,SYR,,578956,6654374,19.2,9354500000,9354500000
2018,Tajikistan,TJK,31829563546,2654,1695,30.2,407940002.4,407940002.4
2018,Tanzania,TZA,1.44885E+11,278322,723,36.8,2476810059,2476810059
2018,Thailand,THA,1.28697E+12,102234,183,8.1,-444799987.8,-444799987.8
2018,Timor-Leste,TLS,3968038935,,12,47.1,207100006.1,207100006.1
2018,Togo,TGO,16678750775,12335,8029,46.8,339750000,339750000
2018,Tonga,TON,677077440.7,,32,10.2,96900001.53,96900001.53
2018,Trinidad and Tobago,TTO,39346203841,784,323,16,,
2018,Tunisia,TUN,1.34989E+11,1061,1985,14.6,811619995.1,811619995.1
2018,Turkiye,TUR,2.30231E+12,3681688,68900,9.2,1189160034,1189160034
2018,Turkmenistan,TKM,88946789702,21,457,37.2,20350000.38,20350000.38
2018,Turks and Caicos Islands,TCA,1086236937,5,14,4.1,,
2018,Tuvalu,TUV,47626211.08,,,20,27239999.77,27239999.77
2018,Uganda,UGA,92972966381,1165646,7034,34.4,1968219971,1968219971
2018,Ukraine,UKR,5.34016E+11,2606,93248,7.4,1226770020,1226770020
2018,United Arab Emirates,ARE,6.69706E+11,1167,169,6,,
2018,United Kingdom,GBR,3.13707E+12,126708,84,3.8,,
2018,United States,USA,2.05331E+13,313242,332,5.6,,
2018,Uruguay,URY,82079003853,379,7,6.3,,
2018,Uzbekistan,UZB,2.40228E+11,13,3276,14.4,1070160034,1070160034
2018,Vanuatu,VUT,927064738.6,,,21.4,130009994.5,130009994.5
2018,"Venezuela, RB",VEN,,67283,21047,21.1,148449996.9,148449996.9
2018,Viet Nam,VNM,9.36583E+11,,334464,17,1653209961,1653209961
2018,Virgin Islands (U.S.),VIR,,,,,,
2018,West Bank and Gaza,PSE,29562465972,2267747,100728,14.1,2299959961,2299959961
2018,"Yemen, Rep.",YEM,,264359,31145,46.6,8058700195,8058700195
2018,Zambia,ZMB,62573855255,49877,266,43.6,1017090027,1017090027
2018,Zimbabwe,ZWE,36987880143,7795,15618,38,805700012.2,805700012.2
2018,Africa Eastern and Southern,AFE,2.42034E+12,5114399,5958200,45.26828401,27525489811,27525489811
2018,Africa Western and Central,AFW,1.8422E+12,1285773,1283440,64.94525452,16573919943,16573919943
2018,Arab World,ARB,6.38726E+12,9332911,8933132,27.36846517,33487960175,33487960175
2018,Caribbean small states,CSS,1.22604E+11,911,6356,15.5166734,357770004.3,357770004.3
2018,Central Europe and the Baltics,CEB,3.28244E+12,49925,33864,4.238922204,,
2018,Early-demographic dividend,EAR,3.11063E+13,15028283,8911634,29.02365434,57837230150,57837230150
2018,East Asia & Pacific,EAS,4.08125E+13,631100,1729050,12.2,8167589973,8167589973
2018,East Asia & Pacific (excluding high income),EAP,2.9406E+13,566746,1728633,12.77205439,8167589973,8167589973
2018,East Asia & Pacific (IDA & IBRD countries),TEA,2.93692E+13,567710,1727836,12.76038013,7364899958,7364899958
2018,Euro area,EMU,1.62597E+13,2032479,2230,3.130119072,,
2018,Europe & Central Asia,ECS,3.28041E+13,6469144,369424,7.2,8221490032,8221490032
2018,Europe & Central Asia (excluding high income),ECA,8.8375E+12,3846327,335571,10.57763069,8221490032,8221490032
2018,Europe & Central Asia (IDA & IBRD countries),TEC,1.07477E+13,3863743,361916,9.973191597,8056790026,8056790026
2018,European Union,EUU,1.99585E+13,2362839,34374,3.368524342,,
2018,Fragile and conflict affected situations,FCS,4.42841E+12,9027673,17942001,55.05953541,58828910173,58828910173
2018,Heavily indebted poor countries (HIPC),HPC,2.05021E+12,5582767,7375253,49.37361655,41473300056,41473300056
2018,High income,HIC,6.21278E+13,3150386,40707,4.4,93999998.09,93999998.09
2018,IBRD only,IBD,6.40311E+13,10966268,1730487,19.05923093,28559640001,28559640001
2018,IDA & IBRD total,IBT,7.06168E+13,20510771,19836853,32.07660973,1.09025E+11,1.09025E+11
2018,IDA blend,IDB,2.87201E+12,2295626,497464,59.57474165,11760590298,11760590298
2018,IDA only,IDX,3.73919E+12,7248877,17608902,45.58984554,68705200068,68705200068
2018,IDA total,IDA,6.59796E+12,9544503,18106366,50.34911274,80465790365,80465790365
2018,Late-demographic dividend,LTE,3.97426E+13,2167642,975188,8.502925984,9727219950,9727219950
2018,Latin America & Caribbean,LCN,1.05164E+13,215691,291071,14.8,10337139938,10337139938
2018,Latin America & Caribbean (excluding high income),LAC,9.10917E+12,142531,268036,14.60319097,10096339941,10096339941
2018,Latin America & the Caribbean (IDA & IBRD countries),TLA,1.02093E+13,215247,284896,14.86661729,8050639965,8050639965
2018,Least developed countries: UN classification,LDC,3.14275E+12,6691915,10766888,47.00842479,54716330149,54716330149
2018,Low & middle income,LMY,6.75609E+13,22687422,19895158,32.23652536,1.67082E+11,1.67082E+11
2018,Low income,LIC,1.22646E+12,5854015,16102127,50.9,49676860260,49676860260
2018,Lower middle income,LMC,2.07972E+13,9641242,2623481,36.1,45923350189,45923350189
2018,Middle East & North Africa,MEA,7.81741E+12,9161278,7351472,19.1,31660750107,31660750107
2018,Middle East & North Africa (excluding high income),MNA,4.37074E+12,9131283,7347451,20.64926369,31660750107,31660750107
2018,Middle East & North Africa (IDA & IBRD countries),TMN,4.34163E+12,6863536,7246723,20.75600585,28253610123,28253610123
2018,Middle income,MIC,6.6371E+13,16833407,3793031,28.23634109,63907699219,63907699219
2018,North America,NAC,2.23914E+13,427343,413,5.5,,
2018,Not classified,INX,,,,,,
2018,OECD members,OED,6.11171E+13,6820931,230885,6.085030256,3631580025,3631580025
2018,Other small states,OSS,7.15836E+11,54870,33354,36.12608761,2126560013,2126560013
2018,Pacific island small states,PSS,18605403692,969,747,20.65538326,1054169985,1054169985
2018,Post-demographic dividend,PST,5.49543E+13,3116076,150936,4.160090449,2441190020,2441190020
2018,Pre-demographic dividend,PRE,3.32842E+12,5591787,9918962,55.99187545,41521830215,41521830215
2018,Small states,SST,8.57046E+11,56750,40457,32.5615383,3538500002,3538500002
2018,South Asia,SAS,1.15424E+13,2600363,2973842,34.8,12428959953,12428959953
2018,South Asia (IDA & IBRD),TSA,1.15424E+13,2600363,2973842,34.79289529,12339529953,12339529953
2018,Sub-Saharan Africa,SSF,4.26196E+12,6400172,7241640,53.6,51358880264,51358880264
2018,Sub-Saharan Africa (excluding high income),SSA,4.25918E+12,6400172,7241625,53.61914176,51352130264,51352130264
2018,Sub-Saharan Africa (IDA & IBRD countries),TSS,4.26196E+12,6400172,7241640,53.61731636,44959960342,44959960342
2018,Upper middle income,UMC,4.5548E+13,7192165,1169550,10.2,16316669886,16316669886
2018,World,WLD,1.30056E+14,25905091,25905091,29.7,1.6741E+11,1.6741E+11
2019,Afghanistan,AFG,81889326057,72227,2727556,46.3,4233930176,4233930176
2019,Albania,ALB,41121578860,120,15027,8.4,28540000.92,28540000.92
2019,Algeria,DZA,5.17606E+11,98599,4514,20.1,178669998.2,178669998.2
2019,American Samoa,ASM,,,,,,
2019,Andorra,AND,,,,2.8,,
2019,Angola,AGO,2.22666E+11,25793,8176,50.4,20770000.46,20770000.46
2019,Antigua and Barbuda,ATG,2199774343,,117,5.5,28260000.23,28260000.23
2019,Argentina,ARG,1.03394E+12,3857,99,7.6,9000000,9000000
2019,Armenia,ARM,42096855654,17980,10962,10.5,427619995.1,427619995.1
2019,Aruba,ABW,4524856401,,,,,
2019,Australia,AUS,1.31539E+12,58529,20,3.2,,
2019,Austria,AUT,5.30169E+11,135951,18,2.9,,
2019,Azerbaijan,AZE,1.50911E+11,1109,11626,18.2,122290000.9,122290000.9
2019,"Bahamas, The",BHS,14280502648,10,501,15.4,,
2019,Bahrain,BHR,77518079488,251,557,6.1,,
2019,Bangladesh,BGD,9.4329E+11,854779,22766,25.3,4507200195,4507200195
2019,Barbados,BRB,4659803693,,243,11.7,,
2019,Belarus,BLR,1.89394E+11,2725,3425,2.4,218000000,218000000
2019,Belgium,BEL,6.4114E+11,61662,34,3.4,,
2019,Belize,BLZ,3661953137,29,73,10.6,36500000,36500000
2019,Benin,BEN,40439336408,1238,721,58,609840026.9,609840026.9
2019,Bermuda,BMU,5441762404,,,,,
2019,Bhutan,BTN,9437919711,,6839,23.9,183669998.2,183669998.2
2019,Bolivia,BOL,1.04706E+11,863,514,21.7,730950012.2,730950012.2
2019,Bosnia and Herzegovina,BIH,54170180832,5241,16556,5.1,468850006.1,468850006.1
2019,Botswana,BWA,39393209347,1113,228,29.9,68910003.66,68910003.66
2019,Brazil,BRA,3.24196E+12,32844,1399,13.4,280450012.2,280450012.2
2019,British Virgin Islands,VGB,,,,10.6,,
2019,Brunei Darussalam,BRN,28047969447,,,9.5,,
2019,Bulgaria,BGR,1.75581E+11,20438,566,5.6,,
2019,Burkina Faso,BFA,46084230076,25869,11733,54.2,1141239990,1141239990
2019,Burundi,BDI,9032050780,78465,380900,40,569849975.6,569849975.6
2019,Cabo Verde,CPV,4687696626,,10,12.9,157190002.4,157190002.4
2019,Cambodia,KHM,75424858955,,11986,23,992789978,992789978
2019,Cameroon,CMR,1.00959E+11,406259,66241,50.1,1339239990,1339239990
2019,Canada,CAN,1.87376E+12,101757,71,4.5,,
2019,Cayman Islands,CYM,4993411154,34,6,,,
2019,Central African Republic,CAF,4679615556,7170,610152,78.6,695200012.2,695200012.2
2019,Chad,TCD,26258452919,442670,11163,69.3,661340026.9,661340026.9
2019,Channel Islands,CHI,,,,,,
2019,Chile,CHL,4.87414E+11,2046,486,6.1,,
2019,China,CHN,2.34466E+13,303379,212863,5.9,-620830017.1,-620830017.1
2019,Colombia,COL,7.9659E+11,634,189254,11.8,882539978,882539978
2019,Comoros,COM,2713248752,,658,41.6,75769996.64,75769996.64
2019,"Congo, Dem. Rep.",COD,99333031133,523733,802974,65.9,2884840088,2884840088
2019,"Congo, Rep.",COG,21457202051,25668,12743,35.9,182830001.8,182830001.8
2019,Costa Rica,CRI,1.14952E+11,6204,206,7.2,57360000.61,57360000.61
2019,Cote d'Ivoire,CIV,1.3989E+11,2020,39351,59,1211660034,1211660034
2019,Croatia,HRV,1.28413E+11,916,23793,4,,
2019,Cuba,CUB,,233,6625,4.2,466739990.2,466739990.2
2019,Curacao,CUW,3882912338,42,35,,,
2019,Cyprus,CYP,38840295730,12311,,2.3,,
2019,Czechia,CZE,4.71833E+11,2054,1166,2.4,,
2019,Denmark,DNK,3.48346E+11,37533,5,3.3,,
2019,Djibouti,DJI,5338109130,19639,2351,48.7,269769989,269769989
2019,Dominica,DMA,922930092.2,,50,31.3,52799999.24,52799999.24
2019,Dominican Republic,DOM,2.06122E+11,164,546,28.3,134000000,134000000
2019,Ecuador,ECU,2.05927E+11,104560,1644,11.5,522609985.4,522609985.4
2019,"Egypt, Arab Rep.",EGY,1.29706E+12,258391,27416,17.3,1760160034,1760160034
2019,El Salvador,SLV,59069859771,48,41816,11.5,308989990.2,308989990.2
2019,Equatorial Guinea,GNQ,26291483526,,156,60.4,64510002.14,64510002.14
2019,Eritrea,ERI,,199,504300,30.5,273579986.6,273579986.6
2019,Estonia,EST,51758530502,331,274,1.8,,
2019,Eswatini,SWZ,10364893928,940,224,43.9,71760002.14,71760002.14
2019,Ethiopia,ETH,2.59531E+11,733123,93467,36.6,4798509766,4798509766
2019,Faroe Islands,FRO,,,,,,
2019,Fiji,FJI,12677512844,12,591,22.6,130809997.6,130809997.6
2019,Finland,FIN,2.86083E+11,23458,,1.9,,
2019,France,FRA,3.40316E+12,407915,50,3.4,,
2019,French Polynesia,PYF,,,,,,
2019,Gabon,GAB,33848179857,454,440,31.2,121059997.6,121059997.6
2019,"Gambia, The",GMB,5448452439,4302,17813,35.8,196050003.1,196050003.1
2019,Georgia,GEO,58127404100,1355,7519,8.6,507829986.6,507829986.6
2019,Germany,DEU,4.76933E+12,1146682,69,3.2,,
2019,Ghana,GHA,1.75663E+11,11946,18432,34.5,934520019.5,934520019.5
2019,Gibraltar,GIB,,,,,,
2019,Greece,GRC,3.34041E+11,80454,95,3.5,,
2019,Greenland,GRL,,,,,,
2019,Grenada,GRD,1969340879,,80,14.6,15090000.15,15090000.15
2019,Guam,GUM,,,,,,
2019,Guatemala,GTM,1.50114E+11,408,22770,20.8,396510009.8,396510009.8
2019,Guinea,GIN,34165174082,4964,26857,66.8,577650024.4,577650024.4
2019,Guinea-Bissau,GNB,3883204851,1846,2093,52.9,116339996.3,116339996.3
2019,Guyana,GUY,10674712073,14,284,24.6,108589996.3,108589996.3
2019,Haiti,HTI,36207720070,,26734,48,711059997.6,711059997.6
2019,Honduras,HND,58276502495,75,26351,15.2,462519989,462519989
2019,"Hong Kong SAR, China",HKG,4.66386E+11,128,5,,,
2019,Hungary,HUN,3.38527E+11,5750,4007,3.4,,
2019,Iceland,ISL,21492456562,894,5,2.1,,
2019,India,IND,9.54039E+12,195103,11787,28.3,2635750000,2635750000
2019,Indonesia,IDN,3.33223E+12,10287,12039,20.1,-729460022,-729460022
2019,"Iran, Islamic Rep.",IRN,1.27091E+12,979435,128998,11.6,210500000,210500000
2019,Iraq,IRQ,4.46231E+11,273986,336274,22.1,2139030029,2139030029
2019,Ireland,IRL,4.4269E+11,7795,,2.9,,
2019,Isle of Man,IMN,,,,,,
2019,Israel,ISR,3.70644E+11,16107,452,2.8,,
2019,Italy,ITA,2.73558E+12,207602,76,2.6,,
2019,Jamaica,JAM,30047836362,,2529,11.4,129309997.6,129309997.6
2019,Japan,JPN,5.3529E+12,1463,39,1.8,,
2019,Jordan,JOR,1.06335E+11,2966079,2308,13.4,2752310059,2752310059
2019,Kazakhstan,KAZ,5.0856E+11,518,2757,9.1,52599998.47,52599998.47
2019,Kenya,KEN,2.44381E+11,438899,7705,29.7,3255699951,3255699951
2019,Kiribati,KIR,254297805.7,,,40.4,57439998.63,57439998.63
2019,"Korea, Dem. People's Rep.",PRK,,,758,13.1,128720001.2,128720001.2
2019,"Korea, Rep.",KOR,2.24713E+12,3196,180,2.7,,
2019,Kosovo,XKX,21106061681,,,10.1,355279998.8,355279998.8
2019,Kuwait,KWT,2.19042E+11,686,1300,7.6,,
2019,Kyrgyz Republic,KGZ,35388886459,347,2963,16.3,440850006.1,440850006.1
2019,Lao PDR,LAO,58941065129,,6757,36.6,636840026.9,636840026.9
2019,Latvia,LVA,63017938721,665,144,3.4,,
2019,Lebanon,LBN,1.03576E+11,1392174,5647,7.4,1268750000,1268750000
2019,Lesotho,LSO,5688941075,143,6,60,143270004.3,143270004.3
2019,Liberia,LBR,7564542593,8225,5365,59.6,595200012.2,595200012.2
2019,Libya,LBY,1.54316E+11,4730,16033,9.9,302829986.6,302829986.6
2019,Liechtenstein,LIE,,125,,,,
2019,Lithuania,LTU,1.11647E+11,1822,61,3.1,,
2019,Luxembourg,LUX,74116009777,2548,5,2.3,,
2019,"Macao SAR, China",MAC,84968259124,,,,,
2019,Madagascar,MDG,45504378038,113,298,45.3,750650024.4,750650024.4
2019,Malawi,MWI,29849461524,14087,514,33,1192260010,1192260010
2019,Malaysia,MYS,9.46334E+11,129102,906,6.7,-2869999.886,-2869999.886
2019,Maldives,MDV,10820177444,,75,6,73010002.14,73010002.14
2019,Mali,MLI,47575723869,26672,164466,64.4,1863780029,1863780029
2019,Malta,MLT,24810607701,8908,5,5.3,,
2019,Marshall Islands,MHL,263298869.7,,7,26.3,67129997.25,67129997.25
2019,Mauritania,MRT,25159554677,84900,37423,33.8,408130004.9,408130004.9
2019,Mauritius,MUS,31245215965,20,178,14.5,22540000.92,22540000.92
2019,Mexico,MEX,2.52976E+12,28517,14621,12.2,540030029.3,540030029.3
2019,"Micronesia, Fed. Sts.",FSM,411101569.5,,,22.2,94080001.83,94080001.83
2019,Moldova,MDA,35484282417,417,2427,12.7,351480011,351480011
2019,Monaco,MCO,,22,5,1,,
2019,Mongolia,MNG,41977556118,,2364,13.8,317279998.8,317279998.8
2019,Montenegro,MNE,14799558524,653,659,2.3,98790000.92,98790000.92
2019,Morocco,MAR,3.15655E+11,6642,4642,16.7,777789978,777789978
2019,Mozambique,MOZ,40573274066,4713,77,53.6,1884489990,1884489990
2019,Myanmar,MMR,2.67024E+11,,1076826,35.8,2098689941,2098689941
2019,Namibia,NAM,25528518157,3182,459,30.7,148110000.6,148110000.6
2019,Nauru,NRU,133165621.8,755,,24.7,55299999.24,55299999.24
2019,Nepal,NPL,1.17879E+11,19570,8034,24.5,1368989990,1368989990
2019,Netherlands,NLD,1.04431E+12,94417,55,3.5,,
2019,New Caledonia,NCL,,,,,,
2019,New Zealand,NZL,2.28308E+11,1709,34,4.1,,
2019,Nicaragua,NIC,37498126078,322,4376,12.8,397489990.2,397489990.2
2019,Niger,NER,29751524446,179997,3063,60.2,1479810059,1479810059
2019,Nigeria,NGA,1.07582E+12,54157,295578,73.9,3367209961,3367209961
2019,North Macedonia,MKD,37395412558,354,1784,6,143660003.7,143660003.7
2019,Northern Mariana Islands,MNP,,,,,,
2019,Norway,NOR,3.73906E+11,53882,5,1.9,,
2019,Oman,OMN,1.62239E+11,308,42,9.1,,
2019,Pakistan,PAK,1.20049E+12,1419596,136902,55.9,2072129883,2072129883
2019,Palau,PLW,328802803.5,,,16.2,25579999.92,25579999.92
2019,Panama,PAN,1.44663E+11,2536,45,12.8,73110000.61,73110000.61
2019,Papua New Guinea,PNG,39270864335,9698,475,36.4,655190002.4,655190002.4
2019,Paraguay,PRY,92641003353,1014,84,16.6,130619995.1,130619995.1
2019,Peru,PER,4.35759E+11,2850,2765,11.6,470239990.2,470239990.2
2019,Philippines,PHL,1.00471E+12,680,554,21.6,906869995.1,906869995.1
2019,Poland,POL,1.32788E+12,12658,961,3.8,,
2019,Portugal,PRT,3.8367E+11,2375,25,2.8,,
2019,Puerto Rico,PRI,1.1583E+11,,,,,
2019,Qatar,QAT,2.65826E+11,202,36,5.2,,
2019,Romania,ROU,6.40555E+11,3860,1352,5.8,,
2019,Russian Federation,RUS,4.41288E+12,42413,62353,4.7,,
2019,Rwanda,RWA,29309811468,145054,246407,31.2,1200819946,1200819946
2019,Samoa,WSM,1401838127,,,15,126319999.7,126319999.7
2019,San Marino,SMR,2140359819,,,1.6,,
2019,Sao Tome and Principe,STP,897871165.9,,28,13.6,52409999.85,52409999.85
2019,Saudi Arabia,SAU,1.75622E+12,315,1721,6.3,,
2019,Senegal,SEN,57218387891,14467,17208,30.9,1479579956,1479579956
2019,Serbia,SRB,1.34772E+11,26427,31251,4.9,580500000,580500000
2019,Seychelles,SYC,2970587723,,15,12.4,,
2019,Sierra Leone,SLE,13889384279,441,5288,82.8,583909973.1,583909973.1
2019,Singapore,SGP,5.85363E+11,,39,2,,
2019,Sint Maarten (Dutch part),SXM,1629534931,5,,,,
2019,Slovak Republic,SVK,1.82459E+11,965,1343,4.8,,
2019,Slovenia,SVN,87897474627,741,19,1.9,,
2019,Solomon Islands,SLB,1841309714,,34,17.1,225979995.7,225979995.7
2019,Somalia,SOM,18962802766,17882,901596,74.9,1761949951,1761949951
2019,South Africa,ZAF,8.38759E+11,78395,441,27.3,989299987.8,989299987.8
2019,South Sudan,SSD,,298309,2234805,63.8,1716829956,1716829956
2019,Spain,ESP,2.03192E+12,57751,51,2.7,,
2019,Sri Lanka,LKA,3.09983E+11,1041,110341,6.2,195800003.1,195800003.1
2019,St. Kitts and Nevis,KNA,1551484462,5,57,13,,
2019,St. Lucia,LCA,2878118047,,843,21.7,33020000.46,33020000.46
2019,St. Martin (French part),MAF,,,,,,
2019,St. Vincent and the Grenadines,VCT,1551276849,,979,13.4,86819999.69,86819999.69
2019,Sudan,SDN,1.86262E+11,1055489,734780,41,1576560059,1576560059
2019,Suriname,SUR,11544779441,44,17,16.3,24149999.62,24149999.62
2019,Sweden,SWE,5.79773E+11,253787,13,2.1,,
2019,Switzerland,CHE,6.23155E+11,110162,5,3.5,,
2019,Syrian Arab Republic,SYR,,578525,6615249,18.8,9687349609,9687349609
2019,Tajikistan,TJK,34798205516,3788,1987,29.4,370230011,370230011
2019,Tanzania,TZA,1.56039E+11,242171,695,35.9,2177330078,2177330078
2019,Thailand,THA,1.33776E+12,97556,173,7.7,-362720001.2,-362720001.2
2019,Timor-Leste,TLS,4988997264,,17,45.7,234119995.1,234119995.1
2019,Togo,TGO,17813768167,11964,8034,45.6,415649993.9,415649993.9
2019,Tonga,TON,694092991,,32,10.1,110220001.2,110220001.2
2019,Trinidad and Tobago,TTO,40096262483,2308,307,15.5,,
2019,Tunisia,TUN,1.39593E+11,1732,2068,14.5,1009619995,1009619995
2019,Turkiye,TUR,2.31315E+12,3579531,83239,8.6,719710022,719710022
2019,Turkmenistan,TKM,96246606627,21,478,36.9,25790000.92,25790000.92
2019,Turks and Caicos Islands,TCA,1164598078,5,14,4,,
2019,Tuvalu,TUV,55181572.12,,,19.3,37099998.47,37099998.47
2019,Uganda,UGA,1.00735E+11,1359458,7301,33.2,2081370117,2081370117
2019,Ukraine,UKR,5.60988E+11,2166,59844,7.3,1154660034,1154660034
2019,United Arab Emirates,ARE,6.89276E+11,1242,155,5.8,,
2019,United Kingdom,GBR,3.29428E+12,133083,69,3.8,,
2019,United States,USA,2.1381E+13,341715,297,5.5,,
2019,Uruguay,URY,84173427528,498,15,5.8,,
2019,Uzbekistan,UZB,2.59165E+11,13,3217,13.8,1185239990,1185239990
2019,Vanuatu,VUT,974282582.2,,,20.9,132729995.7,132729995.7
2019,"Venezuela, RB",VEN,,67749,93239,21.1,266959991.5,266959991.5
2019,Viet Nam,VNM,1.02355E+12,,316441,16.8,1115680054,1115680054
2019,Virgin Islands (U.S.),VIR,,,,,,
2019,West Bank and Gaza,PSE,30502866826,2319073,96253,13.7,2354060059,2354060059
2019,"Yemen, Rep.",YEM,,268503,36522,46.5,3864260010,3864260010
2019,Zambia,ZMB,64614446590,57518,259,42.4,971859985.4,971859985.4
2019,Zimbabwe,ZWE,35267161204,8956,10045,37.1,868059997.6,868059997.6
2019,Africa Eastern and Southern,AFE,2.52098E+12,5087755,5936536,44.08134954,30678849829,30678849829
2019,Africa Western and Central,AFW,1.93855E+12,1315229,1354330,63.55601141,18802380081,18802380081
2019,Arab World,ARB,6.6075E+12,9349348,8827545,26.8987597,30187009758,30187009758
2019,Caribbean small states,CSS,1.26039E+11,2410,6080,15.37623917,514539993.3,514539993.3
2019,Central Europe and the Baltics,CEB,3.57957E+12,50200,33686,4.092127285,,
2019,Early-demographic dividend,EAR,3.24269E+13,14799055,8922334,28.03563865,54560659460,54560659460
2019,East Asia & Pacific,EAS,4.32412E+13,616494,1643140,11.9,7250459941,7250459941
2019,East Asia & Pacific (excluding high income),EAP,3.16374E+13,550714,1642823,12.41994632,7250459941,7250459941
2019,East Asia & Pacific (IDA & IBRD countries),TEA,3.15978E+13,551469,1642065,12.41109012,6304269937,6304269937
2019,Euro area,EMU,1.72366E+13,2254353,2324,3.10541861,,
2019,Europe & Central Asia,ECS,3.4599E+13,6565787,352345,7,7484080070,7484080070
2019,Europe & Central Asia (excluding high income),ECA,9.17613E+12,3705616,318640,10.29305908,7484080070,7484080070
2019,Europe & Central Asia (IDA & IBRD countries),TEC,1.1273E+13,3723050,344746,9.702916909,7251920067,7251920067
2019,European Union,EUU,2.12476E+13,2591349,34187,3.311755131,,
2019,Fragile and conflict affected situations,FCS,4.61991E+12,8880008,17931572,53.89779342,57007889656,57007889656
2019,Heavily indebted poor countries (HIPC),HPC,2.17696E+12,5566124,7518215,48.11939055,43388760288,43388760288
2019,High income,HIC,6.47683E+13,3404945,40783,4.3,156670000.1,156670000.1
2019,IBRD only,IBD,6.76422E+13,10804607,1804526,18.39000034,25364910138,25364910138
2019,IDA & IBRD total,IBT,7.46251E+13,20345843,19916299,31.48854101,1.07696E+11,1.07696E+11
2019,IDA blend,IDB,3.00648E+12,2363258,535476,58.21716321,13635449772,13635449772
2019,IDA only,IDX,4.00536E+12,7177978,17576297,44.42363523,68695769989,68695769989
2019,IDA total,IDA,6.99617E+12,9541236,18111773,49.09597966,82331219761,82331219761
2019,Late-demographic dividend,LTE,4.23509E+13,2109826,1008730,8.171449266,8312819999,8312819999
2019,Latin America & Caribbean,LCN,1.07548E+13,257918,439724,14.4,8821139946,8821139946
2019,Latin America & Caribbean (excluding high income),LAC,9.31103E+12,182666,344375,14.24763663,8516919954,8516919954
2019,Latin America & the Caribbean (IDA & IBRD countries),TLA,1.04392E+13,257589,432300,14.49612405,6888979965,6888979965
2019,Least developed countries: UN classification,LDC,3.3713E+12,6605693,10765042,45.81030368,54378680332,54378680332
2019,Low & middle income,LMY,7.1339E+13,22571804,19899264,31.63735148,1.65865E+11,1.65865E+11
2019,Low income,LIC,1.30364E+12,5859036,16126674,49.6,47903999771,47903999771
2019,Lower middle income,LMC,2.19434E+13,9610771,2558413,35.1,47774670132,47774670132
2019,Middle East & North Africa,MEA,8.03877E+12,9195527,7282543,18.8,27682929733,27682929733
2019,Middle East & North Africa (excluding high income),MNA,4.49877E+12,9167508,7278275,20.38585877,27682929733,27682929733
2019,Middle East & North Africa (IDA & IBRD countries),TMN,4.46873E+12,6848435,7182022,20.49738793,24221039688,24221039688
2019,Middle income,MIC,7.00752E+13,16712768,3772590,27.62669867,63635968750,63635968750
2019,North America,NAC,2.32602E+13,443472,368,5.4,,
2019,Not classified,INX,,,,,,
2019,OECD members,OED,6.35631E+13,6984345,297454,5.90066881,2199640030,2199640030
2019,Other small states,OSS,7.4878E+11,55189,33126,35.19941876,2097279995,2097279995
2019,Pacific island small states,PSS,19034884501,767,664,20.38151673,1062689985,1062689985
2019,Post-demographic dividend,PST,5.72387E+13,3368753,117687,4.097494511,2336510031,2336510031
2019,Pre-demographic dividend,PRE,3.49891E+12,5765871,9984333,54.70098011,44790060467,44790060467
2019,Small states,SST,8.93854E+11,58366,39870,31.77856929,3674509974,3674509974
2019,South Asia,SAS,1.22142E+13,2562316,3024300,33.4,15372930244,15372930244
2019,South Asia (IDA & IBRD),TSA,1.22142E+13,2562316,3024300,33.43056928,15270480247,15270480247
2019,Sub-Saharan Africa,SSF,4.45902E+12,6402984,7290866,52.3,54528619926,54528619926
2019,Sub-Saharan Africa (excluding high income),SSA,4.45605E+12,6402984,7290851,52.32820387,54464109924,54464109924
2019,Sub-Saharan Africa (IDA & IBRD countries),TSS,4.45902E+12,6402984,7290866,52.32649239,47759439995,47759439995
2019,Upper middle income,UMC,4.81046E+13,7101997,1214177,9.9,14543350055,14543350055
2019,World,WLD,1.36491E+14,26044498,26044498,29.2,1.66354E+11,1.66354E+11
2020,Afghanistan,AFG,81007485783,72278,2594827,44.8,4208490234,4208490234
2020,Albania,ALB,39911617919,105,15523,8.4,309440002.4,309440002.4
2020,Algeria,DZA,4.97618E+11,97651,4571,19.6,209619995.1,209619995.1
2020,American Samoa,ASM,,,,,,
2020,Andorra,AND,,,,2.7,,
2020,Angola,AGO,2.12854E+11,25791,8196,48.7,111069999.7,111069999.7
2020,Antigua and Barbuda,ATG,1838446865,,108,5.3,25829999.92,25829999.92
2020,Argentina,ARG,9.43286E+11,3965,99,6.8,101699996.9,101699996.9
2020,Armenia,ARM,39575657457,107910,10334,10,134309997.6,134309997.6
2020,Aruba,ABW,3731795744,,,,,
2020,Australia,AUS,1.36144E+12,57411,20,3.2,,
2020,Austria,AUT,5.10568E+11,141816,18,3,,
2020,Azerbaijan,AZE,1.46306E+11,1572,101468,17.4,122739997.9,122739997.9
2020,"Bahamas, The",BHS,11065957894,15,534,11.5,,
2020,Bahrain,BHR,74882206091,256,534,6,,
2020,Bangladesh,BGD,9.88548E+11,866534,18948,24.1,5373870117,5373870117
2020,Barbados,BRB,4092248616,,230,11.4,,
2020,Belarus,BLR,1.90575E+11,2900,3139,2.2,825799987.8,825799987.8
2020,Belgium,BEL,6.29661E+11,64973,28,3.4,,
2020,Belize,BLZ,3212523684,29,68,10.1,69300003.05,69300003.05
2020,Benin,BEN,42543770289,1396,606,56.6,1049180054,1049180054
2020,Bermuda,BMU,5135811697,,,,,
2020,Bhutan,BTN,8604041278,,6741,23.1,202440002.4,202440002.4
2020,Bolivia,BOL,96803643569,1116,535,20.9,338540008.5,338540008.5
2020,Bosnia and Herzegovina,BIH,52630281867,5232,15578,5,438399993.9,438399993.9
2020,Botswana,BWA,36423571526,617,191,29,78879997.25,78879997.25
2020,Brazil,BRA,3.17665E+12,59092,1548,13.1,612530029.3,612530029.3
2020,British Virgin Islands,VGB,,,,10.3,,
2020,Brunei Darussalam,BRN,28736063987,,,9.6,,
2020,Bulgaria,BGR,1.75403E+11,21113,510,5.4,,
2020,Burkina Faso,BFA,47586772297,20252,15694,53,1730829956,1730829956
2020,Burundi,BDI,9179845666,75461,372951,38.8,481269989,481269989
2020,Cabo Verde,CPV,3832201576,,5,12.2,157720001.2,157720001.2
2020,Cambodia,KHM,74043456567,,11862,22.1,1373239990,1373239990
2020,Cameroon,CMR,1.02542E+11,436396,78481,48.5,1399839966,1399839966
2020,Canada,CAN,1.79494E+12,109214,65,4.5,,
2020,Cayman Islands,CYM,4800172134,38,5,,,
2020,Central African Republic,CAF,4783346548,9083,642161,77.2,832219970.7,832219970.7
2020,Chad,TCD,26175483207,478649,10388,67.6,1037010010,1037010010
2020,Channel Islands,CHI,,,,,,
2020,Chile,CHL,4.81374E+11,2053,659,5.9,,
2020,China,CHN,2.42842E+13,303405,175361,5.5,-572809997.6,-572809997.6
2020,Colombia,COL,7.6921E+11,957,189866,11.4,1868910034,1868910034
2020,Comoros,COM,2743279081,,748,40.4,132039993.3,132039993.3
2020,"Congo, Dem. Rep.",COD,1.02376E+11,490243,840392,64.1,3382090088,3382090088
2020,"Congo, Rep.",COG,20380946304,27097,12590,32.9,215259994.5,215259994.5
2020,Costa Rica,CRI,1.11139E+11,9593,208,6.7,208360000.6,208360000.6
2020,Cote d'Ivoire,CIV,1.44178E+11,2086,37525,57.5,1562030029,1562030029
2020,Croatia,HRV,1.20176E+11,956,23451,4,,
2020,Cuba,CUB,,222,8912,4.1,529099975.6,529099975.6
2020,Curacao,CUW,3208288718,68,35,,,
2020,Cyprus,CYP,36952175802,13997,,2.3,,
2020,Czechia,CZE,4.58158E+11,1919,1112,2.3,,
2020,Denmark,DNK,3.54737E+11,36643,5,3.2,,
2020,Djibouti,DJI,5472769308,21193,2419,47.2,259059997.6,259059997.6
2020,Dominica,DMA,779721992.8,,55,31.7,64239997.86,64239997.86
2020,Dominican Republic,DOM,1.94779E+11,162,550,27.8,374260009.8,374260009.8
2020,Ecuador,ECU,1.92368E+11,104582,1689,11.1,343399993.9,343399993.9
2020,"Egypt, Arab Rep.",EGY,1.36064E+12,272826,26553,16.8,1561359985,1561359985
2020,El Salvador,SLV,55126191900,48,45640,11.1,342100006.1,342100006.1
2020,Equatorial Guinea,GNQ,25504864200,,145,58.8,5949999.809,5949999.809
2020,Eritrea,ERI,,201,524738,29.7,60830001.83,60830001.83
2020,Estonia,EST,52438806078,277,277,1.7,,
2020,Eswatini,SWZ,10336381921,945,198,44.2,104989997.9,104989997.9
2020,Ethiopia,ETH,2.7885E+11,800454,151426,35.4,5304729980,5304729980
2020,Faroe Islands,FRO,,,,,,
2020,Fiji,FJI,10659612721,14,516,23.1,193660003.7,193660003.7
2020,Finland,FIN,2.89224E+11,23428,,1.8,,
2020,France,FRA,3.25253E+12,436055,49,3.4,,
2020,French Polynesia,PYF,,,,,,
2020,Gabon,GAB,33659702984,467,454,29.8,53209999.08,53209999.08
2020,"Gambia, The",GMB,5552197389,4378,10579,34.9,300709991.5,300709991.5
2020,Georgia,GEO,54904968727,1780,7346,8.5,1040859985,1040859985
2020,Germany,DEU,4.69713E+12,1210596,71,3.1,,
2020,Ghana,GHA,1.7887E+11,12406,13844,33.5,2204219971,2204219971
2020,Gibraltar,GIB,,,,,,
2020,Greece,GRC,3.04017E+11,103101,90,3.4,,
2020,Greenland,GRL,,,,,,
2020,Grenada,GRD,1720589060,,70,14.6,69559997.56,69559997.56
2020,Guam,GUM,,,,,,
2020,Guatemala,GTM,1.49348E+11,442,24544,20.2,472809997.6,472809997.6
2020,Guinea,GIN,36313952936,6029,26792,65.4,725630004.9,725630004.9
2020,Guinea-Bissau,GNB,3839464205,1846,1638,51.5,147369995.1,147369995.1
2020,Guyana,GUY,15515890198,23,267,23.9,51979999.54,51979999.54
2020,Haiti,HTI,35467732995,,25649,46.7,886950012.2,886950012.2
2020,Honduras,HND,53744437762,85,34456,14.7,1183010010,1183010010
2020,"Hong Kong SAR, China",HKG,4.4155E+11,245,15,,,
2020,Hungary,HUN,3.33162E+11,5838,4617,3.4,,
2020,Iceland,ISL,19900371634,1460,5,2.1,,
2020,India,IND,9.10132E+12,195373,12398,26.8,1794209961,1794209961
2020,Indonesia,IDN,3.30599E+12,10114,13029,19.5,1209829956,1209829956
2020,"Iran, Islamic Rep.",IRN,1.33037E+12,800025,135018,11.2,235119995.1,235119995.1
2020,Iraq,IRQ,3.97641E+11,270377,333200,21.4,2359449951,2359449951
2020,Ireland,IRL,4.6834E+11,9035,,2.8,,
2020,Isle of Man,IMN,,,,,,
2020,Israel,ISR,3.70625E+11,1843,373,2.8,,
2020,Italy,ITA,2.56445E+12,128033,62,2.4,,
2020,Jamaica,JAM,27426380719,27,2526,11,66739997.86,66739997.86
2020,Japan,JPN,5.26305E+12,1132,40,1.8,,
2020,Jordan,JOR,1.05991E+11,3009472,2486,12.9,3114040039,3114040039
2020,Kazakhstan,KAZ,5.02316E+11,440,2741,9.1,73849998.47,73849998.47
2020,Kenya,KEN,2.46895E+11,452916,7422,29,3989949951,3989949951
2020,Kiribati,KIR,253346287.2,,,39.4,58020000.46,58020000.46
2020,"Korea, Dem. People's Rep.",PRK,,,689,11.6,124089996.3,124089996.3
2020,"Korea, Rep.",KOR,2.31681E+12,3443,146,2.6,,
2020,Kosovo,XKX,20239647480,,,9.6,543989990.2,543989990.2
2020,Kuwait,KWT,2.0225E+11,732,1422,7.5,,
2020,Kyrgyz Republic,KGZ,32839809576,334,2883,15.9,485070007.3,485070007.3
2020,Lao PDR,LAO,60010555485,,6665,35.4,529080017.1,529080017.1
2020,Latvia,LVA,62750211280,637,143,3.3,,
2020,Lebanon,LBN,82473511126,1349925,5495,7.2,1421439941,1421439941
2020,Lesotho,LSO,5439320659,271,6,58.4,170639999.4,170639999.4
2020,Liberia,LBR,7434697364,8213,5195,58.2,652119995.1,652119995.1
2020,Libya,LBY,1.09763E+11,4149,17523,9.5,296010009.8,296010009.8
2020,Liechtenstein,LIE,,129,,,,
2020,Lithuania,LTU,1.12289E+11,1880,58,2.9,,
2020,Luxembourg,LUX,75656715511,5158,5,2.3,,
2020,"Macao SAR, China",MAC,39392373581,,,,,
2020,Madagascar,MDG,42807834150,112,268,45.3,1298459961,1298459961
2020,Malawi,MWI,30480882012,14892,514,32.1,1453859985,1453859985
2020,Malaysia,MYS,9.05625E+11,129902,1058,6.6,-5190000.057,-5190000.057
2020,Maldives,MDV,7290101559,,78,5.5,311160003.7,311160003.7
2020,Mali,MLI,47601100799,47380,164588,63,1565650024,1565650024
2020,Malta,MLT,23151718436,9168,5,5.2,,
2020,Marshall Islands,MHL,261822511.9,,7,25.6,183070007.3,183070007.3
2020,Mauritania,MRT,25248657016,93607,37931,33,644900024.4,644900024.4
2020,Mauritius,MUS,27032433141,20,176,14.9,334989990.2,334989990.2
2020,Mexico,MEX,2.33374E+12,45434,15398,11.8,793729980.5,793729980.5
2020,"Micronesia, Fed. Sts.",FSM,409113728.2,,,21.6,171630004.9,171630004.9
2020,Moldova,MDA,32972328601,405,2206,12.5,523960022,523960022
2020,Monaco,MCO,,22,,1,,
2020,Mongolia,MNG,40587127415,,2277,13.2,701909973.1,701909973.1
2020,Montenegro,MNE,12743498827,166,530,2.1,205009994.5,205009994.5
2020,Morocco,MAR,2.96792E+11,6505,4467,16.1,1828430054,1828430054
2020,Mozambique,MOZ,40610083681,4757,81,52.5,2555729980,2555729980
2020,Myanmar,MMR,2.79093E+11,,1103245,34.7,2869659912,2869659912
2020,Namibia,NAM,23766487535,3578,457,30,180179992.7,180179992.7
2020,Nauru,NRU,140619558.3,1074,5,23.9,28250000,28250000
2020,Nepal,NPL,1.16588E+11,19555,7483,23.6,1758849976,1758849976
2020,Netherlands,NLD,1.0434E+12,95897,51,3.5,,
2020,New Caledonia,NCL,,,,,,
2020,New Zealand,NZL,2.31884E+11,1748,35,4,,
2020,Nicaragua,NIC,37316487217,311,8701,12.1,460209991.5,460209991.5
2020,Niger,NER,31209785577,233293,18853,59.9,1928699951,1928699951
2020,Nigeria,NGA,1.0703E+12,66056,352960,72.3,3375530029,3375530029
2020,North Macedonia,MKD,35906301631,303,1576,5.2,282440002.4,282440002.4
2020,Northern Mariana Islands,MNP,,,,,,
2020,Norway,NOR,3.50366E+11,49653,5,1.8,,
2020,Oman,OMN,1.58802E+11,308,47,8.9,,
2020,Pakistan,PAK,1.20066E+12,1438940,133280,54.4,2591290039,2591290039
2020,Palau,PLW,302757886.7,,,15.7,66239997.86,66239997.86
2020,Panama,PAN,1.20658E+11,2562,70,12.4,144770004.3,144770004.3
2020,Papua New Guinea,PNG,38523225367,10781,510,35.4,1055050049,1055050049
2020,Paraguay,PRY,93080519325,1686,119,16.1,304359985.4,304359985.4
2020,Peru,PER,3.93462E+11,4272,2834,11.3,488529998.8,488529998.8
2020,Philippines,PHL,9.20939E+11,709,469,21,1456239990,1456239990
2020,Poland,POL,1.33843E+12,2771,910,3.7,,
2020,Portugal,PRT,3.59942E+11,2405,27,2.7,,
2020,Puerto Rico,PRI,1.1241E+11,,,,,
2020,Qatar,QAT,2.59491E+11,201,33,4.8,,
2020,Romania,ROU,6.4223E+11,3581,1343,5.5,,
2020,Russian Federation,RUS,4.39549E+12,20260,52742,4.4,,
2020,Rwanda,RWA,28690465310,139491,245781,30.4,1624619995,1624619995
2020,Samoa,WSM,1375986909,,,14.7,166610000.6,166610000.6
2020,San Marino,SMR,2024143671,,,1.6,,
2020,Sao Tome and Principe,STP,937098692.4,,28,12.8,91980003.36,91980003.36
2020,Saudi Arabia,SAU,1.7019E+12,330,2003,6,,
2020,Senegal,SEN,58742971108,14361,13986,30,1611469971,1611469971
2020,Serbia,SRB,1.3493E+11,26085,29976,4.8,488109985.4,488109985.4
2020,Seychelles,SYC,2749066276,,10,12.2,,
2020,Sierra Leone,SLE,13793650053,342,5734,80.5,840700012.2,840700012.2
2020,Singapore,SGP,5.69868E+11,,37,1.8,,
2020,Sint Maarten (Dutch part),SXM,1378417106,,,,,
2020,Slovak Republic,SVK,1.79716E+11,1006,1368,4.7,,
2020,Slovenia,SVN,85929701991,823,17,1.8,,
2020,Solomon Islands,SLB,1802267971,,37,16.6,214259994.5,214259994.5
2020,Somalia,SOM,19688465720,11220,812356,72.9,3041689941,3041689941
2020,South Africa,ZAF,7.95812E+11,76729,474,26.9,1203060059,1203060059
2020,South Sudan,SSD,,314438,2188785,63.8,1821319946,1821319946
2020,Spain,ESP,1.79933E+12,103624,52,2.6,,
2020,Sri Lanka,LKA,2.99506E+11,1008,142664,6,217960006.7,217960006.7
2020,St. Kitts and Nevis,KNA,1343349279,,54,12.6,,
2020,St. Lucia,LCA,2205249988,,726,22.1,98150001.53,98150001.53
2020,St. Martin (French part),MAF,,,,,,
2020,St. Vincent and the Grenadines,VCT,1512754350,,742,13,76120002.75,76120002.75
2020,Sudan,SDN,1.81843E+11,1040288,787823,39.9,2348199951,2348199951
2020,Suriname,SUR,9827060964,19,17,15.8,27190000.53,27190000.53
2020,Sweden,SWE,5.81248E+11,248372,8,2.1,,
2020,Switzerland,CHE,6.11676E+11,115798,5,3.4,,
2020,Syrian Arab Republic,SYR,,584034,6702910,18.8,10038929688,10038929688
2020,Tajikistan,TJK,36803392326,5578,2219,28.5,768030029.3,768030029.3
2020,Tanzania,TZA,1.61224E+11,234645,689,34.9,2276459961,2276459961
2020,Thailand,THA,1.273E+12,96179,174,7.4,197910003.7,197910003.7
2020,Timor-Leste,TLS,6667089234,,11,44.3,249679992.7,249679992.7
2020,Togo,TGO,18402769136,10798,7704,44.5,561130004.9,561130004.9
2020,Tonga,TON,706586205.2,,31,9.8,162889999.4,162889999.4
2020,Trinidad and Tobago,TTO,37500584991,3179,295,15,,
2020,Tunisia,TUN,1.28945E+11,2580,1636,14.3,974929992.7,974929992.7
2020,Turkiye,TUR,2.3326E+12,3652362,93730,8.1,538140014.6,538140014.6
2020,Turkmenistan,TKM,,20,498,36.5,35819999.69,35819999.69
2020,Turks and Caicos Islands,TCA,863812000,8,14,3.9,,
2020,Tuvalu,TUV,53511941.97,,,18.7,42919998.17,42919998.17
2020,Uganda,UGA,1.05061E+11,1421133,7442,32.1,3085770020,3085770020
2020,Ukraine,UKR,5.46981E+11,2249,35156,7.1,2337340088,2337340088
2020,United Arab Emirates,ARE,6.63657E+11,1315,181,5.6,,
2020,United Kingdom,GBR,3.07715E+12,132304,62,3.7,,
2020,United States,USA,2.10605E+13,340846,349,5.4,,
2020,Uruguay,URY,79931262629,664,15,5.4,,
2020,Uzbekistan,UZB,2.67786E+11,13,3112,13.2,1464550049,1464550049
2020,Vanuatu,VUT,937720416.9,,,20.3,154020004.3,154020004.3
2020,"Venezuela, RB",VEN,,68089,171112,21.1,331700012.2,331700012.2
2020,Viet Nam,VNM,1.06661E+12,,316728,16.6,1170770020,1170770020
2020,Virgin Islands (U.S.),VIR,,,,,,
2020,West Bank and Gaza,PSE,27403394250,2348243,100153,13.2,2033420044,2033420044
2020,"Yemen, Rep.",YEM,,166906,32433,45.8,2547580078,2547580078
2020,Zambia,ZMB,63634577868,66070,252,41.1,1015960022,1015960022
2020,Zimbabwe,ZWE,32934576029,9261,8575,36.6,984599975.6,984599975.6
2020,Africa Eastern and Southern,AFE,2.48341E+12,5183533,5959979,43.02777794,,
2020,Africa Western and Central,AFW,1.9485E+12,1474135,1457853,62.16517749,,
2020,Arab World,ARB,6.38838E+12,9282118,8876924,26.31614633,32811099686,32811099686
2020,Caribbean small states,CSS,1.18041E+11,3292,5692,14.74243928,549110000.6,549110000.6
2020,Central Europe and the Baltics,CEB,3.56069E+12,40801,33806,3.955419369,,
2020,Early-demographic dividend,EAR,3.14992E+13,14783928,9194273,27.03250292,63352999918,63352999918
2020,East Asia & Pacific,EAS,4.39208E+13,616157,1632967,11.9,12714009917,12714009917
2020,East Asia & Pacific (excluding high income),EAP,3.23126E+13,551104,1632669,12.55445039,12714009917,12714009917
2020,East Asia & Pacific (IDA & IBRD countries),TEA,3.22722E+13,552178,1631985,12.56848322,11676939917,11676939917
2020,Euro area,EMU,1.65475E+13,2351909,2321,3.028974099,,
2020,Europe & Central Asia,ECS,3.3617E+13,6791014,415106,6.8,10809940141,10809940141
2020,Europe & Central Asia (excluding high income),ECA,9.14686E+12,3848827,381267,9.93530323,10809940141,10809940141
2020,Europe & Central Asia (IDA & IBRD countries),TEC,1.12478E+13,3856135,406971,9.369890026,10617860146,10617860146
2020,European Union,EUU,2.0551E+13,2673102,34277,3.222112817,,
2020,Fragile and conflict affected situations,FCS,4.48918E+12,8943406,18107524,52.72201419,64136479752,64136479752
2020,Heavily indebted poor countries (HIPC),HPC,2.20972E+12,5780392,7514213,46.92066224,54291840054,54291840054
2020,High income,HIC,6.32692E+13,3480063,41445,4.2,198850004.2,198850004.2
2020,IBRD only,IBD,6.72211E+13,10816594,1919460,17.99275037,34609030038,34609030038
2020,IDA & IBRD total,IBT,7.4285E+13,20553702,20170538,31.18454161,1.33139E+11,1.33139E+11
2020,IDA blend,IDB,3.0074E+12,2441474,599055,56.79798498,15985200050,15985200050
2020,IDA only,IDX,4.08801E+12,7295634,17652023,43.36017011,82544539848,82544539848
2020,IDA total,IDA,7.07812E+12,9737108,18251078,47.90343562,98529739899,98529739899
2020,Late-demographic dividend,LTE,4.288E+13,2159821,1081691,8.008548127,13236670043,13236670043
2020,Latin America & Caribbean,LCN,1.02042E+13,308741,538350,14,12180740044,12180740044
2020,Latin America & Caribbean (excluding high income),LAC,8.82911E+12,232042,364952,13.82212228,11721510035,11721510035
2020,Latin America & the Caribbean (IDA & IBRD countries),TLA,9.90655E+12,308390,528620,14.06783971,9804980072,9804980072
2020,Least developed countries: UN classification,LDC,3.4537E+12,6715560,10714645,44.69175221,64458440105,64458440105
2020,Low & middle income,LMY,7.10267E+13,22817215,20081993,31.32686842,1.92704E+11,1.92704E+11
2020,Low income,LIC,1.33085E+12,5950142,16145950,48.5,54715689774,54715689774
2020,Lower middle income,LMC,2.15425E+13,9552096,2659508,34,60189680134,60189680134
2020,Middle East & North Africa,MEA,7.88226E+12,8948039,7373462,18.3,28146759796,28146759796
2020,Middle East & North Africa (excluding high income),MNA,4.45363E+12,8933886,7368864,19.97910228,28146759796,28146759796
2020,Middle East & North Africa (IDA & IBRD countries),TMN,4.42676E+12,6585643,7268711,20.09284446,24845969727,24845969727
2020,Middle income,MIC,6.97405E+13,16867073,3936043,27.32173685,82064656250,82064656250
2020,North America,NAC,2.28605E+13,450060,414,5.4,,
2020,Not classified,INX,,,,,,
2020,OECD members,OED,6.20395E+13,7149538,309934,5.74197945,3409140030,3409140030
2020,Other small states,OSS,7.2017E+11,58840,25268,34.30454062,2986009952,2986009952
2020,Pacific island small states,PSS,16903346137,1088,596,20.1221342,1441570011,1441570011
2020,Post-demographic dividend,PST,5.57828E+13,3464195,94138,4.010326143,4156470045,4156470045
2020,Pre-demographic dividend,PRE,3.45739E+12,5956084,9924245,53.4122889,54058549953,54058549953
2020,Small states,SST,8.55114E+11,63220,31556,31.00163268,4976689963,4976689963
2020,South Asia,SAS,1.18035E+13,2593688,2916419,32.1,16585300339,16585300339
2020,South Asia (IDA & IBRD),TSA,1.18035E+13,2593688,2916419,32.08237356,16458270340,16458270340
2020,Sub-Saharan Africa,SSF,4.43159E+12,6657668,7417832,51.1,66890549785,66890549785
2020,Sub-Saharan Africa (excluding high income),SSA,4.42884E+12,6657668,7417822,51.1342954,66884599785,66884599785
2020,Sub-Saharan Africa (IDA & IBRD countries),TSS,4.43159E+12,6657668,7417832,51.13268457,59734749736,59734749736
2020,Upper middle income,UMC,4.81727E+13,7314977,1276535,9.8,20389460029,20389460029
2020,World,WLD,1.34672E+14,26365367,26365367,28.9,1.93242E+11,1.93242E+11
2021,Afghanistan,AFG,67125058170,66949,2712869,43.4,4400990234,4400990234
2021,Albania,ALB,43672781505,109,19847,8.4,595210022,595210022
2021,Algeria,DZA,5.37654E+11,97890,6003,19.2,202830001.8,202830001.8
2021,American Samoa,ASM,,,,,,
2021,Andorra,AND,,,,2.6,,
2021,Angola,AGO,2.25084E+11,26045,11403,47.2,217990005.5,217990005.5
2021,Antigua and Barbuda,ATG,2046967003,,105,5.2,5260000.229,5260000.229
2021,Argentina,ARG,1.08816E+12,4050,124,6.1,145440002.4,145440002.4
2021,Armenia,ARM,43710870965,34728,12255,9.5,152960006.7,152960006.7
2021,Aruba,ABW,4569092261,,,,,
2021,Australia,AUS,1.43717E+12,55606,16,3.2,,
2021,Austria,AUT,5.37015E+11,152514,23,3,,
2021,Azerbaijan,AZE,1.61466E+11,1676,39478,16.6,1320000.052,1320000.052
2021,"Bahamas, The",BHS,13527087044,10,736,11.4,,
2021,Bahrain,BHR,80335461876,256,416,5.9,,
2021,Bangladesh,BGD,1.10464E+12,918907,22672,22.9,4927220215,4927220215
2021,Barbados,BRB,4268011338,,265,11.1,,
2021,Belarus,BLR,2.03993E+11,2729,4632,2.1,-245210006.7,-245210006.7
2021,Belgium,BEL,6.82137E+11,74063,29,3.4,,
2021,Belize,BLZ,3867806247,86,81,9.6,73050003.05,73050003.05
2021,Benin,BEN,47636141941,1736,730,55.2,799690002.4,799690002.4
2021,Bermuda,BMU,5528291104,,,,,
2021,Bhutan,BTN,9358104561,,6702,22.5,120489997.9,120489997.9
2021,Bolivia,BOL,1.07329E+11,1116,549,20.2,479230011,479230011
2021,Bosnia and Herzegovina,BIH,57914685391,240,18189,4.8,536150024.4,536150024.4
2021,Botswana,BWA,42577866116,688,122,28.3,92680000.31,92680000.31
2021,Brazil,BRA,3.48497E+12,61956,1954,12.9,1071160034,1071160034
2021,British Virgin Islands,VGB,,,,9.9,,
2021,Brunei Darussalam,BRN,29549455549,,,9.6,,
2021,Bulgaria,BGR,1.93355E+11,22830,455,5.3,,
2021,Burkina Faso,BFA,53158908039,25010,20209,51.8,1501150024,1501150024
2021,Burundi,BDI,9889637648,81491,323635,37.6,557530029.3,557530029.3
2021,Cabo Verde,CPV,4277119438,,10,11.7,141899993.9,141899993.9
2021,Cambodia,KHM,79711594961,24,12072,21.3,1320239990,1320239990
2021,Cameroon,CMR,1.1106E+11,457269,125477,47,1067880005,1067880005
2021,Canada,CAN,2.0269E+12,130125,60,4.4,,
2021,Cayman Islands,CYM,5217905004,57,5,,,
2021,Central African Republic,CAF,5043236642,9305,737658,75.4,616090026.9,616090026.9
2021,Chad,TCD,27023277956,555782,11771,66,684869995.1,684869995.1
2021,Channel Islands,CHI,,,,,,
2021,Chile,CHL,5.5238E+11,2065,987,5.6,1269999.981,
2021,China,CHN,2.75189E+13,303436,170222,5.1,-610710022,-610710022
2021,Colombia,COL,8.81191E+11,1504,115792,11.1,1805920044,1805920044
2021,Comoros,COM,2927075608,27,1670,39.3,144600006.1,144600006.1
2021,"Congo, Dem. Rep.",COD,1.13608E+11,524148,908401,62.4,3341090088,3341090088
2021,"Congo, Rep.",COG,20828093685,40765,14253,32,184589996.3,184589996.3
2021,Costa Rica,CRI,1.16704E+11,10224,235,6.2,73400001.53,73400001.53
2021,Cote d'Ivoire,CIV,1.61201E+11,4349,39940,55.9,1474729980,1474729980
2021,Croatia,HRV,1.34686E+11,1020,18083,3.9,,
2021,Cuba,CUB,,199,11534,4,144369995.1,144369995.1
2021,Curacao,CUW,3494318886,,35,,,
2021,Cyprus,CYP,39980315740,16277,5,2.3,,
2021,Czechia,CZE,4.79379E+11,1909,758,2.2,,
2021,Denmark,DNK,3.80008E+11,36023,8,3.1,,
2021,Djibouti,DJI,5993144637,23232,2607,45.9,166990005.5,166990005.5
2021,Dominica,DMA,870902634.9,,54,32,74849998.47,74849998.47
2021,Dominican Republic,DOM,2.28507E+11,162,635,27.3,427459991.5,427459991.5
2021,Ecuador,ECU,2.09524E+11,56603,1825,10.7,283220001.2,283220001.2
2021,"Egypt, Arab Rep.",EGY,1.46855E+12,280686,27498,16.2,7804189941,7804189941
2021,El Salvador,SLV,64041760713,98,52041,10.7,203649993.9,203649993.9
2021,Equatorial Guinea,GNQ,26398793170,,168,57.2,12100000.38,12100000.38
2021,Eritrea,ERI,,121,511911,28.9,39279998.78,39279998.78
2021,Estonia,EST,57864736549,321,271,1.6,,
2021,Eswatini,SWZ,11652232200,895,165,41.5,119410003.7,119410003.7
2021,Ethiopia,ETH,3.07816E+11,821283,149130,34.3,3761830078,3761830078
2021,Faroe Islands,FRO,,,,,,
2021,Fiji,FJI,10569169205,18,414,23.3,563659973.1,563659973.1
2021,Finland,FIN,3.03129E+11,24078,5,1.8,,
2021,France,FRA,3.47987E+12,499914,38,3.4,,
2021,French Polynesia,PYF,,,,,,
2021,Gabon,GAB,35688272917,272,620,29.4,90209999.08,90209999.08
2021,"Gambia, The",GMB,6049114837,4418,11042,34,230979995.7,230979995.7
2021,Georgia,GEO,63375995156,1818,9754,8.4,723700012.2,723700012.2
2021,Germany,DEU,4.89184E+12,1255694,59,3,,
2021,Ghana,GHA,1.96918E+11,11894,14251,32.6,1159239990,1159239990
2021,Gibraltar,GIB,,,,,,
2021,Greece,GRC,3.33015E+11,119650,87,3.3,,
2021,Greenland,GRL,,,,,,
2021,Grenada,GRD,1882167326,,52,14.4,64510002.14,64510002.14
2021,Guam,GUM,,,,,,
2021,Guatemala,GTM,1.68546E+11,479,26927,19.6,484779998.8,484779998.8
2021,Guinea,GIN,39425336466,5741,34403,63.8,556059997.6,556059997.6
2021,Guinea-Bissau,GNB,4164418060,1846,2039,50,157729995.7,157729995.7
2021,Guyana,GUY,19465313857,40,285,23.2,130300003.1,130300003.1
2021,Haiti,HTI,36394774826,,29454,45.4,895080017.1,895080017.1
2021,Honduras,HND,63198094653,144,51687,14.2,585640014.6,585640014.6
2021,"Hong Kong SAR, China",HKG,4.91109E+11,271,96,,,
2021,Hungary,HUN,3.57065E+11,5676,4653,3.3,,
2021,Iceland,ISL,21678936659,1830,5,2.1,,
2021,India,IND,1.03709E+13,212413,14230,25.5,3149969971,3149969971
2021,Indonesia,IDN,3.58244E+12,9982,13962,18.9,519750000,519750000
2021,"Iran, Islamic Rep.",IRN,1.45575E+12,798343,142994,10.9,289339996.3,289339996.3
2021,Iraq,IRQ,4.22085E+11,280072,343899,20.7,1721599976,1721599976
2021,Ireland,IRL,5.36386E+11,9571,5,2.7,,
2021,Isle of Man,IMN,,,,,,
2021,Israel,ISR,4.12651E+11,1191,453,2.7,,
2021,Italy,ITA,2.76072E+12,144862,61,2.2,,
2021,Jamaica,JAM,29976886210,31,2419,10.7,54729999.54,54729999.54
2021,Japan,JPN,5.38343E+12,1508,39,1.7,,
2021,Jordan,JOR,1.13216E+11,3047612,2981,12.6,3269860107,3269860107
2021,Kazakhstan,KAZ,5.47454E+11,352,3198,9.1,46470001.22,46470001.22
2021,Kenya,KEN,2.7757E+11,481048,7529,28,2993800049,2993800049
2021,Kiribati,KIR,285549960.9,,,38.3,65290000.92,65290000.92
2021,"Korea, Dem. People's Rep.",PRK,,,528,10.1,17090000.15,17090000.15
2021,"Korea, Rep.",KOR,2.42556E+12,3559,117,2.5,,
2021,Kosovo,XKX,23421559266,,,9.1,426380004.9,426380004.9
2021,Kuwait,KWT,2.14101E+11,720,1702,7.5,,
2021,Kyrgyz Republic,KGZ,36431673549,317,3035,15.6,447820007.3,447820007.3
2021,Lao PDR,LAO,64292150668,,6778,34.2,539500000,539500000
2021,Latvia,LVA,65991922824,705,122,3.2,,
2021,Lebanon,LBN,80145285973,1328541,6061,7.1,1306989990,1306989990
2021,Lesotho,LSO,5772231854,296,6,57,169050003.1,169050003.1
2021,Liberia,LBR,8156126770,8169,5384,56.7,567429992.7,567429992.7
2021,Libya,LBY,1.50677E+11,3141,19090,9.2,325519989,325519989
2021,Liechtenstein,LIE,,133,5,,,
2021,Lithuania,LTU,1.22668E+11,1880,54,2.7,,
2021,Luxembourg,LUX,84175469605,6011,,2.2,,
2021,"Macao SAR, China",MAC,49092933645,,,,,
2021,Madagascar,MDG,47298494523,165,425,45.3,992080017.1,992080017.1
2021,Malawi,MWI,32726655378,21529,513,31.2,1086390015,1086390015
2021,Malaysia,MYS,9.75574E+11,132086,1182,6.5,7000000,7000000
2021,Maldives,MDV,10797618260,,80,5.1,107980003.4,107980003.4
2021,Mali,MLI,51258080783,49975,183392,61.6,1331109985,1331109985
2021,Malta,MLT,25913720008,9335,7,5.1,,
2021,Marshall Islands,MHL,276635572.8,,7,24.8,102489997.9,102489997.9
2021,Mauritania,MRT,27028188882,101942,39279,32.2,401190002.4,401190002.4
2021,Mauritius,MUS,29207165198,10,198,15.3,302470001.2,302470001.2
2021,Mexico,MEX,2.48068E+12,73448,16403,11.4,536799987.8,536799987.8
2021,"Micronesia, Fed. Sts.",FSM,413865037.6,,,21,125290000.9,125290000.9
2021,Moldova,MDA,39253108108,349,2190,12.2,562250000,562250000
2021,Monaco,MCO,,17,,1,,
2021,Mongolia,MNG,43104786894,,2508,12.7,266160003.7,266160003.7
2021,Montenegro,MNE,14514603354,175,623,1.9,124160003.7,124160003.7
2021,Morocco,MAR,3.34718E+11,7272,5385,15.4,927070007.3,927070007.3
2021,Mozambique,MOZ,43422285949,4797,90,51,2126689941,2126689941
2021,Myanmar,MMR,2.39393E+11,,1177327,33.7,1432030029,1432030029
2021,Namibia,NAM,25709589396,3733,441,29.4,173009994.5,173009994.5
2021,Nauru,NRU,151715751.8,953,5,23.2,30299999.24,30299999.24
2021,Nepal,NPL,1.2772E+11,19574,7029,22.8,1481750000,1481750000
2021,Netherlands,NLD,1.11105E+12,99585,58,3.5,,
2021,New Caledonia,NCL,,,,,,
2021,New Zealand,NZL,2.47616E+11,1794,33,3.9,,
2021,Nicaragua,NIC,43027609329,313,11041,11.4,713349975.6,713349975.6
2021,Niger,NER,33064346640,249945,21901,59.5,1676750000,1676750000
2021,Nigeria,NGA,1.15918E+12,77132,383660,70.6,3177620117,3177620117
2021,North Macedonia,MKD,37882687921,292,1842,4.6,317779998.8,317779998.8
2021,Northern Mariana Islands,MNP,,,,,,
2021,Norway,NOR,4.42762E+11,46042,5,1.8,,
2021,Oman,OMN,1.71067E+11,295,53,8.7,,
2021,Pakistan,PAK,1.33599E+12,1491070,132818,52.8,2550840088,2550840088
2021,Palau,PLW,274178813.6,,,15.1,48650001.53,48650001.53
2021,Panama,PAN,1.46044E+11,2542,118,11.9,91839996.34,91839996.34
2021,Papua New Guinea,PNG,40294247839,11839,507,34.4,1102290039,1102290039
2021,Paraguay,PRY,1.01169E+11,4484,125,15.6,167320007.3,167320007.3
2021,Peru,PER,4.66304E+11,5790,3521,11,284369995.1,284369995.1
2021,Philippines,PHL,1.01731E+12,801,521,20.5,1608579956,1608579956
2021,Poland,POL,1.43948E+12,4875,887,3.7,,
2021,Portugal,PRT,3.78293E+11,2651,26,2.5,,
2021,Puerto Rico,PRI,1.17968E+11,,,,,
2021,Qatar,QAT,2.75463E+11,197,47,4.5,,
2021,Romania,ROU,6.93618E+11,4200,1417,5.3,,
2021,Russian Federation,RUS,4.9657E+12,10901,68547,4.1,,
2021,Rwanda,RWA,33240255267,121896,248219,29.7,1245579956,1245579956
2021,Samoa,WSM,1335944430,,5,14.4,75230003.36,75230003.36
2021,San Marino,SMR,2294085340,,,1.5,,
2021,Sao Tome and Principe,STP,997589217.9,,6,12.1,66449996.95,66449996.95
2021,Saudi Arabia,SAU,1.8481E+12,333,2167,5.7,,
2021,Senegal,SEN,65396364446,14479,15129,29.1,1305609985,1305609985
2021,Serbia,SRB,1.47945E+11,25644,31735,4.7,509160003.7,509160003.7
2021,Seychelles,SYC,3027695222,,14,12,50000.00075,
2021,Sierra Leone,SLE,15004995707,345,6615,78.3,658789978,658789978
2021,Singapore,SGP,6.48363E+11,,34,1.7,,
2021,Sint Maarten (Dutch part),SXM,1545491819,,,,,
2021,Slovak Republic,SVK,1.88086E+11,1046,1426,4.6,,
2021,Slovenia,SVN,92701124138,839,17,1.8,,
2021,Solomon Islands,SLB,1872510500,,38,16.1,241710006.7,241710006.7
2021,Somalia,SOM,21406052197,13804,776678,71.1,2248560059,2248560059
2021,South Africa,ZAF,8.72422E+11,75512,643,26.4,992250000,992250000
2021,South Sudan,SSD,,333673,2362759,63.8,1982569946,1982569946
2021,Spain,ESP,1.92802E+12,122539,55,2.6,,
2021,Sri Lanka,LKA,3.23954E+11,907,151112,5.8,140690002.4,140690002.4
2021,St. Kitts and Nevis,KNA,1391349168,,47,12.3,,
2021,St. Lucia,LCA,2586191210,,457,22.4,94949996.95,94949996.95
2021,St. Martin (French part),MAF,,,,,,
2021,St. Vincent and the Grenadines,VCT,1592633692,,467,12.6,119589996.3,119589996.3
2021,Sudan,SDN,1.86463E+11,1103918,825290,38.9,3560110107,3560110107
2021,Suriname,SUR,9988277565,29,22,15.4,26909999.85,26909999.85
2021,Sweden,SWE,6.2627E+11,240854,9,2,,
2021,Switzerland,CHE,6.61283E+11,118829,,3.4,,
2021,Syrian Arab Republic,SYR,,589542,6848865,18.4,8246910156,8246910156
2021,Tajikistan,TJK,42071840153,10724,2412,27.6,519619995.1,519619995.1
2021,Tanzania,TZA,1.75747E+11,207101,752,34.1,2423850098,2423850098
2021,Thailand,THA,1.35004E+12,100510,181,7.1,118699996.9,118699996.9
2021,Timor-Leste,TLS,7335262777,,11,43.1,232770004.3,232770004.3
2021,Togo,TGO,20381720699,10683,7985,43.4,320350006.1,320350006.1
2021,Tonga,TON,718636612.9,,28,9.6,104819999.7,104819999.7
2021,Trinidad and Tobago,TTO,38783154410,3571,285,14.6,,
2021,Tunisia,TUN,1.40674E+11,3186,2201,14,1032579956,1032579956
2021,Turkiye,TUR,2.58159E+12,3759817,105019,7.7,991289978,991289978
2021,Turkmenistan,TKM,,16,563,35.8,26239999.77,26239999.77
2021,Turks and Caicos Islands,TCA,983627101.7,7,14,3.8,,
2021,Tuvalu,TUV,56924884.07,,,18.1,33139999.39,33139999.39
2021,Uganda,UGA,1.13663E+11,1529903,7887,31.2,2380310059,2380310059
2021,Ukraine,UKR,5.9125E+11,2382,27562,7,2086530029,2086530029
2021,United Arab Emirates,ARE,7.20632E+11,1355,160,5.4,,
2021,United Kingdom,GBR,3.35509E+12,137078,101,3.7,,
2021,United States,USA,2.33151E+13,339179,426,5.4,,
2021,Uruguay,URY,87929517226,877,45,5,740000.0095,
2021,Uzbekistan,UZB,3.00533E+11,13032,3014,12.6,1109339966,1109339966
2021,Vanuatu,VUT,986206079.7,,,19.7,149759994.5,149759994.5
2021,"Venezuela, RB",VEN,,39328,199202,21.1,257359985.4,257359985.4
2021,Viet Nam,VNM,1.14309E+12,,317737,16.4,467489990.2,467489990.2
2021,Virgin Islands (U.S.),VIR,,,,,,
2021,West Bank and Gaza,PSE,30642422920,2400208,103581,12.8,2023760010,2023760010
2021,"Yemen, Rep.",YEM,,89467,37615,46.7,3657649902,3657649902
2021,Zambia,ZMB,69551408629,75154,255,40.2,1015359985,1015359985
2021,Zimbabwe,ZWE,37328463295,9483,8115,35.7,922640014.6,922640014.6
2021,Africa Eastern and Southern,AFE,2.71209E+12,5436720,6146257,42.00421073,,
2021,Africa Western and Central,AFW,2.11834E+12,1631057,1675916,60.74963322,,
2021,Arab World,ARB,6.92417E+12,9373696,9053248,25.97937194,37040410217,37040410217
2021,Caribbean small states,CSS,1.30247E+11,3767,5275,14.37108947,644149999.6,644149999.6
2021,Central Europe and the Baltics,CEB,3.82489E+12,45301,28143,3.872050497,,
2021,Early-demographic dividend,EAR,3.49485E+13,15014724,9515576,26.13546362,62844090361,62844090361
2021,East Asia & Pacific,EAS,4.83431E+13,622387,1704368,11.8,9819090023,9819090023
2021,East Asia & Pacific (excluding high income),EAP,3.61236E+13,558696,1704028,12.4730192,9819090023,9819090023
2021,East Asia & Pacific (IDA & IBRD countries),TEA,3.60784E+13,559649,1703505,12.50976541,8544139965,8544139965
2021,Euro area,EMU,1.76189E+13,2541535,2348,2.960670813,,
2021,Europe & Central Asia,ECS,3.64474E+13,7018817,382622,6.5,9199500044,9199500044
2021,Europe & Central Asia (excluding high income),ECA,1.02025E+13,3888131,354350,9.572262368,9199500044,9199500044
2021,Europe & Central Asia (IDA & IBRD countries),TEC,1.24698E+13,3898226,374737,9.036614194,8931170046,8931170046
2021,European Union,EUU,2.19227E+13,2858922,28618,3.145679818,,
2021,Fragile and conflict affected situations,FCS,4.77031E+12,9171243,18874133,51.57559111,57701180786,57701180786
2021,Heavily indebted poor countries (HIPC),HPC,2.39519E+12,6127552,7852205,45.80292036,46888540649,46888540649
2021,High income,HIC,6.85585E+13,3686532,37044,4.1,127399995.8,127399995.8
2021,IBRD only,IBD,7.50761E+13,10856675,1880152,17.54504786,37528649995,37526589995
2021,IDA & IBRD total,IBT,8.27621E+13,21053396,20910065,30.70507426,1.23531E+11,1.23529E+11
2021,IDA blend,IDB,3.31189E+12,2581656,676838,55.42598002,14401230240,14401230240
2021,IDA only,IDX,4.40541E+12,7615065,18353075,42.3855176,71600770897,71600770897
2021,IDA total,IDA,7.70017E+12,10196721,19029913,46.77433444,86002001137,86002001137
2021,Late-demographic dividend,LTE,4.79612E+13,2073997,980009,7.806131656,11372130031,11370070031
2021,Latin America & Caribbean,LCN,1.13015E+13,269213,529528,13.6,11213789995,11213789995
2021,Latin America & Caribbean (excluding high income),LAC,9.75278E+12,220716,327399,13.44551869,10805730007,10805730007
2021,Latin America & the Caribbean (IDA & IBRD countries),TLA,1.09773E+13,268940,516939,13.69241463,9152180057,9150170057
2021,Least developed countries: UN classification,LDC,3.68648E+12,7022880,11241741,43.6749059,57681970779,57681970779
2021,Low & middle income,LMY,7.91797E+13,23394332,20804228,30.83932269,1.89745E+11,1.89745E+11
2021,Low income,LIC,1.41705E+12,6218164,16722811,47.4,48961330570,48961330570
2021,Lower middle income,LMC,2.39085E+13,9785681,2873584,33,58081300461,58081300461
2021,Middle East & North Africa,MEA,8.58025E+12,8962874,7553785,18.1,32078420013,32078420013
2021,Middle East & North Africa (excluding high income),MNA,4.86074E+12,8949192,7548780,19.68118639,32078420013,32078420013
2021,Middle East & North Africa (IDA & IBRD countries),TMN,4.83065E+12,6548984,7445199,19.79771473,28951530029,28951530029
2021,Middle income,MIC,7.78024E+13,17176168,4081417,26.83463663,78008164063,78008164063
2021,North America,NAC,2.53475E+13,469304,486,5.3,,
2021,Not classified,INX,,,,,,
2021,OECD members,OED,6.71769E+13,7489059,248342,5.569065507,3408680011,3407410011
2021,Other small states,OSS,7.79528E+11,63808,27275,33.67703218,2453030005,2452980005
2021,Pacific island small states,PSS,16941336848,971,497,19.7667458,1540339977,1540339977
2021,Post-demographic dividend,PST,6.03501E+13,3661468,87699,3.974192846,2527100042,2527100042
2021,Pre-demographic dividend,PRE,3.71945E+12,6368836,10457012,52.14149307,48190290705,48190290705
2021,Small states,SST,9.26716E+11,68546,33047,30.40728455,4637519982,4637469982
2021,South Asia,SAS,1.33505E+13,2709820,3047512,30.8,17038410507,17038410507
2021,South Asia (IDA & IBRD),TSA,1.33505E+13,2709820,3047512,30.77846096,16879930511,16879930511
2021,Sub-Saharan Africa,SSF,4.83003E+12,7067777,7822173,49.9,58814490366,58814490366
2021,Sub-Saharan Africa (excluding high income),SSA,4.827E+12,7067777,7822159,49.946162,58802390366,58802390366
2021,Sub-Saharan Africa (IDA & IBRD countries),TSS,4.83003E+12,7067777,7822173,49.94463954,51071700522,51071650522
2021,Upper middle income,UMC,5.38664E+13,7390487,1207833,9.6,18286420124,18286420124
2021,World,WLD,1.48146E+14,27120192,27120192,28.4,1.90068E+11,1.90068E+11
2022,Afghanistan,AFG,,52159,5661675,,,
2022,Albania,ALB,51492775019,2676,20847,,,
2022,Algeria,DZA,5.93153E+11,99107,7703,,,
2022,American Samoa,ASM,,,,,,
2022,Andorra,AND,,,5,,,
2022,Angola,AGO,2.48187E+11,25514,11751,,,
2022,Antigua and Barbuda,ATG,2375639620,,58,,,
2022,Argentina,ARG,1.22544E+12,4094,178,,,
2022,Armenia,ARM,52666328102,34634,14844,,,
2022,Aruba,ABW,,,,,,
2022,Australia,AUS,1.62694E+12,54430,31,,,
2022,Austria,AUT,6.14312E+11,258613,41,,,
2022,Azerbaijan,AZE,1.80754E+11,6414,42013,,,
2022,"Bahamas, The",BHS,16554560159,10,781,,,
2022,Bahrain,BHR,90141730810,255,302,,,
2022,Bangladesh,BGD,1.26594E+12,952384,23927,,,
2022,Barbados,BRB,5023651139,,231,,,
2022,Belarus,BLR,2.0803E+11,19715,11568,,,
2022,Belgium,BEL,7.58833E+11,151408,28,,,
2022,Belize,BLZ,4640735994,145,65,,,
2022,Benin,BEN,54160663044,1779,816,,,
2022,Bermuda,BMU,6088718344,,,,,
2022,Bhutan,BTN,,,6697,,,
2022,Bolivia,BOL,1.18374E+11,1116,576,,,
2022,Bosnia and Herzegovina,BIH,65889210709,274,17913,,,
2022,Botswana,BWA,48195033820,733,81,,,
2022,Brazil,BRA,3.83726E+12,67522,2744,,,
2022,British Virgin Islands,VGB,,,,,,
2022,Brunei Darussalam,BRN,31104606429,,,,,
2022,Bulgaria,BGR,2.17113E+11,176297,790,,,
2022,Burkina Faso,BFA,57724304187,34375,33318,,,
2022,Burundi,BDI,10778103221,84636,320536,,,
2022,Cabo Verde,CPV,5387476065,,20,,,
2022,Cambodia,KHM,89698963681,24,11689,,,
2022,Cameroon,CMR,1.23049E+11,473887,147359,,,
2022,Canada,CAN,2.27349E+12,140621,186,,,
2022,Cayman Islands,CYM,,47,5,,,
2022,Central African Republic,CAF,5396529265,11213,748327,,,
2022,Chad,TCD,29562896371,592764,12810,,,
2022,Channel Islands,CHI,,,,,,
2022,Chile,CHL,5.92205E+11,2133,1335,,,
2022,China,CHN,3.03273E+13,320,161234,,,
2022,Colombia,COL,1.05239E+12,1607,109135,,,
2022,Comoros,COM,3206910402,12,1900,,,
2022,"Congo, Dem. Rep.",COD,1.32415E+11,520544,931903,,,
2022,"Congo, Rep.",COG,22632153764,41557,13286,,,
2022,Costa Rica,CRI,1.2912E+11,14088,275,,,
2022,Cote d'Ivoire,CIV,1.84122E+11,5636,25103,,,
2022,Croatia,HRV,1.55623E+11,20638,17573,,,
2022,Cuba,CUB,,174,13529,,,
2022,Curacao,CUW,,,35,,,
2022,Cyprus,CYP,45390902377,29280,,,,
2022,Czechia,CZE,5.2573E+11,435212,599,,,
2022,Denmark,DNK,4.36857E+11,67772,,,,
2022,Djibouti,DJI,6605370361,20383,1706,,,
2022,Dominica,DMA,987257335.5,,57,,,
2022,Dominican Republic,DOM,2.56394E+11,546,724,,,
2022,Ecuador,ECU,2.30811E+11,60125,3200,,,
2022,"Egypt, Arab Rep.",EGY,1.67495E+12,294632,24327,,,
2022,El Salvador,SLV,70309956558,104,58637,,,
2022,Equatorial Guinea,GNQ,29136729667,,200,,,
2022,Eritrea,ERI,,119,508291,,,
2022,Estonia,EST,62797115058,40806,40,,,
2022,Eswatini,SWZ,12956587840,1173,127,,,
2022,Ethiopia,ETH,3.46893E+11,879598,149245,,,
2022,Faroe Islands,FRO,,,,,,
2022,Fiji,FJI,13133219725,5,336,,,
2022,Finland,FIN,3.28004E+11,69553,,,,
2022,France,FRA,3.76992E+12,612934,65,,,
2022,French Polynesia,PYF,,,,,,
2022,Gabon,GAB,39348092301,205,770,,,
2022,"Gambia, The",GMB,6791578580,3685,10661,,,
2022,Georgia,GEO,74670953218,27839,13353,,,
2022,Germany,DEU,5.30961E+12,2075445,157,,,
2022,Ghana,GHA,2.17539E+11,8531,14933,,,
2022,Gibraltar,GIB,,,,,,
2022,Greece,GRC,3.89217E+11,160761,125,,,
2022,Greenland,GRL,,,,,,
2022,Grenada,GRD,2130831415,,51,,,
2022,Guam,GUM,,,,,,
2022,Guatemala,GTM,1.87781E+11,701,30278,,,
2022,Guinea,GIN,44169987851,2199,35303,,,
2022,Guinea-Bissau,GNB,4612114376,24,2030,,,
2022,Guyana,GUY,32868070112,12,248,,,
2022,Haiti,HTI,38289291716,,30304,,,
2022,Honduras,HND,70328920699,165,64976,,,
2022,"Hong Kong SAR, China",HKG,5.07244E+11,285,177,,,
2022,Hungary,HUN,4.05803E+11,35370,1953,,,
2022,Iceland,ISL,26382133831,5240,,,,
2022,India,IND,1.18746E+13,242835,20832,,,
2022,Indonesia,IDN,4.0369E+12,9785,11740,,,
2022,"Iran, Islamic Rep.",IRN,1.60056E+12,3425091,122224,,,
2022,Iraq,IRQ,4.83309E+11,273716,288261,,,
2022,Ireland,IRL,6.45565E+11,81256,13,,,
2022,Isle of Man,IMN,,,,,,
2022,Israel,ISR,4.72842E+11,1207,900,,,
2022,Italy,ITA,3.05261E+12,296181,151,,,
2022,Jamaica,JAM,33424077379,31,1868,,,
2022,Japan,JPN,5.70229E+12,17406,64,,,
2022,Jordan,JOR,1.2418E+11,3062851,3406,,,
2022,Kazakhstan,KAZ,6.04551E+11,308,3660,,,
2022,Kenya,KEN,3.1141E+11,504473,7605,,,
2022,Kiribati,KIR,310327796.3,,,,,
2022,"Korea, Dem. People's Rep.",PRK,,,260,,,
2022,"Korea, Rep.",KOR,2.58501E+12,3825,127,,,
2022,Kosovo,XKX,25942418639,,,,,
2022,Kuwait,KWT,2.47835E+11,684,1979,,,
2022,Kyrgyz Republic,KGZ,41721337404,274,3287,,,
2022,Lao PDR,LAO,70658593947,,6591,,,
2022,Latvia,LVA,75252650064,39055,102,,,
2022,Lebanon,LBN,,1306143,6675,,,
2022,Lesotho,LSO,6213152950,251,12,,,
2022,Liberia,LBR,9147113351,620,5085,,,
2022,Libya,LBY,1.59238E+11,2208,17854,,,
2022,Liechtenstein,LIE,,524,5,,,
2022,Lithuania,LTU,1.37108E+11,67638,77,,,
2022,Luxembourg,LUX,92549077117,11952,5,,,
2022,"Macao SAR, China",MAC,38473710633,,10,,,
2022,Madagascar,MDG,52533215226,119,494,,,
2022,Malawi,MWI,35342628210,35162,499,,,
2022,Malaysia,MYS,1.13468E+12,134554,1355,,,
2022,Maldives,MDV,12975106444,,82,,,
2022,Mali,MLI,56871393229,60637,226720,,,
2022,Malta,MLT,29273592375,11098,,,,
2022,Marshall Islands,MHL,300454868.1,,,,,
2022,Mauritania,MRT,30425510565,100981,36916,,,
2022,Mauritius,MUS,33969341093,,208,,,
2022,Mexico,MEX,2.7429E+12,95579,17642,,,
2022,"Micronesia, Fed. Sts.",FSM,440113590.9,,,,,
2022,Moldova,MDA,39504548757,105374,4788,,,
2022,Monaco,MCO,,17,,,,
2022,Mongolia,MNG,48359541883,10,2404,,,
2022,Montenegro,MNE,16626476909,32438,606,,,
2022,Morocco,MAR,3.62034E+11,7907,10471,,,
2022,Mozambique,MOZ,48391661733,4992,104,,,
2022,Myanmar,MMR,2.63854E+11,,1253111,,,
2022,Namibia,NAM,28765181984,4685,312,,,
2022,Nauru,NRU,166178752.6,45,5,,,
2022,Nepal,NPL,1.44339E+11,19560,7334,,,
2022,Netherlands,NLD,1.23174E+12,218457,56,,,
2022,New Caledonia,NCL,,,,,,
2022,New Zealand,NZL,2.66283E+11,1791,48,,,
2022,Nicaragua,NIC,47768887517,312,16145,,,
2022,Niger,NER,39449365424,255307,21947,,,
2022,Nigeria,NGA,1.28072E+12,91275,391074,,,
2022,North Macedonia,MKD,41486411450,635,1854,,,
2022,Northern Mariana Islands,MNP,,,,,,
2022,Norway,NOR,6.27017E+11,75311,5,,,
2022,Oman,OMN,1.90943E+11,295,54,,,
2022,Pakistan,PAK,1.51804E+12,1743785,111805,,,
2022,Palau,PLW,,,5,,,
2022,Panama,PAN,1.73168E+11,2576,159,,,
2022,Papua New Guinea,PNG,45100351587,10524,610,,,
2022,Paraguay,PRY,1.08338E+11,5420,164,,,
2022,Peru,PER,5.12362E+11,6543,3949,,,
2022,Philippines,PHL,1.17098E+12,856,575,,,
2022,Poland,POL,1.62524E+12,971129,966,,,
2022,Portugal,PRT,4.30227E+11,59777,50,,,
2022,Puerto Rico,PRI,1.30475E+11,,,,,
2022,Qatar,QAT,3.0899E+11,197,40,,,
2022,Romania,ROU,7.94055E+11,105621,3939,,,
2022,Russian Federation,RUS,5.32685E+12,1277672,79920,,,
2022,Rwanda,RWA,38470349419,120753,249685,,,
2022,Samoa,WSM,1343444501,,8,,,
2022,San Marino,SMR,,,,,,
2022,Sao Tome and Principe,STP,1077370034,,11,,,
2022,Saudi Arabia,SAU,2.15049E+12,454,1936,,,
2022,Senegal,SEN,72884327398,11802,13087,,,
2022,Serbia,SRB,1.61642E+11,26521,30599,,,
2022,Seychelles,SYC,3524895459,,9,,,
2022,Sierra Leone,SLE,16618220888,,6827,,,
2022,Singapore,SGP,7.19084E+11,,33,,,
2022,Sint Maarten (Dutch part),SXM,1814172284,,,,,
2022,Slovak Republic,SVK,2.03471E+11,96563,559,,,
2022,Slovenia,SVN,1.05503E+11,8705,7,,,
2022,Solomon Islands,SLB,1922286531,,44,,,
2022,Somalia,SOM,24004794505,16023,790513,,,
2022,South Africa,ZAF,9.52603E+11,66596,778,,,
2022,South Sudan,SSD,,308369,2294983,,,
2022,Spain,ESP,2.18197E+12,317751,62,,,
2022,Sri Lanka,LKA,3.19527E+11,504,148082,,,
2022,St. Kitts and Nevis,KNA,1622810542,,22,,,
2022,St. Lucia,LCA,3193534630,,94,,,
2022,St. Martin (French part),MAF,,,,,,
2022,St. Vincent and the Grenadines,VCT,1788611085,,136,,,
2022,Sudan,SDN,1.97623E+11,1097128,836756,,,
2022,Suriname,SUR,10889743006,25,26,,,
2022,Sweden,SWE,6.7723E+11,277726,23,,,
2022,Switzerland,CHE,7.33137E+11,182474,8,,,
2022,Syrian Arab Republic,SYR,,593844,6547818,,,
2022,Tajikistan,TJK,48620615566,8608,2943,,,
2022,Tanzania,TZA,1.9663E+11,206229,786,,,
2022,Thailand,THA,1.4821E+12,94472,201,,,
2022,Timor-Leste,TLS,6476213640,,6,,,
2022,Togo,TGO,23076767061,9300,7853,,,
2022,Tonga,TON,,,30,,,
2022,Trinidad and Tobago,TTO,42529616743,3424,289,,,
2022,Tunisia,TUN,1.54324E+11,3299,2667,,,
2022,Turkiye,TUR,3.18098E+12,3568259,92198,,,
2022,Turkmenistan,TKM,,14,2235,,,
2022,Turks and Caicos Islands,TCA,1047275650,7,19,,,
2022,Tuvalu,TUV,61325211.39,,,,,
2022,Uganda,UGA,1.27282E+11,1463523,7510,,,
2022,Ukraine,UKR,4.48562E+11,2520,5679880,,,
2022,United Arab Emirates,ARE,8.28263E+11,1399,192,,,
2022,United Kingdom,GBR,3.65681E+12,328989,237,,,
2022,United States,USA,2.54627E+13,363059,1306,,,
2022,Uruguay,URY,98720175603,1115,68,,,
2022,Uzbekistan,UZB,3.39816E+11,13026,4324,,,
2022,Vanuatu,VUT,1074804587,,5,,,
2022,"Venezuela, RB",VEN,,29341,234376,,,
2022,Viet Nam,VNM,1.32126E+12,,17287,,,
2022,Virgin Islands (U.S.),VIR,,,,,,
2022,West Bank and Gaza,PSE,34078593256,2454258,104675,,,
2022,"Yemen, Rep.",YEM,,77458,38627,,,
2022,Zambia,ZMB,77955037106,61159,295,,,
2022,Zimbabwe,ZWE,41301501460,10475,7008,,,
2022,Africa Eastern and Southern,AFE,3.00519E+12,5412266,6121402,,,
2022,Africa Western and Central,AFW,2.35282E+12,1705777,1754445,,,
2022,Arab World,ARB,7.85952E+12,9413234,8724778,,,
2022,Caribbean small states,CSS,1.58029E+11,3647,3926,,,
2022,Central Europe and the Baltics,CEB,4.30769E+12,1997034,26605,,,
2022,Early-demographic dividend,EAR,3.98221E+13,17901200,9312679,,,
2022,East Asia & Pacific,EAS,5.31964E+13,328332,1467986,,,
2022,East Asia & Pacific (excluding high income),EAP,4.00674E+13,250550,1467491,,,
2022,East Asia & Pacific (IDA & IBRD countries),TEA,4.00172E+13,250595,1467236,,,
2022,Euro area,EMU,1.94633E+13,4607233,1538,,,
2022,Europe & Central Asia,ECS,4.04107E+13,12405656,6054473,,,
2022,Europe & Central Asia (excluding high income),ECA,1.12449E+13,5303498,6027622,,,
2022,Europe & Central Asia (IDA & IBRD countries),TEC,1.38198E+13,6400886,6050100,,,
2022,European Union,EUU,2.4301E+13,6696998,27381,,,
2022,Fragile and conflict affected situations,FCS,5.02659E+12,9285106,27302037,,,
2022,Heavily indebted poor countries (HIPC),HPC,2.68156E+12,6158058,10934833,,,
2022,High income,HIC,7.54669E+13,7708533,37500,,,
2022,IBRD only,IBD,8.36795E+13,15731950,7218776,,,
2022,IDA & IBRD total,IBT,9.22796E+13,26244114,29023135,,,
2022,IDA blend,IDB,3.71516E+12,2889007,683771,,,
2022,IDA only,IDX,4.91988E+12,7623157,21120588,,,
2022,IDA total,IDA,8.61644E+12,10512164,21804359,,,
2022,Late-demographic dividend,LTE,5.30537E+13,4523466,691817,,,
2022,Latin America & Caribbean,LCN,1.25906E+13,296962,592379,,,
2022,Latin America & Caribbean (excluding high income),LAC,1.08657E+13,258297,354753,,,
2022,Latin America & the Caribbean (IDA & IBRD countries),TLA,1.22286E+13,296724,577779,,,
2022,Least developed countries: UN classification,LDC,4.14031E+12,7030785,14308685,,,
2022,Low & middle income,LMY,8.82402E+13,27562512,28882552,,,
2022,Low income,LIC,1.57985E+12,6222352,19414477,,,
2022,Lower middle income,LMC,2.68477E+13,12762849,8300013,,,
2022,Middle East & North Africa,MEA,9.70579E+12,11636486,7181817,,,
2022,Middle East & North Africa (excluding high income),MNA,5.41614E+12,11620897,7176414,,,
2022,Middle East & North Africa (IDA & IBRD countries),TMN,5.38269E+12,9166639,7071739,,,
2022,Middle income,MIC,8.67049E+13,21340160,9468075,,,
2022,North America,NAC,2.77423E+13,503680,1492,,,
2022,Not classified,INX,,,,,,
2022,OECD members,OED,7.419E+13,11210083,228576,,,
2022,Other small states,OSS,8.72997E+11,150465,25820,,,
2022,Pacific island small states,PSS,19919500724,50,433,,,
2022,Post-demographic dividend,PST,6.58932E+13,6524162,5747173,,,
2022,Pre-demographic dividend,PRE,4.14553E+12,6350918,13402590,,,
2022,Small states,SST,1.05107E+12,154162,30179,,,
2022,South Asia,SAS,1.52226E+13,3011227,5980434,,,
2022,South Asia (IDA & IBRD),TSA,1.52226E+13,3011227,5980434,,,
2022,Sub-Saharan Africa,SSF,5.3576E+12,7118043,7875847,,,
2022,Sub-Saharan Africa (excluding high income),SSA,5.35407E+12,7118043,7875838,,,
2022,Sub-Saharan Africa (IDA & IBRD countries),TSS,5.3576E+12,7118043,7875847,,,
2022,Upper middle income,UMC,5.98261E+13,8577311,1168062,,,
2022,World,WLD,1.64155E+14,35300386,35300386,,,